Id,IndicatorCode,SpatialDimType,SpatialDim,TimeDimType,ParentLocationCode,ParentLocation,Dim1Type,TimeDim,Dim1,Dim2Type,Dim2,Dim3Type,Dim3,DataSourceDimType,DataSourceDim,Value,NumericValue,Low,High,Comments,Date,TimeDimensionValue,TimeDimensionBegin,TimeDimensionEnd
2299920,NTD_RAB2,COUNTRY,AGO,YEAR,AFR,Africa,,2018,,,,,,,,No data,,,,,2024-06-03T07:26:23.447+02:00,2018,2018-01-01T00:00:00+01:00,2018-12-31T00:00:00+01:00
8997991,NTD_RAB2,COUNTRY,SDN,YEAR,EMR,Eastern Mediterranean,,2011,,,,,,,,5,5.0,,,,2024-06-03T07:26:23.447+02:00,2011,2011-01-01T00:00:00+01:00,2011-12-31T00:00:00+01:00
4037217,NTD_RAB2,COUNTRY,FSM,YEAR,WPR,Western Pacific,,2013,,,,,,,,No data,,,,,2024-06-03T07:26:23.447+02:00,2013,2013-01-01T00:00:00+01:00,2013-12-31T00:00:00+01:00
6022978,NTD_RAB2,COUNTRY,ARG,YEAR,AMR,Americas,,2019,,,,,,,,0,0.0,,,,2024-06-03T07:26:23.447+02:00,2019,2019-01-01T00:00:00+01:00,2019-12-31T00:00:00+01:00
4854887,NTD_RAB2,COUNTRY,ARM,YEAR,EUR,Europe,,2019,,,,,,,,1,1.0,,,,2024-06-03T07:26:23.447+02:00,2019,2019-01-01T00:00:00+01:00,2019-12-31T00:00:00+01:00
3575243,NTD_RAB2,COUNTRY,MYS,YEAR,WPR,Western Pacific,,2015,,,,,,,,0,0.0,,,,2024-06-03T07:26:23.447+02:00,2015,2015-01-01T00:00:00+01:00,2015-12-31T00:00:00+01:00
2148495,NTD_RAB2,COUNTRY,ARG,YEAR,AMR,Americas,,2021,,,,,,,,1,1.0,,,,2024-06-03T07:26:23.447+02:00,2021,2021-01-01T00:00:00+01:00,2021-12-31T00:00:00+01:00
8826283,NTD_RAB2,COUNTRY,TUN,YEAR,EMR,Eastern Mediterranean,,2021,,,,,,,,No data,,,,,2024-06-03T07:26:23.447+02:00,2021,2021-01-01T00:00:00+01:00,2021-12-31T00:00:00+01:00
2253746,NTD_RAB2,COUNTRY,TUR,YEAR,EUR,Europe,,2015,,,,,,,,0,0.0,,,,2024-06-03T07:26:23.447+02:00,2015,2015-01-01T00:00:00+01:00,2015-12-31T00:00:00+01:00
5699669,NTD_RAB2,COUNTRY,KNA,YEAR,AMR,Americas,,2018,,,,,,,,0,0.0,,,,2024-06-03T07:26:23.447+02:00,2018,2018-01-01T00:00:00+01:00,2018-12-31T00:00:00+01:00
2490330,NTD_RAB2,COUNTRY,BGD,YEAR,SEAR,South-East Asia,,2012,,,,,,,,No data,,,,,2024-06-03T07:26:23.447+02:00,2012,2012-01-01T00:00:00+01:00,2012-12-31T00:00:00+01:00
5792078,NTD_RAB2,COUNTRY,BRA,YEAR,AMR,Americas,,2015,,,,,,,,2,2.0,,,,2024-06-03T07:26:23.447+02:00,2015,2015-01-01T00:00:00+01:00,2015-12-31T00:00:00+01:00
6016412,NTD_RAB2,COUNTRY,POL,YEAR,EUR,Europe,,2013,,,,,,,,0,0.0,,,,2024-06-03T07:26:23.447+02:00,2013,2013-01-01T00:00:00+01:00,2013-12-31T00:00:00+01:00
2803670,NTD_RAB2,COUNTRY,GUY,YEAR,AMR,Americas,,2020,,,,,,,,0,0.0,,,,2024-06-03T07:26:23.447+02:00,2020,2020-01-01T00:00:00+01:00,2020-12-31T00:00:00+01:00
2856396,NTD_RAB2,COUNTRY,TLS,YEAR,SEAR,South-East Asia,,2021,,,,,,,,0,0.0,,,,2024-06-03T07:26:23.447+02:00,2021,2021-01-01T00:00:00+01:00,2021-12-31T00:00:00+01:00
8107585,NTD_RAB2,COUNTRY,VCT,YEAR,AMR,Americas,,2012,,,,,,,,0,0.0,,,,2024-06-03T07:26:23.447+02:00,2012,2012-01-01T00:00:00+01:00,2012-12-31T00:00:00+01:00
1727424,NTD_RAB2,COUNTRY,MDG,YEAR,AFR,Africa,,2018,,,,,,,,17,17.0,,,,2024-06-03T07:26:23.447+02:00,2018,2018-01-01T00:00:00+01:00,2018-12-31T00:00:00+01:00
3918522,NTD_RAB2,COUNTRY,DEU,YEAR,EUR,Europe,,2024,,,,,,,,No data,,,,,2025-09-09T13:40:51.93+02:00,2024,2024-01-01T00:00:00+01:00,2024-12-31T00:00:00+01:00
9202229,NTD_RAB2,COUNTRY,LCA,YEAR,AMR,Americas,,2018,,,,,,,,0,0.0,,,,2024-06-03T07:26:23.447+02:00,2018,2018-01-01T00:00:00+01:00,2018-12-31T00:00:00+01:00
5838310,NTD_RAB2,COUNTRY,CPV,YEAR,AFR,Africa,,2023,,,,,,,,0,0.0,,,,2025-09-09T13:40:51.93+02:00,2023,2023-01-01T00:00:00+01:00,2023-12-31T00:00:00+01:00
4267874,NTD_RAB2,COUNTRY,SMR,YEAR,EUR,Europe,,2011,,,,,,,,No data,,,,,2024-06-03T07:26:23.447+02:00,2011,2011-01-01T00:00:00+01:00,2011-12-31T00:00:00+01:00
4525152,NTD_RAB2,COUNTRY,NIC,YEAR,AMR,Americas,,2017,,,,,,,,0,0.0,,,,2024-06-03T07:26:23.447+02:00,2017,2017-01-01T00:00:00+01:00,2017-12-31T00:00:00+01:00
6425675,NTD_RAB2,COUNTRY,TUR,YEAR,EUR,Europe,,2023,,,,,,,,No data,,,,,2025-09-09T13:40:51.93+02:00,2023,2023-01-01T00:00:00+01:00,2023-12-31T00:00:00+01:00
3093850,NTD_RAB2,COUNTRY,DMA,YEAR,AMR,Americas,,2018,,,,,,,,0,0.0,,,,2024-06-03T07:26:23.447+02:00,2018,2018-01-01T00:00:00+01:00,2018-12-31T00:00:00+01:00
1538788,NTD_RAB2,COUNTRY,SEN,YEAR,AFR,Africa,,2011,,,,,,,,6,6.0,,,,2024-06-03T07:26:23.447+02:00,2011,2011-01-01T00:00:00+01:00,2011-12-31T00:00:00+01:00
5198205,NTD_RAB2,COUNTRY,TON,YEAR,WPR,Western Pacific,,2015,,,,,,,,No data,,,,,2024-06-03T07:26:23.447+02:00,2015,2015-01-01T00:00:00+01:00,2015-12-31T00:00:00+01:00
5211374,NTD_RAB2,COUNTRY,ISL,YEAR,EUR,Europe,,2020,,,,,,,,0,0.0,,,,2025-09-09T13:40:51.93+02:00,2020,2020-01-01T00:00:00+01:00,2020-12-31T00:00:00+01:00
3687435,NTD_RAB2,COUNTRY,SOM,YEAR,EMR,Eastern Mediterranean,,2022,,,,,,,,No data,,,,,2024-06-03T07:26:23.447+02:00,2022,2022-01-01T00:00:00+01:00,2022-12-31T00:00:00+01:00
8852760,NTD_RAB2,COUNTRY,TZA,YEAR,AFR,Africa,,2021,,,,,,,,No data,,,,,2024-06-03T07:26:23.447+02:00,2021,2021-01-01T00:00:00+01:00,2021-12-31T00:00:00+01:00
5574313,NTD_RAB2,COUNTRY,HTI,YEAR,AMR,Americas,,2022,,,,,,,,13,13.0,,,,2025-09-09T13:40:51.93+02:00,2022,2022-01-01T00:00:00+01:00,2022-12-31T00:00:00+01:00
8991474,NTD_RAB2,COUNTRY,PAK,YEAR,EMR,Eastern Mediterranean,,2017,,,,,,,,No data,,,,,2024-06-03T07:26:23.447+02:00,2017,2017-01-01T00:00:00+01:00,2017-12-31T00:00:00+01:00
7579856,NTD_RAB2,COUNTRY,HRV,YEAR,EUR,Europe,,2015,,,,,,,,0,0.0,,,,2024-06-03T07:26:23.447+02:00,2015,2015-01-01T00:00:00+01:00,2015-12-31T00:00:00+01:00
5990036,NTD_RAB2,COUNTRY,CHE,YEAR,EUR,Europe,,2013,,,,,,,,0,0.0,,,,2024-06-03T07:26:23.447+02:00,2013,2013-01-01T00:00:00+01:00,2013-12-31T00:00:00+01:00
4307552,NTD_RAB2,COUNTRY,NRU,YEAR,WPR,Western Pacific,,2019,,,,,,,,No data,,,,,2024-06-03T07:26:23.447+02:00,2019,2019-01-01T00:00:00+01:00,2019-12-31T00:00:00+01:00
7711775,NTD_RAB2,COUNTRY,MUS,YEAR,AFR,Africa,,2018,,,,,,,,No data,,,,,2024-06-03T07:26:23.447+02:00,2018,2018-01-01T00:00:00+01:00,2018-12-31T00:00:00+01:00
9670494,NTD_RAB2,COUNTRY,BEL,YEAR,EUR,Europe,,2018,,,,,,,,0,0.0,,,,2024-06-03T07:26:23.447+02:00,2018,2018-01-01T00:00:00+01:00,2018-12-31T00:00:00+01:00
1411368,NTD_RAB2,COUNTRY,GHA,YEAR,AFR,Africa,,2022,,,,,,,,No data,,,,,2024-06-03T07:26:23.447+02:00,2022,2022-01-01T00:00:00+01:00,2022-12-31T00:00:00+01:00
6379509,NTD_RAB2,COUNTRY,BOL,YEAR,AMR,Americas,,2011,,,,,,,,10,10.0,,,,2024-06-03T07:26:23.447+02:00,2011,2011-01-01T00:00:00+01:00,2011-12-31T00:00:00+01:00
8101075,NTD_RAB2,COUNTRY,LBN,YEAR,EMR,Eastern Mediterranean,,2010,,,,,,,,No data,,,,,2024-06-03T07:26:23.447+02:00,2010,2010-01-01T00:00:00+01:00,2010-12-31T00:00:00+01:00
8331126,NTD_RAB2,COUNTRY,NIC,YEAR,AMR,Americas,,2018,,,,,,,,0,0.0,,,,2024-06-03T07:26:23.447+02:00,2018,2018-01-01T00:00:00+01:00,2018-12-31T00:00:00+01:00
3707199,NTD_RAB2,COUNTRY,DZA,YEAR,AFR,Africa,,2010,,,,,,,,No data,,,,,2024-06-03T07:26:23.447+02:00,2010,2010-01-01T00:00:00+01:00,2010-12-31T00:00:00+01:00
8780073,NTD_RAB2,COUNTRY,MHL,YEAR,WPR,Western Pacific,,2014,,,,,,,,No data,,,,,2024-06-03T07:26:23.447+02:00,2014,2014-01-01T00:00:00+01:00,2014-12-31T00:00:00+01:00
8832946,NTD_RAB2,COUNTRY,GUY,YEAR,AMR,Americas,,2021,,,,,,,,0,0.0,,,,2026-07-15T14:04:38.643+02:00,2021,2021-01-01T00:00:00+01:00,2021-12-31T00:00:00+01:00
3885557,NTD_RAB2,COUNTRY,TON,YEAR,WPR,Western Pacific,,2018,,,,,,,,No data,,,,,2024-06-03T07:26:23.447+02:00,2018,2018-01-01T00:00:00+01:00,2018-12-31T00:00:00+01:00
3958182,NTD_RAB2,COUNTRY,DZA,YEAR,AFR,Africa,,2016,,,,,,,,15,15.0,,,,2024-06-03T07:26:23.447+02:00,2016,2016-01-01T00:00:00+01:00,2016-12-31T00:00:00+01:00
2379032,NTD_RAB2,COUNTRY,AUT,YEAR,EUR,Europe,,2023,,,,,,,,0,0.0,,,,2025-09-09T13:40:51.93+02:00,2023,2023-01-01T00:00:00+01:00,2023-12-31T00:00:00+01:00
7408345,NTD_RAB2,COUNTRY,ARE,YEAR,EMR,Eastern Mediterranean,,2010,,,,,,,,No data,,,,,2024-06-03T07:26:23.447+02:00,2010,2010-01-01T00:00:00+01:00,2010-12-31T00:00:00+01:00
4142510,NTD_RAB2,COUNTRY,VEN,YEAR,AMR,Americas,,2017,,,,,,,,0,0.0,,,,2024-06-03T07:26:23.447+02:00,2017,2017-01-01T00:00:00+01:00,2017-12-31T00:00:00+01:00
5891090,NTD_RAB2,COUNTRY,KAZ,YEAR,EUR,Europe,,2012,,,,,,,,5,5.0,,,,2024-06-03T07:26:23.447+02:00,2012,2012-01-01T00:00:00+01:00,2012-12-31T00:00:00+01:00
7579874,NTD_RAB2,COUNTRY,CYP,YEAR,EUR,Europe,,2015,,,,,,,,0,0.0,,,,2024-06-03T07:26:23.447+02:00,2015,2015-01-01T00:00:00+01:00,2015-12-31T00:00:00+01:00
4320764,NTD_RAB2,COUNTRY,AND,YEAR,EUR,Europe,,2020,,,,,,,,No data,,,,,2024-06-03T07:26:23.447+02:00,2020,2020-01-01T00:00:00+01:00,2020-12-31T00:00:00+01:00
4373525,NTD_RAB2,COUNTRY,SWZ,YEAR,AFR,Africa,,2012,,,,,,,,No data,,,,,2024-06-03T07:26:23.447+02:00,2012,2012-01-01T00:00:00+01:00,2012-12-31T00:00:00+01:00
6320049,NTD_RAB2,COUNTRY,NER,YEAR,AFR,Africa,,2011,,,,,,,,No data,,,,,2024-06-03T07:26:23.447+02:00,2011,2011-01-01T00:00:00+01:00,2011-12-31T00:00:00+01:00
6537939,NTD_RAB2,COUNTRY,GUF,YEAR,AMR,Americas,,2023,,,,,,,,No data,,,,,2025-09-09T13:40:51.93+02:00,2023,2023-01-01T00:00:00+01:00,2023-12-31T00:00:00+01:00
1662288,NTD_RAB2,COUNTRY,BTN,YEAR,SEAR,South-East Asia,,2021,,,,,,,,0,0.0,,,,2024-06-03T07:26:23.447+02:00,2021,2021-01-01T00:00:00+01:00,2021-12-31T00:00:00+01:00
5072784,NTD_RAB2,COUNTRY,CAF,YEAR,AFR,Africa,,2011,,,,,,,,No data,,,,,2024-06-03T07:26:23.447+02:00,2011,2011-01-01T00:00:00+01:00,2011-12-31T00:00:00+01:00
3562152,NTD_RAB2,COUNTRY,FRA,YEAR,EUR,Europe,,2018,,,,,,,,0,0.0,,,,2024-06-03T07:26:23.447+02:00,2018,2018-01-01T00:00:00+01:00,2018-12-31T00:00:00+01:00
6959713,NTD_RAB2,COUNTRY,MDG,YEAR,AFR,Africa,,2024,,,,,,,,15,15.0,,,,2025-10-30T17:51:54.843+01:00,2024,2024-01-01T00:00:00+01:00,2024-12-31T00:00:00+01:00
2062871,NTD_RAB2,COUNTRY,KAZ,YEAR,EUR,Europe,,2024,,,,,,,,No data,,,,,2025-09-09T13:40:51.93+02:00,2024,2024-01-01T00:00:00+01:00,2024-12-31T00:00:00+01:00
5541442,NTD_RAB2,COUNTRY,PHL,YEAR,WPR,Western Pacific,,2017,,,,,,,,261,261.0,,,,2024-06-03T07:26:23.447+02:00,2017,2017-01-01T00:00:00+01:00,2017-12-31T00:00:00+01:00
4215173,NTD_RAB2,COUNTRY,MDA,YEAR,EUR,Europe,,2013,,,,,,,,0,0.0,,,,2024-06-03T07:26:23.447+02:00,2013,2013-01-01T00:00:00+01:00,2013-12-31T00:00:00+01:00
6023101,NTD_RAB2,COUNTRY,AGO,YEAR,AFR,Africa,,2022,,,,,,,,No data,,,,,2024-06-03T07:26:23.447+02:00,2022,2022-01-01T00:00:00+01:00,2022-12-31T00:00:00+01:00
6141841,NTD_RAB2,COUNTRY,TUN,YEAR,EMR,Eastern Mediterranean,,2013,,,,,,,,6,6.0,,,,2024-06-03T07:26:23.447+02:00,2013,2013-01-01T00:00:00+01:00,2013-12-31T00:00:00+01:00
7863572,NTD_RAB2,COUNTRY,WSM,YEAR,WPR,Western Pacific,,2019,,,,,,,,No data,,,,,2024-06-03T07:26:23.447+02:00,2019,2019-01-01T00:00:00+01:00,2019-12-31T00:00:00+01:00
8515947,NTD_RAB2,COUNTRY,AZE,YEAR,EUR,Europe,,2018,,,,,,,,7,7.0,,,,2024-06-03T07:26:23.447+02:00,2018,2018-01-01T00:00:00+01:00,2018-12-31T00:00:00+01:00
5323634,NTD_RAB2,COUNTRY,IDN,YEAR,WPR,Western Pacific,,2022,,,,,,,,96,96.0,,,,2024-06-03T07:26:23.447+02:00,2022,2022-01-01T00:00:00+01:00,2022-12-31T00:00:00+01:00
2234008,NTD_RAB2,COUNTRY,ETH,YEAR,AFR,Africa,,2012,,,,,,,,No data,,,,,2024-06-03T07:26:23.447+02:00,2012,2012-01-01T00:00:00+01:00,2012-12-31T00:00:00+01:00
9070697,NTD_RAB2,COUNTRY,SLE,YEAR,AFR,Africa,,2014,,,,,,,,No data,,,,,2024-06-03T07:26:23.447+02:00,2014,2014-01-01T00:00:00+01:00,2014-12-31T00:00:00+01:00
7665676,NTD_RAB2,COUNTRY,BEL,YEAR,EUR,Europe,,2021,,,,,,,,0,0.0,,,,2024-06-03T07:26:23.447+02:00,2021,2021-01-01T00:00:00+01:00,2021-12-31T00:00:00+01:00
1358629,NTD_RAB2,COUNTRY,COM,YEAR,AFR,Africa,,2019,,,,,,,,No data,,,,,2024-06-03T07:26:23.447+02:00,2019,2019-01-01T00:00:00+01:00,2019-12-31T00:00:00+01:00
9730019,NTD_RAB2,COUNTRY,LBR,YEAR,AFR,Africa,,2010,,,,,,,,No data,,,,,2024-06-03T07:26:23.447+02:00,2010,2010-01-01T00:00:00+01:00,2010-12-31T00:00:00+01:00
9769630,NTD_RAB2,COUNTRY,USA,YEAR,AMR,Americas,,2023,,,,,,,,0,0.0,,,,2026-07-15T14:04:38.643+02:00,2023,2023-01-01T00:00:00+01:00,2023-12-31T00:00:00+01:00
1532302,NTD_RAB2,COUNTRY,CRI,YEAR,AMR,Americas,,2012,,,,,,,,0,0.0,,,,2024-06-03T07:26:23.447+02:00,2012,2012-01-01T00:00:00+01:00,2012-12-31T00:00:00+01:00
6564406,NTD_RAB2,COUNTRY,SSD,YEAR,AFR,Africa,,2021,,,,,,,,No data,,,,,2024-06-03T07:26:23.447+02:00,2021,2021-01-01T00:00:00+01:00,2021-12-31T00:00:00+01:00
1603960,NTD_RAB2,COUNTRY,SLE,YEAR,AFR,Africa,,2022,,,,,,,,No data,,,,,2024-06-03T07:26:23.447+02:00,2022,2022-01-01T00:00:00+01:00,2022-12-31T00:00:00+01:00
1668569,NTD_RAB2,COUNTRY,SVK,YEAR,EUR,Europe,,2014,,,,,,,,0,0.0,,,,2024-06-03T07:26:23.447+02:00,2014,2014-01-01T00:00:00+01:00,2014-12-31T00:00:00+01:00
8364126,NTD_RAB2,COUNTRY,KIR,YEAR,WPR,Western Pacific,,2012,,,,,,,,No data,,,,,2024-06-03T07:26:23.447+02:00,2012,2012-01-01T00:00:00+01:00,2012-12-31T00:00:00+01:00
1801219,NTD_RAB2,COUNTRY,BRN,YEAR,WPR,Western Pacific,,2023,,,,,,,,No data,,,,,2025-09-09T13:40:51.93+02:00,2023,2023-01-01T00:00:00+01:00,2023-12-31T00:00:00+01:00
2240662,NTD_RAB2,COUNTRY,PRT,YEAR,EUR,Europe,,2017,,,,,,,,0,0.0,,,,2024-06-03T07:26:23.447+02:00,2017,2017-01-01T00:00:00+01:00,2017-12-31T00:00:00+01:00
5548067,NTD_RAB2,COUNTRY,GNB,YEAR,AFR,Africa,,2020,,,,,,,,No data,,,,,2024-06-03T07:26:23.447+02:00,2020,2020-01-01T00:00:00+01:00,2020-12-31T00:00:00+01:00
3905419,NTD_RAB2,COUNTRY,PAN,YEAR,AMR,Americas,,2016,,,,,,,,0,0.0,,,,2024-06-03T07:26:23.447+02:00,2016,2016-01-01T00:00:00+01:00,2016-12-31T00:00:00+01:00
3918636,NTD_RAB2,COUNTRY,HTI,YEAR,AMR,Americas,,2019,,,,,,,,2,2.0,,,,2024-06-03T07:26:23.447+02:00,2019,2019-01-01T00:00:00+01:00,2019-12-31T00:00:00+01:00
2339683,NTD_RAB2,COUNTRY,TCD,YEAR,AFR,Africa,,2012,,,,,,,,No data,,,,,2024-06-03T07:26:23.447+02:00,2012,2012-01-01T00:00:00+01:00,2012-12-31T00:00:00+01:00
7447943,NTD_RAB2,COUNTRY,CAF,YEAR,AFR,Africa,,2015,,,,,,,,No data,,,,,2024-06-03T07:26:23.447+02:00,2015,2015-01-01T00:00:00+01:00,2015-12-31T00:00:00+01:00
7553571,NTD_RAB2,COUNTRY,AFG,YEAR,EMR,Eastern Mediterranean,,2020,,,,,,,,16,16.0,,,,2024-06-03T07:26:23.447+02:00,2020,2020-01-01T00:00:00+01:00,2020-12-31T00:00:00+01:00
2573444,NTD_RAB2,COUNTRY,LTU,YEAR,EUR,Europe,,2023,,,,,,,,0,0.0,,,,2025-09-09T13:40:51.93+02:00,2023,2023-01-01T00:00:00+01:00,2023-12-31T00:00:00+01:00
5996754,NTD_RAB2,COUNTRY,QAT,YEAR,EMR,Eastern Mediterranean,,2018,,,,,,,,No data,,,,,2024-06-03T07:26:23.447+02:00,2018,2018-01-01T00:00:00+01:00,2018-12-31T00:00:00+01:00
6194793,NTD_RAB2,COUNTRY,EST,YEAR,EUR,Europe,,2010,,,,,,,,0,0.0,,,,2024-06-03T07:26:23.447+02:00,2010,2010-01-01T00:00:00+01:00,2010-12-31T00:00:00+01:00
9591471,NTD_RAB2,COUNTRY,BRB,YEAR,AMR,Americas,,2013,,,,,,,,0,0.0,,,,2024-06-03T07:26:23.447+02:00,2013,2013-01-01T00:00:00+01:00,2013-12-31T00:00:00+01:00
2909318,NTD_RAB2,COUNTRY,SLB,YEAR,WPR,Western Pacific,,2022,,,,,,,,No data,,,,,2024-06-03T07:26:23.447+02:00,2022,2022-01-01T00:00:00+01:00,2022-12-31T00:00:00+01:00
2981706,NTD_RAB2,COUNTRY,MDA,YEAR,EUR,Europe,,2019,,,,,,,,1,1.0,,,,2024-06-03T07:26:23.447+02:00,2019,2019-01-01T00:00:00+01:00,2019-12-31T00:00:00+01:00
1464203,NTD_RAB2,COUNTRY,UZB,YEAR,EUR,Europe,,2013,,,,,,,,No data,,,,,2024-06-03T07:26:23.447+02:00,2013,2013-01-01T00:00:00+01:00,2013-12-31T00:00:00+01:00
4802357,NTD_RAB2,COUNTRY,VNM,YEAR,WPR,Western Pacific,,2013,,,,,,,,105,105.0,,,,2024-06-03T07:26:23.447+02:00,2013,2013-01-01T00:00:00+01:00,2013-12-31T00:00:00+01:00
4822117,NTD_RAB2,COUNTRY,CRI,YEAR,AMR,Americas,,2011,,,,,,,,0,0.0,,,,2024-06-03T07:26:23.447+02:00,2011,2011-01-01T00:00:00+01:00,2011-12-31T00:00:00+01:00
8324588,NTD_RAB2,COUNTRY,SLV,YEAR,AMR,Americas,,2018,,,,,,,,0,0.0,,,,2024-06-03T07:26:23.447+02:00,2018,2018-01-01T00:00:00+01:00,2018-12-31T00:00:00+01:00
5112397,NTD_RAB2,COUNTRY,MYS,YEAR,WPR,Western Pacific,,2013,,,,,,,,No data,,,,,2024-06-03T07:26:23.447+02:00,2013,2013-01-01T00:00:00+01:00,2013-12-31T00:00:00+01:00
5303912,NTD_RAB2,COUNTRY,SWZ,YEAR,AFR,Africa,,2016,,,,,,,,0,0.0,,,,2024-06-03T07:26:23.447+02:00,2016,2016-01-01T00:00:00+01:00,2016-12-31T00:00:00+01:00
8733906,NTD_RAB2,COUNTRY,MDG,YEAR,AFR,Africa,,2012,,,,,,,,No data,,,,,2024-06-03T07:26:23.447+02:00,2012,2012-01-01T00:00:00+01:00,2012-12-31T00:00:00+01:00
3826155,NTD_RAB2,COUNTRY,TUV,YEAR,WPR,Western Pacific,,2022,,,,,,,,No data,,,,,2024-06-03T07:26:23.447+02:00,2022,2022-01-01T00:00:00+01:00,2022-12-31T00:00:00+01:00
2398654,NTD_RAB2,COUNTRY,ROU,YEAR,EUR,Europe,,2014,,,,,,,,0,0.0,,,,2024-06-03T07:26:23.447+02:00,2014,2014-01-01T00:00:00+01:00,2014-12-31T00:00:00+01:00
2497139,NTD_RAB2,COUNTRY,KNA,YEAR,AMR,Americas,,2010,,,,,,,,0,0.0,,,,2024-06-03T07:26:23.447+02:00,2010,2010-01-01T00:00:00+01:00,2010-12-31T00:00:00+01:00
8291594,NTD_RAB2,COUNTRY,VNM,YEAR,WPR,Western Pacific,,2022,,,,,,,,70,70.0,,,,2024-06-03T07:26:23.447+02:00,2022,2022-01-01T00:00:00+01:00,2022-12-31T00:00:00+01:00
8390584,NTD_RAB2,COUNTRY,VEN,YEAR,AMR,Americas,,2015,,,,,,,,1,1.0,,,,2024-06-03T07:26:23.447+02:00,2015,2015-01-01T00:00:00+01:00,2015-12-31T00:00:00+01:00
2135489,NTD_RAB2,COUNTRY,AGO,YEAR,AFR,Africa,,2017,,,,,,,,249,249.0,,,,2024-06-03T07:26:23.447+02:00,2017,2017-01-01T00:00:00+01:00,2017-12-31T00:00:00+01:00
3799825,NTD_RAB2,COUNTRY,GUF,YEAR,AMR,Americas,,2024,,,,,,,,3,3.0,,,,2025-09-09T13:40:51.93+02:00,2024,2024-01-01T00:00:00+01:00,2024-12-31T00:00:00+01:00
5488801,NTD_RAB2,COUNTRY,GNQ,YEAR,AFR,Africa,,2018,,,,,,,,No data,,,,,2024-06-03T07:26:23.447+02:00,2018,2018-01-01T00:00:00+01:00,2018-12-31T00:00:00+01:00
3832812,NTD_RAB2,COUNTRY,BEL,YEAR,EUR,Europe,,2020,,,,,,,,0,0.0,,,,2024-06-03T07:26:23.447+02:00,2020,2020-01-01T00:00:00+01:00,2020-12-31T00:00:00+01:00
3918695,NTD_RAB2,COUNTRY,CAN,YEAR,AMR,Americas,,2010,,,,,,,,0,0.0,,,,2024-06-03T07:26:23.447+02:00,2010,2010-01-01T00:00:00+01:00,2010-12-31T00:00:00+01:00
7302908,NTD_RAB2,COUNTRY,MLI,YEAR,AFR,Africa,,2015,,,,,,,,9,9.0,,,,2024-06-03T07:26:23.447+02:00,2015,2015-01-01T00:00:00+01:00,2015-12-31T00:00:00+01:00
4169033,NTD_RAB2,COUNTRY,PNG,YEAR,WPR,Western Pacific,,2022,,,,,,,,No data,,,,,2024-06-03T07:26:23.447+02:00,2022,2022-01-01T00:00:00+01:00,2022-12-31T00:00:00+01:00
7619576,NTD_RAB2,COUNTRY,TZA,YEAR,AFR,Africa,,2015,,,,,,,,4,4.0,,,,2024-06-03T07:26:23.447+02:00,2015,2015-01-01T00:00:00+01:00,2015-12-31T00:00:00+01:00
7751544,NTD_RAB2,COUNTRY,MDG,YEAR,AFR,Africa,,2015,,,,,,,,9,9.0,,,,2024-06-03T07:26:23.447+02:00,2015,2015-01-01T00:00:00+01:00,2015-12-31T00:00:00+01:00
1279697,NTD_RAB2,COUNTRY,BWA,YEAR,AFR,Africa,,2022,,,,,,,,No data,,,,,2024-06-03T07:26:23.447+02:00,2022,2022-01-01T00:00:00+01:00,2022-12-31T00:00:00+01:00
1451092,NTD_RAB2,COUNTRY,KEN,YEAR,AFR,Africa,,2014,,,,,,,,No data,,,,,2024-06-03T07:26:23.447+02:00,2014,2014-01-01T00:00:00+01:00,2014-12-31T00:00:00+01:00
6465419,NTD_RAB2,COUNTRY,NGA,YEAR,AFR,Africa,,2016,,,,,,,,7,7.0,,,,2024-06-03T07:26:23.447+02:00,2016,2016-01-01T00:00:00+01:00,2016-12-31T00:00:00+01:00
8265223,NTD_RAB2,COUNTRY,SRB,YEAR,EUR,Europe,,2013,,,,,,,,0,0.0,,,,2024-06-03T07:26:23.447+02:00,2013,2013-01-01T00:00:00+01:00,2013-12-31T00:00:00+01:00
6933589,NTD_RAB2,COUNTRY,SSD,YEAR,AFR,Africa,,2018,,,,,,,,No data,,,,,2024-06-03T07:26:23.447+02:00,2018,2018-01-01T00:00:00+01:00,2018-12-31T00:00:00+01:00
1970824,NTD_RAB2,COUNTRY,GNQ,YEAR,AFR,Africa,,2017,,,,,,,,No data,,,,,2024-06-03T07:26:23.447+02:00,2017,2017-01-01T00:00:00+01:00,2017-12-31T00:00:00+01:00
7448016,NTD_RAB2,COUNTRY,SVK,YEAR,EUR,Europe,,2024,,,,,,,,No data,,,,,2025-09-09T13:40:51.93+02:00,2024,2024-01-01T00:00:00+01:00,2024-12-31T00:00:00+01:00
7480985,NTD_RAB2,COUNTRY,SDN,YEAR,EMR,Eastern Mediterranean,,2012,,,,,,,,2,2.0,,,,2024-06-03T07:26:23.447+02:00,2012,2012-01-01T00:00:00+01:00,2012-12-31T00:00:00+01:00
5838506,NTD_RAB2,COUNTRY,GTM,YEAR,AMR,Americas,,2023,,,,,,,,0,0.0,,,,2026-07-15T14:04:38.643+02:00,2023,2023-01-01T00:00:00+01:00,2023-12-31T00:00:00+01:00
5924259,NTD_RAB2,COUNTRY,OMN,YEAR,EMR,Eastern Mediterranean,,2024,,,,,,,,No data,,,,,2025-09-09T13:40:51.93+02:00,2024,2024-01-01T00:00:00+01:00,2024-12-31T00:00:00+01:00
5977050,NTD_RAB2,COUNTRY,ISR,YEAR,EUR,Europe,,2023,,,,,,,,No data,,,,,2025-09-09T13:40:51.93+02:00,2023,2023-01-01T00:00:00+01:00,2023-12-31T00:00:00+01:00
2632656,NTD_RAB2,COUNTRY,BLR,YEAR,EUR,Europe,,2011,,,,,,,,2,2.0,,,,2024-06-03T07:26:23.447+02:00,2011,2011-01-01T00:00:00+01:00,2011-12-31T00:00:00+01:00
9446572,NTD_RAB2,COUNTRY,ISR,YEAR,EUR,Europe,,2016,,,,,,,,No data,,,,,2024-06-03T07:26:23.447+02:00,2016,2016-01-01T00:00:00+01:00,2016-12-31T00:00:00+01:00
9565114,NTD_RAB2,COUNTRY,KIR,YEAR,WPR,Western Pacific,,2016,,,,,,,,No data,,,,,2024-06-03T07:26:23.447+02:00,2016,2016-01-01T00:00:00+01:00,2016-12-31T00:00:00+01:00
1385109,NTD_RAB2,COUNTRY,MWI,YEAR,AFR,Africa,,2024,,,,,,,,No data,,,,,2025-09-09T13:40:51.93+02:00,2024,2024-01-01T00:00:00+01:00,2024-12-31T00:00:00+01:00
6293815,NTD_RAB2,COUNTRY,CHE,YEAR,EUR,Europe,,2018,,,,,,,,0,0.0,,,,2024-06-03T07:26:23.447+02:00,2018,2018-01-01T00:00:00+01:00,2018-12-31T00:00:00+01:00
8015443,NTD_RAB2,COUNTRY,SLV,YEAR,AMR,Americas,,2017,,,,,,,,0,0.0,,,,2024-06-03T07:26:23.447+02:00,2017,2017-01-01T00:00:00+01:00,2017-12-31T00:00:00+01:00
10591,NTD_RAB2,COUNTRY,IND,YEAR,SEAR,South-East Asia,,2022,,,,,,,,289,289.0,,,,2025-09-09T13:40:51.93+02:00,2022,2022-01-01T00:00:00+01:00,2022-12-31T00:00:00+01:00
3021449,NTD_RAB2,COUNTRY,HUN,YEAR,EUR,Europe,,2015,,,,,,,,0,0.0,,,,2024-06-03T07:26:23.447+02:00,2015,2015-01-01T00:00:00+01:00,2015-12-31T00:00:00+01:00
8423614,NTD_RAB2,COUNTRY,COD,YEAR,AFR,Africa,,2021,,,,,,,,No data,,,,,2024-06-03T07:26:23.447+02:00,2021,2021-01-01T00:00:00+01:00,2021-12-31T00:00:00+01:00
1990638,NTD_RAB2,COUNTRY,IRN,YEAR,EMR,Eastern Mediterranean,,2020,,,,,,,,5,5.0,,,,2024-06-03T07:26:23.447+02:00,2020,2020-01-01T00:00:00+01:00,2020-12-31T00:00:00+01:00
7652636,NTD_RAB2,COUNTRY,LKA,YEAR,SEAR,South-East Asia,,2017,,,,,,,,23,23.0,,,,2024-06-03T07:26:23.447+02:00,2017,2017-01-01T00:00:00+01:00,2017-12-31T00:00:00+01:00
6029853,NTD_RAB2,COUNTRY,LKA,YEAR,SEAR,South-East Asia,,2010,,,,,,,,49,49.0,,,,2024-06-03T07:26:23.447+02:00,2010,2010-01-01T00:00:00+01:00,2010-12-31T00:00:00+01:00
9532434,NTD_RAB2,COUNTRY,KIR,YEAR,WPR,Western Pacific,,2011,,,,,,,,No data,,,,,2024-06-03T07:26:23.447+02:00,2011,2011-01-01T00:00:00+01:00,2011-12-31T00:00:00+01:00
6181680,NTD_RAB2,COUNTRY,KWT,YEAR,EMR,Eastern Mediterranean,,2020,,,,,,,,0,0.0,,,,2024-06-03T07:26:23.447+02:00,2020,2020-01-01T00:00:00+01:00,2020-12-31T00:00:00+01:00
1437938,NTD_RAB2,COUNTRY,ALB,YEAR,EUR,Europe,,2021,,,,,,,,No data,,,,,2024-06-03T07:26:23.447+02:00,2021,2021-01-01T00:00:00+01:00,2021-12-31T00:00:00+01:00
8351060,NTD_RAB2,COUNTRY,TZA,YEAR,AFR,Africa,,2012,,,,,,,,65,65.0,,,,2024-06-03T07:26:23.447+02:00,2012,2012-01-01T00:00:00+01:00,2012-12-31T00:00:00+01:00
5383252,NTD_RAB2,COUNTRY,GNB,YEAR,AFR,Africa,,2012,,,,,,,,No data,,,,,2024-06-03T07:26:23.447+02:00,2012,2012-01-01T00:00:00+01:00,2012-12-31T00:00:00+01:00
2148788,NTD_RAB2,COUNTRY,IDN,YEAR,WPR,Western Pacific,,2023,,,,,,,,146,146.0,,,,2025-09-09T13:40:51.93+02:00,2023,2023-01-01T00:00:00+01:00,2023-12-31T00:00:00+01:00
5917712,NTD_RAB2,COUNTRY,MLI,YEAR,AFR,Africa,,2014,,,,,,,,No data,,,,,2024-06-03T07:26:23.447+02:00,2014,2014-01-01T00:00:00+01:00,2014-12-31T00:00:00+01:00
6043110,NTD_RAB2,COUNTRY,NAM,YEAR,AFR,Africa,,2016,,,,,,,,No data,,,,,2024-06-03T07:26:23.447+02:00,2016,2016-01-01T00:00:00+01:00,2016-12-31T00:00:00+01:00
4571688,NTD_RAB2,COUNTRY,SGP,YEAR,WPR,Western Pacific,,2020,,,,,,,,No data,,,,,2024-06-03T07:26:23.447+02:00,2020,2020-01-01T00:00:00+01:00,2020-12-31T00:00:00+01:00
6300473,NTD_RAB2,COUNTRY,MEX,YEAR,AMR,Americas,,2013,,,,,,,,0,0.0,,,,2024-06-03T07:26:23.447+02:00,2013,2013-01-01T00:00:00+01:00,2013-12-31T00:00:00+01:00
8028722,NTD_RAB2,COUNTRY,KWT,YEAR,EMR,Eastern Mediterranean,,2012,,,,,,,,0,0.0,,,,2024-06-03T07:26:23.447+02:00,2012,2012-01-01T00:00:00+01:00,2012-12-31T00:00:00+01:00
8101290,NTD_RAB2,COUNTRY,IRQ,YEAR,EMR,Eastern Mediterranean,,2011,,,,,,,,No data,,,,,2024-06-03T07:26:23.447+02:00,2011,2011-01-01T00:00:00+01:00,2011-12-31T00:00:00+01:00
3351547,NTD_RAB2,COUNTRY,ALB,YEAR,EUR,Europe,,2014,,,,,,,,0,0.0,,,,2024-06-03T07:26:23.447+02:00,2014,2014-01-01T00:00:00+01:00,2014-12-31T00:00:00+01:00
1832179,NTD_RAB2,COUNTRY,MRT,YEAR,AFR,Africa,,2018,,,,,,,,No data,,,,,2024-06-03T07:26:23.447+02:00,2018,2018-01-01T00:00:00+01:00,2018-12-31T00:00:00+01:00
3588747,NTD_RAB2,COUNTRY,QAT,YEAR,EMR,Eastern Mediterranean,,2021,,,,,,,,No data,,,,,2024-06-03T07:26:23.447+02:00,2021,2021-01-01T00:00:00+01:00,2021-12-31T00:00:00+01:00
7052377,NTD_RAB2,COUNTRY,MEX,YEAR,AMR,Americas,,2018,,,,,,,,2,2.0,,,,2024-06-03T07:26:23.447+02:00,2018,2018-01-01T00:00:00+01:00,2018-12-31T00:00:00+01:00
7283192,NTD_RAB2,COUNTRY,BRB,YEAR,AMR,Americas,,2016,,,,,,,,0,0.0,,,,2024-06-03T07:26:23.447+02:00,2016,2016-01-01T00:00:00+01:00,2016-12-31T00:00:00+01:00
4136154,NTD_RAB2,COUNTRY,COK,YEAR,WPR,Western Pacific,,2019,,,,,,,,No data,,,,,2024-06-03T07:26:23.447+02:00,2019,2019-01-01T00:00:00+01:00,2019-12-31T00:00:00+01:00
4353968,NTD_RAB2,COUNTRY,DEU,YEAR,EUR,Europe,,2013,,,,,,,,0,0.0,,,,2024-06-03T07:26:23.447+02:00,2013,2013-01-01T00:00:00+01:00,2013-12-31T00:00:00+01:00
1365385,NTD_RAB2,COUNTRY,MWI,YEAR,AFR,Africa,,2018,,,,,,,,No data,,,,,2024-06-03T07:26:23.447+02:00,2018,2018-01-01T00:00:00+01:00,2018-12-31T00:00:00+01:00
1477378,NTD_RAB2,COUNTRY,CMR,YEAR,AFR,Africa,,2012,,,,,,,,No data,,,,,2024-06-03T07:26:23.447+02:00,2012,2012-01-01T00:00:00+01:00,2012-12-31T00:00:00+01:00
8068305,NTD_RAB2,COUNTRY,NZL,YEAR,WPR,Western Pacific,,2021,,,,,,,,No data,,,,,2024-06-03T07:26:23.447+02:00,2021,2021-01-01T00:00:00+01:00,2021-12-31T00:00:00+01:00
5006893,NTD_RAB2,COUNTRY,LBN,YEAR,EMR,Eastern Mediterranean,,2021,,,,,,,,No data,,,,,2024-06-03T07:26:23.447+02:00,2021,2021-01-01T00:00:00+01:00,2021-12-31T00:00:00+01:00
8509520,NTD_RAB2,COUNTRY,BEN,YEAR,AFR,Africa,,2012,,,,,,,,No data,,,,,2024-06-03T07:26:23.447+02:00,2012,2012-01-01T00:00:00+01:00,2012-12-31T00:00:00+01:00
2181841,NTD_RAB2,COUNTRY,BIH,YEAR,EUR,Europe,,2024,,,,,,,,No data,,,,,2025-09-09T13:40:51.93+02:00,2024,2024-01-01T00:00:00+01:00,2024-12-31T00:00:00+01:00
3813106,NTD_RAB2,COUNTRY,DJI,YEAR,EMR,Eastern Mediterranean,,2014,,,,,,,,No data,,,,,2024-06-03T07:26:23.447+02:00,2014,2014-01-01T00:00:00+01:00,2014-12-31T00:00:00+01:00
8945516,NTD_RAB2,COUNTRY,EGY,YEAR,EMR,Eastern Mediterranean,,2021,,,,,,,,No data,,,,,2024-06-03T07:26:23.447+02:00,2021,2021-01-01T00:00:00+01:00,2021-12-31T00:00:00+01:00
5653772,NTD_RAB2,COUNTRY,TZA,YEAR,AFR,Africa,,2022,,,,,,,,No data,,,,,2024-06-03T07:26:23.447+02:00,2022,2022-01-01T00:00:00+01:00,2022-12-31T00:00:00+01:00
4195561,NTD_RAB2,COUNTRY,RWA,YEAR,AFR,Africa,,2011,,,,,,,,No data,,,,,2024-06-03T07:26:23.447+02:00,2011,2011-01-01T00:00:00+01:00,2011-12-31T00:00:00+01:00
9512753,NTD_RAB2,COUNTRY,SUR,YEAR,AMR,Americas,,2022,,,,,,,,0,0.0,,,,2026-07-15T14:04:38.643+02:00,2022,2022-01-01T00:00:00+01:00,2022-12-31T00:00:00+01:00
9552222,NTD_RAB2,COUNTRY,FRA,YEAR,EUR,Europe,,2017,,,,,,,,1,1.0,,,,2024-06-03T07:26:23.447+02:00,2017,2017-01-01T00:00:00+01:00,2017-12-31T00:00:00+01:00
8008937,NTD_RAB2,COUNTRY,JOR,YEAR,EMR,Eastern Mediterranean,,2011,,,,,,,,0,0.0,,,,2024-06-03T07:26:23.447+02:00,2011,2011-01-01T00:00:00+01:00,2011-12-31T00:00:00+01:00
8081551,NTD_RAB2,COUNTRY,MOZ,YEAR,AFR,Africa,,2023,,,,,,,,35,35.0,,,,2025-09-09T13:40:51.93+02:00,2023,2023-01-01T00:00:00+01:00,2023-12-31T00:00:00+01:00
6452380,NTD_RAB2,COUNTRY,SRB,YEAR,EUR,Europe,,2018,,,,,,,,0,0.0,,,,2024-06-03T07:26:23.447+02:00,2018,2018-01-01T00:00:00+01:00,2018-12-31T00:00:00+01:00
3371399,NTD_RAB2,COUNTRY,CRI,YEAR,AMR,Americas,,2017,,,,,,,,0,0.0,,,,2024-06-03T07:26:23.447+02:00,2017,2017-01-01T00:00:00+01:00,2017-12-31T00:00:00+01:00
3542530,NTD_RAB2,COUNTRY,MMR,YEAR,SEAR,South-East Asia,,2024,,,,,,,,82,82.0,,,,2025-09-09T13:40:51.93+02:00,2024,2024-01-01T00:00:00+01:00,2024-12-31T00:00:00+01:00
6946905,NTD_RAB2,COUNTRY,ATG,YEAR,AMR,Americas,,2014,,,,,,,,0,0.0,,,,2024-06-03T07:26:23.447+02:00,2014,2014-01-01T00:00:00+01:00,2014-12-31T00:00:00+01:00
3740467,NTD_RAB2,COUNTRY,BEL,YEAR,EUR,Europe,,2023,,,,,,,,0,0.0,,,,2025-09-09T13:40:51.93+02:00,2023,2023-01-01T00:00:00+01:00,2023-12-31T00:00:00+01:00
7863826,NTD_RAB2,COUNTRY,MDA,YEAR,EUR,Europe,,2020,,,,,,,,0,0.0,,,,2024-06-03T07:26:23.447+02:00,2020,2020-01-01T00:00:00+01:00,2020-12-31T00:00:00+01:00
6280695,NTD_RAB2,COUNTRY,UGA,YEAR,AFR,Africa,,2016,,,,,,,,No data,,,,,2024-06-03T07:26:23.447+02:00,2016,2016-01-01T00:00:00+01:00,2016-12-31T00:00:00+01:00
1418306,NTD_RAB2,COUNTRY,AND,YEAR,EUR,Europe,,2024,,,,,,,,No data,,,,,2025-09-09T13:40:51.93+02:00,2024,2024-01-01T00:00:00+01:00,2024-12-31T00:00:00+01:00
8114556,NTD_RAB2,COUNTRY,CIV,YEAR,AFR,Africa,,2024,,,,,,,,21,21.0,,,,2025-10-30T17:51:54.843+01:00,2024,2024-01-01T00:00:00+01:00,2024-12-31T00:00:00+01:00
3180065,NTD_RAB2,COUNTRY,VCT,YEAR,AMR,Americas,,2023,,,,,,,,0,0.0,,,,2026-07-15T14:04:38.643+02:00,2023,2023-01-01T00:00:00+01:00,2023-12-31T00:00:00+01:00
1812639,NTD_RAB2,COUNTRY,PLW,YEAR,WPR,Western Pacific,,2016,,,,,,,,No data,,,,,2024-06-03T07:26:23.447+02:00,2016,2016-01-01T00:00:00+01:00,2016-12-31T00:00:00+01:00
5112629,NTD_RAB2,COUNTRY,FRA,YEAR,EUR,Europe,,2024,,,,,,,,No data,,,,,2025-09-09T13:40:51.93+02:00,2024,2024-01-01T00:00:00+01:00,2024-12-31T00:00:00+01:00
5119260,NTD_RAB2,COUNTRY,FJI,YEAR,WPR,Western Pacific,,2016,,,,,,,,No data,,,,,2024-06-03T07:26:23.447+02:00,2016,2016-01-01T00:00:00+01:00,2016-12-31T00:00:00+01:00
6993017,NTD_RAB2,COUNTRY,ZWE,YEAR,AFR,Africa,,2012,,,,,,,,11,11.0,,,,2024-06-03T07:26:23.447+02:00,2012,2012-01-01T00:00:00+01:00,2012-12-31T00:00:00+01:00
5561498,NTD_RAB2,COUNTRY,GNQ,YEAR,AFR,Africa,,2012,,,,,,,,No data,,,,,2024-06-03T07:26:23.447+02:00,2012,2012-01-01T00:00:00+01:00,2012-12-31T00:00:00+01:00
5706660,NTD_RAB2,COUNTRY,LKA,YEAR,SEAR,South-East Asia,,2018,,,,,,,,25,25.0,,,,2024-06-03T07:26:23.447+02:00,2018,2018-01-01T00:00:00+01:00,2018-12-31T00:00:00+01:00
4050872,NTD_RAB2,COUNTRY,TUN,YEAR,EMR,Eastern Mediterranean,,2020,,,,,,,,No data,,,,,2024-06-03T07:26:23.447+02:00,2020,2020-01-01T00:00:00+01:00,2020-12-31T00:00:00+01:00
2464318,NTD_RAB2,COUNTRY,DOM,YEAR,AMR,Americas,,2023,,,,,,,,0,0.0,,,,2026-07-15T14:04:38.643+02:00,2023,2023-01-01T00:00:00+01:00,2023-12-31T00:00:00+01:00
7474549,NTD_RAB2,COUNTRY,NIC,YEAR,AMR,Americas,,2015,,,,,,,,0,0.0,,,,2024-06-03T07:26:23.447+02:00,2015,2015-01-01T00:00:00+01:00,2015-12-31T00:00:00+01:00
5917804,NTD_RAB2,COUNTRY,GTM,YEAR,AMR,Americas,,2015,,,,,,,,0,0.0,,,,2024-06-03T07:26:23.447+02:00,2015,2015-01-01T00:00:00+01:00,2015-12-31T00:00:00+01:00
6175193,NTD_RAB2,COUNTRY,ATG,YEAR,AMR,Americas,,2012,,,,,,,,0,0.0,,,,2024-06-03T07:26:23.447+02:00,2012,2012-01-01T00:00:00+01:00,2012-12-31T00:00:00+01:00
6293983,NTD_RAB2,COUNTRY,AND,YEAR,EUR,Europe,,2022,,,,,,,,No data,,,,,2024-06-03T07:26:23.447+02:00,2022,2022-01-01T00:00:00+01:00,2022-12-31T00:00:00+01:00
4789403,NTD_RAB2,COUNTRY,LBR,YEAR,AFR,Africa,,2011,,,,,,,,No data,,,,,2024-06-03T07:26:23.447+02:00,2011,2011-01-01T00:00:00+01:00,2011-12-31T00:00:00+01:00
8167126,NTD_RAB2,COUNTRY,JOR,YEAR,EMR,Eastern Mediterranean,,2021,,,,,,,,2,2.0,,,,2024-06-03T07:26:23.447+02:00,2021,2021-01-01T00:00:00+01:00,2021-12-31T00:00:00+01:00
8265404,NTD_RAB2,COUNTRY,SGP,YEAR,WPR,Western Pacific,,2024,,,,,,,,0,0.0,,,,2026-07-15T14:04:38.643+02:00,2024,2024-01-01T00:00:00+01:00,2024-12-31T00:00:00+01:00
6775488,NTD_RAB2,COUNTRY,BWA,YEAR,AFR,Africa,,2015,,,,,,,,0,0.0,,,,2024-06-03T07:26:23.447+02:00,2015,2015-01-01T00:00:00+01:00,2015-12-31T00:00:00+01:00
8483203,NTD_RAB2,COUNTRY,TTO,YEAR,AMR,Americas,,2018,,,,,,,,0,0.0,,,,2024-06-03T07:26:23.447+02:00,2018,2018-01-01T00:00:00+01:00,2018-12-31T00:00:00+01:00
2115877,NTD_RAB2,COUNTRY,MDV,YEAR,SEAR,South-East Asia,,2024,,,,,,,,No data,,,,,2025-09-09T13:40:51.93+02:00,2024,2024-01-01T00:00:00+01:00,2024-12-31T00:00:00+01:00
7164623,NTD_RAB2,COUNTRY,BRN,YEAR,WPR,Western Pacific,,2017,,,,,,,,No data,,,,,2024-06-03T07:26:23.447+02:00,2017,2017-01-01T00:00:00+01:00,2017-12-31T00:00:00+01:00
5812320,NTD_RAB2,COUNTRY,IDN,YEAR,WPR,Western Pacific,,2012,,,,,,,,No data,,,,,2024-06-03T07:26:23.447+02:00,2012,2012-01-01T00:00:00+01:00,2012-12-31T00:00:00+01:00
1269792,NTD_RAB2,COUNTRY,GNB,YEAR,AFR,Africa,,2024,,,,,,,,0,0.0,,,,2026-07-15T14:04:38.643+02:00,2024,2024-01-01T00:00:00+01:00,2024-12-31T00:00:00+01:00
4762955,NTD_RAB2,COUNTRY,PRT,YEAR,EUR,Europe,,2019,,,,,,,,0,0.0,,,,2024-06-03T07:26:23.447+02:00,2019,2019-01-01T00:00:00+01:00,2019-12-31T00:00:00+01:00
4894994,NTD_RAB2,COUNTRY,LUX,YEAR,EUR,Europe,,2021,,,,,,,,0,0.0,,,,2025-09-09T13:40:51.93+02:00,2021,2021-01-01T00:00:00+01:00,2021-12-31T00:00:00+01:00
5066474,NTD_RAB2,COUNTRY,DEU,YEAR,EUR,Europe,,2020,,,,,,,,0,0.0,,,,2024-06-03T07:26:23.447+02:00,2020,2020-01-01T00:00:00+01:00,2020-12-31T00:00:00+01:00
1977640,NTD_RAB2,COUNTRY,MUS,YEAR,AFR,Africa,,2021,,,,,,,,No data,,,,,2024-06-03T07:26:23.447+02:00,2021,2021-01-01T00:00:00+01:00,2021-12-31T00:00:00+01:00
2010372,NTD_RAB2,COUNTRY,ISR,YEAR,EUR,Europe,,2012,,,,,,,,0,0.0,,,,2024-06-03T07:26:23.447+02:00,2012,2012-01-01T00:00:00+01:00,2012-12-31T00:00:00+01:00
8998454,NTD_RAB2,COUNTRY,QAT,YEAR,EMR,Eastern Mediterranean,,2017,,,,,,,,0,0.0,,,,2024-06-03T07:26:23.447+02:00,2017,2017-01-01T00:00:00+01:00,2017-12-31T00:00:00+01:00
9018207,NTD_RAB2,COUNTRY,TUR,YEAR,EUR,Europe,,2018,,,,,,,,0,0.0,,,,2024-06-03T07:26:23.447+02:00,2018,2018-01-01T00:00:00+01:00,2018-12-31T00:00:00+01:00
9117225,NTD_RAB2,COUNTRY,EGY,YEAR,EMR,Eastern Mediterranean,,2024,,,,,,,,No data,,,,,2025-09-09T13:40:51.93+02:00,2024,2024-01-01T00:00:00+01:00,2024-12-31T00:00:00+01:00
7547270,NTD_RAB2,COUNTRY,OMN,YEAR,EMR,Eastern Mediterranean,,2019,,,,,,,,0,0.0,,,,2024-06-03T07:26:23.447+02:00,2019,2019-01-01T00:00:00+01:00,2019-12-31T00:00:00+01:00
4710270,NTD_RAB2,COUNTRY,DNK,YEAR,EUR,Europe,,2011,,,,,,,,0,0.0,,,,2024-06-03T07:26:23.447+02:00,2011,2011-01-01T00:00:00+01:00,2011-12-31T00:00:00+01:00
1752283,NTD_RAB2,COUNTRY,TLS,YEAR,SEAR,South-East Asia,,2012,,,,,,,,No data,,,,,2024-06-03T07:26:23.447+02:00,2012,2012-01-01T00:00:00+01:00,2012-12-31T00:00:00+01:00
1752296,NTD_RAB2,COUNTRY,SVK,YEAR,EUR,Europe,,2020,,,,,,,,0,0.0,,,,2024-06-03T07:26:23.447+02:00,2020,2020-01-01T00:00:00+01:00,2020-12-31T00:00:00+01:00
3384690,NTD_RAB2,COUNTRY,ETH,YEAR,AFR,Africa,,2018,,,,,,,,No data,,,,,2024-06-03T07:26:23.447+02:00,2018,2018-01-01T00:00:00+01:00,2018-12-31T00:00:00+01:00
6953428,NTD_RAB2,COUNTRY,GMB,YEAR,AFR,Africa,,2017,,,,,,,,No data,,,,,2024-06-03T07:26:23.447+02:00,2017,2017-01-01T00:00:00+01:00,2017-12-31T00:00:00+01:00
3707596,NTD_RAB2,COUNTRY,STP,YEAR,AFR,Africa,,2022,,,,,,,,No data,,,,,2024-06-03T07:26:23.447+02:00,2022,2022-01-01T00:00:00+01:00,2022-12-31T00:00:00+01:00
3833060,NTD_RAB2,COUNTRY,NRU,YEAR,WPR,Western Pacific,,2012,,,,,,,,No data,,,,,2024-06-03T07:26:23.447+02:00,2012,2012-01-01T00:00:00+01:00,2012-12-31T00:00:00+01:00
9031439,NTD_RAB2,COUNTRY,CAN,YEAR,AMR,Americas,,2012,,,,,,,,0,0.0,,,,2024-06-03T07:26:23.447+02:00,2012,2012-01-01T00:00:00+01:00,2012-12-31T00:00:00+01:00
5970677,NTD_RAB2,COUNTRY,TON,YEAR,WPR,Western Pacific,,2022,,,,,,,,No data,,,,,2024-06-03T07:26:23.447+02:00,2022,2022-01-01T00:00:00+01:00,2022-12-31T00:00:00+01:00
9459997,NTD_RAB2,COUNTRY,PAK,YEAR,EMR,Eastern Mediterranean,,2024,,,,,,,,No data,,,,,2025-09-09T13:40:51.93+02:00,2024,2024-01-01T00:00:00+01:00,2024-12-31T00:00:00+01:00
7942959,NTD_RAB2,COUNTRY,RUS,YEAR,EUR,Europe,,2020,,,,,,,,7,7.0,,,,2024-06-03T07:26:23.447+02:00,2020,2020-01-01T00:00:00+01:00,2020-12-31T00:00:00+01:00
30490,NTD_RAB2,COUNTRY,KEN,YEAR,AFR,Africa,,2022,,,,,,,,No data,,,,,2024-06-03T07:26:23.447+02:00,2022,2022-01-01T00:00:00+01:00,2022-12-31T00:00:00+01:00
3318704,NTD_RAB2,COUNTRY,BLR,YEAR,EUR,Europe,,2019,,,,,,,,No data,,,,,2024-06-03T07:26:23.447+02:00,2019,2019-01-01T00:00:00+01:00,2019-12-31T00:00:00+01:00
5119367,NTD_RAB2,COUNTRY,FRA,YEAR,EUR,Europe,,2023,,,,,,,,1,1.0,,,,2025-09-09T13:40:51.93+02:00,2023,2023-01-01T00:00:00+01:00,2023-12-31T00:00:00+01:00
5132593,NTD_RAB2,COUNTRY,ROU,YEAR,EUR,Europe,,2024,,,,,,,,No data,,,,,2025-09-09T13:40:51.93+02:00,2024,2024-01-01T00:00:00+01:00,2024-12-31T00:00:00+01:00
1990872,NTD_RAB2,COUNTRY,LUX,YEAR,EUR,Europe,,2020,,,,,,,,0,0.0,,,,2025-09-09T13:40:51.93+02:00,2020,2020-01-01T00:00:00+01:00,2020-12-31T00:00:00+01:00
3786874,NTD_RAB2,COUNTRY,DZA,YEAR,AFR,Africa,,2022,,,,,,,,No data,,,,,2024-06-03T07:26:23.447+02:00,2022,2022-01-01T00:00:00+01:00,2022-12-31T00:00:00+01:00
2273984,NTD_RAB2,COUNTRY,SLV,YEAR,AMR,Americas,,2012,,,,,,,,0,0.0,,,,2024-06-03T07:26:23.447+02:00,2012,2012-01-01T00:00:00+01:00,2012-12-31T00:00:00+01:00
2333416,NTD_RAB2,COUNTRY,MDV,YEAR,SEAR,South-East Asia,,2011,,,,,,,,0,0.0,,,,2024-06-03T07:26:23.447+02:00,2011,2011-01-01T00:00:00+01:00,2011-12-31T00:00:00+01:00
5904690,NTD_RAB2,COUNTRY,TJK,YEAR,EUR,Europe,,2022,,,,,,,,No data,,,,,2024-06-03T07:26:23.447+02:00,2022,2022-01-01T00:00:00+01:00,2022-12-31T00:00:00+01:00
5997087,NTD_RAB2,COUNTRY,TKM,YEAR,EUR,Europe,,2024,,,,,,,,No data,,,,,2025-09-09T13:40:51.93+02:00,2024,2024-01-01T00:00:00+01:00,2024-12-31T00:00:00+01:00
4710318,NTD_RAB2,COUNTRY,IRN,YEAR,EMR,Eastern Mediterranean,,2022,,,,,,,,11,11.0,,,,2024-06-03T07:26:23.447+02:00,2022,2022-01-01T00:00:00+01:00,2022-12-31T00:00:00+01:00
5159063,NTD_RAB2,COUNTRY,GAB,YEAR,AFR,Africa,,2013,,,,,,,,No data,,,,,2024-06-03T07:26:23.447+02:00,2013,2013-01-01T00:00:00+01:00,2013-12-31T00:00:00+01:00
5555025,NTD_RAB2,COUNTRY,LAO,YEAR,WPR,Western Pacific,,2012,,,,,,,,7,7.0,,,,2024-06-03T07:26:23.447+02:00,2012,2012-01-01T00:00:00+01:00,2012-12-31T00:00:00+01:00
5779432,NTD_RAB2,COUNTRY,KEN,YEAR,AFR,Africa,,2010,,,,,,,,No data,,,,,2024-06-03T07:26:23.447+02:00,2010,2010-01-01T00:00:00+01:00,2010-12-31T00:00:00+01:00
4208978,NTD_RAB2,COUNTRY,VUT,YEAR,WPR,Western Pacific,,2016,,,,,,,,No data,,,,,2024-06-03T07:26:23.447+02:00,2016,2016-01-01T00:00:00+01:00,2016-12-31T00:00:00+01:00
7626474,NTD_RAB2,COUNTRY,RUS,YEAR,EUR,Europe,,2013,,,,,,,,7,7.0,,,,2024-06-03T07:26:23.447+02:00,2013,2013-01-01T00:00:00+01:00,2013-12-31T00:00:00+01:00
7633078,NTD_RAB2,COUNTRY,TUR,YEAR,EUR,Europe,,2014,,,,,,,,0,0.0,,,,2024-06-03T07:26:23.447+02:00,2014,2014-01-01T00:00:00+01:00,2014-12-31T00:00:00+01:00
2810769,NTD_RAB2,COUNTRY,GUY,YEAR,AMR,Americas,,2012,,,,,,,,No data,,,,,2024-06-03T07:26:23.447+02:00,2012,2012-01-01T00:00:00+01:00,2012-12-31T00:00:00+01:00
4875269,NTD_RAB2,COUNTRY,LBR,YEAR,AFR,Africa,,2013,,,,,,,,No data,,,,,2024-06-03T07:26:23.447+02:00,2013,2013-01-01T00:00:00+01:00,2013-12-31T00:00:00+01:00
5013730,NTD_RAB2,COUNTRY,BRN,YEAR,WPR,Western Pacific,,2011,,,,,,,,0,0.0,,,,2024-06-03T07:26:23.447+02:00,2011,2011-01-01T00:00:00+01:00,2011-12-31T00:00:00+01:00
8443731,NTD_RAB2,COUNTRY,CRI,YEAR,AMR,Americas,,2018,,,,,,,,1,1.0,,,,2024-06-03T07:26:23.447+02:00,2018,2018-01-01T00:00:00+01:00,2018-12-31T00:00:00+01:00
5548458,NTD_RAB2,COUNTRY,MNE,YEAR,EUR,Europe,,2016,,,,,,,,No data,,,,,2024-06-03T07:26:23.447+02:00,2016,2016-01-01T00:00:00+01:00,2016-12-31T00:00:00+01:00
8952322,NTD_RAB2,COUNTRY,PAK,YEAR,EMR,Eastern Mediterranean,,2011,,,,,,,,No data,,,,,2024-06-03T07:26:23.447+02:00,2011,2011-01-01T00:00:00+01:00,2011-12-31T00:00:00+01:00
2307076,NTD_RAB2,COUNTRY,OMN,YEAR,EMR,Eastern Mediterranean,,2020,,,,,,,,0,0.0,,,,2024-06-03T07:26:23.447+02:00,2020,2020-01-01T00:00:00+01:00,2020-12-31T00:00:00+01:00
4064232,NTD_RAB2,COUNTRY,NLD,YEAR,EUR,Europe,,2011,,,,,,,,0,0.0,,,,2024-06-03T07:26:23.447+02:00,2011,2011-01-01T00:00:00+01:00,2011-12-31T00:00:00+01:00
7540769,NTD_RAB2,COUNTRY,COM,YEAR,AFR,Africa,,2020,,,,,,,,No data,,,,,2024-06-03T07:26:23.447+02:00,2020,2020-01-01T00:00:00+01:00,2020-12-31T00:00:00+01:00
5917979,NTD_RAB2,COUNTRY,ZAF,YEAR,AFR,Africa,,2010,,,,,,,,12,12.0,,,,2024-06-03T07:26:23.447+02:00,2010,2010-01-01T00:00:00+01:00,2010-12-31T00:00:00+01:00
6036756,NTD_RAB2,COUNTRY,TUN,YEAR,EMR,Eastern Mediterranean,,2022,,,,,,,,No data,,,,,2024-06-03T07:26:23.447+02:00,2022,2022-01-01T00:00:00+01:00,2022-12-31T00:00:00+01:00
4571935,NTD_RAB2,COUNTRY,CHN,YEAR,WPR,Western Pacific,,2014,,,,,,,,854,854.0,,,,2024-06-03T07:26:23.447+02:00,2014,2014-01-01T00:00:00+01:00,2014-12-31T00:00:00+01:00
9756822,NTD_RAB2,COUNTRY,ZWE,YEAR,AFR,Africa,,2022,,,,,,,,No data,,,,,2024-06-03T07:26:23.447+02:00,2022,2022-01-01T00:00:00+01:00,2022-12-31T00:00:00+01:00
8298593,NTD_RAB2,COUNTRY,ECU,YEAR,AMR,Americas,,2015,,,,,,,,0,0.0,,,,2024-06-03T07:26:23.447+02:00,2015,2015-01-01T00:00:00+01:00,2015-12-31T00:00:00+01:00
6650205,NTD_RAB2,COUNTRY,COK,YEAR,WPR,Western Pacific,,2017,,,,,,,,No data,,,,,2024-06-03T07:26:23.447+02:00,2017,2017-01-01T00:00:00+01:00,2017-12-31T00:00:00+01:00
8357948,NTD_RAB2,COUNTRY,TON,YEAR,WPR,Western Pacific,,2011,,,,,,,,No data,,,,,2024-06-03T07:26:23.447+02:00,2011,2011-01-01T00:00:00+01:00,2011-12-31T00:00:00+01:00
1788675,NTD_RAB2,COUNTRY,CYP,YEAR,EUR,Europe,,2016,,,,,,,,0,0.0,,,,2024-06-03T07:26:23.447+02:00,2016,2016-01-01T00:00:00+01:00,2016-12-31T00:00:00+01:00
3516361,NTD_RAB2,COUNTRY,MAR,YEAR,EMR,Eastern Mediterranean,,2015,,,,,,,,19,19.0,,,,2024-06-03T07:26:23.447+02:00,2015,2015-01-01T00:00:00+01:00,2015-12-31T00:00:00+01:00
8780577,NTD_RAB2,COUNTRY,KAZ,YEAR,EUR,Europe,,2017,,,,,,,,7,7.0,,,,2024-06-03T07:26:23.447+02:00,2017,2017-01-01T00:00:00+01:00,2017-12-31T00:00:00+01:00
2201690,NTD_RAB2,COUNTRY,SOM,YEAR,EMR,Eastern Mediterranean,,2017,,,,,,,,1,1.0,,,,2024-06-03T07:26:23.447+02:00,2017,2017-01-01T00:00:00+01:00,2017-12-31T00:00:00+01:00
7309861,NTD_RAB2,COUNTRY,GEO,YEAR,EUR,Europe,,2011,,,,,,,,1,1.0,,,,2024-06-03T07:26:23.447+02:00,2011,2011-01-01T00:00:00+01:00,2011-12-31T00:00:00+01:00
2379522,NTD_RAB2,COUNTRY,FSM,YEAR,WPR,Western Pacific,,2022,,,,,,,,No data,,,,,2024-06-03T07:26:23.447+02:00,2022,2022-01-01T00:00:00+01:00,2022-12-31T00:00:00+01:00
9394188,NTD_RAB2,COUNTRY,URY,YEAR,AMR,Americas,,2023,,,,,,,,0,0.0,,,,2026-07-15T14:04:38.643+02:00,2023,2023-01-01T00:00:00+01:00,2023-12-31T00:00:00+01:00
5132698,NTD_RAB2,COUNTRY,DMA,YEAR,AMR,Americas,,2013,,,,,,,,0,0.0,,,,2024-06-03T07:26:23.447+02:00,2013,2013-01-01T00:00:00+01:00,2013-12-31T00:00:00+01:00
6835040,NTD_RAB2,COUNTRY,KEN,YEAR,AFR,Africa,,2021,,,,,,,,No data,,,,,2024-06-03T07:26:23.447+02:00,2021,2021-01-01T00:00:00+01:00,2021-12-31T00:00:00+01:00
8694617,NTD_RAB2,COUNTRY,LBY,YEAR,EMR,Eastern Mediterranean,,2019,,,,,,,,No data,,,,,2024-06-03T07:26:23.447+02:00,2019,2019-01-01T00:00:00+01:00,2019-12-31T00:00:00+01:00
8727696,NTD_RAB2,COUNTRY,WSM,YEAR,WPR,Western Pacific,,2016,,,,,,,,No data,,,,,2024-06-03T07:26:23.447+02:00,2016,2016-01-01T00:00:00+01:00,2016-12-31T00:00:00+01:00
3681348,NTD_RAB2,COUNTRY,MLT,YEAR,EUR,Europe,,2021,,,,,,,,0,0.0,,,,2025-09-09T13:40:51.93+02:00,2021,2021-01-01T00:00:00+01:00,2021-12-31T00:00:00+01:00
9084367,NTD_RAB2,COUNTRY,GMB,YEAR,AFR,Africa,,2014,,,,,,,,No data,,,,,2024-06-03T07:26:23.447+02:00,2014,2014-01-01T00:00:00+01:00,2014-12-31T00:00:00+01:00
7402253,NTD_RAB2,COUNTRY,HND,YEAR,AMR,Americas,,2023,,,,,,,,0,0.0,,,,2026-07-15T14:04:38.643+02:00,2023,2023-01-01T00:00:00+01:00,2023-12-31T00:00:00+01:00
5779528,NTD_RAB2,COUNTRY,MDG,YEAR,AFR,Africa,,2022,,,,,,,,No data,,,,,2024-06-03T07:26:23.447+02:00,2022,2022-01-01T00:00:00+01:00,2022-12-31T00:00:00+01:00
4143025,NTD_RAB2,COUNTRY,SOM,YEAR,EMR,Eastern Mediterranean,,2010,,,,,,,,No data,,,,,2024-06-03T07:26:23.447+02:00,2010,2010-01-01T00:00:00+01:00,2010-12-31T00:00:00+01:00
4235427,NTD_RAB2,COUNTRY,SRB,YEAR,EUR,Europe,,2017,,,,,,,,0,0.0,,,,2024-06-03T07:26:23.447+02:00,2017,2017-01-01T00:00:00+01:00,2017-12-31T00:00:00+01:00
7692551,NTD_RAB2,COUNTRY,MYS,YEAR,WPR,Western Pacific,,2023,,,,,,,,21,21.0,,,,2025-09-09T13:40:51.93+02:00,2023,2023-01-01T00:00:00+01:00,2023-12-31T00:00:00+01:00
4380627,NTD_RAB2,COUNTRY,ROU,YEAR,EUR,Europe,,2023,,,,,,,,0,0.0,,,,2025-09-09T13:40:51.93+02:00,2023,2023-01-01T00:00:00+01:00,2023-12-31T00:00:00+01:00
6208418,NTD_RAB2,COUNTRY,PRK,YEAR,SEAR,South-East Asia,,2023,,,,,,,,No data,,,,,2025-09-09T13:40:51.93+02:00,2023,2023-01-01T00:00:00+01:00,2023-12-31T00:00:00+01:00
7943081,NTD_RAB2,COUNTRY,COL,YEAR,AMR,Americas,,2010,,,,,,,,5,5.0,,,,2024-06-03T07:26:23.447+02:00,2010,2010-01-01T00:00:00+01:00,2010-12-31T00:00:00+01:00
4651147,NTD_RAB2,COUNTRY,CUB,YEAR,AMR,Americas,,2012,,,,,,,,0,0.0,,,,2024-06-03T07:26:23.447+02:00,2012,2012-01-01T00:00:00+01:00,2012-12-31T00:00:00+01:00
4697195,NTD_RAB2,COUNTRY,SVK,YEAR,EUR,Europe,,2023,,,,,,,,0,0.0,,,,2025-09-09T13:40:51.93+02:00,2023,2023-01-01T00:00:00+01:00,2023-12-31T00:00:00+01:00
8134361,NTD_RAB2,COUNTRY,MDG,YEAR,AFR,Africa,,2016,,,,,,,,16,16.0,,,,2024-06-03T07:26:23.447+02:00,2016,2016-01-01T00:00:00+01:00,2016-12-31T00:00:00+01:00
6663481,NTD_RAB2,COUNTRY,WSM,YEAR,WPR,Western Pacific,,2015,,,,,,,,No data,,,,,2024-06-03T07:26:23.447+02:00,2015,2015-01-01T00:00:00+01:00,2015-12-31T00:00:00+01:00
6742761,NTD_RAB2,COUNTRY,BIH,YEAR,EUR,Europe,,2014,,,,,,,,0,0.0,,,,2024-06-03T07:26:23.447+02:00,2014,2014-01-01T00:00:00+01:00,2014-12-31T00:00:00+01:00
8588985,NTD_RAB2,COUNTRY,KOR,YEAR,WPR,Western Pacific,,2020,,,,,,,,No data,,,,,2024-06-03T07:26:23.447+02:00,2020,2020-01-01T00:00:00+01:00,2020-12-31T00:00:00+01:00
6960222,NTD_RAB2,COUNTRY,TZA,YEAR,AFR,Africa,,2016,,,,,,,,26,26.0,,,,2024-06-03T07:26:23.447+02:00,2016,2016-01-01T00:00:00+01:00,2016-12-31T00:00:00+01:00
8800468,NTD_RAB2,COUNTRY,MWI,YEAR,AFR,Africa,,2010,,,,,,,,No data,,,,,2024-06-03T07:26:23.447+02:00,2010,2010-01-01T00:00:00+01:00,2010-12-31T00:00:00+01:00
5476007,NTD_RAB2,COUNTRY,SYC,YEAR,AFR,Africa,,2014,,,,,,,,0,0.0,,,,2024-06-03T07:26:23.447+02:00,2014,2014-01-01T00:00:00+01:00,2014-12-31T00:00:00+01:00
5951054,NTD_RAB2,COUNTRY,MAR,YEAR,EMR,Eastern Mediterranean,,2010,,,,,,,,14,14.0,,,,2024-06-03T07:26:23.447+02:00,2010,2010-01-01T00:00:00+01:00,2010-12-31T00:00:00+01:00
9532793,NTD_RAB2,COUNTRY,MLT,YEAR,EUR,Europe,,2023,,,,,,,,0,0.0,,,,2025-09-09T13:40:51.93+02:00,2023,2023-01-01T00:00:00+01:00,2023-12-31T00:00:00+01:00
2804287,NTD_RAB2,COUNTRY,LAO,YEAR,WPR,Western Pacific,,2022,,,,,,,,20,20.0,,,,2024-06-03T07:26:23.447+02:00,2022,2022-01-01T00:00:00+01:00,2022-12-31T00:00:00+01:00
2870147,NTD_RAB2,COUNTRY,BRB,YEAR,AMR,Americas,,2021,,,,,,,,0,0.0,,,,2024-06-03T07:26:23.447+02:00,2021,2021-01-01T00:00:00+01:00,2021-12-31T00:00:00+01:00
1378896,NTD_RAB2,COUNTRY,LAO,YEAR,WPR,Western Pacific,,2019,,,,,,,,9,9.0,,,,2024-06-03T07:26:23.447+02:00,2019,2019-01-01T00:00:00+01:00,2019-12-31T00:00:00+01:00
7969579,NTD_RAB2,COUNTRY,WSM,YEAR,WPR,Western Pacific,,2011,,,,,,,,No data,,,,,2024-06-03T07:26:23.447+02:00,2011,2011-01-01T00:00:00+01:00,2011-12-31T00:00:00+01:00
4822590,NTD_RAB2,COUNTRY,SLE,YEAR,AFR,Africa,,2013,,,,,,,,No data,,,,,2024-06-03T07:26:23.447+02:00,2013,2013-01-01T00:00:00+01:00,2013-12-31T00:00:00+01:00
8239218,NTD_RAB2,COUNTRY,HRV,YEAR,EUR,Europe,,2019,,,,,,,,0,0.0,,,,2024-06-03T07:26:23.447+02:00,2019,2019-01-01T00:00:00+01:00,2019-12-31T00:00:00+01:00
6604301,NTD_RAB2,COUNTRY,AUT,YEAR,EUR,Europe,,2024,,,,,,,,No data,,,,,2025-09-09T13:40:51.93+02:00,2024,2024-01-01T00:00:00+01:00,2024-12-31T00:00:00+01:00
5192186,NTD_RAB2,COUNTRY,ZWE,YEAR,AFR,Africa,,2018,,,,,,,,No data,,,,,2024-06-03T07:26:23.447+02:00,2018,2018-01-01T00:00:00+01:00,2018-12-31T00:00:00+01:00
8635209,NTD_RAB2,COUNTRY,ZAF,YEAR,AFR,Africa,,2015,,,,,,,,12,12.0,,,,2024-06-03T07:26:23.447+02:00,2015,2015-01-01T00:00:00+01:00,2015-12-31T00:00:00+01:00
2182150,NTD_RAB2,COUNTRY,COL,YEAR,AMR,Americas,,2023,,,,,,,,0,0.0,,,,2026-07-15T14:04:38.643+02:00,2023,2023-01-01T00:00:00+01:00,2023-12-31T00:00:00+01:00
7323092,NTD_RAB2,COUNTRY,MKD,YEAR,EUR,Europe,,2022,,,,,,,,No data,,,,,2024-06-03T07:26:23.447+02:00,2022,2022-01-01T00:00:00+01:00,2022-12-31T00:00:00+01:00
2392771,NTD_RAB2,COUNTRY,SWE,YEAR,EUR,Europe,,2013,,,,,,,,0,0.0,,,,2024-06-03T07:26:23.447+02:00,2013,2013-01-01T00:00:00+01:00,2013-12-31T00:00:00+01:00
1217182,NTD_RAB2,COUNTRY,GNB,YEAR,AFR,Africa,,2011,,,,,,,,No data,,,,,2024-06-03T07:26:23.447+02:00,2011,2011-01-01T00:00:00+01:00,2011-12-31T00:00:00+01:00
7896952,NTD_RAB2,COUNTRY,AND,YEAR,EUR,Europe,,2014,,,,,,,,No data,,,,,2024-06-03T07:26:23.447+02:00,2014,2014-01-01T00:00:00+01:00,2014-12-31T00:00:00+01:00
1572055,NTD_RAB2,COUNTRY,FJI,YEAR,WPR,Western Pacific,,2024,,,,,,,,No data,,,,,2025-09-09T13:40:51.93+02:00,2024,2024-01-01T00:00:00+01:00,2024-12-31T00:00:00+01:00
6881268,NTD_RAB2,COUNTRY,IRN,YEAR,EMR,Eastern Mediterranean,,2021,,,,,,,,16,16.0,,,,2024-06-03T07:26:23.447+02:00,2021,2021-01-01T00:00:00+01:00,2021-12-31T00:00:00+01:00
5198843,NTD_RAB2,COUNTRY,NAM,YEAR,AFR,Africa,,2015,,,,,,,,No data,,,,,2024-06-03T07:26:23.447+02:00,2015,2015-01-01T00:00:00+01:00,2015-12-31T00:00:00+01:00
2050242,NTD_RAB2,COUNTRY,GUY,YEAR,AMR,Americas,,2010,,,,,,,,No data,,,,,2024-06-03T07:26:23.447+02:00,2010,2010-01-01T00:00:00+01:00,2010-12-31T00:00:00+01:00
5436444,NTD_RAB2,COUNTRY,TGO,YEAR,AFR,Africa,,2017,,,,,,,,No data,,,,,2024-06-03T07:26:23.447+02:00,2017,2017-01-01T00:00:00+01:00,2017-12-31T00:00:00+01:00
8873189,NTD_RAB2,COUNTRY,PLW,YEAR,WPR,Western Pacific,,2012,,,,,,,,No data,,,,,2024-06-03T07:26:23.447+02:00,2012,2012-01-01T00:00:00+01:00,2012-12-31T00:00:00+01:00
5509037,NTD_RAB2,COUNTRY,IRQ,YEAR,EMR,Eastern Mediterranean,,2010,,,,,,,,No data,,,,,2024-06-03T07:26:23.447+02:00,2010,2010-01-01T00:00:00+01:00,2010-12-31T00:00:00+01:00
9697535,NTD_RAB2,COUNTRY,UZB,YEAR,EUR,Europe,,2021,,,,,,,,No data,,,,,2024-06-03T07:26:23.447+02:00,2021,2021-01-01T00:00:00+01:00,2021-12-31T00:00:00+01:00
6419700,NTD_RAB2,COUNTRY,KNA,YEAR,AMR,Americas,,2015,,,,,,,,0,0.0,,,,2024-06-03T07:26:23.447+02:00,2015,2015-01-01T00:00:00+01:00,2015-12-31T00:00:00+01:00
4802864,NTD_RAB2,COUNTRY,NER,YEAR,AFR,Africa,,2024,,,,,,,,No data,,,,,2025-09-09T13:40:51.93+02:00,2024,2024-01-01T00:00:00+01:00,2024-12-31T00:00:00+01:00
1604505,NTD_RAB2,COUNTRY,HRV,YEAR,EUR,Europe,,2014,,,,,,,,0,0.0,,,,2024-06-03T07:26:23.447+02:00,2014,2014-01-01T00:00:00+01:00,2014-12-31T00:00:00+01:00
8278841,NTD_RAB2,COUNTRY,GRC,YEAR,EUR,Europe,,2011,,,,,,,,0,0.0,,,,2024-06-03T07:26:23.447+02:00,2011,2011-01-01T00:00:00+01:00,2011-12-31T00:00:00+01:00
3417863,NTD_RAB2,COUNTRY,NRU,YEAR,WPR,Western Pacific,,2014,,,,,,,,No data,,,,,2024-06-03T07:26:23.447+02:00,2014,2014-01-01T00:00:00+01:00,2014-12-31T00:00:00+01:00
5317608,NTD_RAB2,COUNTRY,HUN,YEAR,EUR,Europe,,2013,,,,,,,,0,0.0,,,,2024-06-03T07:26:23.447+02:00,2013,2013-01-01T00:00:00+01:00,2013-12-31T00:00:00+01:00
5462921,NTD_RAB2,COUNTRY,GIN,YEAR,AFR,Africa,,2014,,,,,,,,No data,,,,,2024-06-03T07:26:23.447+02:00,2014,2014-01-01T00:00:00+01:00,2014-12-31T00:00:00+01:00
2175582,NTD_RAB2,COUNTRY,IRL,YEAR,EUR,Europe,,2014,,,,,,,,0,0.0,,,,2024-06-03T07:26:23.447+02:00,2014,2014-01-01T00:00:00+01:00,2014-12-31T00:00:00+01:00
2175602,NTD_RAB2,COUNTRY,SEN,YEAR,AFR,Africa,,2016,,,,,,,,0,0.0,,,,2024-06-03T07:26:23.447+02:00,2016,2016-01-01T00:00:00+01:00,2016-12-31T00:00:00+01:00
5535470,NTD_RAB2,COUNTRY,NER,YEAR,AFR,Africa,,2016,,,,,,,,2,2.0,,,,2024-06-03T07:26:23.447+02:00,2016,2016-01-01T00:00:00+01:00,2016-12-31T00:00:00+01:00
3853099,NTD_RAB2,COUNTRY,NLD,YEAR,EUR,Europe,,2014,,,,,,,,0,0.0,,,,2024-06-03T07:26:23.447+02:00,2014,2014-01-01T00:00:00+01:00,2014-12-31T00:00:00+01:00
5601306,NTD_RAB2,COUNTRY,ECU,YEAR,AMR,Americas,,2023,,,,,,,,0,0.0,,,,2026-07-15T14:04:38.643+02:00,2023,2023-01-01T00:00:00+01:00,2023-12-31T00:00:00+01:00
7422033,NTD_RAB2,COUNTRY,TLS,YEAR,SEAR,South-East Asia,,2016,,,,,,,,No data,,,,,2024-06-03T07:26:23.447+02:00,2016,2016-01-01T00:00:00+01:00,2016-12-31T00:00:00+01:00
5740001,NTD_RAB2,COUNTRY,SAU,YEAR,EMR,Eastern Mediterranean,,2013,,,,,,,,No data,,,,,2024-06-03T07:26:23.447+02:00,2013,2013-01-01T00:00:00+01:00,2013-12-31T00:00:00+01:00
4083966,NTD_RAB2,COUNTRY,ZMB,YEAR,AFR,Africa,,2020,,,,,,,,No data,,,,,2024-06-03T07:26:23.447+02:00,2020,2020-01-01T00:00:00+01:00,2020-12-31T00:00:00+01:00
8095102,NTD_RAB2,COUNTRY,GUY,YEAR,AMR,Americas,,2019,,,,,,,,0,0.0,,,,2024-06-03T07:26:23.447+02:00,2019,2019-01-01T00:00:00+01:00,2019-12-31T00:00:00+01:00
8141046,NTD_RAB2,COUNTRY,MNE,YEAR,EUR,Europe,,2017,,,,,,,,No data,,,,,2024-06-03T07:26:23.447+02:00,2017,2017-01-01T00:00:00+01:00,2017-12-31T00:00:00+01:00
6854919,NTD_RAB2,COUNTRY,BRA,YEAR,AMR,Americas,,2012,,,,,,,,5,5.0,,,,2024-06-03T07:26:23.447+02:00,2012,2012-01-01T00:00:00+01:00,2012-12-31T00:00:00+01:00
8721209,NTD_RAB2,COUNTRY,UGA,YEAR,AFR,Africa,,2017,,,,,,,,No data,,,,,2024-06-03T07:26:23.447+02:00,2017,2017-01-01T00:00:00+01:00,2017-12-31T00:00:00+01:00
2327083,NTD_RAB2,COUNTRY,SYR,YEAR,EMR,Eastern Mediterranean,,2023,,,,,,,,No data,,,,,2025-09-09T13:40:51.93+02:00,2023,2023-01-01T00:00:00+01:00,2023-12-31T00:00:00+01:00
4116757,NTD_RAB2,COUNTRY,ARG,YEAR,AMR,Americas,,2018,,,,,,,,0,0.0,,,,2024-06-03T07:26:23.447+02:00,2018,2018-01-01T00:00:00+01:00,2018-12-31T00:00:00+01:00
9196347,NTD_RAB2,COUNTRY,CRI,YEAR,AMR,Americas,,2020,,,,,,,,0,0.0,,,,2024-06-03T07:26:23.447+02:00,2020,2020-01-01T00:00:00+01:00,2020-12-31T00:00:00+01:00
2567433,NTD_RAB2,COUNTRY,MNE,YEAR,EUR,Europe,,2011,,,,,,,,No data,,,,,2024-06-03T07:26:23.447+02:00,2011,2011-01-01T00:00:00+01:00,2011-12-31T00:00:00+01:00
2593773,NTD_RAB2,COUNTRY,DNK,YEAR,EUR,Europe,,2021,,,,,,,,0,0.0,,,,2024-06-03T07:26:23.447+02:00,2021,2021-01-01T00:00:00+01:00,2021-12-31T00:00:00+01:00
6564986,NTD_RAB2,COUNTRY,RUS,YEAR,EUR,Europe,,2019,,,,,,,,2,2.0,,,,2024-06-03T07:26:23.447+02:00,2019,2019-01-01T00:00:00+01:00,2019-12-31T00:00:00+01:00
8252522,NTD_RAB2,COUNTRY,SRB,YEAR,EUR,Europe,,2021,,,,,,,,0,0.0,,,,2024-06-03T07:26:23.447+02:00,2021,2021-01-01T00:00:00+01:00,2021-12-31T00:00:00+01:00
1591540,NTD_RAB2,COUNTRY,ZWE,YEAR,AFR,Africa,,2017,,,,,,,,8,8.0,,,,2024-06-03T07:26:23.447+02:00,2017,2017-01-01T00:00:00+01:00,2017-12-31T00:00:00+01:00
4882090,NTD_RAB2,COUNTRY,VNM,YEAR,WPR,Western Pacific,,2019,,,,,,,,81,81.0,,,,2024-06-03T07:26:23.447+02:00,2019,2019-01-01T00:00:00+01:00,2019-12-31T00:00:00+01:00
4888693,NTD_RAB2,COUNTRY,ISR,YEAR,EUR,Europe,,2017,,,,,,,,No data,,,,,2024-06-03T07:26:23.447+02:00,2017,2017-01-01T00:00:00+01:00,2017-12-31T00:00:00+01:00
4961037,NTD_RAB2,COUNTRY,CIV,YEAR,AFR,Africa,,2019,,,,,,,,29,29.0,,,,2024-06-03T07:26:23.447+02:00,2019,2019-01-01T00:00:00+01:00,2019-12-31T00:00:00+01:00
6881332,NTD_RAB2,COUNTRY,BRN,YEAR,WPR,Western Pacific,,2012,,,,,,,,0,0.0,,,,2024-06-03T07:26:23.447+02:00,2012,2012-01-01T00:00:00+01:00,2012-12-31T00:00:00+01:00
8840216,NTD_RAB2,COUNTRY,BLR,YEAR,EUR,Europe,,2012,,,,,,,,1,1.0,,,,2024-06-03T07:26:23.447+02:00,2012,2012-01-01T00:00:00+01:00,2012-12-31T00:00:00+01:00
2464672,NTD_RAB2,COUNTRY,TCD,YEAR,AFR,Africa,,2018,,,,,,,,No data,,,,,2024-06-03T07:26:23.447+02:00,2018,2018-01-01T00:00:00+01:00,2018-12-31T00:00:00+01:00
4116770,NTD_RAB2,COUNTRY,MYS,YEAR,WPR,Western Pacific,,2014,,,,,,,,No data,,,,,2024-06-03T07:26:23.447+02:00,2014,2014-01-01T00:00:00+01:00,2014-12-31T00:00:00+01:00
4195977,NTD_RAB2,COUNTRY,IRN,YEAR,EMR,Eastern Mediterranean,,2015,,,,,,,,7,7.0,,,,2024-06-03T07:26:23.447+02:00,2015,2015-01-01T00:00:00+01:00,2015-12-31T00:00:00+01:00
4328018,NTD_RAB2,COUNTRY,NAM,YEAR,AFR,Africa,,2022,,,,,,,,No data,,,,,2024-06-03T07:26:23.447+02:00,2022,2022-01-01T00:00:00+01:00,2022-12-31T00:00:00+01:00
2797816,NTD_RAB2,COUNTRY,SYR,YEAR,EMR,Eastern Mediterranean,,2017,,,,,,,,7,7.0,,,,2024-06-03T07:26:23.447+02:00,2017,2017-01-01T00:00:00+01:00,2017-12-31T00:00:00+01:00
2804405,NTD_RAB2,COUNTRY,KHM,YEAR,WPR,Western Pacific,,2018,,,,,,,,3,3.0,,,,2025-09-09T13:40:51.93+02:00,2018,2018-01-01T00:00:00+01:00,2018-12-31T00:00:00+01:00
9677801,NTD_RAB2,COUNTRY,BLR,YEAR,EUR,Europe,,2024,,,,,,,,0,0.0,,,,2026-07-15T14:04:38.643+02:00,2024,2024-01-01T00:00:00+01:00,2024-12-31T00:00:00+01:00
1572150,NTD_RAB2,COUNTRY,HTI,YEAR,AMR,Americas,,2017,,,,,,,,9,9.0,,,,2024-06-03T07:26:23.447+02:00,2017,2017-01-01T00:00:00+01:00,2017-12-31T00:00:00+01:00
8305371,NTD_RAB2,COUNTRY,MNE,YEAR,EUR,Europe,,2015,,,,,,,,No data,,,,,2024-06-03T07:26:23.447+02:00,2015,2015-01-01T00:00:00+01:00,2015-12-31T00:00:00+01:00
6723128,NTD_RAB2,COUNTRY,CZE,YEAR,EUR,Europe,,2020,,,,,,,,0,0.0,,,,2024-06-03T07:26:23.447+02:00,2020,2020-01-01T00:00:00+01:00,2020-12-31T00:00:00+01:00
5060212,NTD_RAB2,COUNTRY,GMB,YEAR,AFR,Africa,,2015,,,,,,,,No data,,,,,2024-06-03T07:26:23.447+02:00,2015,2015-01-01T00:00:00+01:00,2015-12-31T00:00:00+01:00
8661777,NTD_RAB2,COUNTRY,ARM,YEAR,EUR,Europe,,2012,,,,,,,,0,0.0,,,,2024-06-03T07:26:23.447+02:00,2012,2012-01-01T00:00:00+01:00,2012-12-31T00:00:00+01:00
5568456,NTD_RAB2,COUNTRY,STP,YEAR,AFR,Africa,,2012,,,,,,,,No data,,,,,2024-06-03T07:26:23.447+02:00,2012,2012-01-01T00:00:00+01:00,2012-12-31T00:00:00+01:00
7270421,NTD_RAB2,COUNTRY,FJI,YEAR,WPR,Western Pacific,,2014,,,,,,,,No data,,,,,2024-06-03T07:26:23.447+02:00,2014,2014-01-01T00:00:00+01:00,2014-12-31T00:00:00+01:00
2497720,NTD_RAB2,COUNTRY,TLS,YEAR,SEAR,South-East Asia,,2023,,,,,,,,0,0.0,,,,2025-09-09T13:40:51.93+02:00,2023,2023-01-01T00:00:00+01:00,2023-12-31T00:00:00+01:00
9222797,NTD_RAB2,COUNTRY,LTU,YEAR,EUR,Europe,,2022,,,,,,,,0,0.0,,,,2025-09-09T13:40:51.93+02:00,2022,2022-01-01T00:00:00+01:00,2022-12-31T00:00:00+01:00
7547604,NTD_RAB2,COUNTRY,UZB,YEAR,EUR,Europe,,2015,,,,,,,,1,1.0,,,,2024-06-03T07:26:23.447+02:00,2015,2015-01-01T00:00:00+01:00,2015-12-31T00:00:00+01:00
9315238,NTD_RAB2,COUNTRY,BEL,YEAR,EUR,Europe,,2010,,,,,,,,0,0.0,,,,2024-06-03T07:26:23.447+02:00,2010,2010-01-01T00:00:00+01:00,2010-12-31T00:00:00+01:00
7672929,NTD_RAB2,COUNTRY,ZWE,YEAR,AFR,Africa,,2013,,,,,,,,7,7.0,,,,2024-06-03T07:26:23.447+02:00,2013,2013-01-01T00:00:00+01:00,2013-12-31T00:00:00+01:00
1286881,NTD_RAB2,COUNTRY,ZWE,YEAR,AFR,Africa,,2020,,,,,,,,No data,,,,,2024-06-03T07:26:23.447+02:00,2020,2020-01-01T00:00:00+01:00,2020-12-31T00:00:00+01:00
8483605,NTD_RAB2,COUNTRY,BTN,YEAR,SEAR,South-East Asia,,2017,,,,,,,,0,0.0,,,,2024-06-03T07:26:23.447+02:00,2017,2017-01-01T00:00:00+01:00,2017-12-31T00:00:00+01:00
3747471,NTD_RAB2,COUNTRY,FRA,YEAR,EUR,Europe,,2014,,,,,,,,0,0.0,,,,2024-06-03T07:26:23.447+02:00,2014,2014-01-01T00:00:00+01:00,2014-12-31T00:00:00+01:00
7211213,NTD_RAB2,COUNTRY,CZE,YEAR,EUR,Europe,,2024,,,,,,,,0,0.0,,,,2026-07-15T14:04:38.643+02:00,2024,2024-01-01T00:00:00+01:00,2024-12-31T00:00:00+01:00
2327145,NTD_RAB2,COUNTRY,IRL,YEAR,EUR,Europe,,2017,,,,,,,,0,0.0,,,,2024-06-03T07:26:23.447+02:00,2017,2017-01-01T00:00:00+01:00,2017-12-31T00:00:00+01:00
9143818,NTD_RAB2,COUNTRY,MDA,YEAR,EUR,Europe,,2022,,,,,,,,No data,,,,,2024-06-03T07:26:23.447+02:00,2022,2022-01-01T00:00:00+01:00,2022-12-31T00:00:00+01:00
5773084,NTD_RAB2,COUNTRY,TON,YEAR,WPR,Western Pacific,,2012,,,,,,,,No data,,,,,2024-06-03T07:26:23.447+02:00,2012,2012-01-01T00:00:00+01:00,2012-12-31T00:00:00+01:00
7554214,NTD_RAB2,COUNTRY,AFG,YEAR,EMR,Eastern Mediterranean,,2022,,,,,,,,18,18.0,,,,2024-06-03T07:26:23.447+02:00,2022,2022-01-01T00:00:00+01:00,2022-12-31T00:00:00+01:00
2639841,NTD_RAB2,COUNTRY,SSD,YEAR,AFR,Africa,,2013,,,,,,,,No data,,,,,2024-06-03T07:26:23.447+02:00,2013,2013-01-01T00:00:00+01:00,2013-12-31T00:00:00+01:00
2685864,NTD_RAB2,COUNTRY,LBY,YEAR,EMR,Eastern Mediterranean,,2021,,,,,,,,No data,,,,,2024-06-03T07:26:23.447+02:00,2021,2021-01-01T00:00:00+01:00,2021-12-31T00:00:00+01:00
2698865,NTD_RAB2,COUNTRY,NER,YEAR,AFR,Africa,,2010,,,,,,,,No data,,,,,2024-06-03T07:26:23.447+02:00,2010,2010-01-01T00:00:00+01:00,2010-12-31T00:00:00+01:00
7890509,NTD_RAB2,COUNTRY,IDN,YEAR,WPR,Western Pacific,,2014,,,,,,,,No data,,,,,2024-06-03T07:26:23.447+02:00,2014,2014-01-01T00:00:00+01:00,2014-12-31T00:00:00+01:00
7897118,NTD_RAB2,COUNTRY,IRN,YEAR,EMR,Eastern Mediterranean,,2013,,,,,,,,5,5.0,,,,2024-06-03T07:26:23.447+02:00,2013,2013-01-01T00:00:00+01:00,2013-12-31T00:00:00+01:00
7963174,NTD_RAB2,COUNTRY,KIR,YEAR,WPR,Western Pacific,,2023,,,,,,,,No data,,,,,2025-09-09T13:40:51.93+02:00,2023,2023-01-01T00:00:00+01:00,2023-12-31T00:00:00+01:00
6676889,NTD_RAB2,COUNTRY,MUS,YEAR,AFR,Africa,,2024,,,,,,,,No data,,,,,2025-09-09T13:40:51.93+02:00,2024,2024-01-01T00:00:00+01:00,2024-12-31T00:00:00+01:00
7019900,NTD_RAB2,COUNTRY,FSM,YEAR,WPR,Western Pacific,,2010,,,,,,,,No data,,,,,2024-06-03T07:26:23.447+02:00,2010,2010-01-01T00:00:00+01:00,2010-12-31T00:00:00+01:00
8774214,NTD_RAB2,COUNTRY,NOR,YEAR,EUR,Europe,,2020,,,,,,,,0,0.0,,,,2025-09-09T13:40:51.93+02:00,2020,2020-01-01T00:00:00+01:00,2020-12-31T00:00:00+01:00
8813888,NTD_RAB2,COUNTRY,HRV,YEAR,EUR,Europe,,2023,,,,,,,,0,0.0,,,,2025-09-09T13:40:51.93+02:00,2023,2023-01-01T00:00:00+01:00,2023-12-31T00:00:00+01:00
8965836,NTD_RAB2,COUNTRY,IND,YEAR,SEAR,South-East Asia,,2018,,,,,,,,364,364.0,,,,2024-06-03T07:26:23.447+02:00,2018,2018-01-01T00:00:00+01:00,2018-12-31T00:00:00+01:00
8985629,NTD_RAB2,COUNTRY,MCO,YEAR,EUR,Europe,,2011,,,,,,,,No data,,,,,2024-06-03T07:26:23.447+02:00,2011,2011-01-01T00:00:00+01:00,2011-12-31T00:00:00+01:00
2399298,NTD_RAB2,COUNTRY,MNG,YEAR,WPR,Western Pacific,,2019,,,,,,,,0,0.0,,,,2024-06-03T07:26:23.447+02:00,2019,2019-01-01T00:00:00+01:00,2019-12-31T00:00:00+01:00
1263626,NTD_RAB2,COUNTRY,TCD,YEAR,AFR,Africa,,2016,,,,,,,,0,0.0,,,,2024-06-03T07:26:23.447+02:00,2016,2016-01-01T00:00:00+01:00,2016-12-31T00:00:00+01:00
1418774,NTD_RAB2,COUNTRY,BEN,YEAR,AFR,Africa,,2013,,,,,,,,No data,,,,,2024-06-03T07:26:23.447+02:00,2013,2013-01-01T00:00:00+01:00,2013-12-31T00:00:00+01:00
1471248,NTD_RAB2,COUNTRY,BFA,YEAR,AFR,Africa,,2014,,,,,,,,19,19.0,,,,2024-06-03T07:26:23.447+02:00,2014,2014-01-01T00:00:00+01:00,2014-12-31T00:00:00+01:00
3028629,NTD_RAB2,COUNTRY,MDA,YEAR,EUR,Europe,,2016,,,,,,,,1,1.0,,,,2024-06-03T07:26:23.447+02:00,2016,2016-01-01T00:00:00+01:00,2016-12-31T00:00:00+01:00
8095232,NTD_RAB2,COUNTRY,KWT,YEAR,EMR,Eastern Mediterranean,,2021,,,,,,,,0,0.0,,,,2024-06-03T07:26:23.447+02:00,2021,2021-01-01T00:00:00+01:00,2021-12-31T00:00:00+01:00
4809583,NTD_RAB2,COUNTRY,CYP,YEAR,EUR,Europe,,2018,,,,,,,,0,0.0,,,,2024-06-03T07:26:23.447+02:00,2018,2018-01-01T00:00:00+01:00,2018-12-31T00:00:00+01:00
8648605,NTD_RAB2,COUNTRY,FSM,YEAR,WPR,Western Pacific,,2014,,,,,,,,No data,,,,,2024-06-03T07:26:23.447+02:00,2014,2014-01-01T00:00:00+01:00,2014-12-31T00:00:00+01:00
2451612,NTD_RAB2,COUNTRY,MKD,YEAR,EUR,Europe,,2010,,,,,,,,0,0.0,,,,2024-06-03T07:26:23.447+02:00,2010,2010-01-01T00:00:00+01:00,2010-12-31T00:00:00+01:00
6169032,NTD_RAB2,COUNTRY,MYS,YEAR,WPR,Western Pacific,,2012,,,,,,,,No data,,,,,2024-06-03T07:26:23.447+02:00,2012,2012-01-01T00:00:00+01:00,2012-12-31T00:00:00+01:00
5304615,NTD_RAB2,COUNTRY,PAK,YEAR,EMR,Eastern Mediterranean,,2013,,,,,,,,No data,,,,,2024-06-03T07:26:23.447+02:00,2013,2013-01-01T00:00:00+01:00,2013-12-31T00:00:00+01:00
2109709,NTD_RAB2,COUNTRY,NIU,YEAR,WPR,Western Pacific,,2019,,,,,,,,No data,,,,,2024-06-03T07:26:23.447+02:00,2019,2019-01-01T00:00:00+01:00,2019-12-31T00:00:00+01:00
7409156,NTD_RAB2,COUNTRY,BDI,YEAR,AFR,Africa,,2014,,,,,,,,No data,,,,,2024-06-03T07:26:23.447+02:00,2014,2014-01-01T00:00:00+01:00,2014-12-31T00:00:00+01:00
4084143,NTD_RAB2,COUNTRY,BGD,YEAR,SEAR,South-East Asia,,2019,,,,,,,,57,57.0,,,,2024-06-03T07:26:23.447+02:00,2019,2019-01-01T00:00:00+01:00,2019-12-31T00:00:00+01:00
2672692,NTD_RAB2,COUNTRY,HTI,YEAR,AMR,Americas,,2018,,,,,,,,4,4.0,,,,2024-06-03T07:26:23.447+02:00,2018,2018-01-01T00:00:00+01:00,2018-12-31T00:00:00+01:00
6076697,NTD_RAB2,COUNTRY,AND,YEAR,EUR,Europe,,2012,,,,,,,,No data,,,,,2024-06-03T07:26:23.447+02:00,2012,2012-01-01T00:00:00+01:00,2012-12-31T00:00:00+01:00
7983012,NTD_RAB2,COUNTRY,AUT,YEAR,EUR,Europe,,2012,,,,,,,,0,0.0,,,,2024-06-03T07:26:23.447+02:00,2012,2012-01-01T00:00:00+01:00,2012-12-31T00:00:00+01:00
2969261,NTD_RAB2,COUNTRY,PER,YEAR,AMR,Americas,,2013,,,,,,,,6,6.0,,,,2024-06-03T07:26:23.447+02:00,2013,2013-01-01T00:00:00+01:00,2013-12-31T00:00:00+01:00
8068859,NTD_RAB2,COUNTRY,GRD,YEAR,AMR,Americas,,2023,,,,,,,,0,0.0,,,,2026-07-15T14:04:38.643+02:00,2023,2023-01-01T00:00:00+01:00,2023-12-31T00:00:00+01:00
8331936,NTD_RAB2,COUNTRY,IDN,YEAR,WPR,Western Pacific,,2024,,,,,,,,122,122.0,,,,2025-09-09T13:40:51.93+02:00,2024,2024-01-01T00:00:00+01:00,2024-12-31T00:00:00+01:00
1695671,NTD_RAB2,COUNTRY,LTU,YEAR,EUR,Europe,,2014,,,,,,,,0,0.0,,,,2024-06-03T07:26:23.447+02:00,2014,2014-01-01T00:00:00+01:00,2014-12-31T00:00:00+01:00
6881497,NTD_RAB2,COUNTRY,TJK,YEAR,EUR,Europe,,2010,,,,,,,,No data,,,,,2024-06-03T07:26:23.447+02:00,2010,2010-01-01T00:00:00+01:00,2010-12-31T00:00:00+01:00
2030655,NTD_RAB2,COUNTRY,MYS,YEAR,WPR,Western Pacific,,2024,,,,,,,,8,8.0,,,,2025-09-09T13:40:51.93+02:00,2024,2024-01-01T00:00:00+01:00,2024-12-31T00:00:00+01:00
2195618,NTD_RAB2,COUNTRY,EST,YEAR,EUR,Europe,,2011,,,,,,,,0,0.0,,,,2024-06-03T07:26:23.447+02:00,2011,2011-01-01T00:00:00+01:00,2011-12-31T00:00:00+01:00
7290395,NTD_RAB2,COUNTRY,SGP,YEAR,WPR,Western Pacific,,2012,,,,,,,,0,0.0,,,,2024-06-03T07:26:23.447+02:00,2012,2012-01-01T00:00:00+01:00,2012-12-31T00:00:00+01:00
7395935,NTD_RAB2,COUNTRY,ZAF,YEAR,AFR,Africa,,2014,,,,,,,,6,6.0,,,,2024-06-03T07:26:23.447+02:00,2014,2014-01-01T00:00:00+01:00,2014-12-31T00:00:00+01:00
5825993,NTD_RAB2,COUNTRY,BFA,YEAR,AFR,Africa,,2023,,,,,,,,94,94.0,,,,2025-09-09T13:40:51.93+02:00,2023,2023-01-01T00:00:00+01:00,2023-12-31T00:00:00+01:00
2613520,NTD_RAB2,COUNTRY,CIV,YEAR,AFR,Africa,,2023,,,,,,,,35,35.0,,,,2025-09-09T13:40:51.93+02:00,2023,2023-01-01T00:00:00+01:00,2023-12-31T00:00:00+01:00
1204203,NTD_RAB2,COUNTRY,ERI,YEAR,AFR,Africa,,2017,,,,,,,,No data,,,,,2024-06-03T07:26:23.447+02:00,2017,2017-01-01T00:00:00+01:00,2017-12-31T00:00:00+01:00
9704370,NTD_RAB2,COUNTRY,GUY,YEAR,AMR,Americas,,2017,,,,,,,,No data,,,,,2024-06-03T07:26:23.447+02:00,2017,2017-01-01T00:00:00+01:00,2017-12-31T00:00:00+01:00
1464958,NTD_RAB2,COUNTRY,COL,YEAR,AMR,Americas,,2011,,,,,,,,0,0.0,,,,2024-06-03T07:26:23.447+02:00,2011,2011-01-01T00:00:00+01:00,2011-12-31T00:00:00+01:00
43576,NTD_RAB2,COUNTRY,PNG,YEAR,WPR,Western Pacific,,2018,,,,,,,,No data,,,,,2024-06-03T07:26:23.447+02:00,2018,2018-01-01T00:00:00+01:00,2018-12-31T00:00:00+01:00
3074941,NTD_RAB2,COUNTRY,AUS,YEAR,WPR,Western Pacific,,2023,,,,,,,,No data,,,,,2025-09-09T13:40:51.93+02:00,2023,2023-01-01T00:00:00+01:00,2023-12-31T00:00:00+01:00
6485927,NTD_RAB2,COUNTRY,MHL,YEAR,WPR,Western Pacific,,2012,,,,,,,,No data,,,,,2024-06-03T07:26:23.447+02:00,2012,2012-01-01T00:00:00+01:00,2012-12-31T00:00:00+01:00
5000879,NTD_RAB2,COUNTRY,PRT,YEAR,EUR,Europe,,2023,,,,,,,,0,0.0,,,,2025-09-09T13:40:51.93+02:00,2023,2023-01-01T00:00:00+01:00,2023-12-31T00:00:00+01:00
1771474,NTD_RAB2,COUNTRY,PAN,YEAR,AMR,Americas,,2011,,,,,,,,0,0.0,,,,2024-06-03T07:26:23.447+02:00,2011,2011-01-01T00:00:00+01:00,2011-12-31T00:00:00+01:00
3450903,NTD_RAB2,COUNTRY,UZB,YEAR,EUR,Europe,,2010,,,,,,,,No data,,,,,2024-06-03T07:26:23.447+02:00,2010,2010-01-01T00:00:00+01:00,2010-12-31T00:00:00+01:00
5238724,NTD_RAB2,COUNTRY,BIH,YEAR,EUR,Europe,,2012,,,,,,,,No data,,,,,2024-06-03T07:26:23.447+02:00,2012,2012-01-01T00:00:00+01:00,2012-12-31T00:00:00+01:00
3628835,NTD_RAB2,COUNTRY,AFG,YEAR,EMR,Eastern Mediterranean,,2021,,,,,,,,21,21.0,,,,2024-06-03T07:26:23.447+02:00,2021,2021-01-01T00:00:00+01:00,2021-12-31T00:00:00+01:00
2070332,NTD_RAB2,COUNTRY,GAB,YEAR,AFR,Africa,,2016,,,,,,,,No data,,,,,2024-06-03T07:26:23.447+02:00,2016,2016-01-01T00:00:00+01:00,2016-12-31T00:00:00+01:00
5482906,NTD_RAB2,COUNTRY,CZE,YEAR,EUR,Europe,,2011,,,,,,,,0,0.0,,,,2024-06-03T07:26:23.447+02:00,2011,2011-01-01T00:00:00+01:00,2011-12-31T00:00:00+01:00
7409229,NTD_RAB2,COUNTRY,SVN,YEAR,EUR,Europe,,2022,,,,,,,,0,0.0,,,,2024-06-03T07:26:23.447+02:00,2022,2022-01-01T00:00:00+01:00,2022-12-31T00:00:00+01:00
9130939,NTD_RAB2,COUNTRY,PER,YEAR,AMR,Americas,,2021,,,,,,,,0,0.0,,,,2024-06-03T07:26:23.447+02:00,2021,2021-01-01T00:00:00+01:00,2021-12-31T00:00:00+01:00
5964546,NTD_RAB2,COUNTRY,URY,YEAR,AMR,Americas,,2012,,,,,,,,0,0.0,,,,2024-06-03T07:26:23.447+02:00,2012,2012-01-01T00:00:00+01:00,2012-12-31T00:00:00+01:00
4664702,NTD_RAB2,COUNTRY,GRD,YEAR,AMR,Americas,,2013,,,,,,,,0,0.0,,,,2024-06-03T07:26:23.447+02:00,2013,2013-01-01T00:00:00+01:00,2013-12-31T00:00:00+01:00
1795672,NTD_RAB2,COUNTRY,BGD,YEAR,SEAR,South-East Asia,,2020,,,,,,,,26,26.0,,,,2024-06-03T07:26:23.447+02:00,2020,2020-01-01T00:00:00+01:00,2020-12-31T00:00:00+01:00
6855140,NTD_RAB2,COUNTRY,ALB,YEAR,EUR,Europe,,2019,,,,,,,,No data,,,,,2024-06-03T07:26:23.447+02:00,2019,2019-01-01T00:00:00+01:00,2019-12-31T00:00:00+01:00
8688373,NTD_RAB2,COUNTRY,LTU,YEAR,EUR,Europe,,2010,,,,,,,,0,0.0,,,,2024-06-03T07:26:23.447+02:00,2010,2010-01-01T00:00:00+01:00,2010-12-31T00:00:00+01:00
3721256,NTD_RAB2,COUNTRY,DZA,YEAR,AFR,Africa,,2014,,,,,,,,7,7.0,,,,2024-06-03T07:26:23.447+02:00,2014,2014-01-01T00:00:00+01:00,2014-12-31T00:00:00+01:00
7138808,NTD_RAB2,COUNTRY,BGR,YEAR,EUR,Europe,,2024,,,,,,,,No data,,,,,2025-09-09T13:40:51.93+02:00,2024,2024-01-01T00:00:00+01:00,2024-12-31T00:00:00+01:00
8853649,NTD_RAB2,COUNTRY,MDA,YEAR,EUR,Europe,,2010,,,,,,,,0,0.0,,,,2024-06-03T07:26:23.447+02:00,2010,2010-01-01T00:00:00+01:00,2010-12-31T00:00:00+01:00
8952734,NTD_RAB2,COUNTRY,ERI,YEAR,AFR,Africa,,2020,,,,,,,,No data,,,,,2024-06-03T07:26:23.447+02:00,2020,2020-01-01T00:00:00+01:00,2020-12-31T00:00:00+01:00
2307474,NTD_RAB2,COUNTRY,TLS,YEAR,SEAR,South-East Asia,,2011,,,,,,,,No data,,,,,2024-06-03T07:26:23.447+02:00,2011,2011-01-01T00:00:00+01:00,2011-12-31T00:00:00+01:00
2353707,NTD_RAB2,COUNTRY,CAF,YEAR,AFR,Africa,,2010,,,,,,,,No data,,,,,2024-06-03T07:26:23.447+02:00,2010,2010-01-01T00:00:00+01:00,2010-12-31T00:00:00+01:00
2725424,NTD_RAB2,COUNTRY,MLI,YEAR,AFR,Africa,,2017,,,,,,,,7,7.0,,,,2024-06-03T07:26:23.447+02:00,2017,2017-01-01T00:00:00+01:00,2017-12-31T00:00:00+01:00
1276948,NTD_RAB2,COUNTRY,BOL,YEAR,AMR,Americas,,2023,,,,,,,,2,2.0,,,,2025-09-09T13:40:51.93+02:00,2023,2023-01-01T00:00:00+01:00,2023-12-31T00:00:00+01:00
9605459,NTD_RAB2,COUNTRY,KWT,YEAR,EMR,Eastern Mediterranean,,2024,,,,,,,,0,0.0,,,,2026-07-15T14:04:38.643+02:00,2024,2024-01-01T00:00:00+01:00,2024-12-31T00:00:00+01:00
6301166,NTD_RAB2,COUNTRY,AZE,YEAR,EUR,Europe,,2013,,,,,,,,No data,,,,,2024-06-03T07:26:23.447+02:00,2013,2013-01-01T00:00:00+01:00,2013-12-31T00:00:00+01:00
4631740,NTD_RAB2,COUNTRY,BOL,YEAR,AMR,Americas,,2016,,,,,,,,1,1.0,,,,2024-06-03T07:26:23.447+02:00,2016,2016-01-01T00:00:00+01:00,2016-12-31T00:00:00+01:00
1585148,NTD_RAB2,COUNTRY,MMR,YEAR,SEAR,South-East Asia,,2022,,,,,,,,55,55.0,,,,2024-06-03T07:26:23.447+02:00,2022,2022-01-01T00:00:00+01:00,2022-12-31T00:00:00+01:00
3345637,NTD_RAB2,COUNTRY,VNM,YEAR,WPR,Western Pacific,,2014,,,,,,,,67,67.0,,,,2024-06-03T07:26:23.447+02:00,2014,2014-01-01T00:00:00+01:00,2014-12-31T00:00:00+01:00
2076797,NTD_RAB2,COUNTRY,IRN,YEAR,EMR,Eastern Mediterranean,,2010,,,,,,,,4,4.0,,,,2024-06-03T07:26:23.447+02:00,2010,2010-01-01T00:00:00+01:00,2010-12-31T00:00:00+01:00
8847087,NTD_RAB2,COUNTRY,BFA,YEAR,AFR,Africa,,2024,,,,,,,,47,47.0,,,,2025-10-30T17:51:54.843+01:00,2024,2024-01-01T00:00:00+01:00,2024-12-31T00:00:00+01:00
8959361,NTD_RAB2,COUNTRY,DOM,YEAR,AMR,Americas,,2015,,,,,,,,4,4.0,,,,2024-06-03T07:26:23.447+02:00,2015,2015-01-01T00:00:00+01:00,2015-12-31T00:00:00+01:00
9170367,NTD_RAB2,COUNTRY,LVA,YEAR,EUR,Europe,,2021,,,,,,,,0,0.0,,,,2024-06-03T07:26:23.447+02:00,2021,2021-01-01T00:00:00+01:00,2021-12-31T00:00:00+01:00
7593982,NTD_RAB2,COUNTRY,KGZ,YEAR,EUR,Europe,,2011,,,,,,,,4,4.0,,,,2024-06-03T07:26:23.447+02:00,2011,2011-01-01T00:00:00+01:00,2011-12-31T00:00:00+01:00
9579080,NTD_RAB2,COUNTRY,LVA,YEAR,EUR,Europe,,2023,,,,,,,,0,0.0,,,,2025-09-09T13:40:51.93+02:00,2023,2023-01-01T00:00:00+01:00,2023-12-31T00:00:00+01:00
6320944,NTD_RAB2,COUNTRY,AUT,YEAR,EUR,Europe,,2017,,,,,,,,0,0.0,,,,2024-06-03T07:26:23.447+02:00,2017,2017-01-01T00:00:00+01:00,2017-12-31T00:00:00+01:00
4829566,NTD_RAB2,COUNTRY,MCO,YEAR,EUR,Europe,,2010,,,,,,,,No data,,,,,2024-06-03T07:26:23.447+02:00,2010,2010-01-01T00:00:00+01:00,2010-12-31T00:00:00+01:00
1682586,NTD_RAB2,COUNTRY,FIN,YEAR,EUR,Europe,,2020,,,,,,,,0,0.0,,,,2024-06-03T07:26:23.447+02:00,2020,2020-01-01T00:00:00+01:00,2020-12-31T00:00:00+01:00
1721802,NTD_RAB2,COUNTRY,COD,YEAR,AFR,Africa,,2023,,,,,,,,No data,,,,,2025-09-09T13:40:51.93+02:00,2023,2023-01-01T00:00:00+01:00,2023-12-31T00:00:00+01:00
3411591,NTD_RAB2,COUNTRY,IRN,YEAR,EMR,Eastern Mediterranean,,2011,,,,,,,,8,8.0,,,,2024-06-03T07:26:23.447+02:00,2011,2011-01-01T00:00:00+01:00,2011-12-31T00:00:00+01:00
7033279,NTD_RAB2,COUNTRY,PHL,YEAR,WPR,Western Pacific,,2016,,,,,,,,209,209.0,,,,2024-06-03T07:26:23.447+02:00,2016,2016-01-01T00:00:00+01:00,2016-12-31T00:00:00+01:00
7185060,NTD_RAB2,COUNTRY,MDV,YEAR,SEAR,South-East Asia,,2019,,,,,,,,No data,,,,,2024-06-03T07:26:23.447+02:00,2019,2019-01-01T00:00:00+01:00,2019-12-31T00:00:00+01:00
8999007,NTD_RAB2,COUNTRY,DOM,YEAR,AMR,Americas,,2024,,,,,,,,1,1.0,,,,2025-09-09T13:40:51.93+02:00,2024,2024-01-01T00:00:00+01:00,2024-12-31T00:00:00+01:00
7363076,NTD_RAB2,COUNTRY,AND,YEAR,EUR,Europe,,2011,,,,,,,,No data,,,,,2024-06-03T07:26:23.447+02:00,2011,2011-01-01T00:00:00+01:00,2011-12-31T00:00:00+01:00
7541226,NTD_RAB2,COUNTRY,BLR,YEAR,EUR,Europe,,2017,,,,,,,,No data,,,,,2024-06-03T07:26:23.447+02:00,2017,2017-01-01T00:00:00+01:00,2017-12-31T00:00:00+01:00
9308875,NTD_RAB2,COUNTRY,TUV,YEAR,WPR,Western Pacific,,2016,,,,,,,,No data,,,,,2024-06-03T07:26:23.447+02:00,2016,2016-01-01T00:00:00+01:00,2016-12-31T00:00:00+01:00
2594062,NTD_RAB2,COUNTRY,GAB,YEAR,AFR,Africa,,2021,,,,,,,,0,0.0,,,,2024-06-03T07:26:23.447+02:00,2021,2021-01-01T00:00:00+01:00,2021-12-31T00:00:00+01:00
6347431,NTD_RAB2,COUNTRY,GMB,YEAR,AFR,Africa,,2023,,,,,,,,No data,,,,,2025-09-09T13:40:51.93+02:00,2023,2023-01-01T00:00:00+01:00,2023-12-31T00:00:00+01:00
6815696,NTD_RAB2,COUNTRY,ARG,YEAR,AMR,Americas,,2010,,,,,,,,0,0.0,,,,2024-06-03T07:26:23.447+02:00,2010,2010-01-01T00:00:00+01:00,2010-12-31T00:00:00+01:00
3497077,NTD_RAB2,COUNTRY,BIH,YEAR,EUR,Europe,,2017,,,,,,,,0,0.0,,,,2024-06-03T07:26:23.447+02:00,2017,2017-01-01T00:00:00+01:00,2017-12-31T00:00:00+01:00
6881633,NTD_RAB2,COUNTRY,KIR,YEAR,WPR,Western Pacific,,2017,,,,,,,,No data,,,,,2024-06-03T07:26:23.447+02:00,2017,2017-01-01T00:00:00+01:00,2017-12-31T00:00:00+01:00
3543205,NTD_RAB2,COUNTRY,BRB,YEAR,AMR,Americas,,2023,,,,,,,,0,0.0,,,,2026-07-15T14:04:38.643+02:00,2023,2023-01-01T00:00:00+01:00,2023-12-31T00:00:00+01:00
3747710,NTD_RAB2,COUNTRY,VUT,YEAR,WPR,Western Pacific,,2013,,,,,,,,No data,,,,,2024-06-03T07:26:23.447+02:00,2013,2013-01-01T00:00:00+01:00,2013-12-31T00:00:00+01:00
4051500,NTD_RAB2,COUNTRY,TJK,YEAR,EUR,Europe,,2023,,,,,,,,No data,,,,,2025-09-09T13:40:51.93+02:00,2023,2023-01-01T00:00:00+01:00,2023-12-31T00:00:00+01:00
2640054,NTD_RAB2,COUNTRY,MHL,YEAR,WPR,Western Pacific,,2022,,,,,,,,No data,,,,,2024-06-03T07:26:23.447+02:00,2022,2022-01-01T00:00:00+01:00,2022-12-31T00:00:00+01:00
2659636,NTD_RAB2,COUNTRY,MNE,YEAR,EUR,Europe,,2021,,,,,,,,No data,,,,,2024-06-03T07:26:23.447+02:00,2021,2021-01-01T00:00:00+01:00,2021-12-31T00:00:00+01:00
4414032,NTD_RAB2,COUNTRY,PAN,YEAR,AMR,Americas,,2024,,,,,,,,0,0.0,,,,2026-07-15T14:04:38.643+02:00,2024,2024-01-01T00:00:00+01:00,2024-12-31T00:00:00+01:00
3015652,NTD_RAB2,COUNTRY,STP,YEAR,AFR,Africa,,2013,,,,,,,,No data,,,,,2024-06-03T07:26:23.447+02:00,2013,2013-01-01T00:00:00+01:00,2013-12-31T00:00:00+01:00
37487,NTD_RAB2,COUNTRY,PER,YEAR,AMR,Americas,,2016,,,,,,,,15,15.0,,,,2024-06-03T07:26:23.447+02:00,2016,2016-01-01T00:00:00+01:00,2016-12-31T00:00:00+01:00
1819909,NTD_RAB2,COUNTRY,MCO,YEAR,EUR,Europe,,2020,,,,,,,,No data,,,,,2024-06-03T07:26:23.447+02:00,2020,2020-01-01T00:00:00+01:00,2020-12-31T00:00:00+01:00
1832914,NTD_RAB2,COUNTRY,BDI,YEAR,AFR,Africa,,2011,,,,,,,,No data,,,,,2024-06-03T07:26:23.447+02:00,2011,2011-01-01T00:00:00+01:00,2011-12-31T00:00:00+01:00
8510246,NTD_RAB2,COUNTRY,UZB,YEAR,EUR,Europe,,2020,,,,,,,,No data,,,,,2024-06-03T07:26:23.447+02:00,2020,2020-01-01T00:00:00+01:00,2020-12-31T00:00:00+01:00
5344350,NTD_RAB2,COUNTRY,ESP,YEAR,EUR,Europe,,2023,,,,,,,,0,0.0,,,,2025-09-09T13:40:51.93+02:00,2023,2023-01-01T00:00:00+01:00,2023-12-31T00:00:00+01:00
7125724,NTD_RAB2,COUNTRY,FSM,YEAR,WPR,Western Pacific,,2017,,,,,,,,No data,,,,,2024-06-03T07:26:23.447+02:00,2017,2017-01-01T00:00:00+01:00,2017-12-31T00:00:00+01:00
5119959,NTD_RAB2,COUNTRY,ZMB,YEAR,AFR,Africa,,2024,,,,,,,,44,44.0,,,,2025-10-30T17:51:54.843+01:00,2024,2024-01-01T00:00:00+01:00,2024-12-31T00:00:00+01:00
5331191,NTD_RAB2,COUNTRY,IRN,YEAR,EMR,Eastern Mediterranean,,2023,,,,,,,,20,20.0,,,,2025-09-09T13:40:51.93+02:00,2023,2023-01-01T00:00:00+01:00,2023-12-31T00:00:00+01:00
8767842,NTD_RAB2,COUNTRY,COD,YEAR,AFR,Africa,,2017,,,,,,,,No data,,,,,2024-06-03T07:26:23.447+02:00,2017,2017-01-01T00:00:00+01:00,2017-12-31T00:00:00+01:00
3767614,NTD_RAB2,COUNTRY,CHE,YEAR,EUR,Europe,,2015,,,,,,,,0,0.0,,,,2024-06-03T07:26:23.447+02:00,2015,2015-01-01T00:00:00+01:00,2015-12-31T00:00:00+01:00
7277354,NTD_RAB2,COUNTRY,LBY,YEAR,EMR,Eastern Mediterranean,,2012,,,,,,,,No data,,,,,2024-06-03T07:26:23.447+02:00,2012,2012-01-01T00:00:00+01:00,2012-12-31T00:00:00+01:00
7640248,NTD_RAB2,COUNTRY,BIH,YEAR,EUR,Europe,,2019,,,,,,,,0,0.0,,,,2024-06-03T07:26:23.447+02:00,2019,2019-01-01T00:00:00+01:00,2019-12-31T00:00:00+01:00
4420684,NTD_RAB2,COUNTRY,MEX,YEAR,AMR,Americas,,2019,,,,,,,,0,0.0,,,,2024-06-03T07:26:23.447+02:00,2019,2019-01-01T00:00:00+01:00,2019-12-31T00:00:00+01:00
4967990,NTD_RAB2,COUNTRY,CMR,YEAR,AFR,Africa,,2020,,,,,,,,61,61.0,,,,2025-10-30T17:51:54.843+01:00,2020,2020-01-01T00:00:00+01:00,2020-12-31T00:00:00+01:00
5014287,NTD_RAB2,COUNTRY,SMR,YEAR,EUR,Europe,,2022,,,,,,,,No data,,,,,2024-06-03T07:26:23.447+02:00,2022,2022-01-01T00:00:00+01:00,2022-12-31T00:00:00+01:00
8450905,NTD_RAB2,COUNTRY,TUR,YEAR,EUR,Europe,,2017,,,,,,,,0,0.0,,,,2024-06-03T07:26:23.447+02:00,2017,2017-01-01T00:00:00+01:00,2017-12-31T00:00:00+01:00
5166225,NTD_RAB2,COUNTRY,COL,YEAR,AMR,Americas,,2016,,,,,,,,0,0.0,,,,2024-06-03T07:26:23.447+02:00,2016,2016-01-01T00:00:00+01:00,2016-12-31T00:00:00+01:00
2017641,NTD_RAB2,COUNTRY,SGP,YEAR,WPR,Western Pacific,,2011,,,,,,,,0,0.0,,,,2024-06-03T07:26:23.447+02:00,2011,2011-01-01T00:00:00+01:00,2011-12-31T00:00:00+01:00
8847209,NTD_RAB2,COUNTRY,MRT,YEAR,AFR,Africa,,2022,,,,,,,,11,11.0,,,,2025-09-09T13:40:51.93+02:00,2022,2022-01-01T00:00:00+01:00,2022-12-31T00:00:00+01:00
3813876,NTD_RAB2,COUNTRY,DMA,YEAR,AMR,Americas,,2023,,,,,,,,0,0.0,,,,2026-07-15T14:04:38.643+02:00,2023,2023-01-01T00:00:00+01:00,2023-12-31T00:00:00+01:00
2281217,NTD_RAB2,COUNTRY,VCT,YEAR,AMR,Americas,,2011,,,,,,,,0,0.0,,,,2024-06-03T07:26:23.447+02:00,2011,2011-01-01T00:00:00+01:00,2011-12-31T00:00:00+01:00
2451867,NTD_RAB2,COUNTRY,ISL,YEAR,EUR,Europe,,2023,,,,,,,,0,0.0,,,,2025-09-09T13:40:51.93+02:00,2023,2023-01-01T00:00:00+01:00,2023-12-31T00:00:00+01:00
2508568,NTD_RAB2,COUNTRY,LUX,YEAR,EUR,Europe,,2012,,,,,,,,0,0.0,,,,2024-06-03T07:26:23.447+02:00,2012,2012-01-01T00:00:00+01:00,2012-12-31T00:00:00+01:00
2534978,NTD_RAB2,COUNTRY,LCA,YEAR,AMR,Americas,,2019,,,,,,,,0,0.0,,,,2024-06-03T07:26:23.447+02:00,2019,2019-01-01T00:00:00+01:00,2019-12-31T00:00:00+01:00
2738776,NTD_RAB2,COUNTRY,KHM,YEAR,WPR,Western Pacific,,2016,,,,,,,,6,6.0,,,,2024-06-03T07:26:23.447+02:00,2016,2016-01-01T00:00:00+01:00,2016-12-31T00:00:00+01:00
6129649,NTD_RAB2,COUNTRY,AFG,YEAR,EMR,Eastern Mediterranean,,2016,,,,,,,,No data,,,,,2024-06-03T07:26:23.447+02:00,2016,2016-01-01T00:00:00+01:00,2016-12-31T00:00:00+01:00
1565880,NTD_RAB2,COUNTRY,PRT,YEAR,EUR,Europe,,2020,,,,,,,,0,0.0,,,,2024-06-03T07:26:23.447+02:00,2020,2020-01-01T00:00:00+01:00,2020-12-31T00:00:00+01:00
3391920,NTD_RAB2,COUNTRY,TON,YEAR,WPR,Western Pacific,,2014,,,,,,,,No data,,,,,2024-06-03T07:26:23.447+02:00,2014,2014-01-01T00:00:00+01:00,2014-12-31T00:00:00+01:00
8490507,NTD_RAB2,COUNTRY,UGA,YEAR,AFR,Africa,,2012,,,,,,,,30,30.0,,,,2024-06-03T07:26:23.447+02:00,2012,2012-01-01T00:00:00+01:00,2012-12-31T00:00:00+01:00
6947686,NTD_RAB2,COUNTRY,CYP,YEAR,EUR,Europe,,2022,,,,,,,,0,0.0,,,,2024-06-03T07:26:23.447+02:00,2022,2022-01-01T00:00:00+01:00,2022-12-31T00:00:00+01:00
2386659,NTD_RAB2,COUNTRY,TTO,YEAR,AMR,Americas,,2011,,,,,,,,0,0.0,,,,2024-06-03T07:26:23.447+02:00,2011,2011-01-01T00:00:00+01:00,2011-12-31T00:00:00+01:00
9084923,NTD_RAB2,COUNTRY,TZA,YEAR,AFR,Africa,,2010,,,,,,,,92,92.0,,,,2024-06-03T07:26:23.447+02:00,2010,2010-01-01T00:00:00+01:00,2010-12-31T00:00:00+01:00
2567831,NTD_RAB2,COUNTRY,CMR,YEAR,AFR,Africa,,2010,,,,,,,,No data,,,,,2024-06-03T07:26:23.447+02:00,2010,2010-01-01T00:00:00+01:00,2010-12-31T00:00:00+01:00
4341623,NTD_RAB2,COUNTRY,SRB,YEAR,EUR,Europe,,2010,,,,,,,,0,0.0,,,,2024-06-03T07:26:23.447+02:00,2010,2010-01-01T00:00:00+01:00,2010-12-31T00:00:00+01:00
9407929,NTD_RAB2,COUNTRY,DJI,YEAR,EMR,Eastern Mediterranean,,2024,,,,,,,,No data,,,,,2025-09-09T13:40:51.93+02:00,2024,2024-01-01T00:00:00+01:00,2024-12-31T00:00:00+01:00
4572541,NTD_RAB2,COUNTRY,SEN,YEAR,AFR,Africa,,2024,,,,,,,,3,3.0,,,,2025-10-30T17:51:54.843+01:00,2024,2024-01-01T00:00:00+01:00,2024-12-31T00:00:00+01:00
4658292,NTD_RAB2,COUNTRY,MRT,YEAR,AFR,Africa,,2013,,,,,,,,No data,,,,,2024-06-03T07:26:23.447+02:00,2013,2013-01-01T00:00:00+01:00,2013-12-31T00:00:00+01:00
9750766,NTD_RAB2,COUNTRY,AND,YEAR,EUR,Europe,,2010,,,,,,,,No data,,,,,2024-06-03T07:26:23.447+02:00,2010,2010-01-01T00:00:00+01:00,2010-12-31T00:00:00+01:00
9764051,NTD_RAB2,COUNTRY,AZE,YEAR,EUR,Europe,,2020,,,,,,,,2,2.0,,,,2024-06-03T07:26:23.447+02:00,2020,2020-01-01T00:00:00+01:00,2020-12-31T00:00:00+01:00
6657422,NTD_RAB2,COUNTRY,AZE,YEAR,EUR,Europe,,2019,,,,,,,,5,5.0,,,,2024-06-03T07:26:23.447+02:00,2019,2019-01-01T00:00:00+01:00,2019-12-31T00:00:00+01:00
5133266,NTD_RAB2,COUNTRY,UZB,YEAR,EUR,Europe,,2019,,,,,,,,5,5.0,,,,2024-06-03T07:26:23.447+02:00,2019,2019-01-01T00:00:00+01:00,2019-12-31T00:00:00+01:00
5423720,NTD_RAB2,COUNTRY,GAB,YEAR,AFR,Africa,,2019,,,,,,,,3,3.0,,,,2025-09-09T13:40:51.93+02:00,2019,2019-01-01T00:00:00+01:00,2019-12-31T00:00:00+01:00
8860454,NTD_RAB2,COUNTRY,BLZ,YEAR,AMR,Americas,,2015,,,,,,,,0,0.0,,,,2024-06-03T07:26:23.447+02:00,2015,2015-01-01T00:00:00+01:00,2015-12-31T00:00:00+01:00
2195865,NTD_RAB2,COUNTRY,NGA,YEAR,AFR,Africa,,2024,,,,,,,,51,51.0,,,,2025-10-30T17:51:54.843+01:00,2024,2024-01-01T00:00:00+01:00,2024-12-31T00:00:00+01:00
4005438,NTD_RAB2,COUNTRY,MUS,YEAR,AFR,Africa,,2023,,,,,,,,No data,,,,,2025-09-09T13:40:51.93+02:00,2023,2023-01-01T00:00:00+01:00,2023-12-31T00:00:00+01:00
2425813,NTD_RAB2,COUNTRY,NPL,YEAR,SEAR,South-East Asia,,2021,,,,,,,,18,18.0,,,,2024-06-03T07:26:23.447+02:00,2021,2021-01-01T00:00:00+01:00,2021-12-31T00:00:00+01:00
6090160,NTD_RAB2,COUNTRY,SRB,YEAR,EUR,Europe,,2014,,,,,,,,0,0.0,,,,2024-06-03T07:26:23.447+02:00,2014,2014-01-01T00:00:00+01:00,2014-12-31T00:00:00+01:00
7943680,NTD_RAB2,COUNTRY,SWE,YEAR,EUR,Europe,,2012,,,,,,,,0,0.0,,,,2024-06-03T07:26:23.447+02:00,2012,2012-01-01T00:00:00+01:00,2012-12-31T00:00:00+01:00
6274911,NTD_RAB2,COUNTRY,GIN,YEAR,AFR,Africa,,2024,,,,,,,,16,16.0,,,,2026-07-15T14:04:38.643+02:00,2024,2024-01-01T00:00:00+01:00,2024-12-31T00:00:00+01:00
2903700,NTD_RAB2,COUNTRY,BRB,YEAR,AMR,Americas,,2017,,,,,,,,0,0.0,,,,2024-06-03T07:26:23.447+02:00,2017,2017-01-01T00:00:00+01:00,2017-12-31T00:00:00+01:00
4809933,NTD_RAB2,COUNTRY,MWI,YEAR,AFR,Africa,,2021,,,,,,,,No data,,,,,2024-06-03T07:26:23.447+02:00,2021,2021-01-01T00:00:00+01:00,2021-12-31T00:00:00+01:00
8266156,NTD_RAB2,COUNTRY,ALB,YEAR,EUR,Europe,,2018,,,,,,,,No data,,,,,2024-06-03T07:26:23.447+02:00,2018,2018-01-01T00:00:00+01:00,2018-12-31T00:00:00+01:00
1630982,NTD_RAB2,COUNTRY,IND,YEAR,SEAR,South-East Asia,,2014,,,,,,,,No data,,,,,2024-06-03T07:26:23.447+02:00,2014,2014-01-01T00:00:00+01:00,2014-12-31T00:00:00+01:00
3253540,NTD_RAB2,COUNTRY,CZE,YEAR,EUR,Europe,,2010,,,,,,,,0,0.0,,,,2024-06-03T07:26:23.447+02:00,2010,2010-01-01T00:00:00+01:00,2010-12-31T00:00:00+01:00
8371771,NTD_RAB2,COUNTRY,PRY,YEAR,AMR,Americas,,2013,,,,,,,,0,0.0,,,,2024-06-03T07:26:23.447+02:00,2013,2013-01-01T00:00:00+01:00,2013-12-31T00:00:00+01:00
5020976,NTD_RAB2,COUNTRY,MDG,YEAR,AFR,Africa,,2019,,,,,,,,10,10.0,,,,2024-06-03T07:26:23.447+02:00,2019,2019-01-01T00:00:00+01:00,2019-12-31T00:00:00+01:00
5047451,NTD_RAB2,COUNTRY,GRC,YEAR,EUR,Europe,,2020,,,,,,,,0,0.0,,,,2024-06-03T07:26:23.447+02:00,2020,2020-01-01T00:00:00+01:00,2020-12-31T00:00:00+01:00
1783898,NTD_RAB2,COUNTRY,OMN,YEAR,EMR,Eastern Mediterranean,,2013,,,,,,,,No data,,,,,2024-06-03T07:26:23.447+02:00,2013,2013-01-01T00:00:00+01:00,2013-12-31T00:00:00+01:00
1813438,NTD_RAB2,COUNTRY,EST,YEAR,EUR,Europe,,2019,,,,,,,,0,0.0,,,,2024-06-03T07:26:23.447+02:00,2019,2019-01-01T00:00:00+01:00,2019-12-31T00:00:00+01:00
3444747,NTD_RAB2,COUNTRY,FIN,YEAR,EUR,Europe,,2023,,,,,,,,0,0.0,,,,2025-09-09T13:40:51.93+02:00,2023,2023-01-01T00:00:00+01:00,2023-12-31T00:00:00+01:00
8530172,NTD_RAB2,COUNTRY,PRK,YEAR,SEAR,South-East Asia,,2015,,,,,,,,No data,,,,,2024-06-03T07:26:23.447+02:00,2015,2015-01-01T00:00:00+01:00,2015-12-31T00:00:00+01:00
8582921,NTD_RAB2,COUNTRY,MLT,YEAR,EUR,Europe,,2016,,,,,,,,0,0.0,,,,2025-09-09T13:40:51.93+02:00,2016,2016-01-01T00:00:00+01:00,2016-12-31T00:00:00+01:00
3827187,NTD_RAB2,COUNTRY,SLE,YEAR,AFR,Africa,,2012,,,,,,,,No data,,,,,2024-06-03T07:26:23.447+02:00,2012,2012-01-01T00:00:00+01:00,2012-12-31T00:00:00+01:00
9196817,NTD_RAB2,COUNTRY,COD,YEAR,AFR,Africa,,2020,,,,,,,,No data,,,,,2024-06-03T07:26:23.447+02:00,2020,2020-01-01T00:00:00+01:00,2020-12-31T00:00:00+01:00
1217712,NTD_RAB2,COUNTRY,ISL,YEAR,EUR,Europe,,2012,,,,,,,,No data,,,,,2024-06-03T07:26:23.447+02:00,2012,2012-01-01T00:00:00+01:00,2012-12-31T00:00:00+01:00
9559694,NTD_RAB2,COUNTRY,AZE,YEAR,EUR,Europe,,2023,,,,,,,,No data,,,,,2025-09-09T13:40:51.93+02:00,2023,2023-01-01T00:00:00+01:00,2023-12-31T00:00:00+01:00
6261730,NTD_RAB2,COUNTRY,TCD,YEAR,AFR,Africa,,2010,,,,,,,,No data,,,,,2024-06-03T07:26:23.447+02:00,2010,2010-01-01T00:00:00+01:00,2010-12-31T00:00:00+01:00
37624,NTD_RAB2,COUNTRY,SLB,YEAR,WPR,Western Pacific,,2024,,,,,,,,No data,,,,,2025-09-09T13:40:51.93+02:00,2024,2024-01-01T00:00:00+01:00,2024-12-31T00:00:00+01:00
4790198,NTD_RAB2,COUNTRY,MEX,YEAR,AMR,Americas,,2021,,,,,,,,0,0.0,,,,2024-06-03T07:26:23.447+02:00,2021,2021-01-01T00:00:00+01:00,2021-12-31T00:00:00+01:00
6519246,NTD_RAB2,COUNTRY,SUR,YEAR,AMR,Americas,,2016,,,,,,,,No data,,,,,2024-06-03T07:26:23.447+02:00,2016,2016-01-01T00:00:00+01:00,2016-12-31T00:00:00+01:00
1546381,NTD_RAB2,COUNTRY,GBR,YEAR,EUR,Europe,,2020,,,,,,,,0,0.0,,,,2024-06-03T07:26:23.447+02:00,2020,2020-01-01T00:00:00+01:00,2020-12-31T00:00:00+01:00
4928705,NTD_RAB2,COUNTRY,LSO,YEAR,AFR,Africa,,2023,,,,,,,,No data,,,,,2025-09-09T13:40:51.93+02:00,2023,2023-01-01T00:00:00+01:00,2023-12-31T00:00:00+01:00
7040088,NTD_RAB2,COUNTRY,AUS,YEAR,WPR,Western Pacific,,2019,,,,,,,,No data,,,,,2024-06-03T07:26:23.447+02:00,2019,2019-01-01T00:00:00+01:00,2019-12-31T00:00:00+01:00
5357738,NTD_RAB2,COUNTRY,MCO,YEAR,EUR,Europe,,2013,,,,,,,,No data,,,,,2024-06-03T07:26:23.447+02:00,2013,2013-01-01T00:00:00+01:00,2013-12-31T00:00:00+01:00
8767986,NTD_RAB2,COUNTRY,TTO,YEAR,AMR,Americas,,2023,,,,,,,,0,0.0,,,,2026-07-15T14:04:38.643+02:00,2023,2023-01-01T00:00:00+01:00,2023-12-31T00:00:00+01:00
8801067,NTD_RAB2,COUNTRY,ZMB,YEAR,AFR,Africa,,2019,,,,,,,,No data,,,,,2024-06-03T07:26:23.447+02:00,2019,2019-01-01T00:00:00+01:00,2019-12-31T00:00:00+01:00
5549139,NTD_RAB2,COUNTRY,NAM,YEAR,AFR,Africa,,2011,,,,,,,,No data,,,,,2024-06-03T07:26:23.447+02:00,2011,2011-01-01T00:00:00+01:00,2011-12-31T00:00:00+01:00
7244685,NTD_RAB2,COUNTRY,CHN,YEAR,WPR,Western Pacific,,2021,,,,,,,,157,157.0,,,,2024-06-03T07:26:23.447+02:00,2021,2021-01-01T00:00:00+01:00,2021-12-31T00:00:00+01:00
5582068,NTD_RAB2,COUNTRY,TTO,YEAR,AMR,Americas,,2022,,,,,,,,0,0.0,,,,2026-07-15T14:04:38.643+02:00,2022,2022-01-01T00:00:00+01:00,2022-12-31T00:00:00+01:00
7369865,NTD_RAB2,COUNTRY,SSD,YEAR,AFR,Africa,,2010,,,,,,,,No data,,,,,2024-06-03T07:26:23.447+02:00,2010,2010-01-01T00:00:00+01:00,2010-12-31T00:00:00+01:00
9104761,NTD_RAB2,COUNTRY,BLZ,YEAR,AMR,Americas,,2019,,,,,,,,0,0.0,,,,2024-06-03T07:26:23.447+02:00,2019,2019-01-01T00:00:00+01:00,2019-12-31T00:00:00+01:00
7475374,NTD_RAB2,COUNTRY,THA,YEAR,SEAR,South-East Asia,,2021,,,,,,,,4,4.0,,,,2024-06-03T07:26:23.447+02:00,2021,2021-01-01T00:00:00+01:00,2021-12-31T00:00:00+01:00
9289284,NTD_RAB2,COUNTRY,UZB,YEAR,EUR,Europe,,2018,,,,,,,,6,6.0,,,,2024-06-03T07:26:23.447+02:00,2018,2018-01-01T00:00:00+01:00,2018-12-31T00:00:00+01:00
2659811,NTD_RAB2,COUNTRY,TTO,YEAR,AMR,Americas,,2019,,,,,,,,0,0.0,,,,2024-06-03T07:26:23.447+02:00,2019,2019-01-01T00:00:00+01:00,2019-12-31T00:00:00+01:00
7937074,NTD_RAB2,COUNTRY,KIR,YEAR,WPR,Western Pacific,,2020,,,,,,,,No data,,,,,2024-06-03T07:26:23.447+02:00,2020,2020-01-01T00:00:00+01:00,2020-12-31T00:00:00+01:00
18200,NTD_RAB2,COUNTRY,PHL,YEAR,WPR,Western Pacific,,2024,,,,,,,,425,425.0,,,,2025-09-09T13:40:51.93+02:00,2024,2024-01-01T00:00:00+01:00,2024-12-31T00:00:00+01:00
9783946,NTD_RAB2,COUNTRY,EGY,YEAR,EMR,Eastern Mediterranean,,2013,,,,,,,,32,32.0,,,,2024-06-03T07:26:23.447+02:00,2013,2013-01-01T00:00:00+01:00,2013-12-31T00:00:00+01:00
1605039,NTD_RAB2,COUNTRY,USA,YEAR,AMR,Americas,,2021,,,,,,,,5,5.0,,,,2024-06-03T07:26:23.447+02:00,2021,2021-01-01T00:00:00+01:00,2021-12-31T00:00:00+01:00
6703736,NTD_RAB2,COUNTRY,MUS,YEAR,AFR,Africa,,2019,,,,,,,,No data,,,,,2024-06-03T07:26:23.447+02:00,2019,2019-01-01T00:00:00+01:00,2019-12-31T00:00:00+01:00
5153175,NTD_RAB2,COUNTRY,YEM,YEAR,EMR,Eastern Mediterranean,,2015,,,,,,,,No data,,,,,2024-06-03T07:26:23.447+02:00,2015,2015-01-01T00:00:00+01:00,2015-12-31T00:00:00+01:00
7251290,NTD_RAB2,COUNTRY,IRN,YEAR,EMR,Eastern Mediterranean,,2024,,,,,,,,No data,,,,,2025-09-09T13:40:51.93+02:00,2024,2024-01-01T00:00:00+01:00,2024-12-31T00:00:00+01:00
7330260,NTD_RAB2,COUNTRY,TON,YEAR,WPR,Western Pacific,,2013,,,,,,,,No data,,,,,2024-06-03T07:26:23.447+02:00,2013,2013-01-01T00:00:00+01:00,2013-12-31T00:00:00+01:00
9315710,NTD_RAB2,COUNTRY,PAN,YEAR,AMR,Americas,,2023,,,,,,,,0,0.0,,,,2026-07-15T14:04:38.643+02:00,2023,2023-01-01T00:00:00+01:00,2023-12-31T00:00:00+01:00
4440498,NTD_RAB2,COUNTRY,PRK,YEAR,SEAR,South-East Asia,,2016,,,,,,,,No data,,,,,2024-06-03T07:26:23.447+02:00,2016,2016-01-01T00:00:00+01:00,2016-12-31T00:00:00+01:00
4605643,NTD_RAB2,COUNTRY,MLT,YEAR,EUR,Europe,,2011,,,,,,,,0,0.0,,,,2024-06-03T07:26:23.447+02:00,2011,2011-01-01T00:00:00+01:00,2011-12-31T00:00:00+01:00
9704698,NTD_RAB2,COUNTRY,COK,YEAR,WPR,Western Pacific,,2020,,,,,,,,No data,,,,,2024-06-03T07:26:23.447+02:00,2020,2020-01-01T00:00:00+01:00,2020-12-31T00:00:00+01:00
4829836,NTD_RAB2,COUNTRY,DJI,YEAR,EMR,Eastern Mediterranean,,2016,,,,,,,,No data,,,,,2024-06-03T07:26:23.447+02:00,2016,2016-01-01T00:00:00+01:00,2016-12-31T00:00:00+01:00
6539102,NTD_RAB2,COUNTRY,TON,YEAR,WPR,Western Pacific,,2019,,,,,,,,No data,,,,,2024-06-03T07:26:23.447+02:00,2019,2019-01-01T00:00:00+01:00,2019-12-31T00:00:00+01:00
5040906,NTD_RAB2,COUNTRY,STP,YEAR,AFR,Africa,,2016,,,,,,,,No data,,,,,2024-06-03T07:26:23.447+02:00,2016,2016-01-01T00:00:00+01:00,2016-12-31T00:00:00+01:00
1795944,NTD_RAB2,COUNTRY,TLS,YEAR,SEAR,South-East Asia,,2010,,,,,,,,No data,,,,,2024-06-03T07:26:23.447+02:00,2010,2010-01-01T00:00:00+01:00,2010-12-31T00:00:00+01:00
6802751,NTD_RAB2,COUNTRY,HTI,YEAR,AMR,Americas,,2015,,,,,,,,5,5.0,,,,2024-06-03T07:26:23.447+02:00,2015,2015-01-01T00:00:00+01:00,2015-12-31T00:00:00+01:00
3536856,NTD_RAB2,COUNTRY,GTM,YEAR,AMR,Americas,,2022,,,,,,,,0,0.0,,,,2026-07-15T14:04:38.643+02:00,2022,2022-01-01T00:00:00+01:00,2022-12-31T00:00:00+01:00
5595318,NTD_RAB2,COUNTRY,MWI,YEAR,AFR,Africa,,2014,,,,,,,,No data,,,,,2024-06-03T07:26:23.447+02:00,2014,2014-01-01T00:00:00+01:00,2014-12-31T00:00:00+01:00
9078424,NTD_RAB2,COUNTRY,VNM,YEAR,WPR,Western Pacific,,2010,,,,,,,,87,87.0,,,,2024-06-03T07:26:23.447+02:00,2010,2010-01-01T00:00:00+01:00,2010-12-31T00:00:00+01:00
5865956,NTD_RAB2,COUNTRY,NZL,YEAR,WPR,Western Pacific,,2012,,,,,,,,0,0.0,,,,2024-06-03T07:26:23.447+02:00,2012,2012-01-01T00:00:00+01:00,2012-12-31T00:00:00+01:00
2864188,NTD_RAB2,COUNTRY,KGZ,YEAR,EUR,Europe,,2015,,,,,,,,2,2.0,,,,2024-06-03T07:26:23.447+02:00,2015,2015-01-01T00:00:00+01:00,2015-12-31T00:00:00+01:00
1445545,NTD_RAB2,COUNTRY,LTU,YEAR,EUR,Europe,,2018,,,,,,,,0,0.0,,,,2024-06-03T07:26:23.447+02:00,2018,2018-01-01T00:00:00+01:00,2018-12-31T00:00:00+01:00
8089060,NTD_RAB2,COUNTRY,BOL,YEAR,AMR,Americas,,2018,,,,,,,,5,5.0,,,,2024-06-03T07:26:23.447+02:00,2018,2018-01-01T00:00:00+01:00,2018-12-31T00:00:00+01:00
6697174,NTD_RAB2,COUNTRY,IND,YEAR,SEAR,South-East Asia,,2016,,,,,,,,1005,1005.0,,,,2024-06-03T07:26:23.447+02:00,2016,2016-01-01T00:00:00+01:00,2016-12-31T00:00:00+01:00
2011211,NTD_RAB2,COUNTRY,MCO,YEAR,EUR,Europe,,2014,,,,,,,,No data,,,,,2024-06-03T07:26:23.447+02:00,2014,2014-01-01T00:00:00+01:00,2014-12-31T00:00:00+01:00
5324790,NTD_RAB2,COUNTRY,POL,YEAR,EUR,Europe,,2019,,,,,,,,0,0.0,,,,2024-06-03T07:26:23.447+02:00,2019,2019-01-01T00:00:00+01:00,2019-12-31T00:00:00+01:00
2176192,NTD_RAB2,COUNTRY,VNM,YEAR,WPR,Western Pacific,,2017,,,,,,,,74,74.0,,,,2024-06-03T07:26:23.447+02:00,2017,2017-01-01T00:00:00+01:00,2017-12-31T00:00:00+01:00
7515089,NTD_RAB2,COUNTRY,TUR,YEAR,EUR,Europe,,2011,,,,,,,,2,2.0,,,,2024-06-03T07:26:23.447+02:00,2011,2011-01-01T00:00:00+01:00,2011-12-31T00:00:00+01:00
1270692,NTD_RAB2,COUNTRY,SVN,YEAR,EUR,Europe,,2020,,,,,,,,0,0.0,,,,2024-06-03T07:26:23.447+02:00,2020,2020-01-01T00:00:00+01:00,2020-12-31T00:00:00+01:00
7923957,NTD_RAB2,COUNTRY,BGD,YEAR,SEAR,South-East Asia,,2017,,,,,,,,80,80.0,,,,2024-06-03T07:26:23.447+02:00,2017,2017-01-01T00:00:00+01:00,2017-12-31T00:00:00+01:00
4849610,NTD_RAB2,COUNTRY,PRY,YEAR,AMR,Americas,,2019,,,,,,,,0,0.0,,,,2024-06-03T07:26:23.447+02:00,2019,2019-01-01T00:00:00+01:00,2019-12-31T00:00:00+01:00
3345997,NTD_RAB2,COUNTRY,BLR,YEAR,EUR,Europe,,2015,,,,,,,,0,0.0,,,,2024-06-03T07:26:23.447+02:00,2015,2015-01-01T00:00:00+01:00,2015-12-31T00:00:00+01:00
6980735,NTD_RAB2,COUNTRY,TUV,YEAR,WPR,Western Pacific,,2024,,,,,,,,No data,,,,,2025-09-09T13:40:51.93+02:00,2024,2024-01-01T00:00:00+01:00,2024-12-31T00:00:00+01:00
5305028,NTD_RAB2,COUNTRY,BRN,YEAR,WPR,Western Pacific,,2010,,,,,,,,0,0.0,,,,2024-06-03T07:26:23.447+02:00,2010,2010-01-01T00:00:00+01:00,2010-12-31T00:00:00+01:00
5331416,NTD_RAB2,COUNTRY,PNG,YEAR,WPR,Western Pacific,,2015,,,,,,,,No data,,,,,2024-06-03T07:26:23.447+02:00,2015,2015-01-01T00:00:00+01:00,2015-12-31T00:00:00+01:00
7086348,NTD_RAB2,COUNTRY,LUX,YEAR,EUR,Europe,,2024,,,,,,,,No data,,,,,2025-09-09T13:40:51.93+02:00,2024,2024-01-01T00:00:00+01:00,2024-12-31T00:00:00+01:00
8781330,NTD_RAB2,COUNTRY,MMR,YEAR,SEAR,South-East Asia,,2020,,,,,,,,53,53.0,,,,2024-06-03T07:26:23.447+02:00,2020,2020-01-01T00:00:00+01:00,2020-12-31T00:00:00+01:00
8847414,NTD_RAB2,COUNTRY,OMN,YEAR,EMR,Eastern Mediterranean,,2011,,,,,,,,No data,,,,,2024-06-03T07:26:23.447+02:00,2011,2011-01-01T00:00:00+01:00,2011-12-31T00:00:00+01:00
7264360,NTD_RAB2,COUNTRY,KEN,YEAR,AFR,Africa,,2018,,,,,,,,No data,,,,,2024-06-03T07:26:23.447+02:00,2018,2018-01-01T00:00:00+01:00,2018-12-31T00:00:00+01:00
9005915,NTD_RAB2,COUNTRY,CMR,YEAR,AFR,Africa,,2021,,,,,,,,7,7.0,,,,2025-10-30T17:51:54.843+01:00,2021,2021-01-01T00:00:00+01:00,2021-12-31T00:00:00+01:00
3952781,NTD_RAB2,COUNTRY,NRU,YEAR,WPR,Western Pacific,,2010,,,,,,,,No data,,,,,2024-06-03T07:26:23.447+02:00,2010,2010-01-01T00:00:00+01:00,2010-12-31T00:00:00+01:00
3985800,NTD_RAB2,COUNTRY,KGZ,YEAR,EUR,Europe,,2021,,,,,,,,No data,,,,,2024-06-03T07:26:23.447+02:00,2021,2021-01-01T00:00:00+01:00,2021-12-31T00:00:00+01:00
2419602,NTD_RAB2,COUNTRY,SYC,YEAR,AFR,Africa,,2016,,,,,,,,No data,,,,,2024-06-03T07:26:23.447+02:00,2016,2016-01-01T00:00:00+01:00,2016-12-31T00:00:00+01:00
2581184,NTD_RAB2,COUNTRY,IRQ,YEAR,EMR,Eastern Mediterranean,,2021,,,,,,,,No data,,,,,2024-06-03T07:26:23.447+02:00,2021,2021-01-01T00:00:00+01:00,2021-12-31T00:00:00+01:00
1359806,NTD_RAB2,COUNTRY,ATG,YEAR,AMR,Americas,,2011,,,,,,,,0,0.0,,,,2024-06-03T07:26:23.447+02:00,2011,2011-01-01T00:00:00+01:00,2011-12-31T00:00:00+01:00
2943306,NTD_RAB2,COUNTRY,COK,YEAR,WPR,Western Pacific,,2013,,,,,,,,No data,,,,,2024-06-03T07:26:23.447+02:00,2013,2013-01-01T00:00:00+01:00,2013-12-31T00:00:00+01:00
1452199,NTD_RAB2,COUNTRY,LBN,YEAR,EMR,Eastern Mediterranean,,2012,,,,,,,,No data,,,,,2024-06-03T07:26:23.447+02:00,2012,2012-01-01T00:00:00+01:00,2012-12-31T00:00:00+01:00
6657585,NTD_RAB2,COUNTRY,GNB,YEAR,AFR,Africa,,2015,,,,,,,,No data,,,,,2024-06-03T07:26:23.447+02:00,2015,2015-01-01T00:00:00+01:00,2015-12-31T00:00:00+01:00
5074003,NTD_RAB2,COUNTRY,DJI,YEAR,EMR,Eastern Mediterranean,,2018,,,,,,,,No data,,,,,2024-06-03T07:26:23.447+02:00,2018,2018-01-01T00:00:00+01:00,2018-12-31T00:00:00+01:00
3596411,NTD_RAB2,COUNTRY,GMB,YEAR,AFR,Africa,,2016,,,,,,,,No data,,,,,2024-06-03T07:26:23.447+02:00,2016,2016-01-01T00:00:00+01:00,2016-12-31T00:00:00+01:00
8675510,NTD_RAB2,COUNTRY,EST,YEAR,EUR,Europe,,2022,,,,,,,,0,0.0,,,,2024-06-03T07:26:23.447+02:00,2022,2022-01-01T00:00:00+01:00,2022-12-31T00:00:00+01:00
2196047,NTD_RAB2,COUNTRY,ERI,YEAR,AFR,Africa,,2014,,,,,,,,No data,,,,,2024-06-03T07:26:23.447+02:00,2014,2014-01-01T00:00:00+01:00,2014-12-31T00:00:00+01:00
5509719,NTD_RAB2,COUNTRY,BLZ,YEAR,AMR,Americas,,2016,,,,,,,,0,0.0,,,,2024-06-03T07:26:23.447+02:00,2016,2016-01-01T00:00:00+01:00,2016-12-31T00:00:00+01:00
5839618,NTD_RAB2,COUNTRY,SAU,YEAR,EMR,Eastern Mediterranean,,2011,,,,,,,,No data,,,,,2024-06-03T07:26:23.447+02:00,2011,2011-01-01T00:00:00+01:00,2011-12-31T00:00:00+01:00
5866020,NTD_RAB2,COUNTRY,VUT,YEAR,WPR,Western Pacific,,2023,,,,,,,,No data,,,,,2025-09-09T13:40:51.93+02:00,2023,2023-01-01T00:00:00+01:00,2023-12-31T00:00:00+01:00
9276242,NTD_RAB2,COUNTRY,HND,YEAR,AMR,Americas,,2013,,,,,,,,0,0.0,,,,2024-06-03T07:26:23.447+02:00,2013,2013-01-01T00:00:00+01:00,2013-12-31T00:00:00+01:00
5931970,NTD_RAB2,COUNTRY,ATG,YEAR,AMR,Americas,,2022,,,,,,,,0,0.0,,,,2026-07-15T14:04:38.643+02:00,2022,2022-01-01T00:00:00+01:00,2022-12-31T00:00:00+01:00
4605749,NTD_RAB2,COUNTRY,PHL,YEAR,WPR,Western Pacific,,2020,,,,,,,,235,235.0,,,,2024-06-03T07:26:23.447+02:00,2020,2020-01-01T00:00:00+01:00,2020-12-31T00:00:00+01:00
2982881,NTD_RAB2,COUNTRY,MDG,YEAR,AFR,Africa,,2014,,,,,,,,8,8.0,,,,2024-06-03T07:26:23.447+02:00,2014,2014-01-01T00:00:00+01:00,2014-12-31T00:00:00+01:00
3570024,NTD_RAB2,COUNTRY,UGA,YEAR,AFR,Africa,,2013,,,,,,,,28,28.0,,,,2024-06-03T07:26:23.447+02:00,2013,2013-01-01T00:00:00+01:00,2013-12-31T00:00:00+01:00
6960954,NTD_RAB2,COUNTRY,DJI,YEAR,EMR,Eastern Mediterranean,,2013,,,,,,,,No data,,,,,2024-06-03T07:26:23.447+02:00,2013,2013-01-01T00:00:00+01:00,2013-12-31T00:00:00+01:00
7165568,NTD_RAB2,COUNTRY,NGA,YEAR,AFR,Africa,,2022,,,,,,,,67,67.0,,,,2025-10-30T17:51:54.843+01:00,2022,2022-01-01T00:00:00+01:00,2022-12-31T00:00:00+01:00
7192006,NTD_RAB2,COUNTRY,NGA,YEAR,AFR,Africa,,2018,,,,,,,,No data,,,,,2024-06-03T07:26:23.447+02:00,2018,2018-01-01T00:00:00+01:00,2018-12-31T00:00:00+01:00
3847172,NTD_RAB2,COUNTRY,MDA,YEAR,EUR,Europe,,2023,,,,,,,,No data,,,,,2025-09-09T13:40:51.93+02:00,2023,2023-01-01T00:00:00+01:00,2023-12-31T00:00:00+01:00
3873612,NTD_RAB2,COUNTRY,SAU,YEAR,EMR,Eastern Mediterranean,,2016,,,,,,,,2,2.0,,,,2024-06-03T07:26:23.447+02:00,2016,2016-01-01T00:00:00+01:00,2016-12-31T00:00:00+01:00
8986170,NTD_RAB2,COUNTRY,AND,YEAR,EUR,Europe,,2016,,,,,,,,No data,,,,,2024-06-03T07:26:23.447+02:00,2016,2016-01-01T00:00:00+01:00,2016-12-31T00:00:00+01:00
7304065,NTD_RAB2,COUNTRY,TON,YEAR,WPR,Western Pacific,,2020,,,,,,,,No data,,,,,2024-06-03T07:26:23.447+02:00,2020,2020-01-01T00:00:00+01:00,2020-12-31T00:00:00+01:00
4183364,NTD_RAB2,COUNTRY,TKM,YEAR,EUR,Europe,,2023,,,,,,,,No data,,,,,2025-09-09T13:40:51.93+02:00,2023,2023-01-01T00:00:00+01:00,2023-12-31T00:00:00+01:00
2758865,NTD_RAB2,COUNTRY,LTU,YEAR,EUR,Europe,,2016,,,,,,,,0,0.0,,,,2024-06-03T07:26:23.447+02:00,2016,2016-01-01T00:00:00+01:00,2016-12-31T00:00:00+01:00
1280880,NTD_RAB2,COUNTRY,SGP,YEAR,WPR,Western Pacific,,2014,,,,,,,,0,0.0,,,,2024-06-03T07:26:23.447+02:00,2014,2014-01-01T00:00:00+01:00,2014-12-31T00:00:00+01:00
9559861,NTD_RAB2,COUNTRY,MNE,YEAR,EUR,Europe,,2018,,,,,,,,No data,,,,,2024-06-03T07:26:23.447+02:00,2018,2018-01-01T00:00:00+01:00,2018-12-31T00:00:00+01:00
1432440,NTD_RAB2,COUNTRY,FRA,YEAR,EUR,Europe,,2022,,,,,,,,0,0.0,,,,2024-06-03T07:26:23.447+02:00,2022,2022-01-01T00:00:00+01:00,2022-12-31T00:00:00+01:00
4651921,NTD_RAB2,COUNTRY,MNG,YEAR,WPR,Western Pacific,,2021,,,,,,,,No data,,,,,2024-06-03T07:26:23.447+02:00,2021,2021-01-01T00:00:00+01:00,2021-12-31T00:00:00+01:00
4678363,NTD_RAB2,COUNTRY,COG,YEAR,AFR,Africa,,2021,,,,,,,,No data,,,,,2024-06-03T07:26:23.447+02:00,2021,2021-01-01T00:00:00+01:00,2021-12-31T00:00:00+01:00
6420408,NTD_RAB2,COUNTRY,MLI,YEAR,AFR,Africa,,2022,,,,,,,,No data,,,,,2024-06-03T07:26:23.447+02:00,2022,2022-01-01T00:00:00+01:00,2022-12-31T00:00:00+01:00
3181071,NTD_RAB2,COUNTRY,CYP,YEAR,EUR,Europe,,2014,,,,,,,,0,0.0,,,,2024-06-03T07:26:23.447+02:00,2014,2014-01-01T00:00:00+01:00,2014-12-31T00:00:00+01:00
8345566,NTD_RAB2,COUNTRY,BGD,YEAR,SEAR,South-East Asia,,2013,,,,,,,,No data,,,,,2024-06-03T07:26:23.447+02:00,2013,2013-01-01T00:00:00+01:00,2013-12-31T00:00:00+01:00
1682992,NTD_RAB2,COUNTRY,SLE,YEAR,AFR,Africa,,2021,,,,,,,,2,2.0,,,,2024-06-03T07:26:23.447+02:00,2021,2021-01-01T00:00:00+01:00,2021-12-31T00:00:00+01:00
5001357,NTD_RAB2,COUNTRY,ISL,YEAR,EUR,Europe,,2019,,,,,,,,0,0.0,,,,2025-09-09T13:40:51.93+02:00,2019,2019-01-01T00:00:00+01:00,2019-12-31T00:00:00+01:00
5060832,NTD_RAB2,COUNTRY,COM,YEAR,AFR,Africa,,2011,,,,,,,,No data,,,,,2024-06-03T07:26:23.447+02:00,2011,2011-01-01T00:00:00+01:00,2011-12-31T00:00:00+01:00
8490775,NTD_RAB2,COUNTRY,CIV,YEAR,AFR,Africa,,2022,,,,,,,,25,25.0,,,,2025-09-09T13:40:51.93+02:00,2022,2022-01-01T00:00:00+01:00,2022-12-31T00:00:00+01:00
5291867,NTD_RAB2,COUNTRY,CYP,YEAR,EUR,Europe,,2021,,,,,,,,0,0.0,,,,2024-06-03T07:26:23.447+02:00,2021,2021-01-01T00:00:00+01:00,2021-12-31T00:00:00+01:00
1998385,NTD_RAB2,COUNTRY,BTN,YEAR,SEAR,South-East Asia,,2019,,,,,,,,0,0.0,,,,2024-06-03T07:26:23.447+02:00,2019,2019-01-01T00:00:00+01:00,2019-12-31T00:00:00+01:00
2024523,NTD_RAB2,COUNTRY,DZA,YEAR,AFR,Africa,,2015,,,,,,,,20,20.0,,,,2024-06-03T07:26:23.447+02:00,2015,2015-01-01T00:00:00+01:00,2015-12-31T00:00:00+01:00
5575667,NTD_RAB2,COUNTRY,HUN,YEAR,EUR,Europe,,2020,,,,,,,,0,0.0,,,,2024-06-03T07:26:23.447+02:00,2020,2020-01-01T00:00:00+01:00,2020-12-31T00:00:00+01:00
5674635,NTD_RAB2,COUNTRY,ALB,YEAR,EUR,Europe,,2016,,,,,,,,0,0.0,,,,2024-06-03T07:26:23.447+02:00,2016,2016-01-01T00:00:00+01:00,2016-12-31T00:00:00+01:00
5905580,NTD_RAB2,COUNTRY,CAF,YEAR,AFR,Africa,,2016,,,,,,,,No data,,,,,2024-06-03T07:26:23.447+02:00,2016,2016-01-01T00:00:00+01:00,2016-12-31T00:00:00+01:00
5918818,NTD_RAB2,COUNTRY,JOR,YEAR,EMR,Eastern Mediterranean,,2013,,,,,,,,No data,,,,,2024-06-03T07:26:23.447+02:00,2013,2013-01-01T00:00:00+01:00,2013-12-31T00:00:00+01:00
7759325,NTD_RAB2,COUNTRY,CIV,YEAR,AFR,Africa,,2012,,,,,,,,No data,,,,,2024-06-03T07:26:23.447+02:00,2012,2012-01-01T00:00:00+01:00,2012-12-31T00:00:00+01:00
2982958,NTD_RAB2,COUNTRY,SUR,YEAR,AMR,Americas,,2010,,,,,,,,0,0.0,,,,2024-06-03T07:26:23.447+02:00,2010,2010-01-01T00:00:00+01:00,2010-12-31T00:00:00+01:00
6572252,NTD_RAB2,COUNTRY,CUB,YEAR,AMR,Americas,,2020,,,,,,,,3,3.0,,,,2024-06-03T07:26:23.447+02:00,2020,2020-01-01T00:00:00+01:00,2020-12-31T00:00:00+01:00
3253769,NTD_RAB2,COUNTRY,THA,YEAR,SEAR,South-East Asia,,2023,,,,,,,,6,6.0,,,,2025-09-09T13:40:51.93+02:00,2023,2023-01-01T00:00:00+01:00,2023-12-31T00:00:00+01:00
8319238,NTD_RAB2,COUNTRY,CAN,YEAR,AMR,Americas,,2018,,,,,,,,0,0.0,,,,2024-06-03T07:26:23.447+02:00,2018,2018-01-01T00:00:00+01:00,2018-12-31T00:00:00+01:00
3550245,NTD_RAB2,COUNTRY,ZAF,YEAR,AFR,Africa,,2017,,,,,,,,6,6.0,,,,2024-06-03T07:26:23.447+02:00,2017,2017-01-01T00:00:00+01:00,2017-12-31T00:00:00+01:00
5311723,NTD_RAB2,COUNTRY,RWA,YEAR,AFR,Africa,,2023,,,,,,,,No data,,,,,2025-09-09T13:40:51.93+02:00,2023,2023-01-01T00:00:00+01:00,2023-12-31T00:00:00+01:00
5311734,NTD_RAB2,COUNTRY,SRB,YEAR,EUR,Europe,,2015,,,,,,,,0,0.0,,,,2024-06-03T07:26:23.447+02:00,2015,2015-01-01T00:00:00+01:00,2015-12-31T00:00:00+01:00
3946309,NTD_RAB2,COUNTRY,RUS,YEAR,EUR,Europe,,2024,,,,,,,,No data,,,,,2025-09-09T13:40:51.93+02:00,2024,2024-01-01T00:00:00+01:00,2024-12-31T00:00:00+01:00
7429372,NTD_RAB2,COUNTRY,VEN,YEAR,AMR,Americas,,2019,,,,,,,,No data,,,,,2024-06-03T07:26:23.447+02:00,2019,2019-01-01T00:00:00+01:00,2019-12-31T00:00:00+01:00
9263082,NTD_RAB2,COUNTRY,CUB,YEAR,AMR,Americas,,2019,,,,,,,,0,0.0,,,,2024-06-03T07:26:23.447+02:00,2019,2019-01-01T00:00:00+01:00,2019-12-31T00:00:00+01:00
4401202,NTD_RAB2,COUNTRY,SLV,YEAR,AMR,Americas,,2013,,,,,,,,0,0.0,,,,2024-06-03T07:26:23.447+02:00,2013,2013-01-01T00:00:00+01:00,2013-12-31T00:00:00+01:00
6110174,NTD_RAB2,COUNTRY,SWE,YEAR,EUR,Europe,,2016,,,,,,,,No data,,,,,2024-06-03T07:26:23.447+02:00,2016,2016-01-01T00:00:00+01:00,2016-12-31T00:00:00+01:00
1280920,NTD_RAB2,COUNTRY,COM,YEAR,AFR,Africa,,2021,,,,,,,,No data,,,,,2024-06-03T07:26:23.447+02:00,2021,2021-01-01T00:00:00+01:00,2021-12-31T00:00:00+01:00
1333523,NTD_RAB2,COUNTRY,NPL,YEAR,SEAR,South-East Asia,,2023,,,,,,,,10,10.0,,,,2025-09-09T13:40:51.93+02:00,2023,2023-01-01T00:00:00+01:00,2023-12-31T00:00:00+01:00
4625660,NTD_RAB2,COUNTRY,ECU,YEAR,AMR,Americas,,2017,,,,,,,,0,0.0,,,,2024-06-03T07:26:23.447+02:00,2017,2017-01-01T00:00:00+01:00,2017-12-31T00:00:00+01:00
6347849,NTD_RAB2,COUNTRY,GHA,YEAR,AFR,Africa,,2013,,,,,,,,No data,,,,,2024-06-03T07:26:23.447+02:00,2013,2013-01-01T00:00:00+01:00,2013-12-31T00:00:00+01:00
9731305,NTD_RAB2,COUNTRY,GTM,YEAR,AMR,Americas,,2011,,,,,,,,3,3.0,,,,2024-06-03T07:26:23.447+02:00,2011,2011-01-01T00:00:00+01:00,2011-12-31T00:00:00+01:00
6374276,NTD_RAB2,COUNTRY,PHL,YEAR,WPR,Western Pacific,,2013,,,,,,,,205,205.0,,,,2024-06-03T07:26:23.447+02:00,2013,2013-01-01T00:00:00+01:00,2013-12-31T00:00:00+01:00
1765413,NTD_RAB2,COUNTRY,SYC,YEAR,AFR,Africa,,2021,,,,,,,,No data,,,,,2024-06-03T07:26:23.447+02:00,2021,2021-01-01T00:00:00+01:00,2021-12-31T00:00:00+01:00
6888640,NTD_RAB2,COUNTRY,JAM,YEAR,AMR,Americas,,2016,,,,,,,,0,0.0,,,,2024-06-03T07:26:23.447+02:00,2016,2016-01-01T00:00:00+01:00,2016-12-31T00:00:00+01:00
1991820,NTD_RAB2,COUNTRY,BIH,YEAR,EUR,Europe,,2013,,,,,,,,No data,,,,,2024-06-03T07:26:23.447+02:00,2013,2013-01-01T00:00:00+01:00,2013-12-31T00:00:00+01:00
3629341,NTD_RAB2,COUNTRY,TJK,YEAR,EUR,Europe,,2017,,,,,,,,14,14.0,,,,2024-06-03T07:26:23.447+02:00,2017,2017-01-01T00:00:00+01:00,2017-12-31T00:00:00+01:00
7145896,NTD_RAB2,COUNTRY,MLI,YEAR,AFR,Africa,,2013,,,,,,,,No data,,,,,2024-06-03T07:26:23.447+02:00,2013,2013-01-01T00:00:00+01:00,2013-12-31T00:00:00+01:00
7152483,NTD_RAB2,COUNTRY,SLV,YEAR,AMR,Americas,,2024,,,,,,,,0,0.0,,,,2026-07-15T14:04:38.643+02:00,2024,2024-01-01T00:00:00+01:00,2024-12-31T00:00:00+01:00
8873942,NTD_RAB2,COUNTRY,GEO,YEAR,EUR,Europe,,2019,,,,,,,,1,1.0,,,,2024-06-03T07:26:23.447+02:00,2019,2019-01-01T00:00:00+01:00,2019-12-31T00:00:00+01:00
2373785,NTD_RAB2,COUNTRY,SSD,YEAR,AFR,Africa,,2023,,,,,,,,53,53.0,,,,2025-09-09T13:40:51.93+02:00,2023,2023-01-01T00:00:00+01:00,2023-12-31T00:00:00+01:00
5701113,NTD_RAB2,COUNTRY,MEX,YEAR,AMR,Americas,,2017,,,,,,,,0,0.0,,,,2024-06-03T07:26:23.447+02:00,2017,2017-01-01T00:00:00+01:00,2017-12-31T00:00:00+01:00
9474216,NTD_RAB2,COUNTRY,CYP,YEAR,EUR,Europe,,2019,,,,,,,,0,0.0,,,,2024-06-03T07:26:23.447+02:00,2019,2019-01-01T00:00:00+01:00,2019-12-31T00:00:00+01:00
1313711,NTD_RAB2,COUNTRY,TGO,YEAR,AFR,Africa,,2014,,,,,,,,No data,,,,,2024-06-03T07:26:23.447+02:00,2014,2014-01-01T00:00:00+01:00,2014-12-31T00:00:00+01:00
4526564,NTD_RAB2,COUNTRY,ARM,YEAR,EUR,Europe,,2011,,,,,,,,0,0.0,,,,2024-06-03T07:26:23.447+02:00,2011,2011-01-01T00:00:00+01:00,2011-12-31T00:00:00+01:00
2923627,NTD_RAB2,COUNTRY,BEN,YEAR,AFR,Africa,,2015,,,,,,,,3,3.0,,,,2024-06-03T07:26:23.447+02:00,2015,2015-01-01T00:00:00+01:00,2015-12-31T00:00:00+01:00
1445718,NTD_RAB2,COUNTRY,LUX,YEAR,EUR,Europe,,2019,,,,,,,,0,0.0,,,,2024-06-03T07:26:23.447+02:00,2019,2019-01-01T00:00:00+01:00,2019-12-31T00:00:00+01:00
6400657,NTD_RAB2,COUNTRY,ISL,YEAR,EUR,Europe,,2022,,,,,,,,0,0.0,,,,2025-09-09T13:40:51.93+02:00,2022,2022-01-01T00:00:00+01:00,2022-12-31T00:00:00+01:00
3088677,NTD_RAB2,COUNTRY,AUT,YEAR,EUR,Europe,,2019,,,,,,,,0,0.0,,,,2024-06-03T07:26:23.447+02:00,2019,2019-01-01T00:00:00+01:00,2019-12-31T00:00:00+01:00
8292882,NTD_RAB2,COUNTRY,KNA,YEAR,AMR,Americas,,2012,,,,,,,,0,0.0,,,,2024-06-03T07:26:23.447+02:00,2012,2012-01-01T00:00:00+01:00,2012-12-31T00:00:00+01:00
3240613,NTD_RAB2,COUNTRY,COD,YEAR,AFR,Africa,,2015,,,,,,,,0,0.0,,,,2024-06-03T07:26:23.447+02:00,2015,2015-01-01T00:00:00+01:00,2015-12-31T00:00:00+01:00
3299845,NTD_RAB2,COUNTRY,PRK,YEAR,SEAR,South-East Asia,,2012,,,,,,,,No data,,,,,2024-06-03T07:26:23.447+02:00,2012,2012-01-01T00:00:00+01:00,2012-12-31T00:00:00+01:00
8438053,NTD_RAB2,COUNTRY,SGP,YEAR,WPR,Western Pacific,,2018,,,,,,,,No data,,,,,2024-06-03T07:26:23.447+02:00,2018,2018-01-01T00:00:00+01:00,2018-12-31T00:00:00+01:00
5093948,NTD_RAB2,COUNTRY,ITA,YEAR,EUR,Europe,,2022,,,,,,,,0,0.0,,,,2024-06-03T07:26:23.447+02:00,2022,2022-01-01T00:00:00+01:00,2022-12-31T00:00:00+01:00
5166592,NTD_RAB2,COUNTRY,NER,YEAR,AFR,Africa,,2022,,,,,,,,No data,,,,,2024-06-03T07:26:23.447+02:00,2022,2022-01-01T00:00:00+01:00,2022-12-31T00:00:00+01:00
5232672,NTD_RAB2,COUNTRY,PRY,YEAR,AMR,Americas,,2017,,,,,,,,0,0.0,,,,2024-06-03T07:26:23.447+02:00,2017,2017-01-01T00:00:00+01:00,2017-12-31T00:00:00+01:00
5291942,NTD_RAB2,COUNTRY,LCA,YEAR,AMR,Americas,,2024,,,,,,,,0,0.0,,,,2026-07-15T14:04:38.643+02:00,2024,2024-01-01T00:00:00+01:00,2024-12-31T00:00:00+01:00
5483459,NTD_RAB2,COUNTRY,GAB,YEAR,AFR,Africa,,2023,,,,,,,,0,0.0,,,,2025-09-09T13:40:51.93+02:00,2023,2023-01-01T00:00:00+01:00,2023-12-31T00:00:00+01:00
3814231,NTD_RAB2,COUNTRY,MCO,YEAR,EUR,Europe,,2018,,,,,,,,No data,,,,,2024-06-03T07:26:23.447+02:00,2018,2018-01-01T00:00:00+01:00,2018-12-31T00:00:00+01:00
5509839,NTD_RAB2,COUNTRY,GUF,YEAR,AMR,Americas,,2016,,,,,,,,No data,,,,,2025-09-09T13:40:51.93+02:00,2016,2016-01-01T00:00:00+01:00,2016-12-31T00:00:00+01:00
3900155,NTD_RAB2,COUNTRY,BOL,YEAR,AMR,Americas,,2017,,,,,,,,7,7.0,,,,2024-06-03T07:26:23.447+02:00,2017,2017-01-01T00:00:00+01:00,2017-12-31T00:00:00+01:00
5602079,NTD_RAB2,COUNTRY,ARM,YEAR,EUR,Europe,,2016,,,,,,,,0,0.0,,,,2025-09-09T13:40:51.93+02:00,2016,2016-01-01T00:00:00+01:00,2016-12-31T00:00:00+01:00
4163697,NTD_RAB2,COUNTRY,YEM,YEAR,EMR,Eastern Mediterranean,,2016,,,,,,,,No data,,,,,2024-06-03T07:26:23.447+02:00,2016,2016-01-01T00:00:00+01:00,2016-12-31T00:00:00+01:00
4526583,NTD_RAB2,COUNTRY,BDI,YEAR,AFR,Africa,,2012,,,,,,,,No data,,,,,2024-06-03T07:26:23.447+02:00,2012,2012-01-01T00:00:00+01:00,2012-12-31T00:00:00+01:00
1406157,NTD_RAB2,COUNTRY,LTU,YEAR,EUR,Europe,,2012,,,,,,,,0,0.0,,,,2024-06-03T07:26:23.447+02:00,2012,2012-01-01T00:00:00+01:00,2012-12-31T00:00:00+01:00
6334680,NTD_RAB2,COUNTRY,VCT,YEAR,AMR,Americas,,2017,,,,,,,,0,0.0,,,,2024-06-03T07:26:23.447+02:00,2017,2017-01-01T00:00:00+01:00,2017-12-31T00:00:00+01:00
3418668,NTD_RAB2,COUNTRY,PNG,YEAR,WPR,Western Pacific,,2012,,,,,,,,No data,,,,,2024-06-03T07:26:23.447+02:00,2012,2012-01-01T00:00:00+01:00,2012-12-31T00:00:00+01:00
5113740,NTD_RAB2,COUNTRY,SSD,YEAR,AFR,Africa,,2012,,,,,,,,No data,,,,,2024-06-03T07:26:23.447+02:00,2012,2012-01-01T00:00:00+01:00,2012-12-31T00:00:00+01:00
5153419,NTD_RAB2,COUNTRY,GRC,YEAR,EUR,Europe,,2010,,,,,,,,0,0.0,,,,2024-06-03T07:26:23.447+02:00,2010,2010-01-01T00:00:00+01:00,2010-12-31T00:00:00+01:00
3669068,NTD_RAB2,COUNTRY,COD,YEAR,AFR,Africa,,2013,,,,,,,,No data,,,,,2024-06-03T07:26:23.447+02:00,2013,2013-01-01T00:00:00+01:00,2013-12-31T00:00:00+01:00
3695482,NTD_RAB2,COUNTRY,CHE,YEAR,EUR,Europe,,2017,,,,,,,,0,0.0,,,,2024-06-03T07:26:23.447+02:00,2017,2017-01-01T00:00:00+01:00,2017-12-31T00:00:00+01:00
5509882,NTD_RAB2,COUNTRY,ITA,YEAR,EUR,Europe,,2015,,,,,,,,0,0.0,,,,2024-06-03T07:26:23.447+02:00,2015,2015-01-01T00:00:00+01:00,2015-12-31T00:00:00+01:00
4381524,NTD_RAB2,COUNTRY,CAF,YEAR,AFR,Africa,,2013,,,,,,,,No data,,,,,2024-06-03T07:26:23.447+02:00,2013,2013-01-01T00:00:00+01:00,2013-12-31T00:00:00+01:00
50746,NTD_RAB2,COUNTRY,ECU,YEAR,AMR,Americas,,2013,,,,,,,,0,0.0,,,,2024-06-03T07:26:23.447+02:00,2013,2013-01-01T00:00:00+01:00,2013-12-31T00:00:00+01:00
4750834,NTD_RAB2,COUNTRY,NLD,YEAR,EUR,Europe,,2015,,,,,,,,0,0.0,,,,2024-06-03T07:26:23.447+02:00,2015,2015-01-01T00:00:00+01:00,2015-12-31T00:00:00+01:00
3115157,NTD_RAB2,COUNTRY,SEN,YEAR,AFR,Africa,,2023,,,,,,,,5,5.0,,,,2025-09-09T13:40:51.93+02:00,2023,2023-01-01T00:00:00+01:00,2023-12-31T00:00:00+01:00
8227543,NTD_RAB2,COUNTRY,GTM,YEAR,AMR,Americas,,2024,,,,,,,,0,0.0,,,,2026-07-15T14:04:38.643+02:00,2024,2024-01-01T00:00:00+01:00,2024-12-31T00:00:00+01:00
3253890,NTD_RAB2,COUNTRY,STP,YEAR,AFR,Africa,,2020,,,,,,,,No data,,,,,2024-06-03T07:26:23.447+02:00,2020,2020-01-01T00:00:00+01:00,2020-12-31T00:00:00+01:00
1689719,NTD_RAB2,COUNTRY,PLW,YEAR,WPR,Western Pacific,,2017,,,,,,,,No data,,,,,2024-06-03T07:26:23.447+02:00,2017,2017-01-01T00:00:00+01:00,2017-12-31T00:00:00+01:00
1802594,NTD_RAB2,COUNTRY,PER,YEAR,AMR,Americas,,2019,,,,,,,,0,0.0,,,,2024-06-03T07:26:23.447+02:00,2019,2019-01-01T00:00:00+01:00,2019-12-31T00:00:00+01:00
8913640,NTD_RAB2,COUNTRY,NIC,YEAR,AMR,Americas,,2024,,,,,,,,0,0.0,,,,2026-07-15T14:04:38.643+02:00,2024,2024-01-01T00:00:00+01:00,2024-12-31T00:00:00+01:00
7356985,NTD_RAB2,COUNTRY,SAU,YEAR,EMR,Eastern Mediterranean,,2020,,,,,,,,No data,,,,,2024-06-03T07:26:23.447+02:00,2020,2020-01-01T00:00:00+01:00,2020-12-31T00:00:00+01:00
4078191,NTD_RAB2,COUNTRY,YEM,YEAR,EMR,Eastern Mediterranean,,2013,,,,,,,,48,48.0,,,,2024-06-03T07:26:23.447+02:00,2013,2013-01-01T00:00:00+01:00,2013-12-31T00:00:00+01:00
9322573,NTD_RAB2,COUNTRY,PAN,YEAR,AMR,Americas,,2013,,,,,,,,0,0.0,,,,2024-06-03T07:26:23.447+02:00,2013,2013-01-01T00:00:00+01:00,2013-12-31T00:00:00+01:00
4262740,NTD_RAB2,COUNTRY,CZE,YEAR,EUR,Europe,,2013,,,,,,,,0,0.0,,,,2024-06-03T07:26:23.447+02:00,2013,2013-01-01T00:00:00+01:00,2013-12-31T00:00:00+01:00
4275949,NTD_RAB2,COUNTRY,HUN,YEAR,EUR,Europe,,2021,,,,,,,,0,0.0,,,,2024-06-03T07:26:23.447+02:00,2021,2021-01-01T00:00:00+01:00,2021-12-31T00:00:00+01:00
5998090,NTD_RAB2,COUNTRY,KWT,YEAR,EMR,Eastern Mediterranean,,2014,,,,,,,,No data,,,,,2024-06-03T07:26:23.447+02:00,2014,2014-01-01T00:00:00+01:00,2014-12-31T00:00:00+01:00
7785898,NTD_RAB2,COUNTRY,FJI,YEAR,WPR,Western Pacific,,2018,,,,,,,,No data,,,,,2024-06-03T07:26:23.447+02:00,2018,2018-01-01T00:00:00+01:00,2018-12-31T00:00:00+01:00
7805503,NTD_RAB2,COUNTRY,KAZ,YEAR,EUR,Europe,,2015,,,,,,,,6,6.0,,,,2024-06-03T07:26:23.447+02:00,2015,2015-01-01T00:00:00+01:00,2015-12-31T00:00:00+01:00
4447401,NTD_RAB2,COUNTRY,PRK,YEAR,SEAR,South-East Asia,,2014,,,,,,,,No data,,,,,2024-06-03T07:26:23.447+02:00,2014,2014-01-01T00:00:00+01:00,2014-12-31T00:00:00+01:00
6367736,NTD_RAB2,COUNTRY,CUB,YEAR,AMR,Americas,,2021,,,,,,,,1,1.0,,,,2024-06-03T07:26:23.447+02:00,2021,2021-01-01T00:00:00+01:00,2021-12-31T00:00:00+01:00
5021351,NTD_RAB2,COUNTRY,PRY,YEAR,AMR,Americas,,2015,,,,,,,,0,0.0,,,,2024-06-03T07:26:23.447+02:00,2015,2015-01-01T00:00:00+01:00,2015-12-31T00:00:00+01:00
5688024,NTD_RAB2,COUNTRY,AUT,YEAR,EUR,Europe,,2018,,,,,,,,0,0.0,,,,2024-06-03T07:26:23.447+02:00,2018,2018-01-01T00:00:00+01:00,2018-12-31T00:00:00+01:00
7627511,NTD_RAB2,COUNTRY,MEX,YEAR,AMR,Americas,,2014,,,,,,,,0,0.0,,,,2024-06-03T07:26:23.447+02:00,2014,2014-01-01T00:00:00+01:00,2014-12-31T00:00:00+01:00
7858421,NTD_RAB2,COUNTRY,TUV,YEAR,WPR,Western Pacific,,2013,,,,,,,,No data,,,,,2024-06-03T07:26:23.447+02:00,2013,2013-01-01T00:00:00+01:00,2013-12-31T00:00:00+01:00
4605956,NTD_RAB2,COUNTRY,AUT,YEAR,EUR,Europe,,2013,,,,,,,,0,0.0,,,,2024-06-03T07:26:23.447+02:00,2013,2013-01-01T00:00:00+01:00,2013-12-31T00:00:00+01:00
18531,NTD_RAB2,COUNTRY,COG,YEAR,AFR,Africa,,2011,,,,,,,,No data,,,,,2024-06-03T07:26:23.447+02:00,2011,2011-01-01T00:00:00+01:00,2011-12-31T00:00:00+01:00
8115725,NTD_RAB2,COUNTRY,CHE,YEAR,EUR,Europe,,2023,,,,,,,,No data,,,,,2025-09-09T13:40:51.93+02:00,2023,2023-01-01T00:00:00+01:00,2023-12-31T00:00:00+01:00
44225,NTD_RAB2,COUNTRY,ARG,YEAR,AMR,Americas,,2020,,,,,,,,0,0.0,,,,2024-06-03T07:26:23.447+02:00,2020,2020-01-01T00:00:00+01:00,2020-12-31T00:00:00+01:00
4942113,NTD_RAB2,COUNTRY,SLB,YEAR,WPR,Western Pacific,,2020,,,,,,,,No data,,,,,2024-06-03T07:26:23.447+02:00,2020,2020-01-01T00:00:00+01:00,2020-12-31T00:00:00+01:00
1759987,NTD_RAB2,COUNTRY,NIC,YEAR,AMR,Americas,,2021,,,,,,,,0,0.0,,,,2024-06-03T07:26:23.447+02:00,2021,2021-01-01T00:00:00+01:00,2021-12-31T00:00:00+01:00
8490940,NTD_RAB2,COUNTRY,ATG,YEAR,AMR,Americas,,2021,,,,,,,,0,0.0,,,,2026-07-15T14:04:38.643+02:00,2021,2021-01-01T00:00:00+01:00,2021-12-31T00:00:00+01:00
2051148,NTD_RAB2,COUNTRY,GNQ,YEAR,AFR,Africa,,2019,,,,,,,,No data,,,,,2024-06-03T07:26:23.447+02:00,2019,2019-01-01T00:00:00+01:00,2019-12-31T00:00:00+01:00
3774705,NTD_RAB2,COUNTRY,BHR,YEAR,EMR,Eastern Mediterranean,,2020,,,,,,,,0,0.0,,,,2024-06-03T07:26:23.447+02:00,2020,2020-01-01T00:00:00+01:00,2020-12-31T00:00:00+01:00
4065284,NTD_RAB2,COUNTRY,IND,YEAR,SEAR,South-East Asia,,2012,,,,,,,,No data,,,,,2024-06-03T07:26:23.447+02:00,2012,2012-01-01T00:00:00+01:00,2012-12-31T00:00:00+01:00
9401755,NTD_RAB2,COUNTRY,ETH,YEAR,AFR,Africa,,2021,,,,,,,,No data,,,,,2024-06-03T07:26:23.447+02:00,2021,2021-01-01T00:00:00+01:00,2021-12-31T00:00:00+01:00
7759527,NTD_RAB2,COUNTRY,CHN,YEAR,WPR,Western Pacific,,2010,,,,,,,,2014,2014.0,,,,2024-06-03T07:26:23.447+02:00,2010,2010-01-01T00:00:00+01:00,2010-12-31T00:00:00+01:00
2719458,NTD_RAB2,COUNTRY,ZMB,YEAR,AFR,Africa,,2021,,,,,,,,No data,,,,,2024-06-03T07:26:23.447+02:00,2021,2021-01-01T00:00:00+01:00,2021-12-31T00:00:00+01:00
6097132,NTD_RAB2,COUNTRY,SYR,YEAR,EMR,Eastern Mediterranean,,2022,,,,,,,,1,1.0,,,,2024-06-03T07:26:23.447+02:00,2022,2022-01-01T00:00:00+01:00,2022-12-31T00:00:00+01:00
9579672,NTD_RAB2,COUNTRY,SWE,YEAR,EUR,Europe,,2018,,,,,,,,No data,,,,,2024-06-03T07:26:23.447+02:00,2018,2018-01-01T00:00:00+01:00,2018-12-31T00:00:00+01:00
1313840,NTD_RAB2,COUNTRY,JOR,YEAR,EMR,Eastern Mediterranean,,2022,,,,,,,,0,0.0,,,,2024-06-03T07:26:23.447+02:00,2022,2022-01-01T00:00:00+01:00,2022-12-31T00:00:00+01:00
3135079,NTD_RAB2,COUNTRY,AUS,YEAR,WPR,Western Pacific,,2012,,,,,,,,No data,,,,,2024-06-03T07:26:23.447+02:00,2012,2012-01-01T00:00:00+01:00,2012-12-31T00:00:00+01:00
4994930,NTD_RAB2,COUNTRY,PRY,YEAR,AMR,Americas,,2024,,,,,,,,0,0.0,,,,2026-07-15T14:04:38.643+02:00,2024,2024-01-01T00:00:00+01:00,2024-12-31T00:00:00+01:00
8378791,NTD_RAB2,COUNTRY,MUS,YEAR,AFR,Africa,,2011,,,,,,,,0,0.0,,,,2024-06-03T07:26:23.447+02:00,2011,2011-01-01T00:00:00+01:00,2011-12-31T00:00:00+01:00
1722412,NTD_RAB2,COUNTRY,GHA,YEAR,AFR,Africa,,2017,,,,,,,,8,8.0,,,,2024-06-03T07:26:23.447+02:00,2017,2017-01-01T00:00:00+01:00,2017-12-31T00:00:00+01:00
8418375,NTD_RAB2,COUNTRY,DEU,YEAR,EUR,Europe,,2023,,,,,,,,0,0.0,,,,2025-09-09T13:40:51.93+02:00,2023,2023-01-01T00:00:00+01:00,2023-12-31T00:00:00+01:00
1784311,NTD_RAB2,COUNTRY,VUT,YEAR,WPR,Western Pacific,,2015,,,,,,,,No data,,,,,2024-06-03T07:26:23.447+02:00,2015,2015-01-01T00:00:00+01:00,2015-12-31T00:00:00+01:00
6770085,NTD_RAB2,COUNTRY,SLE,YEAR,AFR,Africa,,2011,,,,,,,,No data,,,,,2024-06-03T07:26:23.447+02:00,2011,2011-01-01T00:00:00+01:00,2011-12-31T00:00:00+01:00
8484376,NTD_RAB2,COUNTRY,HRV,YEAR,EUR,Europe,,2022,,,,,,,,0,0.0,,,,2024-06-03T07:26:23.447+02:00,2022,2022-01-01T00:00:00+01:00,2022-12-31T00:00:00+01:00
8616344,NTD_RAB2,COUNTRY,CAN,YEAR,AMR,Americas,,2016,,,,,,,,0,0.0,,,,2024-06-03T07:26:23.447+02:00,2016,2016-01-01T00:00:00+01:00,2016-12-31T00:00:00+01:00
2268523,NTD_RAB2,COUNTRY,JPN,YEAR,WPR,Western Pacific,,2016,,,,,,,,No data,,,,,2024-06-03T07:26:23.447+02:00,2016,2016-01-01T00:00:00+01:00,2016-12-31T00:00:00+01:00
4038847,NTD_RAB2,COUNTRY,FJI,YEAR,WPR,Western Pacific,,2017,,,,,,,,No data,,,,,2024-06-03T07:26:23.447+02:00,2017,2017-01-01T00:00:00+01:00,2017-12-31T00:00:00+01:00
2439397,NTD_RAB2,COUNTRY,MEX,YEAR,AMR,Americas,,2022,,,,,,,,4,4.0,,,,2024-06-03T07:26:23.447+02:00,2022,2022-01-01T00:00:00+01:00,2022-12-31T00:00:00+01:00
4091270,NTD_RAB2,COUNTRY,OMN,YEAR,EMR,Eastern Mediterranean,,2010,,,,,,,,0,0.0,,,,2024-06-03T07:26:23.447+02:00,2010,2010-01-01T00:00:00+01:00,2010-12-31T00:00:00+01:00
2778870,NTD_RAB2,COUNTRY,BOL,YEAR,AMR,Americas,,2021,,,,,,,,5,5.0,,,,2024-06-03T07:26:23.447+02:00,2021,2021-01-01T00:00:00+01:00,2021-12-31T00:00:00+01:00
2963385,NTD_RAB2,COUNTRY,THA,YEAR,SEAR,South-East Asia,,2013,,,,,,,,5,5.0,,,,2024-06-03T07:26:23.447+02:00,2013,2013-01-01T00:00:00+01:00,2013-12-31T00:00:00+01:00
1789741,NTD_RAB2,COUNTRY,KEN,YEAR,AFR,Africa,,2017,,,,,,,,350,350.0,,,,2024-06-03T07:26:23.447+02:00,2017,2017-01-01T00:00:00+01:00,2017-12-31T00:00:00+01:00
2044567,NTD_RAB2,COUNTRY,ALB,YEAR,EUR,Europe,,2022,,,,,,,,No data,,,,,2024-06-03T07:26:23.447+02:00,2022,2022-01-01T00:00:00+01:00,2022-12-31T00:00:00+01:00
5391170,NTD_RAB2,COUNTRY,SDN,YEAR,EMR,Eastern Mediterranean,,2024,,,,,,,,3,3.0,,,,2026-07-15T14:04:38.643+02:00,2024,2024-01-01T00:00:00+01:00,2024-12-31T00:00:00+01:00
7185660,NTD_RAB2,COUNTRY,RWA,YEAR,AFR,Africa,,2024,,,,,,,,2,2.0,,,,2025-10-30T17:51:54.843+01:00,2024,2024-01-01T00:00:00+01:00,2024-12-31T00:00:00+01:00
2334566,NTD_RAB2,COUNTRY,NER,YEAR,AFR,Africa,,2012,,,,,,,,No data,,,,,2024-06-03T07:26:23.447+02:00,2012,2012-01-01T00:00:00+01:00,2012-12-31T00:00:00+01:00
4097879,NTD_RAB2,COUNTRY,TUV,YEAR,WPR,Western Pacific,,2019,,,,,,,,No data,,,,,2024-06-03T07:26:23.447+02:00,2019,2019-01-01T00:00:00+01:00,2019-12-31T00:00:00+01:00
4183626,NTD_RAB2,COUNTRY,KWT,YEAR,EMR,Eastern Mediterranean,,2023,,,,,,,,0,0.0,,,,2025-09-09T13:40:51.93+02:00,2023,2023-01-01T00:00:00+01:00,2023-12-31T00:00:00+01:00
4276062,NTD_RAB2,COUNTRY,FJI,YEAR,WPR,Western Pacific,,2010,,,,,,,,No data,,,,,2024-06-03T07:26:23.447+02:00,2010,2010-01-01T00:00:00+01:00,2010-12-31T00:00:00+01:00
4309103,NTD_RAB2,COUNTRY,ARG,YEAR,AMR,Americas,,2016,,,,,,,,0,0.0,,,,2024-06-03T07:26:23.447+02:00,2016,2016-01-01T00:00:00+01:00,2016-12-31T00:00:00+01:00
2653614,NTD_RAB2,COUNTRY,KHM,YEAR,WPR,Western Pacific,,2017,,,,,,,,5,5.0,,,,2024-06-03T07:26:23.447+02:00,2017,2017-01-01T00:00:00+01:00,2017-12-31T00:00:00+01:00
1340329,NTD_RAB2,COUNTRY,VCT,YEAR,AMR,Americas,,2019,,,,,,,,0,0.0,,,,2024-06-03T07:26:23.447+02:00,2019,2019-01-01T00:00:00+01:00,2019-12-31T00:00:00+01:00
3240781,NTD_RAB2,COUNTRY,NPL,YEAR,SEAR,South-East Asia,,2016,,,,,,,,6,6.0,,,,2024-06-03T07:26:23.447+02:00,2016,2016-01-01T00:00:00+01:00,2016-12-31T00:00:00+01:00
6776708,NTD_RAB2,COUNTRY,MRT,YEAR,AFR,Africa,,2016,,,,,,,,No data,,,,,2024-06-03T07:26:23.447+02:00,2016,2016-01-01T00:00:00+01:00,2016-12-31T00:00:00+01:00
5186587,NTD_RAB2,COUNTRY,SWE,YEAR,EUR,Europe,,2015,,,,,,,,0,0.0,,,,2024-06-03T07:26:23.447+02:00,2015,2015-01-01T00:00:00+01:00,2015-12-31T00:00:00+01:00
3563694,NTD_RAB2,COUNTRY,CYP,YEAR,EUR,Europe,,2020,,,,,,,,0,0.0,,,,2024-06-03T07:26:23.447+02:00,2020,2020-01-01T00:00:00+01:00,2020-12-31T00:00:00+01:00
5338332,NTD_RAB2,COUNTRY,NZL,YEAR,WPR,Western Pacific,,2013,,,,,,,,No data,,,,,2024-06-03T07:26:23.447+02:00,2013,2013-01-01T00:00:00+01:00,2013-12-31T00:00:00+01:00
7786026,NTD_RAB2,COUNTRY,AND,YEAR,EUR,Europe,,2015,,,,,,,,No data,,,,,2024-06-03T07:26:23.447+02:00,2015,2015-01-01T00:00:00+01:00,2015-12-31T00:00:00+01:00
1689858,NTD_RAB2,COUNTRY,CRI,YEAR,AMR,Americas,,2021,,,,,,,,0,0.0,,,,2024-06-03T07:26:23.447+02:00,2021,2021-01-01T00:00:00+01:00,2021-12-31T00:00:00+01:00
5067726,NTD_RAB2,COUNTRY,ATG,YEAR,AMR,Americas,,2016,,,,,,,,No data,,,,,2024-06-03T07:26:23.447+02:00,2016,2016-01-01T00:00:00+01:00,2016-12-31T00:00:00+01:00
5120558,NTD_RAB2,COUNTRY,ARM,YEAR,EUR,Europe,,2024,,,,,,,,No data,,,,,2025-09-09T13:40:51.93+02:00,2024,2024-01-01T00:00:00+01:00,2024-12-31T00:00:00+01:00
6921899,NTD_RAB2,COUNTRY,DEU,YEAR,EUR,Europe,,2010,,,,,,,,0,0.0,,,,2024-06-03T07:26:23.447+02:00,2010,2010-01-01T00:00:00+01:00,2010-12-31T00:00:00+01:00
5239469,NTD_RAB2,COUNTRY,AGO,YEAR,AFR,Africa,,2020,,,,,,,,No data,,,,,2024-06-03T07:26:23.447+02:00,2020,2020-01-01T00:00:00+01:00,2020-12-31T00:00:00+01:00
3748354,NTD_RAB2,COUNTRY,KHM,YEAR,WPR,Western Pacific,,2013,,,,,,,,No data,,,,,2024-06-03T07:26:23.447+02:00,2013,2013-01-01T00:00:00+01:00,2013-12-31T00:00:00+01:00
7126346,NTD_RAB2,COUNTRY,NER,YEAR,AFR,Africa,,2019,,,,,,,,No data,,,,,2024-06-03T07:26:23.447+02:00,2019,2019-01-01T00:00:00+01:00,2019-12-31T00:00:00+01:00
5635271,NTD_RAB2,COUNTRY,SDN,YEAR,EMR,Eastern Mediterranean,,2013,,,,,,,,2,2.0,,,,2024-06-03T07:26:23.447+02:00,2013,2013-01-01T00:00:00+01:00,2013-12-31T00:00:00+01:00
4440962,NTD_RAB2,COUNTRY,TCD,YEAR,AFR,Africa,,2014,,,,,,,,No data,,,,,2024-06-03T07:26:23.447+02:00,2014,2014-01-01T00:00:00+01:00,2014-12-31T00:00:00+01:00
6150043,NTD_RAB2,COUNTRY,BHS,YEAR,AMR,Americas,,2016,,,,,,,,0,0.0,,,,2024-06-03T07:26:23.447+02:00,2016,2016-01-01T00:00:00+01:00,2016-12-31T00:00:00+01:00
6447108,NTD_RAB2,COUNTRY,BFA,YEAR,AFR,Africa,,2011,,,,,,,,No data,,,,,2024-06-03T07:26:23.447+02:00,2011,2011-01-01T00:00:00+01:00,2011-12-31T00:00:00+01:00
3227645,NTD_RAB2,COUNTRY,BWA,YEAR,AFR,Africa,,2019,,,,,,,,No data,,,,,2024-06-03T07:26:23.447+02:00,2019,2019-01-01T00:00:00+01:00,2019-12-31T00:00:00+01:00
3234252,NTD_RAB2,COUNTRY,SAU,YEAR,EMR,Eastern Mediterranean,,2014,,,,,,,,No data,,,,,2024-06-03T07:26:23.447+02:00,2014,2014-01-01T00:00:00+01:00,2014-12-31T00:00:00+01:00
3247453,NTD_RAB2,COUNTRY,JAM,YEAR,AMR,Americas,,2017,,,,,,,,0,0.0,,,,2024-06-03T07:26:23.447+02:00,2017,2017-01-01T00:00:00+01:00,2017-12-31T00:00:00+01:00
6710839,NTD_RAB2,COUNTRY,BDI,YEAR,AFR,Africa,,2020,,,,,,,,No data,,,,,2024-06-03T07:26:23.447+02:00,2020,2020-01-01T00:00:00+01:00,2020-12-31T00:00:00+01:00
8497671,NTD_RAB2,COUNTRY,NLD,YEAR,EUR,Europe,,2022,,,,,,,,0,0.0,,,,2024-06-03T07:26:23.447+02:00,2022,2022-01-01T00:00:00+01:00,2022-12-31T00:00:00+01:00
8504288,NTD_RAB2,COUNTRY,ETH,YEAR,AFR,Africa,,2010,,,,,,,,No data,,,,,2024-06-03T07:26:23.447+02:00,2010,2010-01-01T00:00:00+01:00,2010-12-31T00:00:00+01:00
7000961,NTD_RAB2,COUNTRY,URY,YEAR,AMR,Americas,,2010,,,,,,,,0,0.0,,,,2024-06-03T07:26:23.447+02:00,2010,2010-01-01T00:00:00+01:00,2010-12-31T00:00:00+01:00
7020787,NTD_RAB2,COUNTRY,SSD,YEAR,AFR,Africa,,2019,,,,,,,,No data,,,,,2024-06-03T07:26:23.447+02:00,2019,2019-01-01T00:00:00+01:00,2019-12-31T00:00:00+01:00
2130380,NTD_RAB2,COUNTRY,PAK,YEAR,EMR,Eastern Mediterranean,,2020,,,,,,,,No data,,,,,2024-06-03T07:26:23.447+02:00,2020,2020-01-01T00:00:00+01:00,2020-12-31T00:00:00+01:00
8993119,NTD_RAB2,COUNTRY,HND,YEAR,AMR,Americas,,2020,,,,,,,,0,0.0,,,,2024-06-03T07:26:23.447+02:00,2020,2020-01-01T00:00:00+01:00,2020-12-31T00:00:00+01:00
2432916,NTD_RAB2,COUNTRY,MKD,YEAR,EUR,Europe,,2017,,,,,,,,No data,,,,,2024-06-03T07:26:23.447+02:00,2017,2017-01-01T00:00:00+01:00,2017-12-31T00:00:00+01:00
5899310,NTD_RAB2,COUNTRY,BRN,YEAR,WPR,Western Pacific,,2021,,,,,,,,No data,,,,,2024-06-03T07:26:23.447+02:00,2021,2021-01-01T00:00:00+01:00,2021-12-31T00:00:00+01:00
2620902,NTD_RAB2,COUNTRY,PAN,YEAR,AMR,Americas,,2018,,,,,,,,0,0.0,,,,2024-06-03T07:26:23.447+02:00,2018,2018-01-01T00:00:00+01:00,2018-12-31T00:00:00+01:00
2745999,NTD_RAB2,COUNTRY,TLS,YEAR,SEAR,South-East Asia,,2019,,,,,,,,0,0.0,,,,2024-06-03T07:26:23.447+02:00,2019,2019-01-01T00:00:00+01:00,2019-12-31T00:00:00+01:00
6262244,NTD_RAB2,COUNTRY,YEM,YEAR,EMR,Eastern Mediterranean,,2022,,,,,,,,69,69.0,,,,2024-06-03T07:26:23.447+02:00,2022,2022-01-01T00:00:00+01:00,2022-12-31T00:00:00+01:00
1452605,NTD_RAB2,COUNTRY,SVN,YEAR,EUR,Europe,,2023,,,,,,,,0,0.0,,,,2025-09-09T13:40:51.93+02:00,2023,2023-01-01T00:00:00+01:00,2023-12-31T00:00:00+01:00
4823677,NTD_RAB2,COUNTRY,IRL,YEAR,EUR,Europe,,2011,,,,,,,,0,0.0,,,,2024-06-03T07:26:23.447+02:00,2011,2011-01-01T00:00:00+01:00,2011-12-31T00:00:00+01:00
4995063,NTD_RAB2,COUNTRY,TGO,YEAR,AFR,Africa,,2018,,,,,,,,No data,,,,,2024-06-03T07:26:23.447+02:00,2018,2018-01-01T00:00:00+01:00,2018-12-31T00:00:00+01:00
6763615,NTD_RAB2,COUNTRY,COG,YEAR,AFR,Africa,,2022,,,,,,,,No data,,,,,2024-06-03T07:26:23.447+02:00,2022,2022-01-01T00:00:00+01:00,2022-12-31T00:00:00+01:00
1820593,NTD_RAB2,COUNTRY,SWE,YEAR,EUR,Europe,,2024,,,,,,,,No data,,,,,2025-09-09T13:40:51.93+02:00,2024,2024-01-01T00:00:00+01:00,2024-12-31T00:00:00+01:00
1886461,NTD_RAB2,COUNTRY,MWI,YEAR,AFR,Africa,,2020,,,,,,,,No data,,,,,2024-06-03T07:26:23.447+02:00,2020,2020-01-01T00:00:00+01:00,2020-12-31T00:00:00+01:00
3530656,NTD_RAB2,COUNTRY,DOM,YEAR,AMR,Americas,,2022,,,,,,,,0,0.0,,,,2026-07-15T14:04:38.643+02:00,2022,2022-01-01T00:00:00+01:00,2022-12-31T00:00:00+01:00
6935100,NTD_RAB2,COUNTRY,PLW,YEAR,WPR,Western Pacific,,2014,,,,,,,,No data,,,,,2024-06-03T07:26:23.447+02:00,2014,2014-01-01T00:00:00+01:00,2014-12-31T00:00:00+01:00
2347856,NTD_RAB2,COUNTRY,BGD,YEAR,SEAR,South-East Asia,,2022,,,,,,,,45,45.0,,,,2024-06-03T07:26:23.447+02:00,2022,2022-01-01T00:00:00+01:00,2022-12-31T00:00:00+01:00
7350557,NTD_RAB2,COUNTRY,PRT,YEAR,EUR,Europe,,2016,,,,,,,,0,0.0,,,,2024-06-03T07:26:23.447+02:00,2016,2016-01-01T00:00:00+01:00,2016-12-31T00:00:00+01:00
9065669,NTD_RAB2,COUNTRY,ETH,YEAR,AFR,Africa,,2019,,,,,,,,No data,,,,,2024-06-03T07:26:23.447+02:00,2019,2019-01-01T00:00:00+01:00,2019-12-31T00:00:00+01:00
9276580,NTD_RAB2,COUNTRY,MDA,YEAR,EUR,Europe,,2017,,,,,,,,0,0.0,,,,2024-06-03T07:26:23.447+02:00,2017,2017-01-01T00:00:00+01:00,2017-12-31T00:00:00+01:00
9309595,NTD_RAB2,COUNTRY,LAO,YEAR,WPR,Western Pacific,,2017,,,,,,,,4,4.0,,,,2024-06-03T07:26:23.447+02:00,2017,2017-01-01T00:00:00+01:00,2017-12-31T00:00:00+01:00
9362380,NTD_RAB2,COUNTRY,MRT,YEAR,AFR,Africa,,2024,,,,,,,,0,0.0,,,,2026-07-15T14:04:38.643+02:00,2024,2024-01-01T00:00:00+01:00,2024-12-31T00:00:00+01:00
9758022,NTD_RAB2,COUNTRY,MLI,YEAR,AFR,Africa,,2012,,,,,,,,No data,,,,,2024-06-03T07:26:23.447+02:00,2012,2012-01-01T00:00:00+01:00,2012-12-31T00:00:00+01:00
4698346,NTD_RAB2,COUNTRY,KGZ,YEAR,EUR,Europe,,2017,,,,,,,,2,2.0,,,,2024-06-03T07:26:23.447+02:00,2017,2017-01-01T00:00:00+01:00,2017-12-31T00:00:00+01:00
18719,NTD_RAB2,COUNTRY,PER,YEAR,AMR,Americas,,2011,,,,,,,,20,20.0,,,,2024-06-03T07:26:23.447+02:00,2011,2011-01-01T00:00:00+01:00,2011-12-31T00:00:00+01:00
5100811,NTD_RAB2,COUNTRY,PRT,YEAR,EUR,Europe,,2011,,,,,,,,1,1.0,,,,2024-06-03T07:26:23.447+02:00,2011,2011-01-01T00:00:00+01:00,2011-12-31T00:00:00+01:00
2183274,NTD_RAB2,COUNTRY,CIV,YEAR,AFR,Africa,,2016,,,,,,,,18,18.0,,,,2024-06-03T07:26:23.447+02:00,2016,2016-01-01T00:00:00+01:00,2016-12-31T00:00:00+01:00
7390160,NTD_RAB2,COUNTRY,ETH,YEAR,AFR,Africa,,2015,,,,,,,,15,15.0,,,,2024-06-03T07:26:23.447+02:00,2015,2015-01-01T00:00:00+01:00,2015-12-31T00:00:00+01:00
7403422,NTD_RAB2,COUNTRY,AGO,YEAR,AFR,Africa,,2013,,,,,,,,No data,,,,,2024-06-03T07:26:23.447+02:00,2013,2013-01-01T00:00:00+01:00,2013-12-31T00:00:00+01:00
9151384,NTD_RAB2,COUNTRY,BEL,YEAR,EUR,Europe,,2011,,,,,,,,0,0.0,,,,2024-06-03T07:26:23.447+02:00,2011,2011-01-01T00:00:00+01:00,2011-12-31T00:00:00+01:00
6400969,NTD_RAB2,COUNTRY,NAM,YEAR,AFR,Africa,,2024,,,,,,,,6,6.0,,,,2025-10-30T17:51:54.843+01:00,2024,2024-01-01T00:00:00+01:00,2024-12-31T00:00:00+01:00
4929281,NTD_RAB2,COUNTRY,LVA,YEAR,EUR,Europe,,2014,,,,,,,,0,0.0,,,,2024-06-03T07:26:23.447+02:00,2014,2014-01-01T00:00:00+01:00,2014-12-31T00:00:00+01:00
1722591,NTD_RAB2,COUNTRY,BRA,YEAR,AMR,Americas,,2018,,,,,,,,11,11.0,,,,2024-06-03T07:26:23.447+02:00,2018,2018-01-01T00:00:00+01:00,2018-12-31T00:00:00+01:00
6790042,NTD_RAB2,COUNTRY,MLT,YEAR,EUR,Europe,,2019,,,,,,,,0,0.0,,,,2025-09-09T13:40:51.93+02:00,2019,2019-01-01T00:00:00+01:00,2019-12-31T00:00:00+01:00
2044738,NTD_RAB2,COUNTRY,RWA,YEAR,AFR,Africa,,2015,,,,,,,,No data,,,,,2024-06-03T07:26:23.447+02:00,2015,2015-01-01T00:00:00+01:00,2015-12-31T00:00:00+01:00
3768298,NTD_RAB2,COUNTRY,YEM,YEAR,EMR,Eastern Mediterranean,,2011,,,,,,,,No data,,,,,2024-06-03T07:26:23.447+02:00,2011,2011-01-01T00:00:00+01:00,2011-12-31T00:00:00+01:00
5543135,NTD_RAB2,COUNTRY,MRT,YEAR,AFR,Africa,,2015,,,,,,,,No data,,,,,2024-06-03T07:26:23.447+02:00,2015,2015-01-01T00:00:00+01:00,2015-12-31T00:00:00+01:00
9408555,NTD_RAB2,COUNTRY,HUN,YEAR,EUR,Europe,,2019,,,,,,,,0,0.0,,,,2024-06-03T07:26:23.447+02:00,2019,2019-01-01T00:00:00+01:00,2019-12-31T00:00:00+01:00
1301019,NTD_RAB2,COUNTRY,TUN,YEAR,EMR,Eastern Mediterranean,,2014,,,,,,,,3,3.0,,,,2024-06-03T07:26:23.447+02:00,2014,2014-01-01T00:00:00+01:00,2014-12-31T00:00:00+01:00
8003758,NTD_RAB2,COUNTRY,BRA,YEAR,AMR,Americas,,2016,,,,,,,,2,2.0,,,,2024-06-03T07:26:23.447+02:00,2016,2016-01-01T00:00:00+01:00,2016-12-31T00:00:00+01:00
1459232,NTD_RAB2,COUNTRY,GTM,YEAR,AMR,Americas,,2018,,,,,,,,0,0.0,,,,2024-06-03T07:26:23.447+02:00,2018,2018-01-01T00:00:00+01:00,2018-12-31T00:00:00+01:00
6368013,NTD_RAB2,COUNTRY,AUS,YEAR,WPR,Western Pacific,,2015,,,,,,,,No data,,,,,2024-06-03T07:26:23.447+02:00,2015,2015-01-01T00:00:00+01:00,2015-12-31T00:00:00+01:00
1833673,NTD_RAB2,COUNTRY,GUY,YEAR,AMR,Americas,,2018,,,,,,,,No data,,,,,2024-06-03T07:26:23.447+02:00,2018,2018-01-01T00:00:00+01:00,2018-12-31T00:00:00+01:00
7377022,NTD_RAB2,COUNTRY,CRI,YEAR,AMR,Americas,,2024,,,,,,,,0,0.0,,,,2026-07-15T14:04:38.643+02:00,2024,2024-01-01T00:00:00+01:00,2024-12-31T00:00:00+01:00
2502667,NTD_RAB2,COUNTRY,NAM,YEAR,AFR,Africa,,2012,,,,,,,,No data,,,,,2024-06-03T07:26:23.447+02:00,2012,2012-01-01T00:00:00+01:00,2012-12-31T00:00:00+01:00
5912631,NTD_RAB2,COUNTRY,BDI,YEAR,AFR,Africa,,2018,,,,,,,,No data,,,,,2024-06-03T07:26:23.447+02:00,2018,2018-01-01T00:00:00+01:00,2018-12-31T00:00:00+01:00
4388440,NTD_RAB2,COUNTRY,SYC,YEAR,AFR,Africa,,2023,,,,,,,,No data,,,,,2025-09-09T13:40:51.93+02:00,2023,2023-01-01T00:00:00+01:00,2023-12-31T00:00:00+01:00
1559999,NTD_RAB2,COUNTRY,KAZ,YEAR,EUR,Europe,,2011,,,,,,,,10,10.0,,,,2024-06-03T07:26:23.447+02:00,2011,2011-01-01T00:00:00+01:00,2011-12-31T00:00:00+01:00
4889762,NTD_RAB2,COUNTRY,HTI,YEAR,AMR,Americas,,2021,,,,,,,,2,2.0,,,,2024-06-03T07:26:23.447+02:00,2021,2021-01-01T00:00:00+01:00,2021-12-31T00:00:00+01:00
1846886,NTD_RAB2,COUNTRY,MHL,YEAR,WPR,Western Pacific,,2010,,,,,,,,No data,,,,,2024-06-03T07:26:23.447+02:00,2010,2010-01-01T00:00:00+01:00,2010-12-31T00:00:00+01:00
1866684,NTD_RAB2,COUNTRY,PRY,YEAR,AMR,Americas,,2014,,,,,,,,0,0.0,,,,2024-06-03T07:26:23.447+02:00,2014,2014-01-01T00:00:00+01:00,2014-12-31T00:00:00+01:00
1913038,NTD_RAB2,COUNTRY,STP,YEAR,AFR,Africa,,2015,,,,,,,,No data,,,,,2024-06-03T07:26:23.447+02:00,2015,2015-01-01T00:00:00+01:00,2015-12-31T00:00:00+01:00
2058002,NTD_RAB2,COUNTRY,SDN,YEAR,EMR,Eastern Mediterranean,,2016,,,,,,,,1,1.0,,,,2024-06-03T07:26:23.447+02:00,2016,2016-01-01T00:00:00+01:00,2016-12-31T00:00:00+01:00
7139694,NTD_RAB2,COUNTRY,KWT,YEAR,EMR,Eastern Mediterranean,,2017,,,,,,,,0,0.0,,,,2024-06-03T07:26:23.447+02:00,2017,2017-01-01T00:00:00+01:00,2017-12-31T00:00:00+01:00
5510222,NTD_RAB2,COUNTRY,JOR,YEAR,EMR,Eastern Mediterranean,,2015,,,,,,,,0,0.0,,,,2024-06-03T07:26:23.447+02:00,2015,2015-01-01T00:00:00+01:00,2015-12-31T00:00:00+01:00
3834437,NTD_RAB2,COUNTRY,NIU,YEAR,WPR,Western Pacific,,2013,,,,,,,,No data,,,,,2024-06-03T07:26:23.447+02:00,2013,2013-01-01T00:00:00+01:00,2013-12-31T00:00:00+01:00
8933825,NTD_RAB2,COUNTRY,GNB,YEAR,AFR,Africa,,2023,,,,,,,,No data,,,,,2025-09-09T13:40:51.93+02:00,2023,2023-01-01T00:00:00+01:00,2023-12-31T00:00:00+01:00
2400298,NTD_RAB2,COUNTRY,SYR,YEAR,EMR,Eastern Mediterranean,,2019,,,,,,,,2,2.0,,,,2024-06-03T07:26:23.447+02:00,2019,2019-01-01T00:00:00+01:00,2019-12-31T00:00:00+01:00
9092198,NTD_RAB2,COUNTRY,LTU,YEAR,EUR,Europe,,2013,,,,,,,,0,0.0,,,,2024-06-03T07:26:23.447+02:00,2013,2013-01-01T00:00:00+01:00,2013-12-31T00:00:00+01:00
4256460,NTD_RAB2,COUNTRY,SVK,YEAR,EUR,Europe,,2010,,,,,,,,0,0.0,,,,2024-06-03T07:26:23.447+02:00,2010,2010-01-01T00:00:00+01:00,2010-12-31T00:00:00+01:00
6315219,NTD_RAB2,COUNTRY,MDG,YEAR,AFR,Africa,,2020,,,,,,,,8,8.0,,,,2024-06-03T07:26:23.447+02:00,2020,2020-01-01T00:00:00+01:00,2020-12-31T00:00:00+01:00
3075869,NTD_RAB2,COUNTRY,FRA,YEAR,EUR,Europe,,2013,,,,,,,,0,0.0,,,,2024-06-03T07:26:23.447+02:00,2013,2013-01-01T00:00:00+01:00,2013-12-31T00:00:00+01:00
2051424,NTD_RAB2,COUNTRY,GNQ,YEAR,AFR,Africa,,2020,,,,,,,,No data,,,,,2024-06-03T07:26:23.447+02:00,2020,2020-01-01T00:00:00+01:00,2020-12-31T00:00:00+01:00
7086872,NTD_RAB2,COUNTRY,DEU,YEAR,EUR,Europe,,2022,,,,,,,,0,0.0,,,,2024-06-03T07:26:23.447+02:00,2022,2022-01-01T00:00:00+01:00,2022-12-31T00:00:00+01:00
5483836,NTD_RAB2,COUNTRY,UGA,YEAR,AFR,Africa,,2011,,,,,,,,37,37.0,,,,2024-06-03T07:26:23.447+02:00,2011,2011-01-01T00:00:00+01:00,2011-12-31T00:00:00+01:00
3913738,NTD_RAB2,COUNTRY,ARE,YEAR,EMR,Eastern Mediterranean,,2013,,,,,,,,No data,,,,,2024-06-03T07:26:23.447+02:00,2013,2013-01-01T00:00:00+01:00,2013-12-31T00:00:00+01:00
5642035,NTD_RAB2,COUNTRY,HND,YEAR,AMR,Americas,,2018,,,,,,,,0,0.0,,,,2024-06-03T07:26:23.447+02:00,2018,2018-01-01T00:00:00+01:00,2018-12-31T00:00:00+01:00
9118626,NTD_RAB2,COUNTRY,MKD,YEAR,EUR,Europe,,2016,,,,,,,,0,0.0,,,,2024-06-03T07:26:23.447+02:00,2016,2016-01-01T00:00:00+01:00,2016-12-31T00:00:00+01:00
9171232,NTD_RAB2,COUNTRY,DMA,YEAR,AMR,Americas,,2014,,,,,,,,0,0.0,,,,2024-06-03T07:26:23.447+02:00,2014,2014-01-01T00:00:00+01:00,2014-12-31T00:00:00+01:00
7608021,NTD_RAB2,COUNTRY,TUN,YEAR,EMR,Eastern Mediterranean,,2012,,,,,,,,3,3.0,,,,2024-06-03T07:26:23.447+02:00,2012,2012-01-01T00:00:00+01:00,2012-12-31T00:00:00+01:00
4282898,NTD_RAB2,COUNTRY,BGR,YEAR,EUR,Europe,,2015,,,,,,,,0,0.0,,,,2024-06-03T07:26:23.447+02:00,2015,2015-01-01T00:00:00+01:00,2015-12-31T00:00:00+01:00
6387926,NTD_RAB2,COUNTRY,PRK,YEAR,SEAR,South-East Asia,,2018,,,,,,,,No data,,,,,2024-06-03T07:26:23.447+02:00,2018,2018-01-01T00:00:00+01:00,2018-12-31T00:00:00+01:00
8076480,NTD_RAB2,COUNTRY,BRB,YEAR,AMR,Americas,,2011,,,,,,,,0,0.0,,,,2024-06-03T07:26:23.447+02:00,2011,2011-01-01T00:00:00+01:00,2011-12-31T00:00:00+01:00
9784582,NTD_RAB2,COUNTRY,DEU,YEAR,EUR,Europe,,2018,,,,,,,,0,0.0,,,,2024-06-03T07:26:23.447+02:00,2018,2018-01-01T00:00:00+01:00,2018-12-31T00:00:00+01:00
8464913,NTD_RAB2,COUNTRY,NGA,YEAR,AFR,Africa,,2015,,,,,,,,0,0.0,,,,2024-06-03T07:26:23.447+02:00,2015,2015-01-01T00:00:00+01:00,2015-12-31T00:00:00+01:00
3689257,NTD_RAB2,COUNTRY,VNM,YEAR,WPR,Western Pacific,,2023,,,,,,,,82,82.0,,,,2025-09-09T13:40:51.93+02:00,2023,2023-01-01T00:00:00+01:00,2023-12-31T00:00:00+01:00
3709018,NTD_RAB2,COUNTRY,IRN,YEAR,EMR,Eastern Mediterranean,,2017,,,,,,,,12,12.0,,,,2024-06-03T07:26:23.447+02:00,2017,2017-01-01T00:00:00+01:00,2017-12-31T00:00:00+01:00
3748557,NTD_RAB2,COUNTRY,DOM,YEAR,AMR,Americas,,2017,,,,,,,,4,4.0,,,,2024-06-03T07:26:23.447+02:00,2017,2017-01-01T00:00:00+01:00,2017-12-31T00:00:00+01:00
8854578,NTD_RAB2,COUNTRY,CMR,YEAR,AFR,Africa,,2014,,,,,,,,No data,,,,,2024-06-03T07:26:23.447+02:00,2014,2014-01-01T00:00:00+01:00,2014-12-31T00:00:00+01:00
5589334,NTD_RAB2,COUNTRY,SEN,YEAR,AFR,Africa,,2018,,,,,,,,No data,,,,,2024-06-03T07:26:23.447+02:00,2018,2018-01-01T00:00:00+01:00,2018-12-31T00:00:00+01:00
7311161,NTD_RAB2,COUNTRY,BHS,YEAR,AMR,Americas,,2017,,,,,,,,0,0.0,,,,2024-06-03T07:26:23.447+02:00,2017,2017-01-01T00:00:00+01:00,2017-12-31T00:00:00+01:00
7601482,NTD_RAB2,COUNTRY,ZAF,YEAR,AFR,Africa,,2019,,,,,,,,10,10.0,,,,2024-06-03T07:26:23.447+02:00,2019,2019-01-01T00:00:00+01:00,2019-12-31T00:00:00+01:00
5952308,NTD_RAB2,COUNTRY,BTN,YEAR,SEAR,South-East Asia,,2011,,,,,,,,No data,,,,,2024-06-03T07:26:23.447+02:00,2011,2011-01-01T00:00:00+01:00,2011-12-31T00:00:00+01:00
2601530,NTD_RAB2,COUNTRY,AGO,YEAR,AFR,Africa,,2021,,,,,,,,No data,,,,,2024-06-03T07:26:23.447+02:00,2021,2021-01-01T00:00:00+01:00,2021-12-31T00:00:00+01:00
9678964,NTD_RAB2,COUNTRY,FIN,YEAR,EUR,Europe,,2013,,,,,,,,0,0.0,,,,2024-06-03T07:26:23.447+02:00,2013,2013-01-01T00:00:00+01:00,2013-12-31T00:00:00+01:00
6453947,NTD_RAB2,COUNTRY,BGD,YEAR,SEAR,South-East Asia,,2023,,,,,,,,47,47.0,,,,2025-09-09T13:40:51.93+02:00,2023,2023-01-01T00:00:00+01:00,2023-12-31T00:00:00+01:00
5008477,NTD_RAB2,COUNTRY,ZWE,YEAR,AFR,Africa,,2014,,,,,,,,16,16.0,,,,2024-06-03T07:26:23.447+02:00,2014,2014-01-01T00:00:00+01:00,2014-12-31T00:00:00+01:00
1913122,NTD_RAB2,COUNTRY,DZA,YEAR,AFR,Africa,,2012,,,,,,,,No data,,,,,2024-06-03T07:26:23.447+02:00,2012,2012-01-01T00:00:00+01:00,2012-12-31T00:00:00+01:00
8695948,NTD_RAB2,COUNTRY,NPL,YEAR,SEAR,South-East Asia,,2010,,,,,,,,No data,,,,,2024-06-03T07:26:23.447+02:00,2010,2010-01-01T00:00:00+01:00,2010-12-31T00:00:00+01:00
3669485,NTD_RAB2,COUNTRY,HUN,YEAR,EUR,Europe,,2023,,,,,,,,0,0.0,,,,2025-09-09T13:40:51.93+02:00,2023,2023-01-01T00:00:00+01:00,2023-12-31T00:00:00+01:00
5437708,NTD_RAB2,COUNTRY,GRD,YEAR,AMR,Americas,,2019,,,,,,,,No data,,,,,2024-06-03T07:26:23.447+02:00,2019,2019-01-01T00:00:00+01:00,2019-12-31T00:00:00+01:00
3933586,NTD_RAB2,COUNTRY,ARG,YEAR,AMR,Americas,,2017,,,,,,,,0,0.0,,,,2024-06-03T07:26:23.447+02:00,2017,2017-01-01T00:00:00+01:00,2017-12-31T00:00:00+01:00
2502771,NTD_RAB2,COUNTRY,TLS,YEAR,SEAR,South-East Asia,,2013,,,,,,,,No data,,,,,2024-06-03T07:26:23.447+02:00,2013,2013-01-01T00:00:00+01:00,2013-12-31T00:00:00+01:00
6123827,NTD_RAB2,COUNTRY,ROU,YEAR,EUR,Europe,,2021,,,,,,,,0,0.0,,,,2024-06-03T07:26:23.447+02:00,2021,2021-01-01T00:00:00+01:00,2021-12-31T00:00:00+01:00
9751560,NTD_RAB2,COUNTRY,SLB,YEAR,WPR,Western Pacific,,2019,,,,,,,,No data,,,,,2024-06-03T07:26:23.447+02:00,2019,2019-01-01T00:00:00+01:00,2019-12-31T00:00:00+01:00
4784323,NTD_RAB2,COUNTRY,NLD,YEAR,EUR,Europe,,2017,,,,,,,,0,0.0,,,,2024-06-03T07:26:23.447+02:00,2017,2017-01-01T00:00:00+01:00,2017-12-31T00:00:00+01:00
3214684,NTD_RAB2,COUNTRY,PNG,YEAR,WPR,Western Pacific,,2023,,,,,,,,No data,,,,,2025-09-09T13:40:51.93+02:00,2023,2023-01-01T00:00:00+01:00,2023-12-31T00:00:00+01:00
1631716,NTD_RAB2,COUNTRY,PNG,YEAR,WPR,Western Pacific,,2010,,,,,,,,No data,,,,,2024-06-03T07:26:23.447+02:00,2010,2010-01-01T00:00:00+01:00,2010-12-31T00:00:00+01:00
6803423,NTD_RAB2,COUNTRY,TJK,YEAR,EUR,Europe,,2018,,,,,,,,11,11.0,,,,2024-06-03T07:26:23.447+02:00,2018,2018-01-01T00:00:00+01:00,2018-12-31T00:00:00+01:00
2361066,NTD_RAB2,COUNTRY,LTU,YEAR,EUR,Europe,,2015,,,,,,,,0,0.0,,,,2024-06-03T07:26:23.447+02:00,2015,2015-01-01T00:00:00+01:00,2015-12-31T00:00:00+01:00
9210743,NTD_RAB2,COUNTRY,LAO,YEAR,WPR,Western Pacific,,2015,,,,,,,,3,3.0,,,,2024-06-03T07:26:23.447+02:00,2015,2015-01-01T00:00:00+01:00,2015-12-31T00:00:00+01:00
9501176,NTD_RAB2,COUNTRY,USA,YEAR,AMR,Americas,,2010,,,,,,,,2,2.0,,,,2024-06-03T07:26:23.447+02:00,2010,2010-01-01T00:00:00+01:00,2010-12-31T00:00:00+01:00
9758231,NTD_RAB2,COUNTRY,SYC,YEAR,AFR,Africa,,2019,,,,,,,,No data,,,,,2024-06-03T07:26:23.447+02:00,2019,2019-01-01T00:00:00+01:00,2019-12-31T00:00:00+01:00
1540725,NTD_RAB2,COUNTRY,KHM,YEAR,WPR,Western Pacific,,2023,,,,,,,,3,3.0,,,,2025-09-09T13:40:51.93+02:00,2023,2023-01-01T00:00:00+01:00,2023-12-31T00:00:00+01:00
6684627,NTD_RAB2,COUNTRY,ITA,YEAR,EUR,Europe,,2012,,,,,,,,0,0.0,,,,2024-06-03T07:26:23.447+02:00,2012,2012-01-01T00:00:00+01:00,2012-12-31T00:00:00+01:00
5061371,NTD_RAB2,COUNTRY,COL,YEAR,AMR,Americas,,2024,,,,,,,,0,0.0,,,,2026-07-15T14:04:38.643+02:00,2024,2024-01-01T00:00:00+01:00,2024-12-31T00:00:00+01:00
3623283,NTD_RAB2,COUNTRY,BHS,YEAR,AMR,Americas,,2024,,,,,,,,0,0.0,,,,2026-07-15T14:04:38.643+02:00,2024,2024-01-01T00:00:00+01:00,2024-12-31T00:00:00+01:00
7146418,NTD_RAB2,COUNTRY,IDN,YEAR,WPR,Western Pacific,,2013,,,,,,,,No data,,,,,2024-06-03T07:26:23.447+02:00,2013,2013-01-01T00:00:00+01:00,2013-12-31T00:00:00+01:00
2308506,NTD_RAB2,COUNTRY,RUS,YEAR,EUR,Europe,,2017,,,,,,,,2,2.0,,,,2024-06-03T07:26:23.447+02:00,2017,2017-01-01T00:00:00+01:00,2017-12-31T00:00:00+01:00
3979823,NTD_RAB2,COUNTRY,SLB,YEAR,WPR,Western Pacific,,2021,,,,,,,,No data,,,,,2024-06-03T07:26:23.447+02:00,2021,2021-01-01T00:00:00+01:00,2021-12-31T00:00:00+01:00
2407016,NTD_RAB2,COUNTRY,LCA,YEAR,AMR,Americas,,2020,,,,,,,,0,0.0,,,,2024-06-03T07:26:23.447+02:00,2020,2020-01-01T00:00:00+01:00,2020-12-31T00:00:00+01:00
9237203,NTD_RAB2,COUNTRY,MEX,YEAR,AMR,Americas,,2012,,,,,,,,1,1.0,,,,2024-06-03T07:26:23.447+02:00,2012,2012-01-01T00:00:00+01:00,2012-12-31T00:00:00+01:00
7575150,NTD_RAB2,COUNTRY,GEO,YEAR,EUR,Europe,,2016,,,,,,,,0,0.0,,,,2024-06-03T07:26:23.447+02:00,2016,2016-01-01T00:00:00+01:00,2016-12-31T00:00:00+01:00
1225110,NTD_RAB2,COUNTRY,SOM,YEAR,EMR,Eastern Mediterranean,,2024,,,,,,,,No data,,,,,2025-09-09T13:40:51.93+02:00,2024,2024-01-01T00:00:00+01:00,2024-12-31T00:00:00+01:00
4421568,NTD_RAB2,COUNTRY,SMR,YEAR,EUR,Europe,,2015,,,,,,,,No data,,,,,2024-06-03T07:26:23.447+02:00,2015,2015-01-01T00:00:00+01:00,2015-12-31T00:00:00+01:00
7951102,NTD_RAB2,COUNTRY,DMA,YEAR,AMR,Americas,,2021,,,,,,,,0,0.0,,,,2024-06-03T07:26:23.447+02:00,2021,2021-01-01T00:00:00+01:00,2021-12-31T00:00:00+01:00
4586536,NTD_RAB2,COUNTRY,SWZ,YEAR,AFR,Africa,,2018,,,,,,,,No data,,,,,2024-06-03T07:26:23.447+02:00,2018,2018-01-01T00:00:00+01:00,2018-12-31T00:00:00+01:00
4612957,NTD_RAB2,COUNTRY,IRQ,YEAR,EMR,Eastern Mediterranean,,2023,,,,,,,,No data,,,,,2025-09-09T13:40:51.93+02:00,2023,2023-01-01T00:00:00+01:00,2023-12-31T00:00:00+01:00
1479024,NTD_RAB2,COUNTRY,ARG,YEAR,AMR,Americas,,2015,,,,,,,,0,0.0,,,,2024-06-03T07:26:23.447+02:00,2015,2015-01-01T00:00:00+01:00,2015-12-31T00:00:00+01:00
6440785,NTD_RAB2,COUNTRY,SYC,YEAR,AFR,Africa,,2024,,,,,,,,0,0.0,,,,2025-10-30T17:51:54.843+01:00,2024,2024-01-01T00:00:00+01:00,2024-12-31T00:00:00+01:00
1586147,NTD_RAB2,COUNTRY,KNA,YEAR,AMR,Americas,,2020,,,,,,,,0,0.0,,,,2024-06-03T07:26:23.447+02:00,2020,2020-01-01T00:00:00+01:00,2020-12-31T00:00:00+01:00
4995323,NTD_RAB2,COUNTRY,LTU,YEAR,EUR,Europe,,2021,,,,,,,,0,0.0,,,,2024-06-03T07:26:23.447+02:00,2021,2021-01-01T00:00:00+01:00,2021-12-31T00:00:00+01:00
8596939,NTD_RAB2,COUNTRY,EGY,YEAR,EMR,Eastern Mediterranean,,2023,,,,,,,,No data,,,,,2025-09-09T13:40:51.93+02:00,2023,2023-01-01T00:00:00+01:00,2023-12-31T00:00:00+01:00
1972589,NTD_RAB2,COUNTRY,MOZ,YEAR,AFR,Africa,,2022,,,,,,,,No data,,,,,2024-06-03T07:26:23.447+02:00,2022,2022-01-01T00:00:00+01:00,2022-12-31T00:00:00+01:00
8715841,NTD_RAB2,COUNTRY,LUX,YEAR,EUR,Europe,,2010,,,,,,,,0,0.0,,,,2024-06-03T07:26:23.447+02:00,2010,2010-01-01T00:00:00+01:00,2010-12-31T00:00:00+01:00
7100209,NTD_RAB2,COUNTRY,KAZ,YEAR,EUR,Europe,,2019,,,,,,,,3,3.0,,,,2024-06-03T07:26:23.447+02:00,2019,2019-01-01T00:00:00+01:00,2019-12-31T00:00:00+01:00
5497141,NTD_RAB2,COUNTRY,ITA,YEAR,EUR,Europe,,2024,,,,,,,,No data,,,,,2025-09-09T13:40:51.93+02:00,2024,2024-01-01T00:00:00+01:00,2024-12-31T00:00:00+01:00
5648791,NTD_RAB2,COUNTRY,SRB,YEAR,EUR,Europe,,2019,,,,,,,,0,0.0,,,,2024-06-03T07:26:23.447+02:00,2019,2019-01-01T00:00:00+01:00,2019-12-31T00:00:00+01:00
9085779,NTD_RAB2,COUNTRY,JPN,YEAR,WPR,Western Pacific,,2018,,,,,,,,No data,,,,,2024-06-03T07:26:23.447+02:00,2018,2018-01-01T00:00:00+01:00,2018-12-31T00:00:00+01:00
2581844,NTD_RAB2,COUNTRY,ZMB,YEAR,AFR,Africa,,2010,,,,,,,,No data,,,,,2024-06-03T07:26:23.447+02:00,2010,2010-01-01T00:00:00+01:00,2010-12-31T00:00:00+01:00
6077801,NTD_RAB2,COUNTRY,UZB,YEAR,EUR,Europe,,2016,,,,,,,,3,3.0,,,,2024-06-03T07:26:23.447+02:00,2016,2016-01-01T00:00:00+01:00,2016-12-31T00:00:00+01:00
9547305,NTD_RAB2,COUNTRY,SEN,YEAR,AFR,Africa,,2020,,,,,,,,No data,,,,,2024-06-03T07:26:23.447+02:00,2020,2020-01-01T00:00:00+01:00,2020-12-31T00:00:00+01:00
4487505,NTD_RAB2,COUNTRY,SVK,YEAR,EUR,Europe,,2015,,,,,,,,0,0.0,,,,2024-06-03T07:26:23.447+02:00,2015,2015-01-01T00:00:00+01:00,2015-12-31T00:00:00+01:00
9599876,NTD_RAB2,COUNTRY,LBN,YEAR,EMR,Eastern Mediterranean,,2017,,,,,,,,1,1.0,,,,2024-06-03T07:26:23.447+02:00,2017,2017-01-01T00:00:00+01:00,2017-12-31T00:00:00+01:00
9619688,NTD_RAB2,COUNTRY,LAO,YEAR,WPR,Western Pacific,,2014,,,,,,,,4,4.0,,,,2024-06-03T07:26:23.447+02:00,2014,2014-01-01T00:00:00+01:00,2014-12-31T00:00:00+01:00
4579982,NTD_RAB2,COUNTRY,BLR,YEAR,EUR,Europe,,2023,,,,,,,,No data,,,,,2025-09-09T13:40:51.93+02:00,2023,2023-01-01T00:00:00+01:00,2023-12-31T00:00:00+01:00
1419904,NTD_RAB2,COUNTRY,KOR,YEAR,WPR,Western Pacific,,2011,,,,,,,,0,0.0,,,,2024-06-03T07:26:23.447+02:00,2011,2011-01-01T00:00:00+01:00,2011-12-31T00:00:00+01:00
1573377,NTD_RAB2,COUNTRY,RUS,YEAR,EUR,Europe,,2023,,,,,,,,No data,,,,,2025-09-09T13:40:51.93+02:00,2023,2023-01-01T00:00:00+01:00,2023-12-31T00:00:00+01:00
3221351,NTD_RAB2,COUNTRY,MOZ,YEAR,AFR,Africa,,2013,,,,,,,,No data,,,,,2024-06-03T07:26:23.447+02:00,2013,2013-01-01T00:00:00+01:00,2013-12-31T00:00:00+01:00
8629947,NTD_RAB2,COUNTRY,ATG,YEAR,AMR,Americas,,2023,,,,,,,,0,0.0,,,,2026-07-15T14:04:38.643+02:00,2023,2023-01-01T00:00:00+01:00,2023-12-31T00:00:00+01:00
3603701,NTD_RAB2,COUNTRY,TUR,YEAR,EUR,Europe,,2016,,,,,,,,0,0.0,,,,2024-06-03T07:26:23.447+02:00,2016,2016-01-01T00:00:00+01:00,2016-12-31T00:00:00+01:00
5378354,NTD_RAB2,COUNTRY,TKM,YEAR,EUR,Europe,,2021,,,,,,,,No data,,,,,2024-06-03T07:26:23.447+02:00,2021,2021-01-01T00:00:00+01:00,2021-12-31T00:00:00+01:00
3715714,NTD_RAB2,COUNTRY,RWA,YEAR,AFR,Africa,,2022,,,,,,,,No data,,,,,2024-06-03T07:26:23.447+02:00,2022,2022-01-01T00:00:00+01:00,2022-12-31T00:00:00+01:00
3999688,NTD_RAB2,COUNTRY,GHA,YEAR,AFR,Africa,,2018,,,,,,,,No data,,,,,2024-06-03T07:26:23.447+02:00,2018,2018-01-01T00:00:00+01:00,2018-12-31T00:00:00+01:00
2426650,NTD_RAB2,COUNTRY,LKA,YEAR,SEAR,South-East Asia,,2019,,,,,,,,26,26.0,,,,2024-06-03T07:26:23.447+02:00,2019,2019-01-01T00:00:00+01:00,2019-12-31T00:00:00+01:00
7614794,NTD_RAB2,COUNTRY,RUS,YEAR,EUR,Europe,,2012,,,,,,,,4,4.0,,,,2024-06-03T07:26:23.447+02:00,2012,2012-01-01T00:00:00+01:00,2012-12-31T00:00:00+01:00
9421984,NTD_RAB2,COUNTRY,BRN,YEAR,WPR,Western Pacific,,2019,,,,,,,,No data,,,,,2024-06-03T07:26:23.447+02:00,2019,2019-01-01T00:00:00+01:00,2019-12-31T00:00:00+01:00
9566911,NTD_RAB2,COUNTRY,UGA,YEAR,AFR,Africa,,2019,,,,,,,,No data,,,,,2024-06-03T07:26:23.447+02:00,2019,2019-01-01T00:00:00+01:00,2019-12-31T00:00:00+01:00
2891360,NTD_RAB2,COUNTRY,MKD,YEAR,EUR,Europe,,2023,,,,,,,,No data,,,,,2025-09-09T13:40:51.93+02:00,2023,2023-01-01T00:00:00+01:00,2023-12-31T00:00:00+01:00
6315390,NTD_RAB2,COUNTRY,BEN,YEAR,AFR,Africa,,2011,,,,,,,,No data,,,,,2024-06-03T07:26:23.447+02:00,2011,2011-01-01T00:00:00+01:00,2011-12-31T00:00:00+01:00
6513443,NTD_RAB2,COUNTRY,RUS,YEAR,EUR,Europe,,2018,,,,,,,,2,2.0,,,,2024-06-03T07:26:23.447+02:00,2018,2018-01-01T00:00:00+01:00,2018-12-31T00:00:00+01:00
6539868,NTD_RAB2,COUNTRY,NZL,YEAR,WPR,Western Pacific,,2017,,,,,,,,No data,,,,,2024-06-03T07:26:23.447+02:00,2017,2017-01-01T00:00:00+01:00,2017-12-31T00:00:00+01:00
6638459,NTD_RAB2,COUNTRY,VEN,YEAR,AMR,Americas,,2022,,,,,,,,1,1.0,,,,2025-09-09T13:40:51.93+02:00,2022,2022-01-01T00:00:00+01:00,2022-12-31T00:00:00+01:00
6889253,NTD_RAB2,COUNTRY,MWI,YEAR,AFR,Africa,,2017,,,,,,,,9,9.0,,,,2024-06-03T07:26:23.447+02:00,2017,2017-01-01T00:00:00+01:00,2017-12-31T00:00:00+01:00
8729133,NTD_RAB2,COUNTRY,SEN,YEAR,AFR,Africa,,2015,,,,,,,,3,3.0,,,,2024-06-03T07:26:23.447+02:00,2015,2015-01-01T00:00:00+01:00,2015-12-31T00:00:00+01:00
4124650,NTD_RAB2,COUNTRY,BRN,YEAR,WPR,Western Pacific,,2020,,,,,,,,No data,,,,,2024-06-03T07:26:23.447+02:00,2020,2020-01-01T00:00:00+01:00,2020-12-31T00:00:00+01:00
4157661,NTD_RAB2,COUNTRY,SAU,YEAR,EMR,Eastern Mediterranean,,2022,,,,,,,,0,0.0,,,,2025-09-09T13:40:51.93+02:00,2022,2022-01-01T00:00:00+01:00,2022-12-31T00:00:00+01:00
2588504,NTD_RAB2,COUNTRY,FRA,YEAR,EUR,Europe,,2021,,,,,,,,0,0.0,,,,2024-06-03T07:26:23.447+02:00,2021,2021-01-01T00:00:00+01:00,2021-12-31T00:00:00+01:00
2858430,NTD_RAB2,COUNTRY,BHR,YEAR,EMR,Eastern Mediterranean,,2019,,,,,,,,0,0.0,,,,2024-06-03T07:26:23.447+02:00,2019,2019-01-01T00:00:00+01:00,2019-12-31T00:00:00+01:00
2878219,NTD_RAB2,COUNTRY,HRV,YEAR,EUR,Europe,,2011,,,,,,,,0,0.0,,,,2024-06-03T07:26:23.447+02:00,2011,2011-01-01T00:00:00+01:00,2011-12-31T00:00:00+01:00
2044997,NTD_RAB2,COUNTRY,SUR,YEAR,AMR,Americas,,2019,,,,,,,,No data,,,,,2024-06-03T07:26:23.447+02:00,2019,2019-01-01T00:00:00+01:00,2019-12-31T00:00:00+01:00
4006342,NTD_RAB2,COUNTRY,SSD,YEAR,AFR,Africa,,2024,,,,,,,,249,249.0,,,,2025-10-30T17:51:54.843+01:00,2024,2024-01-01T00:00:00+01:00,2024-12-31T00:00:00+01:00
5932719,NTD_RAB2,COUNTRY,COL,YEAR,AMR,Americas,,2015,,,,,,,,No data,,,,,2024-06-03T07:26:23.447+02:00,2015,2015-01-01T00:00:00+01:00,2015-12-31T00:00:00+01:00
4302970,NTD_RAB2,COUNTRY,PRY,YEAR,AMR,Americas,,2022,,,,,,,,0,0.0,,,,2026-07-15T14:04:38.643+02:00,2022,2022-01-01T00:00:00+01:00,2022-12-31T00:00:00+01:00
2700141,NTD_RAB2,COUNTRY,PAK,YEAR,EMR,Eastern Mediterranean,,2012,,,,,,,,No data,,,,,2024-06-03T07:26:23.447+02:00,2012,2012-01-01T00:00:00+01:00,2012-12-31T00:00:00+01:00
4507401,NTD_RAB2,COUNTRY,NRU,YEAR,WPR,Western Pacific,,2018,,,,,,,,No data,,,,,2024-06-03T07:26:23.447+02:00,2018,2018-01-01T00:00:00+01:00,2018-12-31T00:00:00+01:00
4573476,NTD_RAB2,COUNTRY,MLT,YEAR,EUR,Europe,,2012,,,,,,,,0,0.0,,,,2024-06-03T07:26:23.447+02:00,2012,2012-01-01T00:00:00+01:00,2012-12-31T00:00:00+01:00
1612045,NTD_RAB2,COUNTRY,MDG,YEAR,AFR,Africa,,2011,,,,,,,,No data,,,,,2024-06-03T07:26:23.447+02:00,2011,2011-01-01T00:00:00+01:00,2011-12-31T00:00:00+01:00
8366064,NTD_RAB2,COUNTRY,VUT,YEAR,WPR,Western Pacific,,2024,,,,,,,,No data,,,,,2025-09-09T13:40:51.93+02:00,2024,2024-01-01T00:00:00+01:00,2024-12-31T00:00:00+01:00
8498068,NTD_RAB2,COUNTRY,MHL,YEAR,WPR,Western Pacific,,2020,,,,,,,,No data,,,,,2024-06-03T07:26:23.447+02:00,2020,2020-01-01T00:00:00+01:00,2020-12-31T00:00:00+01:00
6895912,NTD_RAB2,COUNTRY,EST,YEAR,EUR,Europe,,2015,,,,,,,,0,0.0,,,,2024-06-03T07:26:23.447+02:00,2015,2015-01-01T00:00:00+01:00,2015-12-31T00:00:00+01:00
8669671,NTD_RAB2,COUNTRY,QAT,YEAR,EMR,Eastern Mediterranean,,2019,,,,,,,,No data,,,,,2024-06-03T07:26:23.447+02:00,2019,2019-01-01T00:00:00+01:00,2019-12-31T00:00:00+01:00
2117549,NTD_RAB2,COUNTRY,USA,YEAR,AMR,Americas,,2022,,,,,,,,0,0.0,,,,2026-07-15T14:04:38.643+02:00,2022,2022-01-01T00:00:00+01:00,2022-12-31T00:00:00+01:00
2209802,NTD_RAB2,COUNTRY,PER,YEAR,AMR,Americas,,2018,,,,,,,,0,0.0,,,,2024-06-03T07:26:23.447+02:00,2018,2018-01-01T00:00:00+01:00,2018-12-31T00:00:00+01:00
4263316,NTD_RAB2,COUNTRY,GNQ,YEAR,AFR,Africa,,2016,,,,,,,,No data,,,,,2024-06-03T07:26:23.447+02:00,2016,2016-01-01T00:00:00+01:00,2016-12-31T00:00:00+01:00
7878594,NTD_RAB2,COUNTRY,ISR,YEAR,EUR,Europe,,2021,,,,,,,,No data,,,,,2024-06-03T07:26:23.447+02:00,2021,2021-01-01T00:00:00+01:00,2021-12-31T00:00:00+01:00
2858475,NTD_RAB2,COUNTRY,MNE,YEAR,EUR,Europe,,2010,,,,,,,,No data,,,,,2024-06-03T07:26:23.447+02:00,2010,2010-01-01T00:00:00+01:00,2010-12-31T00:00:00+01:00
4566893,NTD_RAB2,COUNTRY,BIH,YEAR,EUR,Europe,,2021,,,,,,,,0,0.0,,,,2024-06-03T07:26:23.447+02:00,2021,2021-01-01T00:00:00+01:00,2021-12-31T00:00:00+01:00
9646131,NTD_RAB2,COUNTRY,MKD,YEAR,EUR,Europe,,2024,,,,,,,,No data,,,,,2025-09-09T13:40:51.93+02:00,2024,2024-01-01T00:00:00+01:00,2024-12-31T00:00:00+01:00
2990259,NTD_RAB2,COUNTRY,WSM,YEAR,WPR,Western Pacific,,2013,,,,,,,,No data,,,,,2024-06-03T07:26:23.447+02:00,2013,2013-01-01T00:00:00+01:00,2013-12-31T00:00:00+01:00
5160661,NTD_RAB2,COUNTRY,SEN,YEAR,AFR,Africa,,2021,,,,,,,,No data,,,,,2024-06-03T07:26:23.447+02:00,2021,2021-01-01T00:00:00+01:00,2021-12-31T00:00:00+01:00
8544268,NTD_RAB2,COUNTRY,TUN,YEAR,EMR,Eastern Mediterranean,,2024,,,,,,,,No data,,,,,2025-09-09T13:40:51.93+02:00,2024,2024-01-01T00:00:00+01:00,2024-12-31T00:00:00+01:00
3722424,NTD_RAB2,COUNTRY,BRA,YEAR,AMR,Americas,,2013,,,,,,,,5,5.0,,,,2024-06-03T07:26:23.447+02:00,2013,2013-01-01T00:00:00+01:00,2013-12-31T00:00:00+01:00
2196832,NTD_RAB2,COUNTRY,BIH,YEAR,EUR,Europe,,2020,,,,,,,,0,0.0,,,,2024-06-03T07:26:23.447+02:00,2020,2020-01-01T00:00:00+01:00,2020-12-31T00:00:00+01:00
2335049,NTD_RAB2,COUNTRY,MDG,YEAR,AFR,Africa,,2010,,,,,,,,No data,,,,,2024-06-03T07:26:23.447+02:00,2010,2010-01-01T00:00:00+01:00,2010-12-31T00:00:00+01:00
5827203,NTD_RAB2,COUNTRY,RUS,YEAR,EUR,Europe,,2011,,,,,,,,9,9.0,,,,2024-06-03T07:26:23.447+02:00,2011,2011-01-01T00:00:00+01:00,2011-12-31T00:00:00+01:00
9395717,NTD_RAB2,COUNTRY,JOR,YEAR,EMR,Eastern Mediterranean,,2017,,,,,,,,5,5.0,,,,2024-06-03T07:26:23.447+02:00,2017,2017-01-01T00:00:00+01:00,2017-12-31T00:00:00+01:00
7799515,NTD_RAB2,COUNTRY,LBY,YEAR,EMR,Eastern Mediterranean,,2018,,,,,,,,No data,,,,,2024-06-03T07:26:23.447+02:00,2018,2018-01-01T00:00:00+01:00,2018-12-31T00:00:00+01:00
2858506,NTD_RAB2,COUNTRY,SLV,YEAR,AMR,Americas,,2014,,,,,,,,0,0.0,,,,2024-06-03T07:26:23.447+02:00,2014,2014-01-01T00:00:00+01:00,2014-12-31T00:00:00+01:00
4547077,NTD_RAB2,COUNTRY,ISR,YEAR,EUR,Europe,,2010,,,,,,,,0,0.0,,,,2024-06-03T07:26:23.447+02:00,2010,2010-01-01T00:00:00+01:00,2010-12-31T00:00:00+01:00
9765028,NTD_RAB2,COUNTRY,PHL,YEAR,WPR,Western Pacific,,2022,,,,,,,,284,284.0,,,,2025-09-09T13:40:51.93+02:00,2022,2022-01-01T00:00:00+01:00,2022-12-31T00:00:00+01:00
38570,NTD_RAB2,COUNTRY,SAU,YEAR,EMR,Eastern Mediterranean,,2019,,,,,,,,No data,,,,,2024-06-03T07:26:23.447+02:00,2019,2019-01-01T00:00:00+01:00,2019-12-31T00:00:00+01:00
4751461,NTD_RAB2,COUNTRY,CAF,YEAR,AFR,Africa,,2012,,,,,,,,No data,,,,,2024-06-03T07:26:23.447+02:00,2012,2012-01-01T00:00:00+01:00,2012-12-31T00:00:00+01:00
1501667,NTD_RAB2,COUNTRY,COG,YEAR,AFR,Africa,,2016,,,,,,,,No data,,,,,2024-06-03T07:26:23.447+02:00,2016,2016-01-01T00:00:00+01:00,2016-12-31T00:00:00+01:00
1560310,NTD_RAB2,COUNTRY,ECU,YEAR,AMR,Americas,,2012,,,,,,,,0,0.0,,,,2024-06-03T07:26:23.447+02:00,2012,2012-01-01T00:00:00+01:00,2012-12-31T00:00:00+01:00
4909842,NTD_RAB2,COUNTRY,KOR,YEAR,WPR,Western Pacific,,2019,,,,,,,,No data,,,,,2024-06-03T07:26:23.447+02:00,2019,2019-01-01T00:00:00+01:00,2019-12-31T00:00:00+01:00
5015315,NTD_RAB2,COUNTRY,STP,YEAR,AFR,Africa,,2010,,,,,,,,No data,,,,,2024-06-03T07:26:23.447+02:00,2010,2010-01-01T00:00:00+01:00,2010-12-31T00:00:00+01:00
6816792,NTD_RAB2,COUNTRY,NGA,YEAR,AFR,Africa,,2020,,,,,,,,No data,,,,,2024-06-03T07:26:23.447+02:00,2020,2020-01-01T00:00:00+01:00,2020-12-31T00:00:00+01:00
5154070,NTD_RAB2,COUNTRY,SGP,YEAR,WPR,Western Pacific,,2021,,,,,,,,No data,,,,,2024-06-03T07:26:23.447+02:00,2021,2021-01-01T00:00:00+01:00,2021-12-31T00:00:00+01:00
6849746,NTD_RAB2,COUNTRY,BOL,YEAR,AMR,Americas,,2010,,,,,,,,2,2.0,,,,2024-06-03T07:26:23.447+02:00,2010,2010-01-01T00:00:00+01:00,2010-12-31T00:00:00+01:00
3597198,NTD_RAB2,COUNTRY,NLD,YEAR,EUR,Europe,,2019,,,,,,,,0,0.0,,,,2024-06-03T07:26:23.447+02:00,2019,2019-01-01T00:00:00+01:00,2019-12-31T00:00:00+01:00
2117588,NTD_RAB2,COUNTRY,EST,YEAR,EUR,Europe,,2017,,,,,,,,0,0.0,,,,2024-06-03T07:26:23.447+02:00,2017,2017-01-01T00:00:00+01:00,2017-12-31T00:00:00+01:00
7443294,NTD_RAB2,COUNTRY,SGP,YEAR,WPR,Western Pacific,,2023,,,,,,,,0,0.0,,,,2025-09-09T13:40:51.93+02:00,2023,2023-01-01T00:00:00+01:00,2023-12-31T00:00:00+01:00
5820647,NTD_RAB2,COUNTRY,FIN,YEAR,EUR,Europe,,2018,,,,,,,,0,0.0,,,,2024-06-03T07:26:23.447+02:00,2018,2018-01-01T00:00:00+01:00,2018-12-31T00:00:00+01:00
7562136,NTD_RAB2,COUNTRY,IRQ,YEAR,EMR,Eastern Mediterranean,,2013,,,,,,,,8,8.0,,,,2024-06-03T07:26:23.447+02:00,2013,2013-01-01T00:00:00+01:00,2013-12-31T00:00:00+01:00
9507967,NTD_RAB2,COUNTRY,CIV,YEAR,AFR,Africa,,2018,,,,,,,,25,25.0,,,,2024-06-03T07:26:23.447+02:00,2018,2018-01-01T00:00:00+01:00,2018-12-31T00:00:00+01:00
8063538,NTD_RAB2,COUNTRY,MDA,YEAR,EUR,Europe,,2021,,,,,,,,0,0.0,,,,2024-06-03T07:26:23.447+02:00,2021,2021-01-01T00:00:00+01:00,2021-12-31T00:00:00+01:00
3069593,NTD_RAB2,COUNTRY,GHA,YEAR,AFR,Africa,,2010,,,,,,,,No data,,,,,2024-06-03T07:26:23.447+02:00,2010,2010-01-01T00:00:00+01:00,2010-12-31T00:00:00+01:00
1488473,NTD_RAB2,COUNTRY,BFA,YEAR,AFR,Africa,,2020,,,,,,,,25,25.0,,,,2024-06-03T07:26:23.447+02:00,2020,2020-01-01T00:00:00+01:00,2020-12-31T00:00:00+01:00
8478381,NTD_RAB2,COUNTRY,BEN,YEAR,AFR,Africa,,2010,,,,,,,,No data,,,,,2024-06-03T07:26:23.447+02:00,2010,2010-01-01T00:00:00+01:00,2010-12-31T00:00:00+01:00
8484966,NTD_RAB2,COUNTRY,TUR,YEAR,EUR,Europe,,2012,,,,,,,,1,1.0,,,,2024-06-03T07:26:23.447+02:00,2012,2012-01-01T00:00:00+01:00,2012-12-31T00:00:00+01:00
5246554,NTD_RAB2,COUNTRY,KIR,YEAR,WPR,Western Pacific,,2014,,,,,,,,No data,,,,,2024-06-03T07:26:23.447+02:00,2014,2014-01-01T00:00:00+01:00,2014-12-31T00:00:00+01:00
6942132,NTD_RAB2,COUNTRY,BOL,YEAR,AMR,Americas,,2019,,,,,,,,1,1.0,,,,2024-06-03T07:26:23.447+02:00,2019,2019-01-01T00:00:00+01:00,2019-12-31T00:00:00+01:00
3597234,NTD_RAB2,COUNTRY,TUN,YEAR,EMR,Eastern Mediterranean,,2011,,,,,,,,No data,,,,,2024-06-03T07:26:23.447+02:00,2011,2011-01-01T00:00:00+01:00,2011-12-31T00:00:00+01:00
3603852,NTD_RAB2,COUNTRY,GNB,YEAR,AFR,Africa,,2019,,,,,,,,No data,,,,,2024-06-03T07:26:23.447+02:00,2019,2019-01-01T00:00:00+01:00,2019-12-31T00:00:00+01:00
7159752,NTD_RAB2,COUNTRY,DZA,YEAR,AFR,Africa,,2023,,,,,,,,No data,,,,,2025-09-09T13:40:51.93+02:00,2023,2023-01-01T00:00:00+01:00,2023-12-31T00:00:00+01:00
8934152,NTD_RAB2,COUNTRY,TON,YEAR,WPR,Western Pacific,,2024,,,,,,,,No data,,,,,2025-09-09T13:40:51.93+02:00,2024,2024-01-01T00:00:00+01:00,2024-12-31T00:00:00+01:00
7311451,NTD_RAB2,COUNTRY,JPN,YEAR,WPR,Western Pacific,,2024,,,,,,,,No data,,,,,2025-09-09T13:40:51.93+02:00,2024,2024-01-01T00:00:00+01:00,2024-12-31T00:00:00+01:00
5662194,NTD_RAB2,COUNTRY,CHL,YEAR,AMR,Americas,,2020,,,,,,,,0,0.0,,,,2024-06-03T07:26:23.447+02:00,2020,2020-01-01T00:00:00+01:00,2020-12-31T00:00:00+01:00
5715041,NTD_RAB2,COUNTRY,NGA,YEAR,AFR,Africa,,2017,,,,,,,,4,4.0,,,,2024-06-03T07:26:23.447+02:00,2017,2017-01-01T00:00:00+01:00,2017-12-31T00:00:00+01:00
6335374,NTD_RAB2,COUNTRY,TTO,YEAR,AMR,Americas,,2024,,,,,,,,0,0.0,,,,2026-07-15T14:04:38.643+02:00,2024,2024-01-01T00:00:00+01:00,2024-12-31T00:00:00+01:00
8063558,NTD_RAB2,COUNTRY,FIN,YEAR,EUR,Europe,,2016,,,,,,,,0,0.0,,,,2024-06-03T07:26:23.447+02:00,2016,2016-01-01T00:00:00+01:00,2016-12-31T00:00:00+01:00
3076212,NTD_RAB2,COUNTRY,CAF,YEAR,AFR,Africa,,2014,,,,,,,,No data,,,,,2024-06-03T07:26:23.447+02:00,2014,2014-01-01T00:00:00+01:00,2014-12-31T00:00:00+01:00
8188677,NTD_RAB2,COUNTRY,NRU,YEAR,WPR,Western Pacific,,2020,,,,,,,,No data,,,,,2024-06-03T07:26:23.447+02:00,2020,2020-01-01T00:00:00+01:00,2020-12-31T00:00:00+01:00
6737734,NTD_RAB2,COUNTRY,ZWE,YEAR,AFR,Africa,,2010,,,,,,,,2,2.0,,,,2024-06-03T07:26:23.447+02:00,2010,2010-01-01T00:00:00+01:00,2010-12-31T00:00:00+01:00
1827463,NTD_RAB2,COUNTRY,LCA,YEAR,AMR,Americas,,2023,,,,,,,,0,0.0,,,,2026-07-15T14:04:38.643+02:00,2023,2023-01-01T00:00:00+01:00,2023-12-31T00:00:00+01:00
1893538,NTD_RAB2,COUNTRY,COM,YEAR,AFR,Africa,,2023,,,,,,,,No data,,,,,2025-09-09T13:40:51.93+02:00,2023,2023-01-01T00:00:00+01:00,2023-12-31T00:00:00+01:00
6935559,NTD_RAB2,COUNTRY,FJI,YEAR,WPR,Western Pacific,,2022,,,,,,,,No data,,,,,2024-06-03T07:26:23.447+02:00,2022,2022-01-01T00:00:00+01:00,2022-12-31T00:00:00+01:00
5404960,NTD_RAB2,COUNTRY,HUN,YEAR,EUR,Europe,,2012,,,,,,,,0,0.0,,,,2024-06-03T07:26:23.447+02:00,2012,2012-01-01T00:00:00+01:00,2012-12-31T00:00:00+01:00
8795442,NTD_RAB2,COUNTRY,URY,YEAR,AMR,Americas,,2015,,,,,,,,0,0.0,,,,2024-06-03T07:26:23.447+02:00,2015,2015-01-01T00:00:00+01:00,2015-12-31T00:00:00+01:00
3933867,NTD_RAB2,COUNTRY,IDN,YEAR,WPR,Western Pacific,,2018,,,,,,,,No data,,,,,2024-06-03T07:26:23.447+02:00,2018,2018-01-01T00:00:00+01:00,2018-12-31T00:00:00+01:00
4019599,NTD_RAB2,COUNTRY,RWA,YEAR,AFR,Africa,,2016,,,,,,,,No data,,,,,2024-06-03T07:26:23.447+02:00,2016,2016-01-01T00:00:00+01:00,2016-12-31T00:00:00+01:00
9158388,NTD_RAB2,COUNTRY,DJI,YEAR,EMR,Eastern Mediterranean,,2017,,,,,,,,No data,,,,,2024-06-03T07:26:23.447+02:00,2017,2017-01-01T00:00:00+01:00,2017-12-31T00:00:00+01:00
1258400,NTD_RAB2,COUNTRY,PHL,YEAR,WPR,Western Pacific,,2021,,,,,,,,282,282.0,,,,2024-06-03T07:26:23.447+02:00,2021,2021-01-01T00:00:00+01:00,2021-12-31T00:00:00+01:00
6421244,NTD_RAB2,COUNTRY,BFA,YEAR,AFR,Africa,,2017,,,,,,,,No data,,,,,2024-06-03T07:26:23.447+02:00,2017,2017-01-01T00:00:00+01:00,2017-12-31T00:00:00+01:00
3399588,NTD_RAB2,COUNTRY,BIH,YEAR,EUR,Europe,,2011,,,,,,,,0,0.0,,,,2024-06-03T07:26:23.447+02:00,2011,2011-01-01T00:00:00+01:00,2011-12-31T00:00:00+01:00
6783874,NTD_RAB2,COUNTRY,DJI,YEAR,EMR,Eastern Mediterranean,,2022,,,,,,,,No data,,,,,2024-06-03T07:26:23.447+02:00,2022,2022-01-01T00:00:00+01:00,2022-12-31T00:00:00+01:00
2315378,NTD_RAB2,COUNTRY,MNG,YEAR,WPR,Western Pacific,,2012,,,,,,,,No data,,,,,2024-06-03T07:26:23.447+02:00,2012,2012-01-01T00:00:00+01:00,2012-12-31T00:00:00+01:00
7568780,NTD_RAB2,COUNTRY,AZE,YEAR,EUR,Europe,,2011,,,,,,,,No data,,,,,2024-06-03T07:26:23.447+02:00,2011,2011-01-01T00:00:00+01:00,2011-12-31T00:00:00+01:00
7575396,NTD_RAB2,COUNTRY,ISR,YEAR,EUR,Europe,,2011,,,,,,,,0,0.0,,,,2024-06-03T07:26:23.447+02:00,2011,2011-01-01T00:00:00+01:00,2011-12-31T00:00:00+01:00
7641403,NTD_RAB2,COUNTRY,ECU,YEAR,AMR,Americas,,2018,,,,,,,,0,0.0,,,,2024-06-03T07:26:23.447+02:00,2018,2018-01-01T00:00:00+01:00,2018-12-31T00:00:00+01:00
2726678,NTD_RAB2,COUNTRY,THA,YEAR,SEAR,South-East Asia,,2011,,,,,,,,8,8.0,,,,2024-06-03T07:26:23.447+02:00,2011,2011-01-01T00:00:00+01:00,2011-12-31T00:00:00+01:00
2812454,NTD_RAB2,COUNTRY,SAU,YEAR,EMR,Eastern Mediterranean,,2023,,,,,,,,0,0.0,,,,2025-09-09T13:40:51.93+02:00,2023,2023-01-01T00:00:00+01:00,2023-12-31T00:00:00+01:00
6302406,NTD_RAB2,COUNTRY,PRK,YEAR,SEAR,South-East Asia,,2013,,,,,,,,No data,,,,,2024-06-03T07:26:23.447+02:00,2013,2013-01-01T00:00:00+01:00,2013-12-31T00:00:00+01:00
1521166,NTD_RAB2,COUNTRY,NPL,YEAR,SEAR,South-East Asia,,2019,,,,,,,,18,18.0,,,,2024-06-03T07:26:23.447+02:00,2019,2019-01-01T00:00:00+01:00,2019-12-31T00:00:00+01:00
3228187,NTD_RAB2,COUNTRY,CIV,YEAR,AFR,Africa,,2020,,,,,,,,18,18.0,,,,2024-06-03T07:26:23.447+02:00,2020,2020-01-01T00:00:00+01:00,2020-12-31T00:00:00+01:00
6757546,NTD_RAB2,COUNTRY,COD,YEAR,AFR,Africa,,2016,,,,,,,,No data,,,,,2024-06-03T07:26:23.447+02:00,2016,2016-01-01T00:00:00+01:00,2016-12-31T00:00:00+01:00
6929017,NTD_RAB2,COUNTRY,MNG,YEAR,WPR,Western Pacific,,2020,,,,,,,,1,1.0,,,,2024-06-03T07:26:23.447+02:00,2020,2020-01-01T00:00:00+01:00,2020-12-31T00:00:00+01:00
7133556,NTD_RAB2,COUNTRY,ESP,YEAR,EUR,Europe,,2018,,,,,,,,0,0.0,,,,2024-06-03T07:26:23.447+02:00,2018,2018-01-01T00:00:00+01:00,2018-12-31T00:00:00+01:00
8861557,NTD_RAB2,COUNTRY,ARG,YEAR,AMR,Americas,,2011,,,,,,,,0,0.0,,,,2024-06-03T07:26:23.447+02:00,2011,2011-01-01T00:00:00+01:00,2011-12-31T00:00:00+01:00
9053011,NTD_RAB2,COUNTRY,COK,YEAR,WPR,Western Pacific,,2024,,,,,,,,No data,,,,,2025-09-09T13:40:51.93+02:00,2024,2024-01-01T00:00:00+01:00,2024-12-31T00:00:00+01:00
9244081,NTD_RAB2,COUNTRY,SUR,YEAR,AMR,Americas,,2015,,,,,,,,No data,,,,,2024-06-03T07:26:23.447+02:00,2015,2015-01-01T00:00:00+01:00,2015-12-31T00:00:00+01:00
7687575,NTD_RAB2,COUNTRY,GRC,YEAR,EUR,Europe,,2014,,,,,,,,0,0.0,,,,2024-06-03T07:26:23.447+02:00,2014,2014-01-01T00:00:00+01:00,2014-12-31T00:00:00+01:00
4547198,NTD_RAB2,COUNTRY,GUF,YEAR,AMR,Americas,,2022,,,,,,,,No data,,,,,2025-09-09T13:40:51.93+02:00,2022,2022-01-01T00:00:00+01:00,2022-12-31T00:00:00+01:00
6276017,NTD_RAB2,COUNTRY,AUS,YEAR,WPR,Western Pacific,,2017,,,,,,,,No data,,,,,2024-06-03T07:26:23.447+02:00,2017,2017-01-01T00:00:00+01:00,2017-12-31T00:00:00+01:00
1521196,NTD_RAB2,COUNTRY,FIN,YEAR,EUR,Europe,,2024,,,,,,,,No data,,,,,2025-09-09T13:40:51.93+02:00,2024,2024-01-01T00:00:00+01:00,2024-12-31T00:00:00+01:00
3122535,NTD_RAB2,COUNTRY,SLE,YEAR,AFR,Africa,,2023,,,,,,,,No data,,,,,2025-09-09T13:40:51.93+02:00,2023,2023-01-01T00:00:00+01:00,2023-12-31T00:00:00+01:00
1803352,NTD_RAB2,COUNTRY,POL,YEAR,EUR,Europe,,2014,,,,,,,,0,0.0,,,,2024-06-03T07:26:23.447+02:00,2014,2014-01-01T00:00:00+01:00,2014-12-31T00:00:00+01:00
3570908,NTD_RAB2,COUNTRY,BFA,YEAR,AFR,Africa,,2018,,,,,,,,No data,,,,,2024-06-03T07:26:23.447+02:00,2018,2018-01-01T00:00:00+01:00,2018-12-31T00:00:00+01:00
5332367,NTD_RAB2,COUNTRY,CMR,YEAR,AFR,Africa,,2019,,,,,,,,No data,,,,,2024-06-03T07:26:23.447+02:00,2019,2019-01-01T00:00:00+01:00,2019-12-31T00:00:00+01:00
7159862,NTD_RAB2,COUNTRY,SEN,YEAR,AFR,Africa,,2014,,,,,,,,2,2.0,,,,2024-06-03T07:26:23.447+02:00,2014,2014-01-01T00:00:00+01:00,2014-12-31T00:00:00+01:00
9013441,NTD_RAB2,COUNTRY,ISL,YEAR,EUR,Europe,,2016,,,,,,,,0,0.0,,,,2025-09-09T13:40:51.93+02:00,2016,2016-01-01T00:00:00+01:00,2016-12-31T00:00:00+01:00
9086069,NTD_RAB2,COUNTRY,MMR,YEAR,SEAR,South-East Asia,,2012,,,,,,,,179,179.0,,,,2024-06-03T07:26:23.447+02:00,2012,2012-01-01T00:00:00+01:00,2012-12-31T00:00:00+01:00
7416985,NTD_RAB2,COUNTRY,BRA,YEAR,AMR,Americas,,2019,,,,,,,,1,1.0,,,,2024-06-03T07:26:23.447+02:00,2019,2019-01-01T00:00:00+01:00,2019-12-31T00:00:00+01:00
1265058,NTD_RAB2,COUNTRY,SSD,YEAR,AFR,Africa,,2016,,,,,,,,No data,,,,,2024-06-03T07:26:23.447+02:00,2016,2016-01-01T00:00:00+01:00,2016-12-31T00:00:00+01:00
3023480,NTD_RAB2,COUNTRY,MOZ,YEAR,AFR,Africa,,2020,,,,,,,,No data,,,,,2024-06-03T07:26:23.447+02:00,2020,2020-01-01T00:00:00+01:00,2020-12-31T00:00:00+01:00
6493918,NTD_RAB2,COUNTRY,COL,YEAR,AMR,Americas,,2017,,,,,,,,No data,,,,,2024-06-03T07:26:23.447+02:00,2017,2017-01-01T00:00:00+01:00,2017-12-31T00:00:00+01:00
8313501,NTD_RAB2,COUNTRY,MLI,YEAR,AFR,Africa,,2020,,,,,,,,No data,,,,,2024-06-03T07:26:23.447+02:00,2020,2020-01-01T00:00:00+01:00,2020-12-31T00:00:00+01:00
8478497,NTD_RAB2,COUNTRY,GUF,YEAR,AMR,Americas,,2019,,,,,,,,No data,,,,,2025-09-09T13:40:51.93+02:00,2019,2019-01-01T00:00:00+01:00,2019-12-31T00:00:00+01:00
6902723,NTD_RAB2,COUNTRY,MDV,YEAR,SEAR,South-East Asia,,2014,,,,,,,,No data,,,,,2024-06-03T07:26:23.447+02:00,2014,2014-01-01T00:00:00+01:00,2014-12-31T00:00:00+01:00
3570945,NTD_RAB2,COUNTRY,FIN,YEAR,EUR,Europe,,2019,,,,,,,,0,0.0,,,,2024-06-03T07:26:23.447+02:00,2019,2019-01-01T00:00:00+01:00,2019-12-31T00:00:00+01:00
8755819,NTD_RAB2,COUNTRY,LCA,YEAR,AMR,Americas,,2014,,,,,,,,0,0.0,,,,2024-06-03T07:26:23.447+02:00,2014,2014-01-01T00:00:00+01:00,2014-12-31T00:00:00+01:00
5596342,NTD_RAB2,COUNTRY,DNK,YEAR,EUR,Europe,,2019,,,,,,,,0,0.0,,,,2024-06-03T07:26:23.447+02:00,2019,2019-01-01T00:00:00+01:00,2019-12-31T00:00:00+01:00
7390688,NTD_RAB2,COUNTRY,KNA,YEAR,AMR,Americas,,2011,,,,,,,,0,0.0,,,,2024-06-03T07:26:23.447+02:00,2011,2011-01-01T00:00:00+01:00,2011-12-31T00:00:00+01:00
5794366,NTD_RAB2,COUNTRY,MNG,YEAR,WPR,Western Pacific,,2015,,,,,,,,0,0.0,,,,2024-06-03T07:26:23.447+02:00,2015,2015-01-01T00:00:00+01:00,2015-12-31T00:00:00+01:00
4316371,NTD_RAB2,COUNTRY,BGR,YEAR,EUR,Europe,,2018,,,,,,,,0,0.0,,,,2025-09-09T13:40:51.93+02:00,2018,2018-01-01T00:00:00+01:00,2018-12-31T00:00:00+01:00
6196932,NTD_RAB2,COUNTRY,JOR,YEAR,EMR,Eastern Mediterranean,,2016,,,,,,,,1,1.0,,,,2024-06-03T07:26:23.447+02:00,2016,2016-01-01T00:00:00+01:00,2016-12-31T00:00:00+01:00
2904827,NTD_RAB2,COUNTRY,SOM,YEAR,EMR,Eastern Mediterranean,,2012,,,,,,,,No data,,,,,2024-06-03T07:26:23.447+02:00,2012,2012-01-01T00:00:00+01:00,2012-12-31T00:00:00+01:00
9718974,NTD_RAB2,COUNTRY,BHS,YEAR,AMR,Americas,,2011,,,,,,,,0,0.0,,,,2024-06-03T07:26:23.447+02:00,2011,2011-01-01T00:00:00+01:00,2011-12-31T00:00:00+01:00
8287097,NTD_RAB2,COUNTRY,MWI,YEAR,AFR,Africa,,2012,,,,,,,,No data,,,,,2024-06-03T07:26:23.447+02:00,2012,2012-01-01T00:00:00+01:00,2012-12-31T00:00:00+01:00
8590697,NTD_RAB2,COUNTRY,PRK,YEAR,SEAR,South-East Asia,,2017,,,,,,,,No data,,,,,2024-06-03T07:26:23.447+02:00,2017,2017-01-01T00:00:00+01:00,2017-12-31T00:00:00+01:00
5253306,NTD_RAB2,COUNTRY,TJK,YEAR,EUR,Europe,,2021,,,,,,,,No data,,,,,2024-06-03T07:26:23.447+02:00,2021,2021-01-01T00:00:00+01:00,2021-12-31T00:00:00+01:00
7423645,NTD_RAB2,COUNTRY,MKD,YEAR,EUR,Europe,,2011,,,,,,,,No data,,,,,2024-06-03T07:26:23.447+02:00,2011,2011-01-01T00:00:00+01:00,2011-12-31T00:00:00+01:00
5880143,NTD_RAB2,COUNTRY,NIU,YEAR,WPR,Western Pacific,,2017,,,,,,,,No data,,,,,2024-06-03T07:26:23.447+02:00,2017,2017-01-01T00:00:00+01:00,2017-12-31T00:00:00+01:00
6137499,NTD_RAB2,COUNTRY,DMA,YEAR,AMR,Americas,,2019,,,,,,,,0,0.0,,,,2024-06-03T07:26:23.447+02:00,2019,2019-01-01T00:00:00+01:00,2019-12-31T00:00:00+01:00
7878827,NTD_RAB2,COUNTRY,GAB,YEAR,AFR,Africa,,2018,,,,,,,,No data,,,,,2024-06-03T07:26:23.447+02:00,2018,2018-01-01T00:00:00+01:00,2018-12-31T00:00:00+01:00
5570021,NTD_RAB2,COUNTRY,UKR,YEAR,EUR,Europe,,2012,,,,,,,,0,0.0,,,,2024-06-03T07:26:23.447+02:00,2012,2012-01-01T00:00:00+01:00,2012-12-31T00:00:00+01:00
4197576,NTD_RAB2,COUNTRY,BEL,YEAR,EUR,Europe,,2017,,,,,,,,0,0.0,,,,2024-06-03T07:26:23.447+02:00,2017,2017-01-01T00:00:00+01:00,2017-12-31T00:00:00+01:00
5926370,NTD_RAB2,COUNTRY,MAR,YEAR,EMR,Eastern Mediterranean,,2019,,,,,,,,22,22.0,,,,2024-06-03T07:26:23.447+02:00,2019,2019-01-01T00:00:00+01:00,2019-12-31T00:00:00+01:00
9389356,NTD_RAB2,COUNTRY,USA,YEAR,AMR,Americas,,2015,,,,,,,,3,3.0,,,,2024-06-03T07:26:23.447+02:00,2015,2015-01-01T00:00:00+01:00,2015-12-31T00:00:00+01:00
9395955,NTD_RAB2,COUNTRY,ISR,YEAR,EUR,Europe,,2014,,,,,,,,No data,,,,,2024-06-03T07:26:23.447+02:00,2014,2014-01-01T00:00:00+01:00,2014-12-31T00:00:00+01:00
6150718,NTD_RAB2,COUNTRY,PRY,YEAR,AMR,Americas,,2016,,,,,,,,0,0.0,,,,2024-06-03T07:26:23.447+02:00,2016,2016-01-01T00:00:00+01:00,2016-12-31T00:00:00+01:00
9626621,NTD_RAB2,COUNTRY,QAT,YEAR,EMR,Eastern Mediterranean,,2024,,,,,,,,0,0.0,,,,2026-07-15T14:04:38.643+02:00,2024,2024-01-01T00:00:00+01:00,2024-12-31T00:00:00+01:00
1527878,NTD_RAB2,COUNTRY,LTU,YEAR,EUR,Europe,,2019,,,,,,,,0,0.0,,,,2024-06-03T07:26:23.447+02:00,2019,2019-01-01T00:00:00+01:00,2019-12-31T00:00:00+01:00
1579942,NTD_RAB2,COUNTRY,DOM,YEAR,AMR,Americas,,2021,,,,,,,,0,0.0,,,,2024-06-03T07:26:23.447+02:00,2021,2021-01-01T00:00:00+01:00,2021-12-31T00:00:00+01:00
6691679,NTD_RAB2,COUNTRY,UZB,YEAR,EUR,Europe,,2012,,,,,,,,No data,,,,,2024-06-03T07:26:23.447+02:00,2012,2012-01-01T00:00:00+01:00,2012-12-31T00:00:00+01:00
5055205,NTD_RAB2,COUNTRY,GHA,YEAR,AFR,Africa,,2014,,,,,,,,No data,,,,,2024-06-03T07:26:23.447+02:00,2014,2014-01-01T00:00:00+01:00,2014-12-31T00:00:00+01:00
6757666,NTD_RAB2,COUNTRY,TCD,YEAR,AFR,Africa,,2023,,,,,,,,No data,,,,,2025-09-09T13:40:51.93+02:00,2023,2023-01-01T00:00:00+01:00,2023-12-31T00:00:00+01:00
3518142,NTD_RAB2,COUNTRY,CYP,YEAR,EUR,Europe,,2013,,,,,,,,0,0.0,,,,2024-06-03T07:26:23.447+02:00,2013,2013-01-01T00:00:00+01:00,2013-12-31T00:00:00+01:00
2065141,NTD_RAB2,COUNTRY,SWZ,YEAR,AFR,Africa,,2021,,,,,,,,No data,,,,,2024-06-03T07:26:23.447+02:00,2021,2021-01-01T00:00:00+01:00,2021-12-31T00:00:00+01:00
5385337,NTD_RAB2,COUNTRY,ERI,YEAR,AFR,Africa,,2011,,,,,,,,No data,,,,,2024-06-03T07:26:23.447+02:00,2011,2011-01-01T00:00:00+01:00,2011-12-31T00:00:00+01:00
7193027,NTD_RAB2,COUNTRY,AUS,YEAR,WPR,Western Pacific,,2011,,,,,,,,0,0.0,,,,2024-06-03T07:26:23.447+02:00,2011,2011-01-01T00:00:00+01:00,2011-12-31T00:00:00+01:00
2289121,NTD_RAB2,COUNTRY,MDA,YEAR,EUR,Europe,,2011,,,,,,,,0,0.0,,,,2024-06-03T07:26:23.447+02:00,2011,2011-01-01T00:00:00+01:00,2011-12-31T00:00:00+01:00
9039940,NTD_RAB2,COUNTRY,IRL,YEAR,EUR,Europe,,2012,,,,,,,,0,0.0,,,,2024-06-03T07:26:23.447+02:00,2012,2012-01-01T00:00:00+01:00,2012-12-31T00:00:00+01:00
9079553,NTD_RAB2,COUNTRY,LBN,YEAR,EMR,Eastern Mediterranean,,2019,,,,,,,,No data,,,,,2024-06-03T07:26:23.447+02:00,2019,2019-01-01T00:00:00+01:00,2019-12-31T00:00:00+01:00
5748293,NTD_RAB2,COUNTRY,SYR,YEAR,EMR,Eastern Mediterranean,,2011,,,,,,,,2,2.0,,,,2024-06-03T07:26:23.447+02:00,2011,2011-01-01T00:00:00+01:00,2011-12-31T00:00:00+01:00
5754838,NTD_RAB2,COUNTRY,MMR,YEAR,SEAR,South-East Asia,,2014,,,,,,,,122,122.0,,,,2024-06-03T07:26:23.447+02:00,2014,2014-01-01T00:00:00+01:00,2014-12-31T00:00:00+01:00
2667562,NTD_RAB2,COUNTRY,STP,YEAR,AFR,Africa,,2023,,,,,,,,No data,,,,,2025-09-09T13:40:51.93+02:00,2023,2023-01-01T00:00:00+01:00,2023-12-31T00:00:00+01:00
4362596,NTD_RAB2,COUNTRY,BDI,YEAR,AFR,Africa,,2022,,,,,,,,No data,,,,,2024-06-03T07:26:23.447+02:00,2022,2022-01-01T00:00:00+01:00,2022-12-31T00:00:00+01:00
4395585,NTD_RAB2,COUNTRY,TTO,YEAR,AMR,Americas,,2017,,,,,,,,0,0.0,,,,2024-06-03T07:26:23.447+02:00,2017,2017-01-01T00:00:00+01:00,2017-12-31T00:00:00+01:00
6104535,NTD_RAB2,COUNTRY,IDN,YEAR,WPR,Western Pacific,,2020,,,,,,,,40,40.0,,,,2024-06-03T07:26:23.447+02:00,2020,2020-01-01T00:00:00+01:00,2020-12-31T00:00:00+01:00
1459808,NTD_RAB2,COUNTRY,FRA,YEAR,EUR,Europe,,2015,,,,,,,,0,0.0,,,,2024-06-03T07:26:23.447+02:00,2015,2015-01-01T00:00:00+01:00,2015-12-31T00:00:00+01:00
6441189,NTD_RAB2,COUNTRY,KHM,YEAR,WPR,Western Pacific,,2022,,,,,,,,1,1.0,,,,2025-09-09T13:40:51.93+02:00,2022,2022-01-01T00:00:00+01:00,2022-12-31T00:00:00+01:00
4883738,NTD_RAB2,COUNTRY,MWI,YEAR,AFR,Africa,,2015,,,,,,,,9,9.0,,,,2024-06-03T07:26:23.447+02:00,2015,2015-01-01T00:00:00+01:00,2015-12-31T00:00:00+01:00
6586439,NTD_RAB2,COUNTRY,SYR,YEAR,EMR,Eastern Mediterranean,,2016,,,,,,,,4,4.0,,,,2024-06-03T07:26:23.447+02:00,2016,2016-01-01T00:00:00+01:00,2016-12-31T00:00:00+01:00
6731373,NTD_RAB2,COUNTRY,PAK,YEAR,EMR,Eastern Mediterranean,,2023,,,,,,,,No data,,,,,2025-09-09T13:40:51.93+02:00,2023,2023-01-01T00:00:00+01:00,2023-12-31T00:00:00+01:00
2071791,NTD_RAB2,COUNTRY,FJI,YEAR,WPR,Western Pacific,,2023,,,,,,,,No data,,,,,2025-09-09T13:40:51.93+02:00,2023,2023-01-01T00:00:00+01:00,2023-12-31T00:00:00+01:00
3782167,NTD_RAB2,COUNTRY,RWA,YEAR,AFR,Africa,,2018,,,,,,,,No data,,,,,2024-06-03T07:26:23.447+02:00,2018,2018-01-01T00:00:00+01:00,2018-12-31T00:00:00+01:00
7219443,NTD_RAB2,COUNTRY,VEN,YEAR,AMR,Americas,,2014,,,,,,,,0,0.0,,,,2024-06-03T07:26:23.447+02:00,2014,2014-01-01T00:00:00+01:00,2014-12-31T00:00:00+01:00
9099330,NTD_RAB2,COUNTRY,BLZ,YEAR,AMR,Americas,,2021,,,,,,,,0,0.0,,,,2024-06-03T07:26:23.447+02:00,2021,2021-01-01T00:00:00+01:00,2021-12-31T00:00:00+01:00
5728478,NTD_RAB2,COUNTRY,CHN,YEAR,WPR,Western Pacific,,2023,,,,,,,,122,122.0,,,,2025-09-09T13:40:51.93+02:00,2023,2023-01-01T00:00:00+01:00,2023-12-31T00:00:00+01:00
4250436,NTD_RAB2,COUNTRY,GTM,YEAR,AMR,Americas,,2019,,,,,,,,0,0.0,,,,2024-06-03T07:26:23.447+02:00,2019,2019-01-01T00:00:00+01:00,2019-12-31T00:00:00+01:00
7634967,NTD_RAB2,COUNTRY,DOM,YEAR,AMR,Americas,,2013,,,,,,,,3,3.0,,,,2024-06-03T07:26:23.447+02:00,2013,2013-01-01T00:00:00+01:00,2013-12-31T00:00:00+01:00
7694334,NTD_RAB2,COUNTRY,RUS,YEAR,EUR,Europe,,2016,,,,,,,,5,5.0,,,,2024-06-03T07:26:23.447+02:00,2016,2016-01-01T00:00:00+01:00,2016-12-31T00:00:00+01:00
7786794,NTD_RAB2,COUNTRY,ARG,YEAR,AMR,Americas,,2014,,,,,,,,0,0.0,,,,2024-06-03T07:26:23.447+02:00,2014,2014-01-01T00:00:00+01:00,2014-12-31T00:00:00+01:00
7793390,NTD_RAB2,COUNTRY,SGP,YEAR,WPR,Western Pacific,,2022,,,,,,,,0,0.0,,,,2025-09-09T13:40:51.93+02:00,2022,2022-01-01T00:00:00+01:00,2022-12-31T00:00:00+01:00
2766471,NTD_RAB2,COUNTRY,TJK,YEAR,EUR,Europe,,2019,,,,,,,,8,8.0,,,,2024-06-03T07:26:23.447+02:00,2019,2019-01-01T00:00:00+01:00,2019-12-31T00:00:00+01:00
7964772,NTD_RAB2,COUNTRY,UKR,YEAR,EUR,Europe,,2010,,,,,,,,3,3.0,,,,2024-06-03T07:26:23.447+02:00,2010,2010-01-01T00:00:00+01:00,2010-12-31T00:00:00+01:00
3208555,NTD_RAB2,COUNTRY,LTU,YEAR,EUR,Europe,,2020,,,,,,,,0,0.0,,,,2024-06-03T07:26:23.447+02:00,2020,2020-01-01T00:00:00+01:00,2020-12-31T00:00:00+01:00
8340024,NTD_RAB2,COUNTRY,YEM,YEAR,EMR,Eastern Mediterranean,,2017,,,,,,,,No data,,,,,2024-06-03T07:26:23.447+02:00,2017,2017-01-01T00:00:00+01:00,2017-12-31T00:00:00+01:00
8491801,NTD_RAB2,COUNTRY,CAF,YEAR,AFR,Africa,,2022,,,,,,,,0,0.0,,,,2025-09-09T13:40:51.93+02:00,2022,2022-01-01T00:00:00+01:00,2022-12-31T00:00:00+01:00
6843457,NTD_RAB2,COUNTRY,MOZ,YEAR,AFR,Africa,,2015,,,,,,,,29,29.0,,,,2024-06-03T07:26:23.447+02:00,2015,2015-01-01T00:00:00+01:00,2015-12-31T00:00:00+01:00
1867285,NTD_RAB2,COUNTRY,MEX,YEAR,AMR,Americas,,2024,,,,,,,,4,4.0,,,,2025-09-09T13:40:51.93+02:00,2024,2024-01-01T00:00:00+01:00,2024-12-31T00:00:00+01:00
3960493,NTD_RAB2,COUNTRY,MYS,YEAR,WPR,Western Pacific,,2022,,,,,,,,16,16.0,,,,2024-06-03T07:26:23.447+02:00,2022,2022-01-01T00:00:00+01:00,2022-12-31T00:00:00+01:00
2400889,NTD_RAB2,COUNTRY,TJK,YEAR,EUR,Europe,,2013,,,,,,,,11,11.0,,,,2024-06-03T07:26:23.447+02:00,2013,2013-01-01T00:00:00+01:00,2013-12-31T00:00:00+01:00
5794497,NTD_RAB2,COUNTRY,OMN,YEAR,EMR,Eastern Mediterranean,,2014,,,,,,,,No data,,,,,2024-06-03T07:26:23.447+02:00,2014,2014-01-01T00:00:00+01:00,2014-12-31T00:00:00+01:00
1308066,NTD_RAB2,COUNTRY,MDV,YEAR,SEAR,South-East Asia,,2018,,,,,,,,No data,,,,,2024-06-03T07:26:23.447+02:00,2018,2018-01-01T00:00:00+01:00,2018-12-31T00:00:00+01:00
2885167,NTD_RAB2,COUNTRY,NOR,YEAR,EUR,Europe,,2024,,,,,,,,No data,,,,,2025-09-09T13:40:51.93+02:00,2024,2024-01-01T00:00:00+01:00,2024-12-31T00:00:00+01:00
9653023,NTD_RAB2,COUNTRY,ISR,YEAR,EUR,Europe,,2018,,,,,,,,No data,,,,,2024-06-03T07:26:23.447+02:00,2018,2018-01-01T00:00:00+01:00,2018-12-31T00:00:00+01:00
1488743,NTD_RAB2,COUNTRY,ARM,YEAR,EUR,Europe,,2020,,,,,,,,0,0.0,,,,2024-06-03T07:26:23.447+02:00,2020,2020-01-01T00:00:00+01:00,2020-12-31T00:00:00+01:00
3234996,NTD_RAB2,COUNTRY,MNG,YEAR,WPR,Western Pacific,,2017,,,,,,,,0,0.0,,,,2024-06-03T07:26:23.447+02:00,2017,2017-01-01T00:00:00+01:00,2017-12-31T00:00:00+01:00
3254803,NTD_RAB2,COUNTRY,MDV,YEAR,SEAR,South-East Asia,,2020,,,,,,,,No data,,,,,2024-06-03T07:26:23.447+02:00,2020,2020-01-01T00:00:00+01:00,2020-12-31T00:00:00+01:00
4956163,NTD_RAB2,COUNTRY,ARM,YEAR,EUR,Europe,,2018,,,,,,,,0,0.0,,,,2024-06-03T07:26:23.447+02:00,2018,2018-01-01T00:00:00+01:00,2018-12-31T00:00:00+01:00
8346620,NTD_RAB2,COUNTRY,GUY,YEAR,AMR,Americas,,2023,,,,,,,,0,0.0,,,,2026-07-15T14:04:38.643+02:00,2023,2023-01-01T00:00:00+01:00,2023-12-31T00:00:00+01:00
6671901,NTD_RAB2,COUNTRY,NGA,YEAR,AFR,Africa,,2013,,,,,,,,No data,,,,,2024-06-03T07:26:23.447+02:00,2013,2013-01-01T00:00:00+01:00,2013-12-31T00:00:00+01:00
6737994,NTD_RAB2,COUNTRY,GEO,YEAR,EUR,Europe,,2017,,,,,,,,0,0.0,,,,2024-06-03T07:26:23.447+02:00,2017,2017-01-01T00:00:00+01:00,2017-12-31T00:00:00+01:00
5081744,NTD_RAB2,COUNTRY,PRY,YEAR,AMR,Americas,,2021,,,,,,,,0,0.0,,,,2024-06-03T07:26:23.447+02:00,2021,2021-01-01T00:00:00+01:00,2021-12-31T00:00:00+01:00
8465482,NTD_RAB2,COUNTRY,CHL,YEAR,AMR,Americas,,2024,,,,,,,,0,0.0,,,,2026-07-15T14:04:38.643+02:00,2024,2024-01-01T00:00:00+01:00,2024-12-31T00:00:00+01:00
5260029,NTD_RAB2,COUNTRY,LUX,YEAR,EUR,Europe,,2014,,,,,,,,0,0.0,,,,2024-06-03T07:26:23.447+02:00,2014,2014-01-01T00:00:00+01:00,2014-12-31T00:00:00+01:00
3762363,NTD_RAB2,COUNTRY,SRB,YEAR,EUR,Europe,,2012,,,,,,,,0,0.0,,,,2024-06-03T07:26:23.447+02:00,2012,2012-01-01T00:00:00+01:00,2012-12-31T00:00:00+01:00
8868369,NTD_RAB2,COUNTRY,GBR,YEAR,EUR,Europe,,2021,,,,,,,,0,0.0,,,,2024-06-03T07:26:23.447+02:00,2021,2021-01-01T00:00:00+01:00,2021-12-31T00:00:00+01:00
7404131,NTD_RAB2,COUNTRY,IRQ,YEAR,EMR,Eastern Mediterranean,,2012,,,,,,,,11,11.0,,,,2024-06-03T07:26:23.447+02:00,2012,2012-01-01T00:00:00+01:00,2012-12-31T00:00:00+01:00
7628410,NTD_RAB2,COUNTRY,MDG,YEAR,AFR,Africa,,2013,,,,,,,,No data,,,,,2024-06-03T07:26:23.447+02:00,2013,2013-01-01T00:00:00+01:00,2013-12-31T00:00:00+01:00
9495075,NTD_RAB2,COUNTRY,LBN,YEAR,EMR,Eastern Mediterranean,,2023,,,,,,,,No data,,,,,2025-09-09T13:40:51.93+02:00,2023,2023-01-01T00:00:00+01:00,2023-12-31T00:00:00+01:00
7944985,NTD_RAB2,COUNTRY,NZL,YEAR,WPR,Western Pacific,,2019,,,,,,,,No data,,,,,2024-06-03T07:26:23.447+02:00,2019,2019-01-01T00:00:00+01:00,2019-12-31T00:00:00+01:00
8077077,NTD_RAB2,COUNTRY,ALB,YEAR,EUR,Europe,,2011,,,,,,,,No data,,,,,2024-06-03T07:26:23.447+02:00,2011,2011-01-01T00:00:00+01:00,2011-12-31T00:00:00+01:00
9771960,NTD_RAB2,COUNTRY,SMR,YEAR,EUR,Europe,,2014,,,,,,,,No data,,,,,2024-06-03T07:26:23.447+02:00,2014,2014-01-01T00:00:00+01:00,2014-12-31T00:00:00+01:00
8320285,NTD_RAB2,COUNTRY,IDN,YEAR,WPR,Western Pacific,,2011,,,,,,,,No data,,,,,2024-06-03T07:26:23.447+02:00,2011,2011-01-01T00:00:00+01:00,2011-12-31T00:00:00+01:00
3531418,NTD_RAB2,COUNTRY,CHN,YEAR,WPR,Western Pacific,,2013,,,,,,,,1128,1128.0,,,,2024-06-03T07:26:23.447+02:00,2013,2013-01-01T00:00:00+01:00,2013-12-31T00:00:00+01:00
8855165,NTD_RAB2,COUNTRY,KGZ,YEAR,EUR,Europe,,2013,,,,,,,,1,1.0,,,,2024-06-03T07:26:23.447+02:00,2013,2013-01-01T00:00:00+01:00,2013-12-31T00:00:00+01:00
9171864,NTD_RAB2,COUNTRY,NIU,YEAR,WPR,Western Pacific,,2023,,,,,,,,No data,,,,,2025-09-09T13:40:51.93+02:00,2023,2023-01-01T00:00:00+01:00,2023-12-31T00:00:00+01:00
7944993,NTD_RAB2,COUNTRY,COL,YEAR,AMR,Americas,,2018,,,,,,,,0,0.0,,,,2024-06-03T07:26:23.447+02:00,2018,2018-01-01T00:00:00+01:00,2018-12-31T00:00:00+01:00
6467673,NTD_RAB2,COUNTRY,VEN,YEAR,AMR,Americas,,2011,,,,,,,,0,0.0,,,,2024-06-03T07:26:23.447+02:00,2011,2011-01-01T00:00:00+01:00,2011-12-31T00:00:00+01:00
3109525,NTD_RAB2,COUNTRY,STP,YEAR,AFR,Africa,,2021,,,,,,,,No data,,,,,2024-06-03T07:26:23.447+02:00,2021,2021-01-01T00:00:00+01:00,2021-12-31T00:00:00+01:00
1541276,NTD_RAB2,COUNTRY,BIH,YEAR,EUR,Europe,,2023,,,,,,,,No data,,,,,2025-09-09T13:40:51.93+02:00,2023,2023-01-01T00:00:00+01:00,2023-12-31T00:00:00+01:00
6573353,NTD_RAB2,COUNTRY,JOR,YEAR,EMR,Eastern Mediterranean,,2010,,,,,,,,0,0.0,,,,2024-06-03T07:26:23.447+02:00,2010,2010-01-01T00:00:00+01:00,2010-12-31T00:00:00+01:00
6619156,NTD_RAB2,COUNTRY,LSO,YEAR,AFR,Africa,,2021,,,,,,,,No data,,,,,2024-06-03T07:26:23.447+02:00,2021,2021-01-01T00:00:00+01:00,2021-12-31T00:00:00+01:00
6685175,NTD_RAB2,COUNTRY,NOR,YEAR,EUR,Europe,,2015,,,,,,,,0,0.0,,,,2024-06-03T07:26:23.447+02:00,2015,2015-01-01T00:00:00+01:00,2015-12-31T00:00:00+01:00
5306238,NTD_RAB2,COUNTRY,GRD,YEAR,AMR,Americas,,2020,,,,,,,,0,0.0,,,,2026-07-15T14:04:38.643+02:00,2020,2020-01-01T00:00:00+01:00,2020-12-31T00:00:00+01:00
3683258,NTD_RAB2,COUNTRY,PRY,YEAR,AMR,Americas,,2018,,,,,,,,0,0.0,,,,2024-06-03T07:26:23.447+02:00,2018,2018-01-01T00:00:00+01:00,2018-12-31T00:00:00+01:00
2084934,NTD_RAB2,COUNTRY,POL,YEAR,EUR,Europe,,2018,,,,,,,,0,0.0,,,,2025-09-09T13:40:51.93+02:00,2018,2018-01-01T00:00:00+01:00,2018-12-31T00:00:00+01:00
3709629,NTD_RAB2,COUNTRY,BHS,YEAR,AMR,Americas,,2023,,,,,,,,0,0.0,,,,2026-07-15T14:04:38.643+02:00,2023,2023-01-01T00:00:00+01:00,2023-12-31T00:00:00+01:00
7212937,NTD_RAB2,COUNTRY,KHM,YEAR,WPR,Western Pacific,,2015,,,,,,,,5,5.0,,,,2024-06-03T07:26:23.447+02:00,2015,2015-01-01T00:00:00+01:00,2015-12-31T00:00:00+01:00
9119293,NTD_RAB2,COUNTRY,GNB,YEAR,AFR,Africa,,2018,,,,,,,,No data,,,,,2024-06-03T07:26:23.447+02:00,2018,2018-01-01T00:00:00+01:00,2018-12-31T00:00:00+01:00
2459833,NTD_RAB2,COUNTRY,TKM,YEAR,EUR,Europe,,2022,,,,,,,,No data,,,,,2024-06-03T07:26:23.447+02:00,2022,2022-01-01T00:00:00+01:00,2022-12-31T00:00:00+01:00
2529740,NTD_RAB2,COUNTRY,NPL,YEAR,SEAR,South-East Asia,,2018,,,,,,,,32,32.0,,,,2024-06-03T07:26:23.447+02:00,2018,2018-01-01T00:00:00+01:00,2018-12-31T00:00:00+01:00
7740678,NTD_RAB2,COUNTRY,EGY,YEAR,EMR,Eastern Mediterranean,,2014,,,,,,,,No data,,,,,2024-06-03T07:26:23.447+02:00,2014,2014-01-01T00:00:00+01:00,2014-12-31T00:00:00+01:00
1433558,NTD_RAB2,COUNTRY,TUR,YEAR,EUR,Europe,,2010,,,,,,,,0,0.0,,,,2024-06-03T07:26:23.447+02:00,2010,2010-01-01T00:00:00+01:00,2010-12-31T00:00:00+01:00
6685203,NTD_RAB2,COUNTRY,NZL,YEAR,WPR,Western Pacific,,2022,,,,,,,,No data,,,,,2024-06-03T07:26:23.447+02:00,2022,2022-01-01T00:00:00+01:00,2022-12-31T00:00:00+01:00
8782530,NTD_RAB2,COUNTRY,TZA,YEAR,AFR,Africa,,2023,,,,,,,,No data,,,,,2025-09-09T13:40:51.93+02:00,2023,2023-01-01T00:00:00+01:00,2023-12-31T00:00:00+01:00
2223244,NTD_RAB2,COUNTRY,COM,YEAR,AFR,Africa,,2017,,,,,,,,No data,,,,,2024-06-03T07:26:23.447+02:00,2017,2017-01-01T00:00:00+01:00,2017-12-31T00:00:00+01:00
7536148,NTD_RAB2,COUNTRY,NIU,YEAR,WPR,Western Pacific,,2015,,,,,,,,No data,,,,,2024-06-03T07:26:23.447+02:00,2015,2015-01-01T00:00:00+01:00,2015-12-31T00:00:00+01:00
9277388,NTD_RAB2,COUNTRY,NGA,YEAR,AFR,Africa,,2014,,,,,,,,No data,,,,,2024-06-03T07:26:23.447+02:00,2014,2014-01-01T00:00:00+01:00,2014-12-31T00:00:00+01:00
5979349,NTD_RAB2,COUNTRY,COD,YEAR,AFR,Africa,,2022,,,,,,,,No data,,,,,2024-06-03T07:26:23.447+02:00,2022,2022-01-01T00:00:00+01:00,2022-12-31T00:00:00+01:00
4349615,NTD_RAB2,COUNTRY,LSO,YEAR,AFR,Africa,,2022,,,,,,,,4,4.0,,,,2025-09-09T13:40:51.93+02:00,2022,2022-01-01T00:00:00+01:00,2022-12-31T00:00:00+01:00
7799929,NTD_RAB2,COUNTRY,BDI,YEAR,AFR,Africa,,2015,,,,,,,,No data,,,,,2024-06-03T07:26:23.447+02:00,2015,2015-01-01T00:00:00+01:00,2015-12-31T00:00:00+01:00
2779808,NTD_RAB2,COUNTRY,PRY,YEAR,AMR,Americas,,2020,,,,,,,,0,0.0,,,,2024-06-03T07:26:23.447+02:00,2020,2020-01-01T00:00:00+01:00,2020-12-31T00:00:00+01:00
6243215,NTD_RAB2,COUNTRY,FIN,YEAR,EUR,Europe,,2015,,,,,,,,0,0.0,,,,2024-06-03T07:26:23.447+02:00,2015,2015-01-01T00:00:00+01:00,2015-12-31T00:00:00+01:00
4666285,NTD_RAB2,COUNTRY,MWI,YEAR,AFR,Africa,,2023,,,,,,,,No data,,,,,2025-09-09T13:40:51.93+02:00,2023,2023-01-01T00:00:00+01:00,2023-12-31T00:00:00+01:00
4692515,NTD_RAB2,COUNTRY,KOR,YEAR,WPR,Western Pacific,,2021,,,,,,,,No data,,,,,2024-06-03T07:26:23.447+02:00,2021,2021-01-01T00:00:00+01:00,2021-12-31T00:00:00+01:00
6414935,NTD_RAB2,COUNTRY,MMR,YEAR,SEAR,South-East Asia,,2021,,,,,,,,20,20.0,,,,2024-06-03T07:26:23.447+02:00,2021,2021-01-01T00:00:00+01:00,2021-12-31T00:00:00+01:00
1847620,NTD_RAB2,COUNTRY,BLR,YEAR,EUR,Europe,,2021,,,,,,,,No data,,,,,2024-06-03T07:26:23.447+02:00,2021,2021-01-01T00:00:00+01:00,2021-12-31T00:00:00+01:00
2184051,NTD_RAB2,COUNTRY,SLE,YEAR,AFR,Africa,,2016,,,,,,,,No data,,,,,2025-09-09T13:40:51.93+02:00,2016,2016-01-01T00:00:00+01:00,2016-12-31T00:00:00+01:00
9000569,NTD_RAB2,COUNTRY,AUS,YEAR,WPR,Western Pacific,,2020,,,,,,,,No data,,,,,2024-06-03T07:26:23.447+02:00,2020,2020-01-01T00:00:00+01:00,2020-12-31T00:00:00+01:00
2388064,NTD_RAB2,COUNTRY,CIV,YEAR,AFR,Africa,,2011,,,,,,,,No data,,,,,2024-06-03T07:26:23.447+02:00,2011,2011-01-01T00:00:00+01:00,2011-12-31T00:00:00+01:00
2680994,NTD_RAB2,COUNTRY,NIC,YEAR,AMR,Americas,,2011,,,,,,,,0,0.0,,,,2024-06-03T07:26:23.447+02:00,2011,2011-01-01T00:00:00+01:00,2011-12-31T00:00:00+01:00
7813153,NTD_RAB2,COUNTRY,SAU,YEAR,EMR,Eastern Mediterranean,,2021,,,,,,,,No data,,,,,2024-06-03T07:26:23.447+02:00,2021,2021-01-01T00:00:00+01:00,2021-12-31T00:00:00+01:00
2951154,NTD_RAB2,COUNTRY,MHL,YEAR,WPR,Western Pacific,,2016,,,,,,,,No data,,,,,2024-06-03T07:26:23.447+02:00,2016,2016-01-01T00:00:00+01:00,2016-12-31T00:00:00+01:00
8017759,NTD_RAB2,COUNTRY,BLZ,YEAR,AMR,Americas,,2013,,,,,,,,0,0.0,,,,2024-06-03T07:26:23.447+02:00,2013,2013-01-01T00:00:00+01:00,2013-12-31T00:00:00+01:00
3254924,NTD_RAB2,COUNTRY,NAM,YEAR,AFR,Africa,,2020,,,,,,,,No data,,,,,2024-06-03T07:26:23.447+02:00,2020,2020-01-01T00:00:00+01:00,2020-12-31T00:00:00+01:00
1790705,NTD_RAB2,COUNTRY,HRV,YEAR,EUR,Europe,,2021,,,,,,,,0,0.0,,,,2024-06-03T07:26:23.447+02:00,2021,2021-01-01T00:00:00+01:00,2021-12-31T00:00:00+01:00
8478783,NTD_RAB2,COUNTRY,MAR,YEAR,EMR,Eastern Mediterranean,,2022,,,,,,,,17,17.0,,,,2024-06-03T07:26:23.447+02:00,2022,2022-01-01T00:00:00+01:00,2022-12-31T00:00:00+01:00
3558055,NTD_RAB2,COUNTRY,UKR,YEAR,EUR,Europe,,2024,,,,,,,,No data,,,,,2025-09-09T13:40:51.93+02:00,2024,2024-01-01T00:00:00+01:00,2024-12-31T00:00:00+01:00
2164256,NTD_RAB2,COUNTRY,IRL,YEAR,EUR,Europe,,2016,,,,,,,,0,0.0,,,,2024-06-03T07:26:23.447+02:00,2016,2016-01-01T00:00:00+01:00,2016-12-31T00:00:00+01:00
7298669,NTD_RAB2,COUNTRY,USA,YEAR,AMR,Americas,,2024,,,,,,,,3,3.0,,,,2026-06-22T13:18:41.443+02:00,2024,2024-01-01T00:00:00+01:00,2024-12-31T00:00:00+01:00
5972813,NTD_RAB2,COUNTRY,BWA,YEAR,AFR,Africa,,2011,,,,,,,,No data,,,,,2024-06-03T07:26:23.447+02:00,2011,2011-01-01T00:00:00+01:00,2011-12-31T00:00:00+01:00
9462151,NTD_RAB2,COUNTRY,ITA,YEAR,EUR,Europe,,2017,,,,,,,,0,0.0,,,,2024-06-03T07:26:23.447+02:00,2017,2017-01-01T00:00:00+01:00,2017-12-31T00:00:00+01:00
4488098,NTD_RAB2,COUNTRY,NGA,YEAR,AFR,Africa,,2023,,,,,,,,61,61.0,,,,2025-10-30T17:51:54.843+01:00,2023,2023-01-01T00:00:00+01:00,2023-12-31T00:00:00+01:00
4521113,NTD_RAB2,COUNTRY,TJK,YEAR,EUR,Europe,,2016,,,,,,,,12,12.0,,,,2024-06-03T07:26:23.447+02:00,2016,2016-01-01T00:00:00+01:00,2016-12-31T00:00:00+01:00
4725560,NTD_RAB2,COUNTRY,ATG,YEAR,AMR,Americas,,2015,,,,,,,,No data,,,,,2024-06-03T07:26:23.447+02:00,2015,2015-01-01T00:00:00+01:00,2015-12-31T00:00:00+01:00
5075247,NTD_RAB2,COUNTRY,MAR,YEAR,EMR,Eastern Mediterranean,,2024,,,,,,,,33,33.0,,,,2026-07-15T14:04:38.643+02:00,2024,2024-01-01T00:00:00+01:00,2024-12-31T00:00:00+01:00
3524957,NTD_RAB2,COUNTRY,DOM,YEAR,AMR,Americas,,2020,,,,,,,,0,0.0,,,,2024-06-03T07:26:23.447+02:00,2020,2020-01-01T00:00:00+01:00,2020-12-31T00:00:00+01:00
1933611,NTD_RAB2,COUNTRY,SYC,YEAR,AFR,Africa,,2010,,,,,,,,0,0.0,,,,2024-06-03T07:26:23.447+02:00,2010,2010-01-01T00:00:00+01:00,2010-12-31T00:00:00+01:00
5695677,NTD_RAB2,COUNTRY,FIN,YEAR,EUR,Europe,,2011,,,,,,,,0,0.0,,,,2024-06-03T07:26:23.447+02:00,2011,2011-01-01T00:00:00+01:00,2011-12-31T00:00:00+01:00
4230831,NTD_RAB2,COUNTRY,KNA,YEAR,AMR,Americas,,2022,,,,,,,,0,0.0,,,,2026-07-15T14:04:38.643+02:00,2022,2022-01-01T00:00:00+01:00,2022-12-31T00:00:00+01:00
7608757,NTD_RAB2,COUNTRY,CZE,YEAR,EUR,Europe,,2023,,,,,,,,0,0.0,,,,2025-09-09T13:40:51.93+02:00,2023,2023-01-01T00:00:00+01:00,2023-12-31T00:00:00+01:00
7681353,NTD_RAB2,COUNTRY,BHS,YEAR,AMR,Americas,,2022,,,,,,,,0,0.0,,,,2026-07-15T14:04:38.643+02:00,2022,2022-01-01T00:00:00+01:00,2022-12-31T00:00:00+01:00
2661203,NTD_RAB2,COUNTRY,JAM,YEAR,AMR,Americas,,2012,,,,,,,,0,0.0,,,,2024-06-03T07:26:23.447+02:00,2012,2012-01-01T00:00:00+01:00,2012-12-31T00:00:00+01:00
9488595,NTD_RAB2,COUNTRY,MLI,YEAR,AFR,Africa,,2024,,,,,,,,17,17.0,,,,2025-10-30T17:51:54.843+01:00,2024,2024-01-01T00:00:00+01:00,2024-12-31T00:00:00+01:00
7015104,NTD_RAB2,COUNTRY,TLS,YEAR,SEAR,South-East Asia,,2018,,,,,,,,0,0.0,,,,2024-06-03T07:26:23.447+02:00,2018,2018-01-01T00:00:00+01:00,2018-12-31T00:00:00+01:00
4323315,NTD_RAB2,COUNTRY,EGY,YEAR,EMR,Eastern Mediterranean,,2015,,,,,,,,No data,,,,,2024-06-03T07:26:23.447+02:00,2015,2015-01-01T00:00:00+01:00,2015-12-31T00:00:00+01:00
6190669,NTD_RAB2,COUNTRY,GBR,YEAR,EUR,Europe,,2014,,,,,,,,0,0.0,,,,2024-06-03T07:26:23.447+02:00,2014,2014-01-01T00:00:00+01:00,2014-12-31T00:00:00+01:00
2938006,NTD_RAB2,COUNTRY,JAM,YEAR,AMR,Americas,,2015,,,,,,,,0,0.0,,,,2024-06-03T07:26:23.447+02:00,2015,2015-01-01T00:00:00+01:00,2015-12-31T00:00:00+01:00
6441451,NTD_RAB2,COUNTRY,NZL,YEAR,WPR,Western Pacific,,2020,,,,,,,,No data,,,,,2024-06-03T07:26:23.447+02:00,2020,2020-01-01T00:00:00+01:00,2020-12-31T00:00:00+01:00
8564609,NTD_RAB2,COUNTRY,MMR,YEAR,SEAR,South-East Asia,,2011,,,,,,,,242,242.0,,,,2024-06-03T07:26:23.447+02:00,2011,2011-01-01T00:00:00+01:00,2011-12-31T00:00:00+01:00
5412028,NTD_RAB2,COUNTRY,MAR,YEAR,EMR,Eastern Mediterranean,,2016,,,,,,,,17,17.0,,,,2024-06-03T07:26:23.447+02:00,2016,2016-01-01T00:00:00+01:00,2016-12-31T00:00:00+01:00
5616429,NTD_RAB2,COUNTRY,CAN,YEAR,AMR,Americas,,2020,,,,,,,,0,0.0,,,,2024-06-03T07:26:23.447+02:00,2020,2020-01-01T00:00:00+01:00,2020-12-31T00:00:00+01:00
1374315,NTD_RAB2,COUNTRY,WSM,YEAR,WPR,Western Pacific,,2021,,,,,,,,No data,,,,,2024-06-03T07:26:23.447+02:00,2021,2021-01-01T00:00:00+01:00,2021-12-31T00:00:00+01:00
6401880,NTD_RAB2,COUNTRY,RWA,YEAR,AFR,Africa,,2010,,,,,,,,No data,,,,,2024-06-03T07:26:23.447+02:00,2010,2010-01-01T00:00:00+01:00,2010-12-31T00:00:00+01:00
32673,NTD_RAB2,COUNTRY,NIC,YEAR,AMR,Americas,,2019,,,,,,,,0,0.0,,,,2024-06-03T07:26:23.447+02:00,2019,2019-01-01T00:00:00+01:00,2019-12-31T00:00:00+01:00
5081962,NTD_RAB2,COUNTRY,TLS,YEAR,SEAR,South-East Asia,,2024,,,,,,,,2,2.0,,,,2025-09-09T13:40:51.93+02:00,2024,2024-01-01T00:00:00+01:00,2024-12-31T00:00:00+01:00
3571327,NTD_RAB2,COUNTRY,NZL,YEAR,WPR,Western Pacific,,2024,,,,,,,,No data,,,,,2025-09-09T13:40:51.93+02:00,2024,2024-01-01T00:00:00+01:00,2024-12-31T00:00:00+01:00
2190785,NTD_RAB2,COUNTRY,MYS,YEAR,WPR,Western Pacific,,2019,,,,,,,,6,6.0,,,,2024-06-03T07:26:23.447+02:00,2019,2019-01-01T00:00:00+01:00,2019-12-31T00:00:00+01:00
7180089,NTD_RAB2,COUNTRY,NAM,YEAR,AFR,Africa,,2023,,,,,,,,No data,,,,,2025-09-09T13:40:51.93+02:00,2023,2023-01-01T00:00:00+01:00,2023-12-31T00:00:00+01:00
7806661,NTD_RAB2,COUNTRY,TUR,YEAR,EUR,Europe,,2022,,,,,,,,No data,,,,,2024-06-03T07:26:23.447+02:00,2022,2022-01-01T00:00:00+01:00,2022-12-31T00:00:00+01:00
45333,NTD_RAB2,COUNTRY,LUX,YEAR,EUR,Europe,,2011,,,,,,,,0,0.0,,,,2024-06-03T07:26:23.447+02:00,2011,2011-01-01T00:00:00+01:00,2011-12-31T00:00:00+01:00
8247887,NTD_RAB2,COUNTRY,YEM,YEAR,EMR,Eastern Mediterranean,,2024,,,,,,,,No data,,,,,2025-09-09T13:40:51.93+02:00,2024,2024-01-01T00:00:00+01:00,2024-12-31T00:00:00+01:00
8294125,NTD_RAB2,COUNTRY,SSD,YEAR,AFR,Africa,,2022,,,,,,,,0,0.0,,,,2025-09-09T13:40:51.93+02:00,2022,2022-01-01T00:00:00+01:00,2022-12-31T00:00:00+01:00
8571250,NTD_RAB2,COUNTRY,LCA,YEAR,AMR,Americas,,2010,,,,,,,,0,0.0,,,,2024-06-03T07:26:23.447+02:00,2010,2010-01-01T00:00:00+01:00,2010-12-31T00:00:00+01:00
5293166,NTD_RAB2,COUNTRY,SEN,YEAR,AFR,Africa,,2019,,,,,,,,No data,,,,,2024-06-03T07:26:23.447+02:00,2019,2019-01-01T00:00:00+01:00,2019-12-31T00:00:00+01:00
2085141,NTD_RAB2,COUNTRY,COK,YEAR,WPR,Western Pacific,,2012,,,,,,,,No data,,,,,2024-06-03T07:26:23.447+02:00,2012,2012-01-01T00:00:00+01:00,2012-12-31T00:00:00+01:00
7232950,NTD_RAB2,COUNTRY,HTI,YEAR,AMR,Americas,,2010,,,,,,,,1,1.0,,,,2024-06-03T07:26:23.447+02:00,2010,2010-01-01T00:00:00+01:00,2010-12-31T00:00:00+01:00
5689182,NTD_RAB2,COUNTRY,SLV,YEAR,AMR,Americas,,2015,,,,,,,,0,0.0,,,,2024-06-03T07:26:23.447+02:00,2015,2015-01-01T00:00:00+01:00,2015-12-31T00:00:00+01:00
5920132,NTD_RAB2,COUNTRY,TCD,YEAR,AFR,Africa,,2020,,,,,,,,No data,,,,,2024-06-03T07:26:23.447+02:00,2020,2020-01-01T00:00:00+01:00,2020-12-31T00:00:00+01:00
6210537,NTD_RAB2,COUNTRY,MRT,YEAR,AFR,Africa,,2019,,,,,,,,No data,,,,,2024-06-03T07:26:23.447+02:00,2019,2019-01-01T00:00:00+01:00,2019-12-31T00:00:00+01:00
6909758,NTD_RAB2,COUNTRY,BTN,YEAR,SEAR,South-East Asia,,2024,,,,,,,,0,0.0,,,,2025-09-09T13:40:51.93+02:00,2024,2024-01-01T00:00:00+01:00,2024-12-31T00:00:00+01:00
8848834,NTD_RAB2,COUNTRY,TUN,YEAR,EMR,Eastern Mediterranean,,2016,,,,,,,,4,4.0,,,,2024-06-03T07:26:23.447+02:00,2016,2016-01-01T00:00:00+01:00,2016-12-31T00:00:00+01:00
5576998,NTD_RAB2,COUNTRY,KGZ,YEAR,EUR,Europe,,2016,,,,,,,,No data,,,,,2024-06-03T07:26:23.447+02:00,2016,2016-01-01T00:00:00+01:00,2016-12-31T00:00:00+01:00
2375067,NTD_RAB2,COUNTRY,PHL,YEAR,WPR,Western Pacific,,2023,,,,,,,,400,400.0,,,,2025-09-09T13:40:51.93+02:00,2023,2023-01-01T00:00:00+01:00,2023-12-31T00:00:00+01:00
4112157,NTD_RAB2,COUNTRY,PER,YEAR,AMR,Americas,,2023,,,,,,,,1,1.0,,,,2025-09-09T13:40:51.93+02:00,2023,2023-01-01T00:00:00+01:00,2023-12-31T00:00:00+01:00
9422694,NTD_RAB2,COUNTRY,NER,YEAR,AFR,Africa,,2015,,,,,,,,4,4.0,,,,2024-06-03T07:26:23.447+02:00,2015,2015-01-01T00:00:00+01:00,2015-12-31T00:00:00+01:00
7767274,NTD_RAB2,COUNTRY,ZAF,YEAR,AFR,Africa,,2011,,,,,,,,8,8.0,,,,2024-06-03T07:26:23.447+02:00,2011,2011-01-01T00:00:00+01:00,2011-12-31T00:00:00+01:00
2865649,NTD_RAB2,COUNTRY,KOR,YEAR,WPR,Western Pacific,,2015,,,,,,,,No data,,,,,2024-06-03T07:26:23.447+02:00,2015,2015-01-01T00:00:00+01:00,2015-12-31T00:00:00+01:00
1447028,NTD_RAB2,COUNTRY,AGO,YEAR,AFR,Africa,,2016,,,,,,,,271,271.0,,,,2024-06-03T07:26:23.447+02:00,2016,2016-01-01T00:00:00+01:00,2016-12-31T00:00:00+01:00
6355756,NTD_RAB2,COUNTRY,PNG,YEAR,WPR,Western Pacific,,2016,,,,,,,,No data,,,,,2024-06-03T07:26:23.447+02:00,2016,2016-01-01T00:00:00+01:00,2016-12-31T00:00:00+01:00
1671167,NTD_RAB2,COUNTRY,SMR,YEAR,EUR,Europe,,2024,,,,,,,,No data,,,,,2025-09-09T13:40:51.93+02:00,2024,2024-01-01T00:00:00+01:00,2024-12-31T00:00:00+01:00
3334194,NTD_RAB2,COUNTRY,ERI,YEAR,AFR,Africa,,2022,,,,,,,,6,6.0,,,,2025-09-09T13:40:51.93+02:00,2022,2022-01-01T00:00:00+01:00,2022-12-31T00:00:00+01:00
3670340,NTD_RAB2,COUNTRY,BLZ,YEAR,AMR,Americas,,2024,,,,,,,,0,0.0,,,,2026-07-15T14:04:38.643+02:00,2024,2024-01-01T00:00:00+01:00,2024-12-31T00:00:00+01:00
2151248,NTD_RAB2,COUNTRY,CHN,YEAR,WPR,Western Pacific,,2022,,,,,,,,134,134.0,,,,2025-09-09T13:40:51.93+02:00,2022,2022-01-01T00:00:00+01:00,2022-12-31T00:00:00+01:00
7265812,NTD_RAB2,COUNTRY,PER,YEAR,AMR,Americas,,2024,,,,,,,,2,2.0,,,,2025-09-09T13:40:51.93+02:00,2024,2024-01-01T00:00:00+01:00,2024-12-31T00:00:00+01:00
3947643,NTD_RAB2,COUNTRY,PAN,YEAR,AMR,Americas,,2012,,,,,,,,0,0.0,,,,2024-06-03T07:26:23.447+02:00,2012,2012-01-01T00:00:00+01:00,2012-12-31T00:00:00+01:00
9277614,NTD_RAB2,COUNTRY,MNG,YEAR,WPR,Western Pacific,,2010,,,,,,,,No data,,,,,2024-06-03T07:26:23.447+02:00,2010,2010-01-01T00:00:00+01:00,2010-12-31T00:00:00+01:00
9277623,NTD_RAB2,COUNTRY,ISL,YEAR,EUR,Europe,,2018,,,,,,,,0,0.0,,,,2025-09-09T13:40:51.93+02:00,2018,2018-01-01T00:00:00+01:00,2018-12-31T00:00:00+01:00
5946625,NTD_RAB2,COUNTRY,NER,YEAR,AFR,Africa,,2018,,,,,,,,No data,,,,,2024-06-03T07:26:23.447+02:00,2018,2018-01-01T00:00:00+01:00,2018-12-31T00:00:00+01:00
5972988,NTD_RAB2,COUNTRY,MEX,YEAR,AMR,Americas,,2020,,,,,,,,1,1.0,,,,2024-06-03T07:26:23.447+02:00,2020,2020-01-01T00:00:00+01:00,2020-12-31T00:00:00+01:00
9442508,NTD_RAB2,COUNTRY,TUR,YEAR,EUR,Europe,,2019,,,,,,,,0,0.0,,,,2024-06-03T07:26:23.447+02:00,2019,2019-01-01T00:00:00+01:00,2019-12-31T00:00:00+01:00
9607256,NTD_RAB2,COUNTRY,SWE,YEAR,EUR,Europe,,2010,,,,,,,,0,0.0,,,,2024-06-03T07:26:23.447+02:00,2010,2010-01-01T00:00:00+01:00,2010-12-31T00:00:00+01:00
7984887,NTD_RAB2,COUNTRY,SYR,YEAR,EMR,Eastern Mediterranean,,2024,,,,,,,,No data,,,,,2025-09-09T13:40:51.93+02:00,2024,2024-01-01T00:00:00+01:00,2024-12-31T00:00:00+01:00
3156083,NTD_RAB2,COUNTRY,MNE,YEAR,EUR,Europe,,2022,,,,,,,,No data,,,,,2024-06-03T07:26:23.447+02:00,2022,2022-01-01T00:00:00+01:00,2022-12-31T00:00:00+01:00
6580226,NTD_RAB2,COUNTRY,ECU,YEAR,AMR,Americas,,2019,,,,,,,,0,0.0,,,,2024-06-03T07:26:23.447+02:00,2019,2019-01-01T00:00:00+01:00,2019-12-31T00:00:00+01:00
8762900,NTD_RAB2,COUNTRY,SMR,YEAR,EUR,Europe,,2019,,,,,,,,No data,,,,,2024-06-03T07:26:23.447+02:00,2019,2019-01-01T00:00:00+01:00,2019-12-31T00:00:00+01:00
8789416,NTD_RAB2,COUNTRY,DNK,YEAR,EUR,Europe,,2015,,,,,,,,0,0.0,,,,2024-06-03T07:26:23.447+02:00,2015,2015-01-01T00:00:00+01:00,2015-12-31T00:00:00+01:00
4263999,NTD_RAB2,COUNTRY,GNQ,YEAR,AFR,Africa,,2023,,,,,,,,No data,,,,,2025-09-09T13:40:51.93+02:00,2023,2023-01-01T00:00:00+01:00,2023-12-31T00:00:00+01:00
4264005,NTD_RAB2,COUNTRY,TUN,YEAR,EMR,Eastern Mediterranean,,2019,,,,,,,,2,2.0,,,,2024-06-03T07:26:23.447+02:00,2019,2019-01-01T00:00:00+01:00,2019-12-31T00:00:00+01:00
2582651,NTD_RAB2,COUNTRY,GNQ,YEAR,AFR,Africa,,2011,,,,,,,,No data,,,,,2024-06-03T07:26:23.447+02:00,2011,2011-01-01T00:00:00+01:00,2011-12-31T00:00:00+01:00
6065436,NTD_RAB2,COUNTRY,PAN,YEAR,AMR,Americas,,2017,,,,,,,,0,0.0,,,,2024-06-03T07:26:23.447+02:00,2017,2017-01-01T00:00:00+01:00,2017-12-31T00:00:00+01:00
6230308,NTD_RAB2,COUNTRY,SVK,YEAR,EUR,Europe,,2017,,,,,,,,0,0.0,,,,2024-06-03T07:26:23.447+02:00,2017,2017-01-01T00:00:00+01:00,2017-12-31T00:00:00+01:00
4936739,NTD_RAB2,COUNTRY,PLW,YEAR,WPR,Western Pacific,,2020,,,,,,,,No data,,,,,2024-06-03T07:26:23.447+02:00,2020,2020-01-01T00:00:00+01:00,2020-12-31T00:00:00+01:00
5009383,NTD_RAB2,COUNTRY,COG,YEAR,AFR,Africa,,2019,,,,,,,,No data,,,,,2024-06-03T07:26:23.447+02:00,2019,2019-01-01T00:00:00+01:00,2019-12-31T00:00:00+01:00
8426165,NTD_RAB2,COUNTRY,DEU,YEAR,EUR,Europe,,2016,,,,,,,,0,0.0,,,,2024-06-03T07:26:23.447+02:00,2016,2016-01-01T00:00:00+01:00,2016-12-31T00:00:00+01:00
5101867,NTD_RAB2,COUNTRY,COM,YEAR,AFR,Africa,,2012,,,,,,,,No data,,,,,2024-06-03T07:26:23.447+02:00,2012,2012-01-01T00:00:00+01:00,2012-12-31T00:00:00+01:00
5253812,NTD_RAB2,COUNTRY,VEN,YEAR,AMR,Americas,,2021,,,,,,,,0,0.0,,,,2026-07-15T14:04:38.643+02:00,2021,2021-01-01T00:00:00+01:00,2021-12-31T00:00:00+01:00
7140660,NTD_RAB2,COUNTRY,LKA,YEAR,SEAR,South-East Asia,,2024,,,,,,,,20,20.0,,,,2025-09-09T13:40:51.93+02:00,2024,2024-01-01T00:00:00+01:00,2024-12-31T00:00:00+01:00
8928141,NTD_RAB2,COUNTRY,SVN,YEAR,EUR,Europe,,2014,,,,,,,,0,0.0,,,,2024-06-03T07:26:23.447+02:00,2014,2014-01-01T00:00:00+01:00,2014-12-31T00:00:00+01:00
3888304,NTD_RAB2,COUNTRY,FSM,YEAR,WPR,Western Pacific,,2018,,,,,,,,No data,,,,,2024-06-03T07:26:23.447+02:00,2018,2018-01-01T00:00:00+01:00,2018-12-31T00:00:00+01:00
5577074,NTD_RAB2,COUNTRY,UGA,YEAR,AFR,Africa,,2022,,,,,,,,No data,,,,,2024-06-03T07:26:23.447+02:00,2022,2022-01-01T00:00:00+01:00,2022-12-31T00:00:00+01:00
9112954,NTD_RAB2,COUNTRY,KHM,YEAR,WPR,Western Pacific,,2010,,,,,,,,No data,,,,,2024-06-03T07:26:23.447+02:00,2010,2010-01-01T00:00:00+01:00,2010-12-31T00:00:00+01:00
4086072,NTD_RAB2,COUNTRY,TUV,YEAR,WPR,Western Pacific,,2015,,,,,,,,No data,,,,,2024-06-03T07:26:23.447+02:00,2015,2015-01-01T00:00:00+01:00,2015-12-31T00:00:00+01:00
7470367,NTD_RAB2,COUNTRY,AFG,YEAR,EMR,Eastern Mediterranean,,2019,,,,,,,,10,10.0,,,,2024-06-03T07:26:23.447+02:00,2019,2019-01-01T00:00:00+01:00,2019-12-31T00:00:00+01:00
4303723,NTD_RAB2,COUNTRY,COL,YEAR,AMR,Americas,,2014,,,,,,,,0,0.0,,,,2024-06-03T07:26:23.447+02:00,2014,2014-01-01T00:00:00+01:00,2014-12-31T00:00:00+01:00
4613817,NTD_RAB2,COUNTRY,NLD,YEAR,EUR,Europe,,2016,,,,,,,,0,0.0,,,,2024-06-03T07:26:23.447+02:00,2016,2016-01-01T00:00:00+01:00,2016-12-31T00:00:00+01:00
4791826,NTD_RAB2,COUNTRY,LAO,YEAR,WPR,Western Pacific,,2018,,,,,,,,2,2.0,,,,2024-06-03T07:26:23.447+02:00,2018,2018-01-01T00:00:00+01:00,2018-12-31T00:00:00+01:00
6744981,NTD_RAB2,COUNTRY,SGP,YEAR,WPR,Western Pacific,,2019,,,,,,,,No data,,,,,2024-06-03T07:26:23.447+02:00,2019,2019-01-01T00:00:00+01:00,2019-12-31T00:00:00+01:00
3393623,NTD_RAB2,COUNTRY,DJI,YEAR,EMR,Eastern Mediterranean,,2012,,,,,,,,No data,,,,,2024-06-03T07:26:23.447+02:00,2012,2012-01-01T00:00:00+01:00,2012-12-31T00:00:00+01:00
8505406,NTD_RAB2,COUNTRY,COG,YEAR,AFR,Africa,,2012,,,,,,,,No data,,,,,2024-06-03T07:26:23.447+02:00,2012,2012-01-01T00:00:00+01:00,2012-12-31T00:00:00+01:00
7041730,NTD_RAB2,COUNTRY,OMN,YEAR,EMR,Eastern Mediterranean,,2015,,,,,,,,No data,,,,,2024-06-03T07:26:23.447+02:00,2015,2015-01-01T00:00:00+01:00,2015-12-31T00:00:00+01:00
4112279,NTD_RAB2,COUNTRY,ATG,YEAR,AMR,Americas,,2020,,,,,,,,0,0.0,,,,2026-07-15T14:04:38.643+02:00,2020,2020-01-01T00:00:00+01:00,2020-12-31T00:00:00+01:00
7490184,NTD_RAB2,COUNTRY,KNA,YEAR,AMR,Americas,,2021,,,,,,,,0,0.0,,,,2024-06-03T07:26:23.447+02:00,2021,2021-01-01T00:00:00+01:00,2021-12-31T00:00:00+01:00
5880661,NTD_RAB2,COUNTRY,GTM,YEAR,AMR,Americas,,2016,,,,,,,,0,0.0,,,,2024-06-03T07:26:23.447+02:00,2016,2016-01-01T00:00:00+01:00,2016-12-31T00:00:00+01:00
2523479,NTD_RAB2,COUNTRY,VNM,YEAR,WPR,Western Pacific,,2021,,,,,,,,66,66.0,,,,2024-06-03T07:26:23.447+02:00,2021,2021-01-01T00:00:00+01:00,2021-12-31T00:00:00+01:00
9370074,NTD_RAB2,COUNTRY,TUR,YEAR,EUR,Europe,,2021,,,,,,,,No data,,,,,2024-06-03T07:26:23.447+02:00,2021,2021-01-01T00:00:00+01:00,2021-12-31T00:00:00+01:00
8070840,NTD_RAB2,COUNTRY,CAN,YEAR,AMR,Americas,,2022,,,,,,,,0,0.0,,,,2026-07-15T14:04:38.643+02:00,2022,2022-01-01T00:00:00+01:00,2022-12-31T00:00:00+01:00
8294266,NTD_RAB2,COUNTRY,ESP,YEAR,EUR,Europe,,2019,,,,,,,,1,1.0,,,,2024-06-03T07:26:23.447+02:00,2019,2019-01-01T00:00:00+01:00,2019-12-31T00:00:00+01:00
1671264,NTD_RAB2,COUNTRY,GRC,YEAR,EUR,Europe,,2022,,,,,,,,0,0.0,,,,2024-06-03T07:26:23.447+02:00,2022,2022-01-01T00:00:00+01:00,2022-12-31T00:00:00+01:00
1808487,NTD_RAB2,COUNTRY,NAM,YEAR,AFR,Africa,,2019,,,,,,,,No data,,,,,2024-06-03T07:26:23.447+02:00,2019,2019-01-01T00:00:00+01:00,2019-12-31T00:00:00+01:00
6969055,NTD_RAB2,COUNTRY,WSM,YEAR,WPR,Western Pacific,,2022,,,,,,,,No data,,,,,2024-06-03T07:26:23.447+02:00,2022,2022-01-01T00:00:00+01:00,2022-12-31T00:00:00+01:00
8729984,NTD_RAB2,COUNTRY,SDN,YEAR,EMR,Eastern Mediterranean,,2019,,,,,,,,No data,,,,,2024-06-03T07:26:23.447+02:00,2019,2019-01-01T00:00:00+01:00,2019-12-31T00:00:00+01:00
3677042,NTD_RAB2,COUNTRY,VCT,YEAR,AMR,Americas,,2014,,,,,,,,0,0.0,,,,2024-06-03T07:26:23.447+02:00,2014,2014-01-01T00:00:00+01:00,2014-12-31T00:00:00+01:00
5728948,NTD_RAB2,COUNTRY,NIC,YEAR,AMR,Americas,,2014,,,,,,,,0,0.0,,,,2024-06-03T07:26:23.447+02:00,2014,2014-01-01T00:00:00+01:00,2014-12-31T00:00:00+01:00
6058907,NTD_RAB2,COUNTRY,AZE,YEAR,EUR,Europe,,2017,,,,,,,,2,2.0,,,,2024-06-03T07:26:23.447+02:00,2017,2017-01-01T00:00:00+01:00,2017-12-31T00:00:00+01:00
2760388,NTD_RAB2,COUNTRY,ERI,YEAR,AFR,Africa,,2015,,,,,,,,No data,,,,,2024-06-03T07:26:23.447+02:00,2015,2015-01-01T00:00:00+01:00,2015-12-31T00:00:00+01:00
6157830,NTD_RAB2,COUNTRY,POL,YEAR,EUR,Europe,,2021,,,,,,,,0,0.0,,,,2024-06-03T07:26:23.447+02:00,2021,2021-01-01T00:00:00+01:00,2021-12-31T00:00:00+01:00
9627139,NTD_RAB2,COUNTRY,EGY,YEAR,EMR,Eastern Mediterranean,,2012,,,,,,,,21,21.0,,,,2024-06-03T07:26:23.447+02:00,2012,2012-01-01T00:00:00+01:00,2012-12-31T00:00:00+01:00
8044507,NTD_RAB2,COUNTRY,KOR,YEAR,WPR,Western Pacific,,2013,,,,,,,,0,0.0,,,,2024-06-03T07:26:23.447+02:00,2013,2013-01-01T00:00:00+01:00,2013-12-31T00:00:00+01:00
8320705,NTD_RAB2,COUNTRY,MDA,YEAR,EUR,Europe,,2014,,,,,,,,0,0.0,,,,2024-06-03T07:26:23.447+02:00,2014,2014-01-01T00:00:00+01:00,2014-12-31T00:00:00+01:00
8360285,NTD_RAB2,COUNTRY,CZE,YEAR,EUR,Europe,,2022,,,,,,,,0,0.0,,,,2024-06-03T07:26:23.447+02:00,2022,2022-01-01T00:00:00+01:00,2022-12-31T00:00:00+01:00
1729651,NTD_RAB2,COUNTRY,SYR,YEAR,EMR,Eastern Mediterranean,,2013,,,,,,,,7,7.0,,,,2024-06-03T07:26:23.447+02:00,2013,2013-01-01T00:00:00+01:00,2013-12-31T00:00:00+01:00
1748744,NTD_RAB2,COUNTRY,THA,YEAR,SEAR,South-East Asia,,2019,,,,,,,,3,3.0,,,,2024-06-03T07:26:23.447+02:00,2019,2019-01-01T00:00:00+01:00,2019-12-31T00:00:00+01:00
3367317,NTD_RAB2,COUNTRY,CRI,YEAR,AMR,Americas,,2014,,,,,,,,1,1.0,,,,2024-06-03T07:26:23.447+02:00,2014,2014-01-01T00:00:00+01:00,2014-12-31T00:00:00+01:00
5392443,NTD_RAB2,COUNTRY,QAT,YEAR,EMR,Eastern Mediterranean,,2013,,,,,,,,No data,,,,,2024-06-03T07:26:23.447+02:00,2013,2013-01-01T00:00:00+01:00,2013-12-31T00:00:00+01:00
2322641,NTD_RAB2,COUNTRY,SYC,YEAR,AFR,Africa,,2012,,,,,,,,0,0.0,,,,2024-06-03T07:26:23.447+02:00,2012,2012-01-01T00:00:00+01:00,2012-12-31T00:00:00+01:00
9020657,NTD_RAB2,COUNTRY,BWA,YEAR,AFR,Africa,,2023,,,,,,,,0,0.0,,,,2025-10-30T17:51:54.843+01:00,2023,2023-01-01T00:00:00+01:00,2023-12-31T00:00:00+01:00
2569594,NTD_RAB2,COUNTRY,GRC,YEAR,EUR,Europe,,2024,,,,,,,,No data,,,,,2025-09-09T13:40:51.93+02:00,2024,2024-01-01T00:00:00+01:00,2024-12-31T00:00:00+01:00
4277311,NTD_RAB2,COUNTRY,BGR,YEAR,EUR,Europe,,2013,,,,,,,,No data,,,,,2024-06-03T07:26:23.447+02:00,2013,2013-01-01T00:00:00+01:00,2013-12-31T00:00:00+01:00
1252463,NTD_RAB2,COUNTRY,SUR,YEAR,AMR,Americas,,2020,,,,,,,,0,0.0,,,,2026-07-15T14:04:38.643+02:00,2020,2020-01-01T00:00:00+01:00,2020-12-31T00:00:00+01:00
1265681,NTD_RAB2,COUNTRY,EGY,YEAR,EMR,Eastern Mediterranean,,2016,,,,,,,,No data,,,,,2024-06-03T07:26:23.447+02:00,2016,2016-01-01T00:00:00+01:00,2016-12-31T00:00:00+01:00
4877641,NTD_RAB2,COUNTRY,QAT,YEAR,EMR,Eastern Mediterranean,,2011,,,,,,,,0,0.0,,,,2024-06-03T07:26:23.447+02:00,2011,2011-01-01T00:00:00+01:00,2011-12-31T00:00:00+01:00
6586951,NTD_RAB2,COUNTRY,CAN,YEAR,AMR,Americas,,2021,,,,,,,,0,0.0,,,,2024-06-03T07:26:23.447+02:00,2021,2021-01-01T00:00:00+01:00,2021-12-31T00:00:00+01:00
8380118,NTD_RAB2,COUNTRY,BLZ,YEAR,AMR,Americas,,2018,,,,,,,,0,0.0,,,,2024-06-03T07:26:23.447+02:00,2018,2018-01-01T00:00:00+01:00,2018-12-31T00:00:00+01:00
3630831,NTD_RAB2,COUNTRY,EST,YEAR,EUR,Europe,,2013,,,,,,,,0,0.0,,,,2024-06-03T07:26:23.447+02:00,2013,2013-01-01T00:00:00+01:00,2013-12-31T00:00:00+01:00
8749854,NTD_RAB2,COUNTRY,KOR,YEAR,WPR,Western Pacific,,2023,,,,,,,,No data,,,,,2025-09-09T13:40:51.93+02:00,2023,2023-01-01T00:00:00+01:00,2023-12-31T00:00:00+01:00
5385900,NTD_RAB2,COUNTRY,SYR,YEAR,EMR,Eastern Mediterranean,,2021,,,,,,,,3,3.0,,,,2024-06-03T07:26:23.447+02:00,2021,2021-01-01T00:00:00+01:00,2021-12-31T00:00:00+01:00
4066607,NTD_RAB2,COUNTRY,GMB,YEAR,AFR,Africa,,2018,,,,,,,,No data,,,,,2024-06-03T07:26:23.447+02:00,2018,2018-01-01T00:00:00+01:00,2018-12-31T00:00:00+01:00
4145317,NTD_RAB2,COUNTRY,NZL,YEAR,WPR,Western Pacific,,2016,,,,,,,,No data,,,,,2024-06-03T07:26:23.447+02:00,2016,2016-01-01T00:00:00+01:00,2016-12-31T00:00:00+01:00
4224541,NTD_RAB2,COUNTRY,ZAF,YEAR,AFR,Africa,,2012,,,,,,,,14,14.0,,,,2024-06-03T07:26:23.447+02:00,2012,2012-01-01T00:00:00+01:00,2012-12-31T00:00:00+01:00
4455419,NTD_RAB2,COUNTRY,MDA,YEAR,EUR,Europe,,2015,,,,,,,,0,0.0,,,,2024-06-03T07:26:23.447+02:00,2015,2015-01-01T00:00:00+01:00,2015-12-31T00:00:00+01:00
1265718,NTD_RAB2,COUNTRY,SDN,YEAR,EMR,Eastern Mediterranean,,2023,,,,,,,,0,0.0,,,,2025-09-09T13:40:51.93+02:00,2023,2023-01-01T00:00:00+01:00,2023-12-31T00:00:00+01:00
6679006,NTD_RAB2,COUNTRY,GNB,YEAR,AFR,Africa,,2016,,,,,,,,No data,,,,,2024-06-03T07:26:23.447+02:00,2016,2016-01-01T00:00:00+01:00,2016-12-31T00:00:00+01:00
3479392,NTD_RAB2,COUNTRY,URY,YEAR,AMR,Americas,,2014,,,,,,,,0,0.0,,,,2024-06-03T07:26:23.447+02:00,2014,2014-01-01T00:00:00+01:00,2014-12-31T00:00:00+01:00
2111778,NTD_RAB2,COUNTRY,IRL,YEAR,EUR,Europe,,2010,,,,,,,,0,0.0,,,,2024-06-03T07:26:23.447+02:00,2010,2010-01-01T00:00:00+01:00,2010-12-31T00:00:00+01:00
3868570,NTD_RAB2,COUNTRY,RWA,YEAR,AFR,Africa,,2014,,,,,,,,No data,,,,,2024-06-03T07:26:23.447+02:00,2014,2014-01-01T00:00:00+01:00,2014-12-31T00:00:00+01:00
7331989,NTD_RAB2,COUNTRY,GRC,YEAR,EUR,Europe,,2019,,,,,,,,0,0.0,,,,2024-06-03T07:26:23.447+02:00,2019,2019-01-01T00:00:00+01:00,2019-12-31T00:00:00+01:00
7483673,NTD_RAB2,COUNTRY,CUB,YEAR,AMR,Americas,,2017,,,,,,,,0,0.0,,,,2024-06-03T07:26:23.447+02:00,2017,2017-01-01T00:00:00+01:00,2017-12-31T00:00:00+01:00
4290608,NTD_RAB2,COUNTRY,SLB,YEAR,WPR,Western Pacific,,2017,,,,,,,,No data,,,,,2024-06-03T07:26:23.447+02:00,2017,2017-01-01T00:00:00+01:00,2017-12-31T00:00:00+01:00
7833388,NTD_RAB2,COUNTRY,NZL,YEAR,WPR,Western Pacific,,2018,,,,,,,,No data,,,,,2024-06-03T07:26:23.447+02:00,2018,2018-01-01T00:00:00+01:00,2018-12-31T00:00:00+01:00
7899250,NTD_RAB2,COUNTRY,ALB,YEAR,EUR,Europe,,2012,,,,,,,,No data,,,,,2024-06-03T07:26:23.447+02:00,2012,2012-01-01T00:00:00+01:00,2012-12-31T00:00:00+01:00
8038023,NTD_RAB2,COUNTRY,ZMB,YEAR,AFR,Africa,,2011,,,,,,,,No data,,,,,2024-06-03T07:26:23.447+02:00,2011,2011-01-01T00:00:00+01:00,2011-12-31T00:00:00+01:00
4917283,NTD_RAB2,COUNTRY,TTO,YEAR,AMR,Americas,,2013,,,,,,,,0,0.0,,,,2024-06-03T07:26:23.447+02:00,2013,2013-01-01T00:00:00+01:00,2013-12-31T00:00:00+01:00
7338604,NTD_RAB2,COUNTRY,UGA,YEAR,AFR,Africa,,2021,,,,,,,,No data,,,,,2024-06-03T07:26:23.447+02:00,2021,2021-01-01T00:00:00+01:00,2021-12-31T00:00:00+01:00
4158588,NTD_RAB2,COUNTRY,BGR,YEAR,EUR,Europe,,2020,,,,,,,,0,0.0,,,,2025-09-09T13:40:51.93+02:00,2020,2020-01-01T00:00:00+01:00,2020-12-31T00:00:00+01:00
7635528,NTD_RAB2,COUNTRY,CUB,YEAR,AMR,Americas,,2016,,,,,,,,1,1.0,,,,2024-06-03T07:26:23.447+02:00,2016,2016-01-01T00:00:00+01:00,2016-12-31T00:00:00+01:00
1245917,NTD_RAB2,COUNTRY,GUY,YEAR,AMR,Americas,,2016,,,,,,,,No data,,,,,2024-06-03T07:26:23.447+02:00,2016,2016-01-01T00:00:00+01:00,2016-12-31T00:00:00+01:00
2767054,NTD_RAB2,COUNTRY,CPV,YEAR,AFR,Africa,,2015,,,,,,,,No data,,,,,2024-06-03T07:26:23.447+02:00,2015,2015-01-01T00:00:00+01:00,2015-12-31T00:00:00+01:00
1315210,NTD_RAB2,COUNTRY,ROU,YEAR,EUR,Europe,,2011,,,,,,,,0,0.0,,,,2024-06-03T07:26:23.447+02:00,2011,2011-01-01T00:00:00+01:00,2011-12-31T00:00:00+01:00
9607468,NTD_RAB2,COUNTRY,KEN,YEAR,AFR,Africa,,2012,,,,,,,,No data,,,,,2024-06-03T07:26:23.447+02:00,2012,2012-01-01T00:00:00+01:00,2012-12-31T00:00:00+01:00
1502523,NTD_RAB2,COUNTRY,NAM,YEAR,AFR,Africa,,2014,,,,,,,,No data,,,,,2024-06-03T07:26:23.447+02:00,2014,2014-01-01T00:00:00+01:00,2014-12-31T00:00:00+01:00
1515546,NTD_RAB2,COUNTRY,ETH,YEAR,AFR,Africa,,2013,,,,,,,,No data,,,,,2024-06-03T07:26:23.447+02:00,2013,2013-01-01T00:00:00+01:00,2013-12-31T00:00:00+01:00
3855393,NTD_RAB2,COUNTRY,LUX,YEAR,EUR,Europe,,2018,,,,,,,,0,0.0,,,,2024-06-03T07:26:23.447+02:00,2018,2018-01-01T00:00:00+01:00,2018-12-31T00:00:00+01:00
2309532,NTD_RAB2,COUNTRY,RWA,YEAR,AFR,Africa,,2013,,,,,,,,No data,,,,,2024-06-03T07:26:23.447+02:00,2013,2013-01-01T00:00:00+01:00,2013-12-31T00:00:00+01:00
4231204,NTD_RAB2,COUNTRY,VNM,YEAR,WPR,Western Pacific,,2011,,,,,,,,110,110.0,,,,2024-06-03T07:26:23.447+02:00,2011,2011-01-01T00:00:00+01:00,2011-12-31T00:00:00+01:00
7701507,NTD_RAB2,COUNTRY,ZAF,YEAR,AFR,Africa,,2023,,,,,,,,6,6.0,,,,2025-09-09T13:40:51.93+02:00,2023,2023-01-01T00:00:00+01:00,2023-12-31T00:00:00+01:00
6032595,NTD_RAB2,COUNTRY,KAZ,YEAR,EUR,Europe,,2021,,,,,,,,No data,,,,,2024-06-03T07:26:23.447+02:00,2021,2021-01-01T00:00:00+01:00,2021-12-31T00:00:00+01:00
6303198,NTD_RAB2,COUNTRY,MWI,YEAR,AFR,Africa,,2016,,,,,,,,16,16.0,,,,2024-06-03T07:26:23.447+02:00,2016,2016-01-01T00:00:00+01:00,2016-12-31T00:00:00+01:00
4679992,NTD_RAB2,COUNTRY,HRV,YEAR,EUR,Europe,,2012,,,,,,,,0,0.0,,,,2024-06-03T07:26:23.447+02:00,2012,2012-01-01T00:00:00+01:00,2012-12-31T00:00:00+01:00
33007,NTD_RAB2,COUNTRY,CHL,YEAR,AMR,Americas,,2013,,,,,,,,1,1.0,,,,2024-06-03T07:26:23.447+02:00,2013,2013-01-01T00:00:00+01:00,2013-12-31T00:00:00+01:00
4758936,NTD_RAB2,COUNTRY,TGO,YEAR,AFR,Africa,,2019,,,,,,,,No data,,,,,2024-06-03T07:26:23.447+02:00,2019,2019-01-01T00:00:00+01:00,2019-12-31T00:00:00+01:00
1521939,NTD_RAB2,COUNTRY,CZE,YEAR,EUR,Europe,,2012,,,,,,,,0,0.0,,,,2024-06-03T07:26:23.447+02:00,2012,2012-01-01T00:00:00+01:00,2012-12-31T00:00:00+01:00
5201170,NTD_RAB2,COUNTRY,CIV,YEAR,AFR,Africa,,2014,,,,,,,,No data,,,,,2024-06-03T07:26:23.447+02:00,2014,2014-01-01T00:00:00+01:00,2014-12-31T00:00:00+01:00
3598089,NTD_RAB2,COUNTRY,VEN,YEAR,AMR,Americas,,2010,,,,,,,,0,0.0,,,,2024-06-03T07:26:23.447+02:00,2010,2010-01-01T00:00:00+01:00,2010-12-31T00:00:00+01:00
5597072,NTD_RAB2,COUNTRY,ARE,YEAR,EMR,Eastern Mediterranean,,2023,,,,,,,,No data,,,,,2025-09-09T13:40:51.93+02:00,2023,2023-01-01T00:00:00+01:00,2023-12-31T00:00:00+01:00
9350482,NTD_RAB2,COUNTRY,PHL,YEAR,WPR,Western Pacific,,2012,,,,,,,,213,213.0,,,,2024-06-03T07:26:23.447+02:00,2012,2012-01-01T00:00:00+01:00,2012-12-31T00:00:00+01:00
4594186,NTD_RAB2,COUNTRY,YEM,YEAR,EMR,Eastern Mediterranean,,2019,,,,,,,,59,59.0,,,,2024-06-03T07:26:23.447+02:00,2019,2019-01-01T00:00:00+01:00,2019-12-31T00:00:00+01:00
3136532,NTD_RAB2,COUNTRY,JOR,YEAR,EMR,Eastern Mediterranean,,2018,,,,,,,,1,1.0,,,,2024-06-03T07:26:23.447+02:00,2018,2018-01-01T00:00:00+01:00,2018-12-31T00:00:00+01:00
1593813,NTD_RAB2,COUNTRY,ARM,YEAR,EUR,Europe,,2023,,,,,,,,1,1.0,,,,2025-09-09T13:40:51.93+02:00,2023,2023-01-01T00:00:00+01:00,2023-12-31T00:00:00+01:00
4943564,NTD_RAB2,COUNTRY,BOL,YEAR,AMR,Americas,,2015,,,,,,,,5,5.0,,,,2024-06-03T07:26:23.447+02:00,2015,2015-01-01T00:00:00+01:00,2015-12-31T00:00:00+01:00
4983133,NTD_RAB2,COUNTRY,CHL,YEAR,AMR,Americas,,2011,,,,,,,,0,0.0,,,,2024-06-03T07:26:23.447+02:00,2011,2011-01-01T00:00:00+01:00,2011-12-31T00:00:00+01:00
5016212,NTD_RAB2,COUNTRY,CHE,YEAR,EUR,Europe,,2014,,,,,,,,0,0.0,,,,2024-06-03T07:26:23.447+02:00,2014,2014-01-01T00:00:00+01:00,2014-12-31T00:00:00+01:00
3420233,NTD_RAB2,COUNTRY,UGA,YEAR,AFR,Africa,,2014,,,,,,,,23,23.0,,,,2024-06-03T07:26:23.447+02:00,2014,2014-01-01T00:00:00+01:00,2014-12-31T00:00:00+01:00
3677204,NTD_RAB2,COUNTRY,MCO,YEAR,EUR,Europe,,2015,,,,,,,,No data,,,,,2024-06-03T07:26:23.447+02:00,2015,2015-01-01T00:00:00+01:00,2015-12-31T00:00:00+01:00
7470606,NTD_RAB2,COUNTRY,GAB,YEAR,AFR,Africa,,2020,,,,,,,,No data,,,,,2024-06-03T07:26:23.447+02:00,2020,2020-01-01T00:00:00+01:00,2020-12-31T00:00:00+01:00
9324117,NTD_RAB2,COUNTRY,CHE,YEAR,EUR,Europe,,2012,,,,,,,,1,1.0,,,,2024-06-03T07:26:23.447+02:00,2012,2012-01-01T00:00:00+01:00,2012-12-31T00:00:00+01:00
4290693,NTD_RAB2,COUNTRY,NIU,YEAR,WPR,Western Pacific,,2014,,,,,,,,No data,,,,,2024-06-03T07:26:23.447+02:00,2014,2014-01-01T00:00:00+01:00,2014-12-31T00:00:00+01:00
6045878,NTD_RAB2,COUNTRY,SLV,YEAR,AMR,Americas,,2011,,,,,,,,0,0.0,,,,2024-06-03T07:26:23.447+02:00,2011,2011-01-01T00:00:00+01:00,2011-12-31T00:00:00+01:00
2931798,NTD_RAB2,COUNTRY,NIC,YEAR,AMR,Americas,,2020,,,,,,,,0,0.0,,,,2024-06-03T07:26:23.447+02:00,2020,2020-01-01T00:00:00+01:00,2020-12-31T00:00:00+01:00
6814,NTD_RAB2,COUNTRY,GUY,YEAR,AMR,Americas,,2011,,,,,,,,No data,,,,,2024-06-03T07:26:23.447+02:00,2011,2011-01-01T00:00:00+01:00,2011-12-31T00:00:00+01:00
6415478,NTD_RAB2,COUNTRY,TTO,YEAR,AMR,Americas,,2012,,,,,,,,0,0.0,,,,2024-06-03T07:26:23.447+02:00,2012,2012-01-01T00:00:00+01:00,2012-12-31T00:00:00+01:00
3202596,NTD_RAB2,COUNTRY,AZE,YEAR,EUR,Europe,,2015,,,,,,,,2,2.0,,,,2024-06-03T07:26:23.447+02:00,2015,2015-01-01T00:00:00+01:00,2015-12-31T00:00:00+01:00
4897611,NTD_RAB2,COUNTRY,RUS,YEAR,EUR,Europe,,2022,,,,,,,,No data,,,,,2024-06-03T07:26:23.447+02:00,2022,2022-01-01T00:00:00+01:00,2022-12-31T00:00:00+01:00
8274611,NTD_RAB2,COUNTRY,THA,YEAR,SEAR,South-East Asia,,2017,,,,,,,,11,11.0,,,,2024-06-03T07:26:23.447+02:00,2017,2017-01-01T00:00:00+01:00,2017-12-31T00:00:00+01:00
3426844,NTD_RAB2,COUNTRY,TKM,YEAR,EUR,Europe,,2013,,,,,,,,1,1.0,,,,2024-06-03T07:26:23.447+02:00,2013,2013-01-01T00:00:00+01:00,2013-12-31T00:00:00+01:00
6804565,NTD_RAB2,COUNTRY,KOR,YEAR,WPR,Western Pacific,,2018,,,,,,,,No data,,,,,2024-06-03T07:26:23.447+02:00,2018,2018-01-01T00:00:00+01:00,2018-12-31T00:00:00+01:00
1940636,NTD_RAB2,COUNTRY,SDN,YEAR,EMR,Eastern Mediterranean,,2022,,,,,,,,No data,,,,,2024-06-03T07:26:23.447+02:00,2022,2022-01-01T00:00:00+01:00,2022-12-31T00:00:00+01:00
8855761,NTD_RAB2,COUNTRY,TJK,YEAR,EUR,Europe,,2020,,,,,,,,No data,,,,,2024-06-03T07:26:23.447+02:00,2020,2020-01-01T00:00:00+01:00,2020-12-31T00:00:00+01:00
8928391,NTD_RAB2,COUNTRY,BEN,YEAR,AFR,Africa,,2017,,,,,,,,No data,,,,,2024-06-03T07:26:23.447+02:00,2017,2017-01-01T00:00:00+01:00,2017-12-31T00:00:00+01:00
2480167,NTD_RAB2,COUNTRY,QAT,YEAR,EMR,Eastern Mediterranean,,2023,,,,,,,,0,0.0,,,,2025-09-09T13:40:51.93+02:00,2023,2023-01-01T00:00:00+01:00,2023-12-31T00:00:00+01:00
4138907,NTD_RAB2,COUNTRY,OMN,YEAR,EMR,Eastern Mediterranean,,2012,,,,,,,,No data,,,,,2024-06-03T07:26:23.447+02:00,2012,2012-01-01T00:00:00+01:00,2012-12-31T00:00:00+01:00
7741230,NTD_RAB2,COUNTRY,POL,YEAR,EUR,Europe,,2023,,,,,,,,0,0.0,,,,2025-09-09T13:40:51.93+02:00,2023,2023-01-01T00:00:00+01:00,2023-12-31T00:00:00+01:00
6230600,NTD_RAB2,COUNTRY,CHE,YEAR,EUR,Europe,,2022,,,,,,,,0,0.0,,,,2024-06-03T07:26:23.447+02:00,2022,2022-01-01T00:00:00+01:00,2022-12-31T00:00:00+01:00
7945599,NTD_RAB2,COUNTRY,GRD,YEAR,AMR,Americas,,2011,,,,,,,,0,0.0,,,,2024-06-03T07:26:23.447+02:00,2011,2011-01-01T00:00:00+01:00,2011-12-31T00:00:00+01:00
7965431,NTD_RAB2,COUNTRY,PHL,YEAR,WPR,Western Pacific,,2011,,,,,,,,229,229.0,,,,2024-06-03T07:26:23.447+02:00,2011,2011-01-01T00:00:00+01:00,2011-12-31T00:00:00+01:00
6329641,NTD_RAB2,COUNTRY,MOZ,YEAR,AFR,Africa,,2024,,,,,,,,35,35.0,,,,2025-10-30T17:51:54.843+01:00,2024,2024-01-01T00:00:00+01:00,2024-12-31T00:00:00+01:00
6824348,NTD_RAB2,COUNTRY,DNK,YEAR,EUR,Europe,,2018,,,,,,,,0,0.0,,,,2024-06-03T07:26:23.447+02:00,2018,2018-01-01T00:00:00+01:00,2018-12-31T00:00:00+01:00
5452099,NTD_RAB2,COUNTRY,MUS,YEAR,AFR,Africa,,2014,,,,,,,,0,0.0,,,,2024-06-03T07:26:23.447+02:00,2014,2014-01-01T00:00:00+01:00,2014-12-31T00:00:00+01:00
7147555,NTD_RAB2,COUNTRY,NLD,YEAR,EUR,Europe,,2020,,,,,,,,0,0.0,,,,2024-06-03T07:26:23.447+02:00,2020,2020-01-01T00:00:00+01:00,2020-12-31T00:00:00+01:00
9040639,NTD_RAB2,COUNTRY,DMA,YEAR,AMR,Americas,,2010,,,,,,,,0,0.0,,,,2024-06-03T07:26:23.447+02:00,2010,2010-01-01T00:00:00+01:00,2010-12-31T00:00:00+01:00
2714357,NTD_RAB2,COUNTRY,SOM,YEAR,EMR,Eastern Mediterranean,,2023,,,,,,,,No data,,,,,2025-09-09T13:40:51.93+02:00,2023,2023-01-01T00:00:00+01:00,2023-12-31T00:00:00+01:00
1259283,NTD_RAB2,COUNTRY,CZE,YEAR,EUR,Europe,,2017,,,,,,,,0,0.0,,,,2024-06-03T07:26:23.447+02:00,2017,2017-01-01T00:00:00+01:00,2017-12-31T00:00:00+01:00
4462190,NTD_RAB2,COUNTRY,SMR,YEAR,EUR,Europe,,2023,,,,,,,,No data,,,,,2025-09-09T13:40:51.93+02:00,2023,2023-01-01T00:00:00+01:00,2023-12-31T00:00:00+01:00
1489409,NTD_RAB2,COUNTRY,BRA,YEAR,AMR,Americas,,2014,,,,,,,,0,0.0,,,,2024-06-03T07:26:23.447+02:00,2014,2014-01-01T00:00:00+01:00,2014-12-31T00:00:00+01:00
3446497,NTD_RAB2,COUNTRY,COD,YEAR,AFR,Africa,,2010,,,,,,,,No data,,,,,2024-06-03T07:26:23.447+02:00,2010,2010-01-01T00:00:00+01:00,2010-12-31T00:00:00+01:00
8624447,NTD_RAB2,COUNTRY,BHS,YEAR,AMR,Americas,,2021,,,,,,,,0,0.0,,,,2024-06-03T07:26:23.447+02:00,2021,2021-01-01T00:00:00+01:00,2021-12-31T00:00:00+01:00
2019637,NTD_RAB2,COUNTRY,ROU,YEAR,EUR,Europe,,2022,,,,,,,,0,0.0,,,,2024-06-03T07:26:23.447+02:00,2022,2022-01-01T00:00:00+01:00,2022-12-31T00:00:00+01:00
9185535,NTD_RAB2,COUNTRY,GIN,YEAR,AFR,Africa,,2020,,,,,,,,No data,,,,,2024-06-03T07:26:23.447+02:00,2020,2020-01-01T00:00:00+01:00,2020-12-31T00:00:00+01:00
9231780,NTD_RAB2,COUNTRY,SOM,YEAR,EMR,Eastern Mediterranean,,2014,,,,,,,,No data,,,,,2024-06-03T07:26:23.447+02:00,2014,2014-01-01T00:00:00+01:00,2014-12-31T00:00:00+01:00
2530349,NTD_RAB2,COUNTRY,BEN,YEAR,AFR,Africa,,2019,,,,,,,,No data,,,,,2024-06-03T07:26:23.447+02:00,2019,2019-01-01T00:00:00+01:00,2019-12-31T00:00:00+01:00
7714867,NTD_RAB2,COUNTRY,LBY,YEAR,EMR,Eastern Mediterranean,,2010,,,,,,,,No data,,,,,2024-06-03T07:26:23.447+02:00,2010,2010-01-01T00:00:00+01:00,2010-12-31T00:00:00+01:00
9442849,NTD_RAB2,COUNTRY,COM,YEAR,AFR,Africa,,2010,,,,,,,,No data,,,,,2024-06-03T07:26:23.447+02:00,2010,2010-01-01T00:00:00+01:00,2010-12-31T00:00:00+01:00
9620818,NTD_RAB2,COUNTRY,JPN,YEAR,WPR,Western Pacific,,2017,,,,,,,,No data,,,,,2024-06-03T07:26:23.447+02:00,2017,2017-01-01T00:00:00+01:00,2017-12-31T00:00:00+01:00
1348431,NTD_RAB2,COUNTRY,TUN,YEAR,EMR,Eastern Mediterranean,,2017,,,,,,,,1,1.0,,,,2024-06-03T07:26:23.447+02:00,2017,2017-01-01T00:00:00+01:00,2017-12-31T00:00:00+01:00
2938485,NTD_RAB2,COUNTRY,TCD,YEAR,AFR,Africa,,2013,,,,,,,,No data,,,,,2024-06-03T07:26:23.447+02:00,2013,2013-01-01T00:00:00+01:00,2013-12-31T00:00:00+01:00
1797826,NTD_RAB2,COUNTRY,VUT,YEAR,WPR,Western Pacific,,2014,,,,,,,,No data,,,,,2024-06-03T07:26:23.447+02:00,2014,2014-01-01T00:00:00+01:00,2014-12-31T00:00:00+01:00
8512339,NTD_RAB2,COUNTRY,AZE,YEAR,EUR,Europe,,2012,,,,,,,,No data,,,,,2024-06-03T07:26:23.447+02:00,2012,2012-01-01T00:00:00+01:00,2012-12-31T00:00:00+01:00
8637688,NTD_RAB2,COUNTRY,BLR,YEAR,EUR,Europe,,2022,,,,,,,,No data,,,,,2024-06-03T07:26:23.447+02:00,2022,2022-01-01T00:00:00+01:00,2022-12-31T00:00:00+01:00
5386131,NTD_RAB2,COUNTRY,LCA,YEAR,AMR,Americas,,2011,,,,,,,,0,0.0,,,,2024-06-03T07:26:23.447+02:00,2011,2011-01-01T00:00:00+01:00,2011-12-31T00:00:00+01:00
9040709,NTD_RAB2,COUNTRY,ISL,YEAR,EUR,Europe,,2021,,,,,,,,0,0.0,,,,2025-09-09T13:40:51.93+02:00,2021,2021-01-01T00:00:00+01:00,2021-12-31T00:00:00+01:00
5861222,NTD_RAB2,COUNTRY,COM,YEAR,AFR,Africa,,2024,,,,,,,,No data,,,,,2025-09-09T13:40:51.93+02:00,2024,2024-01-01T00:00:00+01:00,2024-12-31T00:00:00+01:00
6125059,NTD_RAB2,COUNTRY,BFA,YEAR,AFR,Africa,,2019,,,,,,,,No data,,,,,2024-06-03T07:26:23.447+02:00,2019,2019-01-01T00:00:00+01:00,2019-12-31T00:00:00+01:00
4594313,NTD_RAB2,COUNTRY,OMN,YEAR,EMR,Eastern Mediterranean,,2021,,,,,,,,0,0.0,,,,2024-06-03T07:26:23.447+02:00,2021,2021-01-01T00:00:00+01:00,2021-12-31T00:00:00+01:00
1480219,NTD_RAB2,COUNTRY,KGZ,YEAR,EUR,Europe,,2022,,,,,,,,No data,,,,,2024-06-03T07:26:23.447+02:00,2022,2022-01-01T00:00:00+01:00,2022-12-31T00:00:00+01:00
8229185,NTD_RAB2,COUNTRY,GTM,YEAR,AMR,Americas,,2020,,,,,,,,0,0.0,,,,2024-06-03T07:26:23.447+02:00,2020,2020-01-01T00:00:00+01:00,2020-12-31T00:00:00+01:00
4884498,NTD_RAB2,COUNTRY,DZA,YEAR,AFR,Africa,,2021,,,,,,,,No data,,,,,2024-06-03T07:26:23.447+02:00,2021,2021-01-01T00:00:00+01:00,2021-12-31T00:00:00+01:00
6692475,NTD_RAB2,COUNTRY,ZWE,YEAR,AFR,Africa,,2019,,,,,,,,No data,,,,,2024-06-03T07:26:23.447+02:00,2019,2019-01-01T00:00:00+01:00,2019-12-31T00:00:00+01:00
6745327,NTD_RAB2,COUNTRY,FIN,YEAR,EUR,Europe,,2014,,,,,,,,0,0.0,,,,2024-06-03T07:26:23.447+02:00,2014,2014-01-01T00:00:00+01:00,2014-12-31T00:00:00+01:00
1914388,NTD_RAB2,COUNTRY,NPL,YEAR,SEAR,South-East Asia,,2017,,,,,,,,8,8.0,,,,2024-06-03T07:26:23.447+02:00,2017,2017-01-01T00:00:00+01:00,2017-12-31T00:00:00+01:00
5366287,NTD_RAB2,COUNTRY,BOL,YEAR,AMR,Americas,,2022,,,,,,,,1,1.0,,,,2024-06-03T07:26:23.447+02:00,2022,2022-01-01T00:00:00+01:00,2022-12-31T00:00:00+01:00
3802793,NTD_RAB2,COUNTRY,QAT,YEAR,EMR,Eastern Mediterranean,,2012,,,,,,,,0,0.0,,,,2024-06-03T07:26:23.447+02:00,2012,2012-01-01T00:00:00+01:00,2012-12-31T00:00:00+01:00
3901861,NTD_RAB2,COUNTRY,BTN,YEAR,SEAR,South-East Asia,,2016,,,,,,,,1,1.0,,,,2024-06-03T07:26:23.447+02:00,2016,2016-01-01T00:00:00+01:00,2016-12-31T00:00:00+01:00
3981042,NTD_RAB2,COUNTRY,DJI,YEAR,EMR,Eastern Mediterranean,,2010,,,,,,,,No data,,,,,2024-06-03T07:26:23.447+02:00,2010,2010-01-01T00:00:00+01:00,2010-12-31T00:00:00+01:00
4132409,NTD_RAB2,COUNTRY,MHL,YEAR,WPR,Western Pacific,,2015,,,,,,,,No data,,,,,2024-06-03T07:26:23.447+02:00,2015,2015-01-01T00:00:00+01:00,2015-12-31T00:00:00+01:00
4205015,NTD_RAB2,COUNTRY,AND,YEAR,EUR,Europe,,2021,,,,,,,,No data,,,,,2024-06-03T07:26:23.447+02:00,2021,2021-01-01T00:00:00+01:00,2021-12-31T00:00:00+01:00
7596167,NTD_RAB2,COUNTRY,TUV,YEAR,WPR,Western Pacific,,2023,,,,,,,,No data,,,,,2025-09-09T13:40:51.93+02:00,2023,2023-01-01T00:00:00+01:00,2023-12-31T00:00:00+01:00
6098731,NTD_RAB2,COUNTRY,BIH,YEAR,EUR,Europe,,2022,,,,,,,,0,0.0,,,,2024-06-03T07:26:23.447+02:00,2022,2022-01-01T00:00:00+01:00,2022-12-31T00:00:00+01:00
2787055,NTD_RAB2,COUNTRY,SVN,YEAR,EUR,Europe,,2012,,,,,,,,No data,,,,,2024-06-03T07:26:23.447+02:00,2012,2012-01-01T00:00:00+01:00,2012-12-31T00:00:00+01:00
9594464,NTD_RAB2,COUNTRY,VUT,YEAR,WPR,Western Pacific,,2021,,,,,,,,No data,,,,,2024-06-03T07:26:23.447+02:00,2021,2021-01-01T00:00:00+01:00,2021-12-31T00:00:00+01:00
6250479,NTD_RAB2,COUNTRY,IND,YEAR,SEAR,South-East Asia,,2010,,,,,,,,No data,,,,,2024-06-03T07:26:23.447+02:00,2010,2010-01-01T00:00:00+01:00,2010-12-31T00:00:00+01:00
7958941,NTD_RAB2,COUNTRY,MCO,YEAR,EUR,Europe,,2012,,,,,,,,No data,,,,,2024-06-03T07:26:23.447+02:00,2012,2012-01-01T00:00:00+01:00,2012-12-31T00:00:00+01:00
3209341,NTD_RAB2,COUNTRY,RUS,YEAR,EUR,Europe,,2021,,,,,,,,No data,,,,,2024-06-03T07:26:23.447+02:00,2021,2021-01-01T00:00:00+01:00,2021-12-31T00:00:00+01:00
8301212,NTD_RAB2,COUNTRY,MAR,YEAR,EMR,Eastern Mediterranean,,2017,,,,,,,,15,15.0,,,,2024-06-03T07:26:23.447+02:00,2017,2017-01-01T00:00:00+01:00,2017-12-31T00:00:00+01:00
1723994,NTD_RAB2,COUNTRY,BGD,YEAR,SEAR,South-East Asia,,2010,,,,,,,,No data,,,,,2024-06-03T07:26:23.447+02:00,2010,2010-01-01T00:00:00+01:00,2010-12-31T00:00:00+01:00
3446572,NTD_RAB2,COUNTRY,LAO,YEAR,WPR,Western Pacific,,2013,,,,,,,,13,13.0,,,,2024-06-03T07:26:23.447+02:00,2013,2013-01-01T00:00:00+01:00,2013-12-31T00:00:00+01:00
3512394,NTD_RAB2,COUNTRY,AUS,YEAR,WPR,Western Pacific,,2024,,,,,,,,No data,,,,,2025-09-09T13:40:51.93+02:00,2024,2024-01-01T00:00:00+01:00,2024-12-31T00:00:00+01:00
8611332,NTD_RAB2,COUNTRY,ERI,YEAR,AFR,Africa,,2018,,,,,,,,No data,,,,,2024-06-03T07:26:23.447+02:00,2018,2018-01-01T00:00:00+01:00,2018-12-31T00:00:00+01:00
2401653,NTD_RAB2,COUNTRY,ARM,YEAR,EUR,Europe,,2015,,,,,,,,No data,,,,,2024-06-03T07:26:23.447+02:00,2015,2015-01-01T00:00:00+01:00,2015-12-31T00:00:00+01:00
7437763,NTD_RAB2,COUNTRY,GNB,YEAR,AFR,Africa,,2017,,,,,,,,No data,,,,,2024-06-03T07:26:23.447+02:00,2017,2017-01-01T00:00:00+01:00,2017-12-31T00:00:00+01:00
4125803,NTD_RAB2,COUNTRY,BWA,YEAR,AFR,Africa,,2020,,,,,,,,No data,,,,,2024-06-03T07:26:23.447+02:00,2020,2020-01-01T00:00:00+01:00,2020-12-31T00:00:00+01:00
7536805,NTD_RAB2,COUNTRY,NOR,YEAR,EUR,Europe,,2023,,,,,,,,0,0.0,,,,2025-09-09T13:40:51.93+02:00,2023,2023-01-01T00:00:00+01:00,2023-12-31T00:00:00+01:00
5881021,NTD_RAB2,COUNTRY,TZA,YEAR,AFR,Africa,,2024,,,,,,,,No data,,,,,2025-09-09T13:40:51.93+02:00,2024,2024-01-01T00:00:00+01:00,2024-12-31T00:00:00+01:00
7596197,NTD_RAB2,COUNTRY,JOR,YEAR,EMR,Eastern Mediterranean,,2014,,,,,,,,No data,,,,,2024-06-03T07:26:23.447+02:00,2014,2014-01-01T00:00:00+01:00,2014-12-31T00:00:00+01:00
4383216,NTD_RAB2,COUNTRY,PLW,YEAR,WPR,Western Pacific,,2010,,,,,,,,No data,,,,,2024-06-03T07:26:23.447+02:00,2010,2010-01-01T00:00:00+01:00,2010-12-31T00:00:00+01:00
1541981,NTD_RAB2,COUNTRY,SGP,YEAR,WPR,Western Pacific,,2016,,,,,,,,No data,,,,,2024-06-03T07:26:23.447+02:00,2016,2016-01-01T00:00:00+01:00,2016-12-31T00:00:00+01:00
1704204,NTD_RAB2,COUNTRY,MKD,YEAR,EUR,Europe,,2018,,,,,,,,No data,,,,,2024-06-03T07:26:23.447+02:00,2018,2018-01-01T00:00:00+01:00,2018-12-31T00:00:00+01:00
8651001,NTD_RAB2,COUNTRY,CZE,YEAR,EUR,Europe,,2021,,,,,,,,0,0.0,,,,2024-06-03T07:26:23.447+02:00,2021,2021-01-01T00:00:00+01:00,2021-12-31T00:00:00+01:00
3934916,NTD_RAB2,COUNTRY,LVA,YEAR,EUR,Europe,,2010,,,,,,,,0,0.0,,,,2024-06-03T07:26:23.447+02:00,2010,2010-01-01T00:00:00+01:00,2010-12-31T00:00:00+01:00
5696299,NTD_RAB2,COUNTRY,TGO,YEAR,AFR,Africa,,2022,,,,,,,,No data,,,,,2024-06-03T07:26:23.447+02:00,2022,2022-01-01T00:00:00+01:00,2022-12-31T00:00:00+01:00
1246169,NTD_RAB2,COUNTRY,KEN,YEAR,AFR,Africa,,2015,,,,,,,,38,38.0,,,,2024-06-03T07:26:23.447+02:00,2015,2015-01-01T00:00:00+01:00,2015-12-31T00:00:00+01:00
2872774,NTD_RAB2,COUNTRY,BEL,YEAR,EUR,Europe,,2012,,,,,,,,0,0.0,,,,2024-06-03T07:26:23.447+02:00,2012,2012-01-01T00:00:00+01:00,2012-12-31T00:00:00+01:00
2905734,NTD_RAB2,COUNTRY,TCD,YEAR,AFR,Africa,,2017,,,,,,,,0,0.0,,,,2024-06-03T07:26:23.447+02:00,2017,2017-01-01T00:00:00+01:00,2017-12-31T00:00:00+01:00
6488248,NTD_RAB2,COUNTRY,COK,YEAR,WPR,Western Pacific,,2022,,,,,,,,No data,,,,,2024-06-03T07:26:23.447+02:00,2022,2022-01-01T00:00:00+01:00,2022-12-31T00:00:00+01:00
8466262,NTD_RAB2,COUNTRY,IRQ,YEAR,EMR,Eastern Mediterranean,,2017,,,,,,,,9,9.0,,,,2024-06-03T07:26:23.447+02:00,2017,2017-01-01T00:00:00+01:00,2017-12-31T00:00:00+01:00
1821892,NTD_RAB2,COUNTRY,AGO,YEAR,AFR,Africa,,2024,,,,,,,,No data,,,,,2025-09-09T13:40:51.93+02:00,2024,2024-01-01T00:00:00+01:00,2024-12-31T00:00:00+01:00
4218305,NTD_RAB2,COUNTRY,MRT,YEAR,AFR,Africa,,2023,,,,,,,,4,4.0,,,,2025-09-09T13:40:51.93+02:00,2023,2023-01-01T00:00:00+01:00,2023-12-31T00:00:00+01:00
9304563,NTD_RAB2,COUNTRY,BHR,YEAR,EMR,Eastern Mediterranean,,2017,,,,,,,,0,0.0,,,,2024-06-03T07:26:23.447+02:00,2017,2017-01-01T00:00:00+01:00,2017-12-31T00:00:00+01:00
8025065,NTD_RAB2,COUNTRY,DNK,YEAR,EUR,Europe,,2014,,,,,,,,0,0.0,,,,2024-06-03T07:26:23.447+02:00,2014,2014-01-01T00:00:00+01:00,2014-12-31T00:00:00+01:00
4746017,NTD_RAB2,COUNTRY,MYS,YEAR,WPR,Western Pacific,,2010,,,,,,,,No data,,,,,2024-06-03T07:26:23.447+02:00,2010,2010-01-01T00:00:00+01:00,2010-12-31T00:00:00+01:00
3505908,NTD_RAB2,COUNTRY,SVK,YEAR,EUR,Europe,,2019,,,,,,,,0,0.0,,,,2024-06-03T07:26:23.447+02:00,2019,2019-01-01T00:00:00+01:00,2019-12-31T00:00:00+01:00
6969472,NTD_RAB2,COUNTRY,SLB,YEAR,WPR,Western Pacific,,2018,,,,,,,,No data,,,,,2024-06-03T07:26:23.447+02:00,2018,2018-01-01T00:00:00+01:00,2018-12-31T00:00:00+01:00
4027283,NTD_RAB2,COUNTRY,IDN,YEAR,WPR,Western Pacific,,2010,,,,,,,,No data,,,,,2024-06-03T07:26:23.447+02:00,2010,2010-01-01T00:00:00+01:00,2010-12-31T00:00:00+01:00
2427904,NTD_RAB2,COUNTRY,ESP,YEAR,EUR,Europe,,2015,,,,,,,,0,0.0,,,,2024-06-03T07:26:23.447+02:00,2015,2015-01-01T00:00:00+01:00,2015-12-31T00:00:00+01:00
4040565,NTD_RAB2,COUNTRY,LAO,YEAR,WPR,Western Pacific,,2010,,,,,,,,No data,,,,,2024-06-03T07:26:23.447+02:00,2010,2010-01-01T00:00:00+01:00,2010-12-31T00:00:00+01:00
5801957,NTD_RAB2,COUNTRY,UZB,YEAR,EUR,Europe,,2011,,,,,,,,No data,,,,,2024-06-03T07:26:23.447+02:00,2011,2011-01-01T00:00:00+01:00,2011-12-31T00:00:00+01:00
7668811,NTD_RAB2,COUNTRY,MRT,YEAR,AFR,Africa,,2012,,,,,,,,No data,,,,,2024-06-03T07:26:23.447+02:00,2012,2012-01-01T00:00:00+01:00,2012-12-31T00:00:00+01:00
6191309,NTD_RAB2,COUNTRY,SWE,YEAR,EUR,Europe,,2011,,,,,,,,0,0.0,,,,2024-06-03T07:26:23.447+02:00,2011,2011-01-01T00:00:00+01:00,2011-12-31T00:00:00+01:00
9581384,NTD_RAB2,COUNTRY,CMR,YEAR,AFR,Africa,,2024,,,,,,,,4,4.0,,,,2025-10-30T17:51:54.843+01:00,2024,2024-01-01T00:00:00+01:00,2024-12-31T00:00:00+01:00
9627576,NTD_RAB2,COUNTRY,PRK,YEAR,SEAR,South-East Asia,,2011,,,,,,,,No data,,,,,2024-06-03T07:26:23.447+02:00,2011,2011-01-01T00:00:00+01:00,2011-12-31T00:00:00+01:00
1374913,NTD_RAB2,COUNTRY,MKD,YEAR,EUR,Europe,,2014,,,,,,,,No data,,,,,2024-06-03T07:26:23.447+02:00,2014,2014-01-01T00:00:00+01:00,2014-12-31T00:00:00+01:00
9746308,NTD_RAB2,COUNTRY,SYC,YEAR,AFR,Africa,,2015,,,,,,,,No data,,,,,2024-06-03T07:26:23.447+02:00,2015,2015-01-01T00:00:00+01:00,2015-12-31T00:00:00+01:00
3077309,NTD_RAB2,COUNTRY,GRD,YEAR,AMR,Americas,,2021,,,,,,,,0,0.0,,,,2026-07-15T14:04:38.643+02:00,2021,2021-01-01T00:00:00+01:00,2021-12-31T00:00:00+01:00
8196374,NTD_RAB2,COUNTRY,NRU,YEAR,WPR,Western Pacific,,2011,,,,,,,,No data,,,,,2024-06-03T07:26:23.447+02:00,2011,2011-01-01T00:00:00+01:00,2011-12-31T00:00:00+01:00
6554324,NTD_RAB2,COUNTRY,GUY,YEAR,AMR,Americas,,2022,,,,,,,,0,0.0,,,,2026-07-15T14:04:38.643+02:00,2022,2022-01-01T00:00:00+01:00,2022-12-31T00:00:00+01:00
8519118,NTD_RAB2,COUNTRY,SMR,YEAR,EUR,Europe,,2021,,,,,,,,No data,,,,,2024-06-03T07:26:23.447+02:00,2021,2021-01-01T00:00:00+01:00,2021-12-31T00:00:00+01:00
3571941,NTD_RAB2,COUNTRY,KWT,YEAR,EMR,Eastern Mediterranean,,2011,,,,,,,,0,0.0,,,,2024-06-03T07:26:23.447+02:00,2011,2011-01-01T00:00:00+01:00,2011-12-31T00:00:00+01:00
7114750,NTD_RAB2,COUNTRY,SUR,YEAR,AMR,Americas,,2021,,,,,,,,0,0.0,,,,2026-07-15T14:04:38.643+02:00,2021,2021-01-01T00:00:00+01:00,2021-12-31T00:00:00+01:00
3941585,NTD_RAB2,COUNTRY,GNQ,YEAR,AFR,Africa,,2024,,,,,,,,No data,,,,,2025-09-09T13:40:51.93+02:00,2024,2024-01-01T00:00:00+01:00,2024-12-31T00:00:00+01:00
9100243,NTD_RAB2,COUNTRY,CHL,YEAR,AMR,Americas,,2016,,,,,,,,0,0.0,,,,2024-06-03T07:26:23.447+02:00,2016,2016-01-01T00:00:00+01:00,2016-12-31T00:00:00+01:00
2427932,NTD_RAB2,COUNTRY,ZMB,YEAR,AFR,Africa,,2014,,,,,,,,No data,,,,,2024-06-03T07:26:23.447+02:00,2014,2014-01-01T00:00:00+01:00,2014-12-31T00:00:00+01:00
9113451,NTD_RAB2,COUNTRY,BFA,YEAR,AFR,Africa,,2012,,,,,,,,29,29.0,,,,2024-06-03T07:26:23.447+02:00,2012,2012-01-01T00:00:00+01:00,2012-12-31T00:00:00+01:00
5788763,NTD_RAB2,COUNTRY,VNM,YEAR,WPR,Western Pacific,,2018,,,,,,,,103,103.0,,,,2024-06-03T07:26:23.447+02:00,2018,2018-01-01T00:00:00+01:00,2018-12-31T00:00:00+01:00
9331003,NTD_RAB2,COUNTRY,KNA,YEAR,AMR,Americas,,2017,,,,,,,,0,0.0,,,,2024-06-03T07:26:23.447+02:00,2017,2017-01-01T00:00:00+01:00,2017-12-31T00:00:00+01:00
9713365,NTD_RAB2,COUNTRY,CAN,YEAR,AMR,Americas,,2019,,,,,,,,1,1.0,,,,2024-06-03T07:26:23.447+02:00,2019,2019-01-01T00:00:00+01:00,2019-12-31T00:00:00+01:00
9746347,NTD_RAB2,COUNTRY,ITA,YEAR,EUR,Europe,,2014,,,,,,,,0,0.0,,,,2024-06-03T07:26:23.447+02:00,2014,2014-01-01T00:00:00+01:00,2014-12-31T00:00:00+01:00
3004731,NTD_RAB2,COUNTRY,BOL,YEAR,AMR,Americas,,2020,,,,,,,,1,1.0,,,,2024-06-03T07:26:23.447+02:00,2020,2020-01-01T00:00:00+01:00,2020-12-31T00:00:00+01:00
3427121,NTD_RAB2,COUNTRY,POL,YEAR,EUR,Europe,,2012,,,,,,,,0,0.0,,,,2024-06-03T07:26:23.447+02:00,2012,2012-01-01T00:00:00+01:00,2012-12-31T00:00:00+01:00
6930088,NTD_RAB2,COUNTRY,SOM,YEAR,EMR,Eastern Mediterranean,,2013,,,,,,,,No data,,,,,2024-06-03T07:26:23.447+02:00,2013,2013-01-01T00:00:00+01:00,2013-12-31T00:00:00+01:00
5326842,NTD_RAB2,COUNTRY,MCO,YEAR,EUR,Europe,,2023,,,,,,,,No data,,,,,2025-09-09T13:40:51.93+02:00,2023,2023-01-01T00:00:00+01:00,2023-12-31T00:00:00+01:00
8823005,NTD_RAB2,COUNTRY,PNG,YEAR,WPR,Western Pacific,,2011,,,,,,,,No data,,,,,2024-06-03T07:26:23.447+02:00,2011,2011-01-01T00:00:00+01:00,2011-12-31T00:00:00+01:00
5505070,NTD_RAB2,COUNTRY,VUT,YEAR,WPR,Western Pacific,,2011,,,,,,,,No data,,,,,2024-06-03T07:26:23.447+02:00,2011,2011-01-01T00:00:00+01:00,2011-12-31T00:00:00+01:00
8948504,NTD_RAB2,COUNTRY,LBR,YEAR,AFR,Africa,,2018,,,,,,,,No data,,,,,2024-06-03T07:26:23.447+02:00,2018,2018-01-01T00:00:00+01:00,2018-12-31T00:00:00+01:00
5808618,NTD_RAB2,COUNTRY,VEN,YEAR,AMR,Americas,,2020,,,,,,,,0,0.0,,,,2026-07-15T14:04:38.643+02:00,2020,2020-01-01T00:00:00+01:00,2020-12-31T00:00:00+01:00
1355240,NTD_RAB2,COUNTRY,SOM,YEAR,EMR,Eastern Mediterranean,,2016,,,,,,,,2,2.0,,,,2024-06-03T07:26:23.447+02:00,2016,2016-01-01T00:00:00+01:00,2016-12-31T00:00:00+01:00
6263882,NTD_RAB2,COUNTRY,HUN,YEAR,EUR,Europe,,2016,,,,,,,,0,0.0,,,,2024-06-03T07:26:23.447+02:00,2016,2016-01-01T00:00:00+01:00,2016-12-31T00:00:00+01:00
6310083,NTD_RAB2,COUNTRY,SWE,YEAR,EUR,Europe,,2020,,,,,,,,No data,,,,,2024-06-03T07:26:23.447+02:00,2020,2020-01-01T00:00:00+01:00,2020-12-31T00:00:00+01:00
1421262,NTD_RAB2,COUNTRY,HUN,YEAR,EUR,Europe,,2011,,,,,,,,0,0.0,,,,2024-06-03T07:26:23.447+02:00,2011,2011-01-01T00:00:00+01:00,2011-12-31T00:00:00+01:00
39793,NTD_RAB2,COUNTRY,GIN,YEAR,AFR,Africa,,2018,,,,,,,,No data,,,,,2024-06-03T07:26:23.447+02:00,2018,2018-01-01T00:00:00+01:00,2018-12-31T00:00:00+01:00
4739516,NTD_RAB2,COUNTRY,HND,YEAR,AMR,Americas,,2021,,,,,,,,0,0.0,,,,2024-06-03T07:26:23.447+02:00,2021,2021-01-01T00:00:00+01:00,2021-12-31T00:00:00+01:00
6652978,NTD_RAB2,COUNTRY,LCA,YEAR,AMR,Americas,,2012,,,,,,,,0,0.0,,,,2024-06-03T07:26:23.447+02:00,2012,2012-01-01T00:00:00+01:00,2012-12-31T00:00:00+01:00
5003325,NTD_RAB2,COUNTRY,SAU,YEAR,EMR,Eastern Mediterranean,,2017,,,,,,,,1,1.0,,,,2024-06-03T07:26:23.447+02:00,2017,2017-01-01T00:00:00+01:00,2017-12-31T00:00:00+01:00
1874827,NTD_RAB2,COUNTRY,STP,YEAR,AFR,Africa,,2024,,,,,,,,No data,,,,,2025-09-09T13:40:51.93+02:00,2024,2024-01-01T00:00:00+01:00,2024-12-31T00:00:00+01:00
8598300,NTD_RAB2,COUNTRY,FJI,YEAR,WPR,Western Pacific,,2013,,,,,,,,No data,,,,,2024-06-03T07:26:23.447+02:00,2013,2013-01-01T00:00:00+01:00,2013-12-31T00:00:00+01:00
3552177,NTD_RAB2,COUNTRY,PRT,YEAR,EUR,Europe,,2013,,,,,,,,0,0.0,,,,2024-06-03T07:26:23.447+02:00,2013,2013-01-01T00:00:00+01:00,2013-12-31T00:00:00+01:00
2098992,NTD_RAB2,COUNTRY,JPN,YEAR,WPR,Western Pacific,,2019,,,,,,,,No data,,,,,2024-06-03T07:26:23.447+02:00,2019,2019-01-01T00:00:00+01:00,2019-12-31T00:00:00+01:00
4099599,NTD_RAB2,COUNTRY,FIN,YEAR,EUR,Europe,,2017,,,,,,,,0,0.0,,,,2024-06-03T07:26:23.447+02:00,2017,2017-01-01T00:00:00+01:00,2017-12-31T00:00:00+01:00
5788825,NTD_RAB2,COUNTRY,GMB,YEAR,AFR,Africa,,2010,,,,,,,,No data,,,,,2024-06-03T07:26:23.447+02:00,2010,2010-01-01T00:00:00+01:00,2010-12-31T00:00:00+01:00
4112784,NTD_RAB2,COUNTRY,COM,YEAR,AFR,Africa,,2013,,,,,,,,No data,,,,,2024-06-03T07:26:23.447+02:00,2013,2013-01-01T00:00:00+01:00,2013-12-31T00:00:00+01:00
2859722,NTD_RAB2,COUNTRY,BEL,YEAR,EUR,Europe,,2019,,,,,,,,0,0.0,,,,2024-06-03T07:26:23.447+02:00,2019,2019-01-01T00:00:00+01:00,2019-12-31T00:00:00+01:00
3004771,NTD_RAB2,COUNTRY,MLT,YEAR,EUR,Europe,,2018,,,,,,,,0,0.0,,,,2025-09-09T13:40:51.93+02:00,2018,2018-01-01T00:00:00+01:00,2018-12-31T00:00:00+01:00
5069428,NTD_RAB2,COUNTRY,ISR,YEAR,EUR,Europe,,2024,,,,,,,,No data,,,,,2025-09-09T13:40:51.93+02:00,2024,2024-01-01T00:00:00+01:00,2024-12-31T00:00:00+01:00
3440358,NTD_RAB2,COUNTRY,ARG,YEAR,AMR,Americas,,2022,,,,,,,,0,0.0,,,,2024-06-03T07:26:23.447+02:00,2022,2022-01-01T00:00:00+01:00,2022-12-31T00:00:00+01:00
3466588,NTD_RAB2,COUNTRY,SUR,YEAR,AMR,Americas,,2014,,,,,,,,No data,,,,,2024-06-03T07:26:23.447+02:00,2014,2014-01-01T00:00:00+01:00,2014-12-31T00:00:00+01:00
5227933,NTD_RAB2,COUNTRY,MHL,YEAR,WPR,Western Pacific,,2019,,,,,,,,No data,,,,,2024-06-03T07:26:23.447+02:00,2019,2019-01-01T00:00:00+01:00,2019-12-31T00:00:00+01:00
9080560,NTD_RAB2,COUNTRY,BLZ,YEAR,AMR,Americas,,2023,,,,,,,,0,0.0,,,,2026-07-15T14:04:38.643+02:00,2023,2023-01-01T00:00:00+01:00,2023-12-31T00:00:00+01:00
2447743,NTD_RAB2,COUNTRY,BHR,YEAR,EMR,Eastern Mediterranean,,2012,,,,,,,,0,0.0,,,,2024-06-03T07:26:23.447+02:00,2012,2012-01-01T00:00:00+01:00,2012-12-31T00:00:00+01:00
4337252,NTD_RAB2,COUNTRY,JPN,YEAR,WPR,Western Pacific,,2020,,,,,,,,No data,,,,,2024-06-03T07:26:23.447+02:00,2020,2020-01-01T00:00:00+01:00,2020-12-31T00:00:00+01:00
4680365,NTD_RAB2,COUNTRY,USA,YEAR,AMR,Americas,,2016,,,,,,,,0,0.0,,,,2024-06-03T07:26:23.447+02:00,2016,2016-01-01T00:00:00+01:00,2016-12-31T00:00:00+01:00
8170107,NTD_RAB2,COUNTRY,MNE,YEAR,EUR,Europe,,2023,,,,,,,,No data,,,,,2025-09-09T13:40:51.93+02:00,2023,2023-01-01T00:00:00+01:00,2023-12-31T00:00:00+01:00
4845125,NTD_RAB2,COUNTRY,MDV,YEAR,SEAR,South-East Asia,,2017,,,,,,,,No data,,,,,2024-06-03T07:26:23.447+02:00,2017,2017-01-01T00:00:00+01:00,2017-12-31T00:00:00+01:00
1594186,NTD_RAB2,COUNTRY,BDI,YEAR,AFR,Africa,,2023,,,,,,,,No data,,,,,2025-09-09T13:40:51.93+02:00,2023,2023-01-01T00:00:00+01:00,2023-12-31T00:00:00+01:00
1652366,NTD_RAB2,COUNTRY,VCT,YEAR,AMR,Americas,,2010,,,,,,,,0,0.0,,,,2024-06-03T07:26:23.447+02:00,2010,2010-01-01T00:00:00+01:00,2010-12-31T00:00:00+01:00
6705902,NTD_RAB2,COUNTRY,BTN,YEAR,SEAR,South-East Asia,,2022,,,,,,,,0,0.0,,,,2024-06-03T07:26:23.447+02:00,2022,2022-01-01T00:00:00+01:00,2022-12-31T00:00:00+01:00
5155345,NTD_RAB2,COUNTRY,PRT,YEAR,EUR,Europe,,2015,,,,,,,,0,0.0,,,,2024-06-03T07:26:23.447+02:00,2015,2015-01-01T00:00:00+01:00,2015-12-31T00:00:00+01:00
3637908,NTD_RAB2,COUNTRY,EGY,YEAR,EMR,Eastern Mediterranean,,2020,,,,,,,,No data,,,,,2024-06-03T07:26:23.447+02:00,2020,2020-01-01T00:00:00+01:00,2020-12-31T00:00:00+01:00
5590847,NTD_RAB2,COUNTRY,VEN,YEAR,AMR,Americas,,2018,,,,,,,,0,0.0,,,,2024-06-03T07:26:23.447+02:00,2018,2018-01-01T00:00:00+01:00,2018-12-31T00:00:00+01:00
7378630,NTD_RAB2,COUNTRY,GMB,YEAR,AFR,Africa,,2012,,,,,,,,No data,,,,,2024-06-03T07:26:23.447+02:00,2012,2012-01-01T00:00:00+01:00,2012-12-31T00:00:00+01:00
7596389,NTD_RAB2,COUNTRY,CPV,YEAR,AFR,Africa,,2010,,,,,,,,No data,,,,,2024-06-03T07:26:23.447+02:00,2010,2010-01-01T00:00:00+01:00,2010-12-31T00:00:00+01:00
2899324,NTD_RAB2,COUNTRY,SLB,YEAR,WPR,Western Pacific,,2010,,,,,,,,No data,,,,,2024-06-03T07:26:23.447+02:00,2010,2010-01-01T00:00:00+01:00,2010-12-31T00:00:00+01:00
3242563,NTD_RAB2,COUNTRY,FSM,YEAR,WPR,Western Pacific,,2020,,,,,,,,No data,,,,,2024-06-03T07:26:23.447+02:00,2020,2020-01-01T00:00:00+01:00,2020-12-31T00:00:00+01:00
1861682,NTD_RAB2,COUNTRY,CPV,YEAR,AFR,Africa,,2022,,,,,,,,No data,,,,,2024-06-03T07:26:23.447+02:00,2022,2022-01-01T00:00:00+01:00,2022-12-31T00:00:00+01:00
1947615,NTD_RAB2,COUNTRY,DOM,YEAR,AMR,Americas,,2012,,,,,,,,5,5.0,,,,2024-06-03T07:26:23.447+02:00,2012,2012-01-01T00:00:00+01:00,2012-12-31T00:00:00+01:00
8717295,NTD_RAB2,COUNTRY,BWA,YEAR,AFR,Africa,,2017,,,,,,,,No data,,,,,2024-06-03T07:26:23.447+02:00,2017,2017-01-01T00:00:00+01:00,2017-12-31T00:00:00+01:00
8968436,NTD_RAB2,COUNTRY,GMB,YEAR,AFR,Africa,,2024,,,,,,,,No data,,,,,2025-09-09T13:40:51.93+02:00,2024,2024-01-01T00:00:00+01:00,2024-12-31T00:00:00+01:00
2388948,NTD_RAB2,COUNTRY,COL,YEAR,AMR,Americas,,2020,,,,,,,,1,1.0,,,,2024-06-03T07:26:23.447+02:00,2020,2020-01-01T00:00:00+01:00,2020-12-31T00:00:00+01:00
4165670,NTD_RAB2,COUNTRY,SYR,YEAR,EMR,Eastern Mediterranean,,2012,,,,,,,,5,5.0,,,,2024-06-03T07:26:23.447+02:00,2012,2012-01-01T00:00:00+01:00,2012-12-31T00:00:00+01:00
6000007,NTD_RAB2,COUNTRY,GNQ,YEAR,AFR,Africa,,2014,,,,,,,,No data,,,,,2024-06-03T07:26:23.447+02:00,2014,2014-01-01T00:00:00+01:00,2014-12-31T00:00:00+01:00
4337296,NTD_RAB2,COUNTRY,IRL,YEAR,EUR,Europe,,2023,,,,,,,,0,0.0,,,,2025-09-09T13:40:51.93+02:00,2023,2023-01-01T00:00:00+01:00,2023-12-31T00:00:00+01:00
4528539,NTD_RAB2,COUNTRY,NOR,YEAR,EUR,Europe,,2016,,,,,,,,0,0.0,,,,2025-09-09T13:40:51.93+02:00,2016,2016-01-01T00:00:00+01:00,2016-12-31T00:00:00+01:00
2853198,NTD_RAB2,COUNTRY,PNG,YEAR,WPR,Western Pacific,,2024,,,,,,,,No data,,,,,2025-09-09T13:40:51.93+02:00,2024,2024-01-01T00:00:00+01:00,2024-12-31T00:00:00+01:00
6323413,NTD_RAB2,COUNTRY,URY,YEAR,AMR,Americas,,2018,,,,,,,,0,0.0,,,,2024-06-03T07:26:23.447+02:00,2018,2018-01-01T00:00:00+01:00,2018-12-31T00:00:00+01:00
1568206,NTD_RAB2,COUNTRY,ARE,YEAR,EMR,Eastern Mediterranean,,2018,,,,,,,,No data,,,,,2024-06-03T07:26:23.447+02:00,2018,2018-01-01T00:00:00+01:00,2018-12-31T00:00:00+01:00
4891388,NTD_RAB2,COUNTRY,FJI,YEAR,WPR,Western Pacific,,2021,,,,,,,,No data,,,,,2024-06-03T07:26:23.447+02:00,2021,2021-01-01T00:00:00+01:00,2021-12-31T00:00:00+01:00
4924371,NTD_RAB2,COUNTRY,UGA,YEAR,AFR,Africa,,2023,,,,,,,,No data,,,,,2025-09-09T13:40:51.93+02:00,2023,2023-01-01T00:00:00+01:00,2023-12-31T00:00:00+01:00
8380680,NTD_RAB2,COUNTRY,TON,YEAR,WPR,Western Pacific,,2017,,,,,,,,No data,,,,,2024-06-03T07:26:23.447+02:00,2017,2017-01-01T00:00:00+01:00,2017-12-31T00:00:00+01:00
8453262,NTD_RAB2,COUNTRY,KWT,YEAR,EMR,Eastern Mediterranean,,2013,,,,,,,,0,0.0,,,,2024-06-03T07:26:23.447+02:00,2013,2013-01-01T00:00:00+01:00,2013-12-31T00:00:00+01:00
5234624,NTD_RAB2,COUNTRY,TZA,YEAR,AFR,Africa,,2020,,,,,,,,No data,,,,,2024-06-03T07:26:23.447+02:00,2020,2020-01-01T00:00:00+01:00,2020-12-31T00:00:00+01:00
1216394,NTD_RAB2,COUNTRY,TKM,YEAR,EUR,Europe,,2017,,,,,,,,0,0.0,,,,2024-06-03T07:26:23.447+02:00,2017,2017-01-01T00:00:00+01:00,2017-12-31T00:00:00+01:00
1220929,NTD_RAB2,COUNTRY,GEO,YEAR,EUR,Europe,,2020,,,,,,,,0,0.0,,,,2024-06-03T07:26:23.447+02:00,2020,2020-01-01T00:00:00+01:00,2020-12-31T00:00:00+01:00
1229133,NTD_RAB2,COUNTRY,BHR,YEAR,EMR,Eastern Mediterranean,,2015,,,,,,,,0,0.0,,,,2024-06-03T07:26:23.447+02:00,2015,2015-01-01T00:00:00+01:00,2015-12-31T00:00:00+01:00
1240691,NTD_RAB2,COUNTRY,FRA,YEAR,EUR,Europe,,2012,,,,,,,,0,0.0,,,,2024-06-03T07:26:23.447+02:00,2012,2012-01-01T00:00:00+01:00,2012-12-31T00:00:00+01:00
1242496,NTD_RAB2,COUNTRY,LAO,YEAR,WPR,Western Pacific,,2016,,,,,,,,2,2.0,,,,2024-06-03T07:26:23.447+02:00,2016,2016-01-01T00:00:00+01:00,2016-12-31T00:00:00+01:00
1254042,NTD_RAB2,COUNTRY,CHN,YEAR,WPR,Western Pacific,,2011,,,,,,,,1879,1879.0,,,,2024-06-03T07:26:23.447+02:00,2011,2011-01-01T00:00:00+01:00,2011-12-31T00:00:00+01:00
1255886,NTD_RAB2,COUNTRY,MMR,YEAR,SEAR,South-East Asia,,2010,,,,,,,,215,215.0,,,,2024-06-03T07:26:23.447+02:00,2010,2010-01-01T00:00:00+01:00,2010-12-31T00:00:00+01:00
1266948,NTD_RAB2,COUNTRY,TON,YEAR,WPR,Western Pacific,,2021,,,,,,,,No data,,,,,2024-06-03T07:26:23.447+02:00,2021,2021-01-01T00:00:00+01:00,2021-12-31T00:00:00+01:00
1274788,NTD_RAB2,COUNTRY,JAM,YEAR,AMR,Americas,,2022,,,,,,,,0,0.0,,,,2026-07-15T14:04:38.643+02:00,2022,2022-01-01T00:00:00+01:00,2022-12-31T00:00:00+01:00
1274796,NTD_RAB2,COUNTRY,LSO,YEAR,AFR,Africa,,2017,,,,,,,,7,7.0,,,,2024-06-03T07:26:23.447+02:00,2017,2017-01-01T00:00:00+01:00,2017-12-31T00:00:00+01:00
1283349,NTD_RAB2,COUNTRY,FRA,YEAR,EUR,Europe,,2016,,,,,,,,1,1.0,,,,2025-09-09T13:40:51.93+02:00,2016,2016-01-01T00:00:00+01:00,2016-12-31T00:00:00+01:00
1291631,NTD_RAB2,COUNTRY,LVA,YEAR,EUR,Europe,,2016,,,,,,,,0,0.0,,,,2024-06-03T07:26:23.447+02:00,2016,2016-01-01T00:00:00+01:00,2016-12-31T00:00:00+01:00
1292579,NTD_RAB2,COUNTRY,SVK,YEAR,EUR,Europe,,2021,,,,,,,,0,0.0,,,,2024-06-03T07:26:23.447+02:00,2021,2021-01-01T00:00:00+01:00,2021-12-31T00:00:00+01:00
1296942,NTD_RAB2,COUNTRY,TJK,YEAR,EUR,Europe,,2012,,,,,,,,No data,,,,,2024-06-03T07:26:23.447+02:00,2012,2012-01-01T00:00:00+01:00,2012-12-31T00:00:00+01:00
1303139,NTD_RAB2,COUNTRY,NER,YEAR,AFR,Africa,,2014,,,,,,,,No data,,,,,2024-06-03T07:26:23.447+02:00,2014,2014-01-01T00:00:00+01:00,2014-12-31T00:00:00+01:00
1322837,NTD_RAB2,COUNTRY,GHA,YEAR,AFR,Africa,,2023,,,,,,,,No data,,,,,2025-09-09T13:40:51.93+02:00,2023,2023-01-01T00:00:00+01:00,2023-12-31T00:00:00+01:00
1323793,NTD_RAB2,COUNTRY,IRN,YEAR,EMR,Eastern Mediterranean,,2016,,,,,,,,1,1.0,,,,2024-06-03T07:26:23.447+02:00,2016,2016-01-01T00:00:00+01:00,2016-12-31T00:00:00+01:00
1329438,NTD_RAB2,COUNTRY,GNB,YEAR,AFR,Africa,,2022,,,,,,,,No data,,,,,2024-06-03T07:26:23.447+02:00,2022,2022-01-01T00:00:00+01:00,2022-12-31T00:00:00+01:00
1336824,NTD_RAB2,COUNTRY,SEN,YEAR,AFR,Africa,,2013,,,,,,,,5,5.0,,,,2024-06-03T07:26:23.447+02:00,2013,2013-01-01T00:00:00+01:00,2013-12-31T00:00:00+01:00
1338184,NTD_RAB2,COUNTRY,BHR,YEAR,EMR,Eastern Mediterranean,,2021,,,,,,,,0,0.0,,,,2024-06-03T07:26:23.447+02:00,2021,2021-01-01T00:00:00+01:00,2021-12-31T00:00:00+01:00
1343103,NTD_RAB2,COUNTRY,CZE,YEAR,EUR,Europe,,2019,,,,,,,,0,0.0,,,,2024-06-03T07:26:23.447+02:00,2019,2019-01-01T00:00:00+01:00,2019-12-31T00:00:00+01:00
1356993,NTD_RAB2,COUNTRY,CHN,YEAR,WPR,Western Pacific,,2024,,,,,,,,No data,,,,,2025-09-09T13:40:51.93+02:00,2024,2024-01-01T00:00:00+01:00,2024-12-31T00:00:00+01:00
1362105,NTD_RAB2,COUNTRY,COD,YEAR,AFR,Africa,,2018,,,,,,,,No data,,,,,2024-06-03T07:26:23.447+02:00,2018,2018-01-01T00:00:00+01:00,2018-12-31T00:00:00+01:00
1362898,NTD_RAB2,COUNTRY,VUT,YEAR,WPR,Western Pacific,,2012,,,,,,,,No data,,,,,2024-06-03T07:26:23.447+02:00,2012,2012-01-01T00:00:00+01:00,2012-12-31T00:00:00+01:00
1363206,NTD_RAB2,COUNTRY,CHN,YEAR,WPR,Western Pacific,,2016,,,,,,,,644,644.0,,,,2024-06-03T07:26:23.447+02:00,2016,2016-01-01T00:00:00+01:00,2016-12-31T00:00:00+01:00
1376088,NTD_RAB2,COUNTRY,CAN,YEAR,AMR,Americas,,2015,,,,,,,,0,0.0,,,,2024-06-03T07:26:23.447+02:00,2015,2015-01-01T00:00:00+01:00,2015-12-31T00:00:00+01:00
1377863,NTD_RAB2,COUNTRY,GBR,YEAR,EUR,Europe,,2010,,,,,,,,0,0.0,,,,2024-06-03T07:26:23.447+02:00,2010,2010-01-01T00:00:00+01:00,2010-12-31T00:00:00+01:00
1383836,NTD_RAB2,COUNTRY,LBR,YEAR,AFR,Africa,,2023,,,,,,,,454,454.0,,,,2025-09-09T13:40:51.93+02:00,2023,2023-01-01T00:00:00+01:00,2023-12-31T00:00:00+01:00
1389126,NTD_RAB2,COUNTRY,BIH,YEAR,EUR,Europe,,2015,,,,,,,,0,0.0,,,,2024-06-03T07:26:23.447+02:00,2015,2015-01-01T00:00:00+01:00,2015-12-31T00:00:00+01:00
1403719,NTD_RAB2,COUNTRY,MUS,YEAR,AFR,Africa,,2016,,,,,,,,No data,,,,,2024-06-03T07:26:23.447+02:00,2016,2016-01-01T00:00:00+01:00,2016-12-31T00:00:00+01:00
1409603,NTD_RAB2,COUNTRY,NRU,YEAR,WPR,Western Pacific,,2024,,,,,,,,No data,,,,,2025-09-09T13:40:51.93+02:00,2024,2024-01-01T00:00:00+01:00,2024-12-31T00:00:00+01:00
1409694,NTD_RAB2,COUNTRY,BEN,YEAR,AFR,Africa,,2022,,,,,,,,No data,,,,,2024-06-03T07:26:23.447+02:00,2022,2022-01-01T00:00:00+01:00,2022-12-31T00:00:00+01:00
1410720,NTD_RAB2,COUNTRY,SVN,YEAR,EUR,Europe,,2011,,,,,,,,No data,,,,,2024-06-03T07:26:23.447+02:00,2011,2011-01-01T00:00:00+01:00,2011-12-31T00:00:00+01:00
1414848,NTD_RAB2,COUNTRY,COM,YEAR,AFR,Africa,,2018,,,,,,,,No data,,,,,2024-06-03T07:26:23.447+02:00,2018,2018-01-01T00:00:00+01:00,2018-12-31T00:00:00+01:00
1422554,NTD_RAB2,COUNTRY,FJI,YEAR,WPR,Western Pacific,,2019,,,,,,,,No data,,,,,2024-06-03T07:26:23.447+02:00,2019,2019-01-01T00:00:00+01:00,2019-12-31T00:00:00+01:00
1429165,NTD_RAB2,COUNTRY,NRU,YEAR,WPR,Western Pacific,,2013,,,,,,,,No data,,,,,2024-06-03T07:26:23.447+02:00,2013,2013-01-01T00:00:00+01:00,2013-12-31T00:00:00+01:00
1476012,NTD_RAB2,COUNTRY,LTU,YEAR,EUR,Europe,,2024,,,,,,,,No data,,,,,2025-09-09T13:40:51.93+02:00,2024,2024-01-01T00:00:00+01:00,2024-12-31T00:00:00+01:00
1476142,NTD_RAB2,COUNTRY,ALB,YEAR,EUR,Europe,,2013,,,,,,,,No data,,,,,2024-06-03T07:26:23.447+02:00,2013,2013-01-01T00:00:00+01:00,2013-12-31T00:00:00+01:00
1480546,NTD_RAB2,COUNTRY,ARG,YEAR,AMR,Americas,,2024,,,,,,,,0,0.0,,,,2026-07-15T14:04:38.643+02:00,2024,2024-01-01T00:00:00+01:00,2024-12-31T00:00:00+01:00
1482134,NTD_RAB2,COUNTRY,DEU,YEAR,EUR,Europe,,2021,,,,,,,,0,0.0,,,,2024-06-03T07:26:23.447+02:00,2021,2021-01-01T00:00:00+01:00,2021-12-31T00:00:00+01:00
2221,NTD_RAB2,COUNTRY,GIN,YEAR,AFR,Africa,,2022,,,,,,,,No data,,,,,2024-06-03T07:26:23.447+02:00,2022,2022-01-01T00:00:00+01:00,2022-12-31T00:00:00+01:00
2303,NTD_RAB2,COUNTRY,CAF,YEAR,AFR,Africa,,2024,,,,,,,,No data,,,,,2025-09-09T13:40:51.93+02:00,2024,2024-01-01T00:00:00+01:00,2024-12-31T00:00:00+01:00
2755,NTD_RAB2,COUNTRY,MLI,YEAR,AFR,Africa,,2016,,,,,,,,8,8.0,,,,2024-06-03T07:26:23.447+02:00,2016,2016-01-01T00:00:00+01:00,2016-12-31T00:00:00+01:00
14367,NTD_RAB2,COUNTRY,ISL,YEAR,EUR,Europe,,2013,,,,,,,,No data,,,,,2024-06-03T07:26:23.447+02:00,2013,2013-01-01T00:00:00+01:00,2013-12-31T00:00:00+01:00
14734,NTD_RAB2,COUNTRY,SVN,YEAR,EUR,Europe,,2021,,,,,,,,0,0.0,,,,2024-06-03T07:26:23.447+02:00,2021,2021-01-01T00:00:00+01:00,2021-12-31T00:00:00+01:00
29001,NTD_RAB2,COUNTRY,KOR,YEAR,WPR,Western Pacific,,2016,,,,,,,,0,0.0,,,,2025-09-09T13:40:51.93+02:00,2016,2016-01-01T00:00:00+01:00,2016-12-31T00:00:00+01:00
36054,NTD_RAB2,COUNTRY,IND,YEAR,SEAR,South-East Asia,,2011,,,,,,,,No data,,,,,2024-06-03T07:26:23.447+02:00,2011,2011-01-01T00:00:00+01:00,2011-12-31T00:00:00+01:00
36148,NTD_RAB2,COUNTRY,BOL,YEAR,AMR,Americas,,2024,,,,,,,,3,3.0,,,,2026-06-22T13:18:41.443+02:00,2024,2024-01-01T00:00:00+01:00,2024-12-31T00:00:00+01:00
40196,NTD_RAB2,COUNTRY,TLS,YEAR,SEAR,South-East Asia,,2017,,,,,,,,No data,,,,,2024-06-03T07:26:23.447+02:00,2017,2017-01-01T00:00:00+01:00,2017-12-31T00:00:00+01:00
41036,NTD_RAB2,COUNTRY,GMB,YEAR,AFR,Africa,,2011,,,,,,,,No data,,,,,2024-06-03T07:26:23.447+02:00,2011,2011-01-01T00:00:00+01:00,2011-12-31T00:00:00+01:00
41103,NTD_RAB2,COUNTRY,CHL,YEAR,AMR,Americas,,2014,,,,,,,,0,0.0,,,,2024-06-03T07:26:23.447+02:00,2014,2014-01-01T00:00:00+01:00,2014-12-31T00:00:00+01:00
47416,NTD_RAB2,COUNTRY,IRN,YEAR,EMR,Eastern Mediterranean,,2012,,,,,,,,6,6.0,,,,2024-06-03T07:26:23.447+02:00,2012,2012-01-01T00:00:00+01:00,2012-12-31T00:00:00+01:00
52752,NTD_RAB2,COUNTRY,STP,YEAR,AFR,Africa,,2018,,,,,,,,No data,,,,,2024-06-03T07:26:23.447+02:00,2018,2018-01-01T00:00:00+01:00,2018-12-31T00:00:00+01:00
1491483,NTD_RAB2,COUNTRY,LAO,YEAR,WPR,Western Pacific,,2024,,,,,,,,6,6.0,,,,2026-07-15T14:04:38.643+02:00,2024,2024-01-01T00:00:00+01:00,2024-12-31T00:00:00+01:00
1497074,NTD_RAB2,COUNTRY,AZE,YEAR,EUR,Europe,,2014,,,,,,,,No data,,,,,2024-06-03T07:26:23.447+02:00,2014,2014-01-01T00:00:00+01:00,2014-12-31T00:00:00+01:00
1510391,NTD_RAB2,COUNTRY,SRB,YEAR,EUR,Europe,,2023,,,,,,,,No data,,,,,2025-09-09T13:40:51.93+02:00,2023,2023-01-01T00:00:00+01:00,2023-12-31T00:00:00+01:00
1529414,NTD_RAB2,COUNTRY,GIN,YEAR,AFR,Africa,,2021,,,,,,,,No data,,,,,2024-06-03T07:26:23.447+02:00,2021,2021-01-01T00:00:00+01:00,2021-12-31T00:00:00+01:00
1536990,NTD_RAB2,COUNTRY,ZMB,YEAR,AFR,Africa,,2017,,,,,,,,No data,,,,,2024-06-03T07:26:23.447+02:00,2017,2017-01-01T00:00:00+01:00,2017-12-31T00:00:00+01:00
1537606,NTD_RAB2,COUNTRY,NIU,YEAR,WPR,Western Pacific,,2011,,,,,,,,No data,,,,,2024-06-03T07:26:23.447+02:00,2011,2011-01-01T00:00:00+01:00,2011-12-31T00:00:00+01:00
1543617,NTD_RAB2,COUNTRY,EST,YEAR,EUR,Europe,,2012,,,,,,,,0,0.0,,,,2024-06-03T07:26:23.447+02:00,2012,2012-01-01T00:00:00+01:00,2012-12-31T00:00:00+01:00
1575582,NTD_RAB2,COUNTRY,SGP,YEAR,WPR,Western Pacific,,2017,,,,,,,,No data,,,,,2024-06-03T07:26:23.447+02:00,2017,2017-01-01T00:00:00+01:00,2017-12-31T00:00:00+01:00
1576563,NTD_RAB2,COUNTRY,THA,YEAR,SEAR,South-East Asia,,2010,,,,,,,,15,15.0,,,,2024-06-03T07:26:23.447+02:00,2010,2010-01-01T00:00:00+01:00,2010-12-31T00:00:00+01:00
1576743,NTD_RAB2,COUNTRY,ARE,YEAR,EMR,Eastern Mediterranean,,2012,,,,,,,,No data,,,,,2024-06-03T07:26:23.447+02:00,2012,2012-01-01T00:00:00+01:00,2012-12-31T00:00:00+01:00
1582889,NTD_RAB2,COUNTRY,PAK,YEAR,EMR,Eastern Mediterranean,,2010,,,,,,,,No data,,,,,2024-06-03T07:26:23.447+02:00,2010,2010-01-01T00:00:00+01:00,2010-12-31T00:00:00+01:00
1589095,NTD_RAB2,COUNTRY,PAK,YEAR,EMR,Eastern Mediterranean,,2022,,,,,,,,No data,,,,,2024-06-03T07:26:23.447+02:00,2022,2022-01-01T00:00:00+01:00,2022-12-31T00:00:00+01:00
1614875,NTD_RAB2,COUNTRY,SMR,YEAR,EUR,Europe,,2013,,,,,,,,No data,,,,,2024-06-03T07:26:23.447+02:00,2013,2013-01-01T00:00:00+01:00,2013-12-31T00:00:00+01:00
1621099,NTD_RAB2,COUNTRY,KHM,YEAR,WPR,Western Pacific,,2011,,,,,,,,No data,,,,,2024-06-03T07:26:23.447+02:00,2011,2011-01-01T00:00:00+01:00,2011-12-31T00:00:00+01:00
1621444,NTD_RAB2,COUNTRY,LBN,YEAR,EMR,Eastern Mediterranean,,2018,,,,,,,,No data,,,,,2024-06-03T07:26:23.447+02:00,2018,2018-01-01T00:00:00+01:00,2018-12-31T00:00:00+01:00
1621714,NTD_RAB2,COUNTRY,SYC,YEAR,AFR,Africa,,2020,,,,,,,,No data,,,,,2024-06-03T07:26:23.447+02:00,2020,2020-01-01T00:00:00+01:00,2020-12-31T00:00:00+01:00
1621717,NTD_RAB2,COUNTRY,PNG,YEAR,WPR,Western Pacific,,2021,,,,,,,,No data,,,,,2024-06-03T07:26:23.447+02:00,2021,2021-01-01T00:00:00+01:00,2021-12-31T00:00:00+01:00
1629210,NTD_RAB2,COUNTRY,KIR,YEAR,WPR,Western Pacific,,2024,,,,,,,,No data,,,,,2025-09-09T13:40:51.93+02:00,2024,2024-01-01T00:00:00+01:00,2024-12-31T00:00:00+01:00
1641346,NTD_RAB2,COUNTRY,ERI,YEAR,AFR,Africa,,2012,,,,,,,,No data,,,,,2024-06-03T07:26:23.447+02:00,2012,2012-01-01T00:00:00+01:00,2012-12-31T00:00:00+01:00
1642039,NTD_RAB2,COUNTRY,HTI,YEAR,AMR,Americas,,2023,,,,,,,,2,2.0,,,,2025-09-09T13:40:51.93+02:00,2023,2023-01-01T00:00:00+01:00,2023-12-31T00:00:00+01:00
1645847,NTD_RAB2,COUNTRY,CHL,YEAR,AMR,Americas,,2019,,,,,,,,0,0.0,,,,2024-06-03T07:26:23.447+02:00,2019,2019-01-01T00:00:00+01:00,2019-12-31T00:00:00+01:00
1647990,NTD_RAB2,COUNTRY,NLD,YEAR,EUR,Europe,,2012,,,,,,,,0,0.0,,,,2024-06-03T07:26:23.447+02:00,2012,2012-01-01T00:00:00+01:00,2012-12-31T00:00:00+01:00
1654362,NTD_RAB2,COUNTRY,TGO,YEAR,AFR,Africa,,2011,,,,,,,,No data,,,,,2024-06-03T07:26:23.447+02:00,2011,2011-01-01T00:00:00+01:00,2011-12-31T00:00:00+01:00
1655362,NTD_RAB2,COUNTRY,ITA,YEAR,EUR,Europe,,2021,,,,,,,,0,0.0,,,,2024-06-03T07:26:23.447+02:00,2021,2021-01-01T00:00:00+01:00,2021-12-31T00:00:00+01:00
1655454,NTD_RAB2,COUNTRY,LVA,YEAR,EUR,Europe,,2022,,,,,,,,0,0.0,,,,2024-06-03T07:26:23.447+02:00,2022,2022-01-01T00:00:00+01:00,2022-12-31T00:00:00+01:00
1659821,NTD_RAB2,COUNTRY,CYP,YEAR,EUR,Europe,,2023,,,,,,,,0,0.0,,,,2025-09-09T13:40:51.93+02:00,2023,2023-01-01T00:00:00+01:00,2023-12-31T00:00:00+01:00
1660317,NTD_RAB2,COUNTRY,ARE,YEAR,EMR,Eastern Mediterranean,,2017,,,,,,,,No data,,,,,2024-06-03T07:26:23.447+02:00,2017,2017-01-01T00:00:00+01:00,2017-12-31T00:00:00+01:00
1660607,NTD_RAB2,COUNTRY,TKM,YEAR,EUR,Europe,,2012,,,,,,,,No data,,,,,2024-06-03T07:26:23.447+02:00,2012,2012-01-01T00:00:00+01:00,2012-12-31T00:00:00+01:00
1666054,NTD_RAB2,COUNTRY,VCT,YEAR,AMR,Americas,,2020,,,,,,,,0,0.0,,,,2024-06-03T07:26:23.447+02:00,2020,2020-01-01T00:00:00+01:00,2020-12-31T00:00:00+01:00
1667321,NTD_RAB2,COUNTRY,FSM,YEAR,WPR,Western Pacific,,2012,,,,,,,,No data,,,,,2024-06-03T07:26:23.447+02:00,2012,2012-01-01T00:00:00+01:00,2012-12-31T00:00:00+01:00
1668345,NTD_RAB2,COUNTRY,SWZ,YEAR,AFR,Africa,,2013,,,,,,,,No data,,,,,2024-06-03T07:26:23.447+02:00,2013,2013-01-01T00:00:00+01:00,2013-12-31T00:00:00+01:00
1674920,NTD_RAB2,COUNTRY,SLV,YEAR,AMR,Americas,,2020,,,,,,,,0,0.0,,,,2024-06-03T07:26:23.447+02:00,2020,2020-01-01T00:00:00+01:00,2020-12-31T00:00:00+01:00
1678440,NTD_RAB2,COUNTRY,USA,YEAR,AMR,Americas,,2019,,,,,,,,No data,,,,,2024-06-03T07:26:23.447+02:00,2019,2019-01-01T00:00:00+01:00,2019-12-31T00:00:00+01:00
1680275,NTD_RAB2,COUNTRY,CIV,YEAR,AFR,Africa,,2015,,,,,,,,17,17.0,,,,2024-06-03T07:26:23.447+02:00,2015,2015-01-01T00:00:00+01:00,2015-12-31T00:00:00+01:00
1681447,NTD_RAB2,COUNTRY,COL,YEAR,AMR,Americas,,2013,,,,,,,,0,0.0,,,,2024-06-03T07:26:23.447+02:00,2013,2013-01-01T00:00:00+01:00,2013-12-31T00:00:00+01:00
1691751,NTD_RAB2,COUNTRY,KGZ,YEAR,EUR,Europe,,2023,,,,,,,,No data,,,,,2025-09-09T13:40:51.93+02:00,2023,2023-01-01T00:00:00+01:00,2023-12-31T00:00:00+01:00
1692329,NTD_RAB2,COUNTRY,AFG,YEAR,EMR,Eastern Mediterranean,,2018,,,,,,,,15,15.0,,,,2024-06-03T07:26:23.447+02:00,2018,2018-01-01T00:00:00+01:00,2018-12-31T00:00:00+01:00
1698497,NTD_RAB2,COUNTRY,NZL,YEAR,WPR,Western Pacific,,2010,,,,,,,,0,0.0,,,,2024-06-03T07:26:23.447+02:00,2010,2010-01-01T00:00:00+01:00,2010-12-31T00:00:00+01:00
1705189,NTD_RAB2,COUNTRY,ECU,YEAR,AMR,Americas,,2016,,,,,,,,0,0.0,,,,2024-06-03T07:26:23.447+02:00,2016,2016-01-01T00:00:00+01:00,2016-12-31T00:00:00+01:00
1707304,NTD_RAB2,COUNTRY,TGO,YEAR,AFR,Africa,,2015,,,,,,,,No data,,,,,2024-06-03T07:26:23.447+02:00,2015,2015-01-01T00:00:00+01:00,2015-12-31T00:00:00+01:00
1712476,NTD_RAB2,COUNTRY,NOR,YEAR,EUR,Europe,,2021,,,,,,,,0,0.0,,,,2025-09-09T13:40:51.93+02:00,2021,2021-01-01T00:00:00+01:00,2021-12-31T00:00:00+01:00
1718020,NTD_RAB2,COUNTRY,CZE,YEAR,EUR,Europe,,2018,,,,,,,,0,0.0,,,,2024-06-03T07:26:23.447+02:00,2018,2018-01-01T00:00:00+01:00,2018-12-31T00:00:00+01:00
1718907,NTD_RAB2,COUNTRY,ETH,YEAR,AFR,Africa,,2022,,,,,,,,99,99.0,,,,2025-09-09T13:40:51.93+02:00,2022,2022-01-01T00:00:00+01:00,2022-12-31T00:00:00+01:00
1743659,NTD_RAB2,COUNTRY,DNK,YEAR,EUR,Europe,,2022,,,,,,,,0,0.0,,,,2024-06-03T07:26:23.447+02:00,2022,2022-01-01T00:00:00+01:00,2022-12-31T00:00:00+01:00
1755889,NTD_RAB2,COUNTRY,ZAF,YEAR,AFR,Africa,,2018,,,,,,,,16,16.0,,,,2024-06-03T07:26:23.447+02:00,2018,2018-01-01T00:00:00+01:00,2018-12-31T00:00:00+01:00
1781998,NTD_RAB2,COUNTRY,IRQ,YEAR,EMR,Eastern Mediterranean,,2018,,,,,,,,No data,,,,,2024-06-03T07:26:23.447+02:00,2018,2018-01-01T00:00:00+01:00,2018-12-31T00:00:00+01:00
1786392,NTD_RAB2,COUNTRY,ZWE,YEAR,AFR,Africa,,2016,,,,,,,,23,23.0,,,,2024-06-03T07:26:23.447+02:00,2016,2016-01-01T00:00:00+01:00,2016-12-31T00:00:00+01:00
1786787,NTD_RAB2,COUNTRY,DZA,YEAR,AFR,Africa,,2013,,,,,,,,No data,,,,,2024-06-03T07:26:23.447+02:00,2013,2013-01-01T00:00:00+01:00,2013-12-31T00:00:00+01:00
1800972,NTD_RAB2,COUNTRY,SYR,YEAR,EMR,Eastern Mediterranean,,2010,,,,,,,,1,1.0,,,,2024-06-03T07:26:23.447+02:00,2010,2010-01-01T00:00:00+01:00,2010-12-31T00:00:00+01:00
1805758,NTD_RAB2,COUNTRY,BEN,YEAR,AFR,Africa,,2020,,,,,,,,No data,,,,,2024-06-03T07:26:23.447+02:00,2020,2020-01-01T00:00:00+01:00,2020-12-31T00:00:00+01:00
1810401,NTD_RAB2,COUNTRY,PER,YEAR,AMR,Americas,,2015,,,,,,,,4,4.0,,,,2024-06-03T07:26:23.447+02:00,2015,2015-01-01T00:00:00+01:00,2015-12-31T00:00:00+01:00
1818149,NTD_RAB2,COUNTRY,KIR,YEAR,WPR,Western Pacific,,2019,,,,,,,,No data,,,,,2024-06-03T07:26:23.447+02:00,2019,2019-01-01T00:00:00+01:00,2019-12-31T00:00:00+01:00
1830416,NTD_RAB2,COUNTRY,MKD,YEAR,EUR,Europe,,2019,,,,,,,,No data,,,,,2024-06-03T07:26:23.447+02:00,2019,2019-01-01T00:00:00+01:00,2019-12-31T00:00:00+01:00
1831397,NTD_RAB2,COUNTRY,LBR,YEAR,AFR,Africa,,2012,,,,,,,,No data,,,,,2024-06-03T07:26:23.447+02:00,2012,2012-01-01T00:00:00+01:00,2012-12-31T00:00:00+01:00
1837336,NTD_RAB2,COUNTRY,THA,YEAR,SEAR,South-East Asia,,2012,,,,,,,,5,5.0,,,,2024-06-03T07:26:23.447+02:00,2012,2012-01-01T00:00:00+01:00,2012-12-31T00:00:00+01:00
1838379,NTD_RAB2,COUNTRY,COK,YEAR,WPR,Western Pacific,,2016,,,,,,,,No data,,,,,2024-06-03T07:26:23.447+02:00,2016,2016-01-01T00:00:00+01:00,2016-12-31T00:00:00+01:00
1857620,NTD_RAB2,COUNTRY,VUT,YEAR,WPR,Western Pacific,,2019,,,,,,,,No data,,,,,2024-06-03T07:26:23.447+02:00,2019,2019-01-01T00:00:00+01:00,2019-12-31T00:00:00+01:00
1863823,NTD_RAB2,COUNTRY,CAF,YEAR,AFR,Africa,,2019,,,,,,,,No data,,,,,2024-06-03T07:26:23.447+02:00,2019,2019-01-01T00:00:00+01:00,2019-12-31T00:00:00+01:00
1869307,NTD_RAB2,COUNTRY,CMR,YEAR,AFR,Africa,,2013,,,,,,,,No data,,,,,2024-06-03T07:26:23.447+02:00,2013,2013-01-01T00:00:00+01:00,2013-12-31T00:00:00+01:00
1871389,NTD_RAB2,COUNTRY,GIN,YEAR,AFR,Africa,,2010,,,,,,,,No data,,,,,2024-06-03T07:26:23.447+02:00,2010,2010-01-01T00:00:00+01:00,2010-12-31T00:00:00+01:00
1888577,NTD_RAB2,COUNTRY,MMR,YEAR,SEAR,South-East Asia,,2015,,,,,,,,103,103.0,,,,2024-06-03T07:26:23.447+02:00,2015,2015-01-01T00:00:00+01:00,2015-12-31T00:00:00+01:00
1889299,NTD_RAB2,COUNTRY,ARE,YEAR,EMR,Eastern Mediterranean,,2014,,,,,,,,No data,,,,,2024-06-03T07:26:23.447+02:00,2014,2014-01-01T00:00:00+01:00,2014-12-31T00:00:00+01:00
1928412,NTD_RAB2,COUNTRY,OMN,YEAR,EMR,Eastern Mediterranean,,2023,,,,,,,,No data,,,,,2025-09-09T13:40:51.93+02:00,2023,2023-01-01T00:00:00+01:00,2023-12-31T00:00:00+01:00
1929518,NTD_RAB2,COUNTRY,EGY,YEAR,EMR,Eastern Mediterranean,,2010,,,,,,,,43,43.0,,,,2024-06-03T07:26:23.447+02:00,2010,2010-01-01T00:00:00+01:00,2010-12-31T00:00:00+01:00
1942969,NTD_RAB2,COUNTRY,LAO,YEAR,WPR,Western Pacific,,2011,,,,,,,,No data,,,,,2024-06-03T07:26:23.447+02:00,2011,2011-01-01T00:00:00+01:00,2011-12-31T00:00:00+01:00
1948003,NTD_RAB2,COUNTRY,FIN,YEAR,EUR,Europe,,2021,,,,,,,,0,0.0,,,,2024-06-03T07:26:23.447+02:00,2021,2021-01-01T00:00:00+01:00,2021-12-31T00:00:00+01:00
1955101,NTD_RAB2,COUNTRY,ETH,YEAR,AFR,Africa,,2014,,,,,,,,No data,,,,,2024-06-03T07:26:23.447+02:00,2014,2014-01-01T00:00:00+01:00,2014-12-31T00:00:00+01:00
1969284,NTD_RAB2,COUNTRY,COL,YEAR,AMR,Americas,,2019,,,,,,,,0,0.0,,,,2024-06-03T07:26:23.447+02:00,2019,2019-01-01T00:00:00+01:00,2019-12-31T00:00:00+01:00
1980833,NTD_RAB2,COUNTRY,TTO,YEAR,AMR,Americas,,2021,,,,,,,,0,0.0,,,,2024-06-03T07:26:23.447+02:00,2021,2021-01-01T00:00:00+01:00,2021-12-31T00:00:00+01:00
1995691,NTD_RAB2,COUNTRY,MMR,YEAR,SEAR,South-East Asia,,2016,,,,,,,,62,62.0,,,,2024-06-03T07:26:23.447+02:00,2016,2016-01-01T00:00:00+01:00,2016-12-31T00:00:00+01:00
2014655,NTD_RAB2,COUNTRY,LBR,YEAR,AFR,Africa,,2024,,,,,,,,6,6.0,,,,2025-10-30T17:51:54.843+01:00,2024,2024-01-01T00:00:00+01:00,2024-12-31T00:00:00+01:00
2014880,NTD_RAB2,COUNTRY,GTM,YEAR,AMR,Americas,,2021,,,,,,,,0,0.0,,,,2024-06-03T07:26:23.447+02:00,2021,2021-01-01T00:00:00+01:00,2021-12-31T00:00:00+01:00
2015762,NTD_RAB2,COUNTRY,ZAF,YEAR,AFR,Africa,,2016,,,,,,,,No data,,,,,2025-09-09T13:40:51.93+02:00,2016,2016-01-01T00:00:00+01:00,2016-12-31T00:00:00+01:00
2015817,NTD_RAB2,COUNTRY,COK,YEAR,WPR,Western Pacific,,2021,,,,,,,,No data,,,,,2024-06-03T07:26:23.447+02:00,2021,2021-01-01T00:00:00+01:00,2021-12-31T00:00:00+01:00
2016149,NTD_RAB2,COUNTRY,LBY,YEAR,EMR,Eastern Mediterranean,,2014,,,,,,,,No data,,,,,2024-06-03T07:26:23.447+02:00,2014,2014-01-01T00:00:00+01:00,2014-12-31T00:00:00+01:00
2016212,NTD_RAB2,COUNTRY,ROU,YEAR,EUR,Europe,,2015,,,,,,,,0,0.0,,,,2024-06-03T07:26:23.447+02:00,2015,2015-01-01T00:00:00+01:00,2015-12-31T00:00:00+01:00
2040819,NTD_RAB2,COUNTRY,NER,YEAR,AFR,Africa,,2020,,,,,,,,No data,,,,,2024-06-03T07:26:23.447+02:00,2020,2020-01-01T00:00:00+01:00,2020-12-31T00:00:00+01:00
2041419,NTD_RAB2,COUNTRY,KEN,YEAR,AFR,Africa,,2016,,,,,,,,727,727.0,,,,2024-06-03T07:26:23.447+02:00,2016,2016-01-01T00:00:00+01:00,2016-12-31T00:00:00+01:00
2042546,NTD_RAB2,COUNTRY,BEL,YEAR,EUR,Europe,,2013,,,,,,,,0,0.0,,,,2024-06-03T07:26:23.447+02:00,2013,2013-01-01T00:00:00+01:00,2013-12-31T00:00:00+01:00
2054410,NTD_RAB2,COUNTRY,MWI,YEAR,AFR,Africa,,2019,,,,,,,,No data,,,,,2024-06-03T07:26:23.447+02:00,2019,2019-01-01T00:00:00+01:00,2019-12-31T00:00:00+01:00
2055814,NTD_RAB2,COUNTRY,BHR,YEAR,EMR,Eastern Mediterranean,,2024,,,,,,,,0,0.0,,,,2026-07-15T14:04:38.643+02:00,2024,2024-01-01T00:00:00+01:00,2024-12-31T00:00:00+01:00
2061465,NTD_RAB2,COUNTRY,SOM,YEAR,EMR,Eastern Mediterranean,,2021,,,,,,,,No data,,,,,2024-06-03T07:26:23.447+02:00,2021,2021-01-01T00:00:00+01:00,2021-12-31T00:00:00+01:00
2061528,NTD_RAB2,COUNTRY,TGO,YEAR,AFR,Africa,,2020,,,,,,,,No data,,,,,2024-06-03T07:26:23.447+02:00,2020,2020-01-01T00:00:00+01:00,2020-12-31T00:00:00+01:00
2062303,NTD_RAB2,COUNTRY,NIC,YEAR,AMR,Americas,,2016,,,,,,,,0,0.0,,,,2024-06-03T07:26:23.447+02:00,2016,2016-01-01T00:00:00+01:00,2016-12-31T00:00:00+01:00
2066861,NTD_RAB2,COUNTRY,NRU,YEAR,WPR,Western Pacific,,2021,,,,,,,,No data,,,,,2024-06-03T07:26:23.447+02:00,2021,2021-01-01T00:00:00+01:00,2021-12-31T00:00:00+01:00
2068587,NTD_RAB2,COUNTRY,PAN,YEAR,AMR,Americas,,2021,,,,,,,,0,0.0,,,,2024-06-03T07:26:23.447+02:00,2021,2021-01-01T00:00:00+01:00,2021-12-31T00:00:00+01:00
2080670,NTD_RAB2,COUNTRY,JPN,YEAR,WPR,Western Pacific,,2013,,,,,,,,0,0.0,,,,2024-06-03T07:26:23.447+02:00,2013,2013-01-01T00:00:00+01:00,2013-12-31T00:00:00+01:00
2093540,NTD_RAB2,COUNTRY,MYS,YEAR,WPR,Western Pacific,,2016,,,,,,,,0,0.0,,,,2024-06-03T07:26:23.447+02:00,2016,2016-01-01T00:00:00+01:00,2016-12-31T00:00:00+01:00
2095366,NTD_RAB2,COUNTRY,MDA,YEAR,EUR,Europe,,2018,,,,,,,,0,0.0,,,,2024-06-03T07:26:23.447+02:00,2018,2018-01-01T00:00:00+01:00,2018-12-31T00:00:00+01:00
2099379,NTD_RAB2,COUNTRY,LBR,YEAR,AFR,Africa,,2016,,,,,,,,5,5.0,,,,2024-06-03T07:26:23.447+02:00,2016,2016-01-01T00:00:00+01:00,2016-12-31T00:00:00+01:00
2101338,NTD_RAB2,COUNTRY,LBR,YEAR,AFR,Africa,,2022,,,,,,,,475,475.0,,,,2025-09-09T13:40:51.93+02:00,2022,2022-01-01T00:00:00+01:00,2022-12-31T00:00:00+01:00
2101718,NTD_RAB2,COUNTRY,GRD,YEAR,AMR,Americas,,2024,,,,,,,,0,0.0,,,,2026-07-15T14:04:38.643+02:00,2024,2024-01-01T00:00:00+01:00,2024-12-31T00:00:00+01:00
2106891,NTD_RAB2,COUNTRY,BFA,YEAR,AFR,Africa,,2022,,,,,,,,123,123.0,,,,2025-09-09T13:40:51.93+02:00,2022,2022-01-01T00:00:00+01:00,2022-12-31T00:00:00+01:00
2107492,NTD_RAB2,COUNTRY,ESP,YEAR,EUR,Europe,,2014,,,,,,,,1,1.0,,,,2024-06-03T07:26:23.447+02:00,2014,2014-01-01T00:00:00+01:00,2014-12-31T00:00:00+01:00
2113564,NTD_RAB2,COUNTRY,MYS,YEAR,WPR,Western Pacific,,2018,,,,,,,,10,10.0,,,,2024-06-03T07:26:23.447+02:00,2018,2018-01-01T00:00:00+01:00,2018-12-31T00:00:00+01:00
2113797,NTD_RAB2,COUNTRY,DNK,YEAR,EUR,Europe,,2010,,,,,,,,0,0.0,,,,2024-06-03T07:26:23.447+02:00,2010,2010-01-01T00:00:00+01:00,2010-12-31T00:00:00+01:00
2115276,NTD_RAB2,COUNTRY,SAU,YEAR,EMR,Eastern Mediterranean,,2024,,,,,,,,0,0.0,,,,2026-07-15T14:04:38.643+02:00,2024,2024-01-01T00:00:00+01:00,2024-12-31T00:00:00+01:00
2120940,NTD_RAB2,COUNTRY,VCT,YEAR,AMR,Americas,,2016,,,,,,,,0,0.0,,,,2024-06-03T07:26:23.447+02:00,2016,2016-01-01T00:00:00+01:00,2016-12-31T00:00:00+01:00
2127563,NTD_RAB2,COUNTRY,BRN,YEAR,WPR,Western Pacific,,2013,,,,,,,,0,0.0,,,,2024-06-03T07:26:23.447+02:00,2013,2013-01-01T00:00:00+01:00,2013-12-31T00:00:00+01:00
2132480,NTD_RAB2,COUNTRY,HND,YEAR,AMR,Americas,,2015,,,,,,,,0,0.0,,,,2024-06-03T07:26:23.447+02:00,2015,2015-01-01T00:00:00+01:00,2015-12-31T00:00:00+01:00
2133332,NTD_RAB2,COUNTRY,ISL,YEAR,EUR,Europe,,2024,,,,,,,,No data,,,,,2025-09-09T13:40:51.93+02:00,2024,2024-01-01T00:00:00+01:00,2024-12-31T00:00:00+01:00
2133398,NTD_RAB2,COUNTRY,MNG,YEAR,WPR,Western Pacific,,2011,,,,,,,,No data,,,,,2024-06-03T07:26:23.447+02:00,2011,2011-01-01T00:00:00+01:00,2011-12-31T00:00:00+01:00
2134711,NTD_RAB2,COUNTRY,COM,YEAR,AFR,Africa,,2015,,,,,,,,No data,,,,,2024-06-03T07:26:23.447+02:00,2015,2015-01-01T00:00:00+01:00,2015-12-31T00:00:00+01:00
2134940,NTD_RAB2,COUNTRY,SRB,YEAR,EUR,Europe,,2011,,,,,,,,0,0.0,,,,2024-06-03T07:26:23.447+02:00,2011,2011-01-01T00:00:00+01:00,2011-12-31T00:00:00+01:00
2139678,NTD_RAB2,COUNTRY,PRK,YEAR,SEAR,South-East Asia,,2010,,,,,,,,No data,,,,,2024-06-03T07:26:23.447+02:00,2010,2010-01-01T00:00:00+01:00,2010-12-31T00:00:00+01:00
2141239,NTD_RAB2,COUNTRY,AUS,YEAR,WPR,Western Pacific,,2010,,,,,,,,0,0.0,,,,2024-06-03T07:26:23.447+02:00,2010,2010-01-01T00:00:00+01:00,2010-12-31T00:00:00+01:00
2141466,NTD_RAB2,COUNTRY,GEO,YEAR,EUR,Europe,,2014,,,,,,,,4,4.0,,,,2024-06-03T07:26:23.447+02:00,2014,2014-01-01T00:00:00+01:00,2014-12-31T00:00:00+01:00
2146610,NTD_RAB2,COUNTRY,SVK,YEAR,EUR,Europe,,2012,,,,,,,,0,0.0,,,,2024-06-03T07:26:23.447+02:00,2012,2012-01-01T00:00:00+01:00,2012-12-31T00:00:00+01:00
2146614,NTD_RAB2,COUNTRY,ITA,YEAR,EUR,Europe,,2010,,,,,,,,0,0.0,,,,2024-06-03T07:26:23.447+02:00,2010,2010-01-01T00:00:00+01:00,2010-12-31T00:00:00+01:00
2147443,NTD_RAB2,COUNTRY,ETH,YEAR,AFR,Africa,,2011,,,,,,,,No data,,,,,2024-06-03T07:26:23.447+02:00,2011,2011-01-01T00:00:00+01:00,2011-12-31T00:00:00+01:00
2152288,NTD_RAB2,COUNTRY,RWA,YEAR,AFR,Africa,,2019,,,,,,,,No data,,,,,2024-06-03T07:26:23.447+02:00,2019,2019-01-01T00:00:00+01:00,2019-12-31T00:00:00+01:00
2179891,NTD_RAB2,COUNTRY,NLD,YEAR,EUR,Europe,,2010,,,,,,,,0,0.0,,,,2024-06-03T07:26:23.447+02:00,2010,2010-01-01T00:00:00+01:00,2010-12-31T00:00:00+01:00
2180820,NTD_RAB2,COUNTRY,VNM,YEAR,WPR,Western Pacific,,2024,,,,,,,,0,0.0,,,,2025-09-09T13:40:51.93+02:00,2024,2024-01-01T00:00:00+01:00,2024-12-31T00:00:00+01:00
2186575,NTD_RAB2,COUNTRY,IRL,YEAR,EUR,Europe,,2024,,,,,,,,No data,,,,,2025-09-09T13:40:51.93+02:00,2024,2024-01-01T00:00:00+01:00,2024-12-31T00:00:00+01:00
2200864,NTD_RAB2,COUNTRY,BLZ,YEAR,AMR,Americas,,2014,,,,,,,,0,0.0,,,,2024-06-03T07:26:23.447+02:00,2014,2014-01-01T00:00:00+01:00,2014-12-31T00:00:00+01:00
2211172,NTD_RAB2,COUNTRY,ZAF,YEAR,AFR,Africa,,2024,,,,,,,,12,12.0,,,,2026-07-15T14:04:38.643+02:00,2024,2024-01-01T00:00:00+01:00,2024-12-31T00:00:00+01:00
2212720,NTD_RAB2,COUNTRY,PRK,YEAR,SEAR,South-East Asia,,2019,,,,,,,,No data,,,,,2024-06-03T07:26:23.447+02:00,2019,2019-01-01T00:00:00+01:00,2019-12-31T00:00:00+01:00
2226083,NTD_RAB2,COUNTRY,LCA,YEAR,AMR,Americas,,2022,,,,,,,,0,0.0,,,,2026-07-15T14:04:38.643+02:00,2022,2022-01-01T00:00:00+01:00,2022-12-31T00:00:00+01:00
2237802,NTD_RAB2,COUNTRY,BHS,YEAR,AMR,Americas,,2010,,,,,,,,0,0.0,,,,2024-06-03T07:26:23.447+02:00,2010,2010-01-01T00:00:00+01:00,2010-12-31T00:00:00+01:00
2244255,NTD_RAB2,COUNTRY,GHA,YEAR,AFR,Africa,,2016,,,,,,,,10,10.0,,,,2024-06-03T07:26:23.447+02:00,2016,2016-01-01T00:00:00+01:00,2016-12-31T00:00:00+01:00
2246179,NTD_RAB2,COUNTRY,AND,YEAR,EUR,Europe,,2019,,,,,,,,No data,,,,,2024-06-03T07:26:23.447+02:00,2019,2019-01-01T00:00:00+01:00,2019-12-31T00:00:00+01:00
2246879,NTD_RAB2,COUNTRY,MWI,YEAR,AFR,Africa,,2013,,,,,,,,No data,,,,,2024-06-03T07:26:23.447+02:00,2013,2013-01-01T00:00:00+01:00,2013-12-31T00:00:00+01:00
2264768,NTD_RAB2,COUNTRY,PLW,YEAR,WPR,Western Pacific,,2018,,,,,,,,No data,,,,,2024-06-03T07:26:23.447+02:00,2018,2018-01-01T00:00:00+01:00,2018-12-31T00:00:00+01:00
2271857,NTD_RAB2,COUNTRY,IRL,YEAR,EUR,Europe,,2015,,,,,,,,0,0.0,,,,2024-06-03T07:26:23.447+02:00,2015,2015-01-01T00:00:00+01:00,2015-12-31T00:00:00+01:00
2278181,NTD_RAB2,COUNTRY,LUX,YEAR,EUR,Europe,,2017,,,,,,,,0,0.0,,,,2025-09-09T13:40:51.93+02:00,2017,2017-01-01T00:00:00+01:00,2017-12-31T00:00:00+01:00
2284803,NTD_RAB2,COUNTRY,DZA,YEAR,AFR,Africa,,2020,,,,,,,,No data,,,,,2024-06-03T07:26:23.447+02:00,2020,2020-01-01T00:00:00+01:00,2020-12-31T00:00:00+01:00
2284868,NTD_RAB2,COUNTRY,KWT,YEAR,EMR,Eastern Mediterranean,,2016,,,,,,,,0,0.0,,,,2024-06-03T07:26:23.447+02:00,2016,2016-01-01T00:00:00+01:00,2016-12-31T00:00:00+01:00
2297969,NTD_RAB2,COUNTRY,BEL,YEAR,EUR,Europe,,2014,,,,,,,,0,0.0,,,,2024-06-03T07:26:23.447+02:00,2014,2014-01-01T00:00:00+01:00,2014-12-31T00:00:00+01:00
2324999,NTD_RAB2,COUNTRY,NIU,YEAR,WPR,Western Pacific,,2020,,,,,,,,No data,,,,,2024-06-03T07:26:23.447+02:00,2020,2020-01-01T00:00:00+01:00,2020-12-31T00:00:00+01:00
2331791,NTD_RAB2,COUNTRY,UKR,YEAR,EUR,Europe,,2017,,,,,,,,0,0.0,,,,2024-06-03T07:26:23.447+02:00,2017,2017-01-01T00:00:00+01:00,2017-12-31T00:00:00+01:00
2338543,NTD_RAB2,COUNTRY,CRI,YEAR,AMR,Americas,,2016,,,,,,,,0,0.0,,,,2024-06-03T07:26:23.447+02:00,2016,2016-01-01T00:00:00+01:00,2016-12-31T00:00:00+01:00
2338856,NTD_RAB2,COUNTRY,ISL,YEAR,EUR,Europe,,2017,,,,,,,,0,0.0,,,,2025-09-09T13:40:51.93+02:00,2017,2017-01-01T00:00:00+01:00,2017-12-31T00:00:00+01:00
2377047,NTD_RAB2,COUNTRY,TUN,YEAR,EMR,Eastern Mediterranean,,2018,,,,,,,,No data,,,,,2024-06-03T07:26:23.447+02:00,2018,2018-01-01T00:00:00+01:00,2018-12-31T00:00:00+01:00
2384664,NTD_RAB2,COUNTRY,VUT,YEAR,WPR,Western Pacific,,2022,,,,,,,,No data,,,,,2024-06-03T07:26:23.447+02:00,2022,2022-01-01T00:00:00+01:00,2022-12-31T00:00:00+01:00
2390413,NTD_RAB2,COUNTRY,UGA,YEAR,AFR,Africa,,2015,,,,,,,,No data,,,,,2024-06-03T07:26:23.447+02:00,2015,2015-01-01T00:00:00+01:00,2015-12-31T00:00:00+01:00
2402526,NTD_RAB2,COUNTRY,ITA,YEAR,EUR,Europe,,2016,,,,,,,,0,0.0,,,,2024-06-03T07:26:23.447+02:00,2016,2016-01-01T00:00:00+01:00,2016-12-31T00:00:00+01:00
2404263,NTD_RAB2,COUNTRY,ITA,YEAR,EUR,Europe,,2013,,,,,,,,0,0.0,,,,2024-06-03T07:26:23.447+02:00,2013,2013-01-01T00:00:00+01:00,2013-12-31T00:00:00+01:00
2409498,NTD_RAB2,COUNTRY,LVA,YEAR,EUR,Europe,,2024,,,,,,,,No data,,,,,2025-09-09T13:40:51.93+02:00,2024,2024-01-01T00:00:00+01:00,2024-12-31T00:00:00+01:00
2409574,NTD_RAB2,COUNTRY,SYR,YEAR,EMR,Eastern Mediterranean,,2015,,,,,,,,3,3.0,,,,2024-06-03T07:26:23.447+02:00,2015,2015-01-01T00:00:00+01:00,2015-12-31T00:00:00+01:00
2417763,NTD_RAB2,COUNTRY,GEO,YEAR,EUR,Europe,,2024,,,,,,,,1,1.0,,,,2026-07-15T14:04:38.643+02:00,2024,2024-01-01T00:00:00+01:00,2024-12-31T00:00:00+01:00
2428752,NTD_RAB2,COUNTRY,ESP,YEAR,EUR,Europe,,2013,,,,,,,,0,0.0,,,,2024-06-03T07:26:23.447+02:00,2013,2013-01-01T00:00:00+01:00,2013-12-31T00:00:00+01:00
2429660,NTD_RAB2,COUNTRY,GAB,YEAR,AFR,Africa,,2011,,,,,,,,No data,,,,,2024-06-03T07:26:23.447+02:00,2011,2011-01-01T00:00:00+01:00,2011-12-31T00:00:00+01:00
2434825,NTD_RAB2,COUNTRY,NIC,YEAR,AMR,Americas,,2010,,,,,,,,0,0.0,,,,2024-06-03T07:26:23.447+02:00,2010,2010-01-01T00:00:00+01:00,2010-12-31T00:00:00+01:00
2436062,NTD_RAB2,COUNTRY,JPN,YEAR,WPR,Western Pacific,,2011,,,,,,,,0,0.0,,,,2024-06-03T07:26:23.447+02:00,2011,2011-01-01T00:00:00+01:00,2011-12-31T00:00:00+01:00
2441605,NTD_RAB2,COUNTRY,BHS,YEAR,AMR,Americas,,2020,,,,,,,,0,0.0,,,,2024-06-03T07:26:23.447+02:00,2020,2020-01-01T00:00:00+01:00,2020-12-31T00:00:00+01:00
2449831,NTD_RAB2,COUNTRY,QAT,YEAR,EMR,Eastern Mediterranean,,2010,,,,,,,,0,0.0,,,,2024-06-03T07:26:23.447+02:00,2010,2010-01-01T00:00:00+01:00,2010-12-31T00:00:00+01:00
2450095,NTD_RAB2,COUNTRY,TKM,YEAR,EUR,Europe,,2019,,,,,,,,0,0.0,,,,2024-06-03T07:26:23.447+02:00,2019,2019-01-01T00:00:00+01:00,2019-12-31T00:00:00+01:00
2455049,NTD_RAB2,COUNTRY,BHR,YEAR,EMR,Eastern Mediterranean,,2023,,,,,,,,0,0.0,,,,2025-09-09T13:40:51.93+02:00,2023,2023-01-01T00:00:00+01:00,2023-12-31T00:00:00+01:00
2455715,NTD_RAB2,COUNTRY,IRL,YEAR,EUR,Europe,,2022,,,,,,,,0,0.0,,,,2025-09-09T13:40:51.93+02:00,2022,2022-01-01T00:00:00+01:00,2022-12-31T00:00:00+01:00
2461283,NTD_RAB2,COUNTRY,SVN,YEAR,EUR,Europe,,2015,,,,,,,,0,0.0,,,,2024-06-03T07:26:23.447+02:00,2015,2015-01-01T00:00:00+01:00,2015-12-31T00:00:00+01:00
2463756,NTD_RAB2,COUNTRY,NOR,YEAR,EUR,Europe,,2022,,,,,,,,0,0.0,,,,2025-09-09T13:40:51.93+02:00,2022,2022-01-01T00:00:00+01:00,2022-12-31T00:00:00+01:00
2463896,NTD_RAB2,COUNTRY,GNQ,YEAR,AFR,Africa,,2021,,,,,,,,No data,,,,,2024-06-03T07:26:23.447+02:00,2021,2021-01-01T00:00:00+01:00,2021-12-31T00:00:00+01:00
2468876,NTD_RAB2,COUNTRY,LCA,YEAR,AMR,Americas,,2013,,,,,,,,0,0.0,,,,2024-06-03T07:26:23.447+02:00,2013,2013-01-01T00:00:00+01:00,2013-12-31T00:00:00+01:00
2474637,NTD_RAB2,COUNTRY,GNQ,YEAR,AFR,Africa,,2015,,,,,,,,No data,,,,,2024-06-03T07:26:23.447+02:00,2015,2015-01-01T00:00:00+01:00,2015-12-31T00:00:00+01:00
2475254,NTD_RAB2,COUNTRY,USA,YEAR,AMR,Americas,,2014,,,,,,,,1,1.0,,,,2024-06-03T07:26:23.447+02:00,2014,2014-01-01T00:00:00+01:00,2014-12-31T00:00:00+01:00
2476540,NTD_RAB2,COUNTRY,KWT,YEAR,EMR,Eastern Mediterranean,,2019,,,,,,,,0,0.0,,,,2024-06-03T07:26:23.447+02:00,2019,2019-01-01T00:00:00+01:00,2019-12-31T00:00:00+01:00
2482120,NTD_RAB2,COUNTRY,LUX,YEAR,EUR,Europe,,2022,,,,,,,,0,0.0,,,,2025-09-09T13:40:51.93+02:00,2022,2022-01-01T00:00:00+01:00,2022-12-31T00:00:00+01:00
2494522,NTD_RAB2,COUNTRY,NOR,YEAR,EUR,Europe,,2013,,,,,,,,0,0.0,,,,2024-06-03T07:26:23.447+02:00,2013,2013-01-01T00:00:00+01:00,2013-12-31T00:00:00+01:00
2496500,NTD_RAB2,COUNTRY,LVA,YEAR,EUR,Europe,,2019,,,,,,,,1,1.0,,,,2024-06-03T07:26:23.447+02:00,2019,2019-01-01T00:00:00+01:00,2019-12-31T00:00:00+01:00
2499851,NTD_RAB2,COUNTRY,ITA,YEAR,EUR,Europe,,2020,,,,,,,,0,0.0,,,,2024-06-03T07:26:23.447+02:00,2020,2020-01-01T00:00:00+01:00,2020-12-31T00:00:00+01:00
2501112,NTD_RAB2,COUNTRY,JAM,YEAR,AMR,Americas,,2014,,,,,,,,0,0.0,,,,2024-06-03T07:26:23.447+02:00,2014,2014-01-01T00:00:00+01:00,2014-12-31T00:00:00+01:00
2505567,NTD_RAB2,COUNTRY,BLZ,YEAR,AMR,Americas,,2010,,,,,,,,0,0.0,,,,2024-06-03T07:26:23.447+02:00,2010,2010-01-01T00:00:00+01:00,2010-12-31T00:00:00+01:00
2510972,NTD_RAB2,COUNTRY,CZE,YEAR,EUR,Europe,,2016,,,,,,,,0,0.0,,,,2024-06-03T07:26:23.447+02:00,2016,2016-01-01T00:00:00+01:00,2016-12-31T00:00:00+01:00
2518647,NTD_RAB2,COUNTRY,LUX,YEAR,EUR,Europe,,2016,,,,,,,,0,0.0,,,,2025-09-09T13:40:51.93+02:00,2016,2016-01-01T00:00:00+01:00,2016-12-31T00:00:00+01:00
2531201,NTD_RAB2,COUNTRY,MNE,YEAR,EUR,Europe,,2019,,,,,,,,No data,,,,,2024-06-03T07:26:23.447+02:00,2019,2019-01-01T00:00:00+01:00,2019-12-31T00:00:00+01:00
2532237,NTD_RAB2,COUNTRY,KHM,YEAR,WPR,Western Pacific,,2021,,,,,,,,2,2.0,,,,2025-09-09T13:40:51.93+02:00,2021,2021-01-01T00:00:00+01:00,2021-12-31T00:00:00+01:00
2537587,NTD_RAB2,COUNTRY,KHM,YEAR,WPR,Western Pacific,,2019,,,,,,,,9,9.0,,,,2025-09-09T13:40:51.93+02:00,2019,2019-01-01T00:00:00+01:00,2019-12-31T00:00:00+01:00
2538232,NTD_RAB2,COUNTRY,DMA,YEAR,AMR,Americas,,2016,,,,,,,,0,0.0,,,,2024-06-03T07:26:23.447+02:00,2016,2016-01-01T00:00:00+01:00,2016-12-31T00:00:00+01:00
2539955,NTD_RAB2,COUNTRY,BGR,YEAR,EUR,Europe,,2010,,,,,,,,0,0.0,,,,2024-06-03T07:26:23.447+02:00,2010,2010-01-01T00:00:00+01:00,2010-12-31T00:00:00+01:00
2553216,NTD_RAB2,COUNTRY,LBR,YEAR,AFR,Africa,,2019,,,,,,,,No data,,,,,2024-06-03T07:26:23.447+02:00,2019,2019-01-01T00:00:00+01:00,2019-12-31T00:00:00+01:00
2564976,NTD_RAB2,COUNTRY,UKR,YEAR,EUR,Europe,,2022,,,,,,,,0,0.0,,,,2024-06-03T07:26:23.447+02:00,2022,2022-01-01T00:00:00+01:00,2022-12-31T00:00:00+01:00
2565862,NTD_RAB2,COUNTRY,RWA,YEAR,AFR,Africa,,2020,,,,,,,,No data,,,,,2024-06-03T07:26:23.447+02:00,2020,2020-01-01T00:00:00+01:00,2020-12-31T00:00:00+01:00
2579107,NTD_RAB2,COUNTRY,LUX,YEAR,EUR,Europe,,2015,,,,,,,,No data,,,,,2024-06-03T07:26:23.447+02:00,2015,2015-01-01T00:00:00+01:00,2015-12-31T00:00:00+01:00
2579654,NTD_RAB2,COUNTRY,AUT,YEAR,EUR,Europe,,2016,,,,,,,,0,0.0,,,,2024-06-03T07:26:23.447+02:00,2016,2016-01-01T00:00:00+01:00,2016-12-31T00:00:00+01:00
2584254,NTD_RAB2,COUNTRY,BTN,YEAR,SEAR,South-East Asia,,2018,,,,,,,,0,0.0,,,,2024-06-03T07:26:23.447+02:00,2018,2018-01-01T00:00:00+01:00,2018-12-31T00:00:00+01:00
2585065,NTD_RAB2,COUNTRY,COG,YEAR,AFR,Africa,,2018,,,,,,,,No data,,,,,2024-06-03T07:26:23.447+02:00,2018,2018-01-01T00:00:00+01:00,2018-12-31T00:00:00+01:00
2585746,NTD_RAB2,COUNTRY,GUF,YEAR,AMR,Americas,,2018,,,,,,,,No data,,,,,2025-09-09T13:40:51.93+02:00,2018,2018-01-01T00:00:00+01:00,2018-12-31T00:00:00+01:00
2592158,NTD_RAB2,COUNTRY,CAF,YEAR,AFR,Africa,,2021,,,,,,,,No data,,,,,2024-06-03T07:26:23.447+02:00,2021,2021-01-01T00:00:00+01:00,2021-12-31T00:00:00+01:00
2592678,NTD_RAB2,COUNTRY,MRT,YEAR,AFR,Africa,,2014,,,,,,,,No data,,,,,2024-06-03T07:26:23.447+02:00,2014,2014-01-01T00:00:00+01:00,2014-12-31T00:00:00+01:00
2603891,NTD_RAB2,COUNTRY,CMR,YEAR,AFR,Africa,,2015,,,,,,,,No data,,,,,2024-06-03T07:26:23.447+02:00,2015,2015-01-01T00:00:00+01:00,2015-12-31T00:00:00+01:00
2605215,NTD_RAB2,COUNTRY,GMB,YEAR,AFR,Africa,,2019,,,,,,,,No data,,,,,2024-06-03T07:26:23.447+02:00,2019,2019-01-01T00:00:00+01:00,2019-12-31T00:00:00+01:00
2610057,NTD_RAB2,COUNTRY,DOM,YEAR,AMR,Americas,,2016,,,,,,,,0,0.0,,,,2024-06-03T07:26:23.447+02:00,2016,2016-01-01T00:00:00+01:00,2016-12-31T00:00:00+01:00
2610492,NTD_RAB2,COUNTRY,GRD,YEAR,AMR,Americas,,2010,,,,,,,,0,0.0,,,,2024-06-03T07:26:23.447+02:00,2010,2010-01-01T00:00:00+01:00,2010-12-31T00:00:00+01:00
2616080,NTD_RAB2,COUNTRY,GUF,YEAR,AMR,Americas,,2021,,,,,,,,No data,,,,,2025-09-09T13:40:51.93+02:00,2021,2021-01-01T00:00:00+01:00,2021-12-31T00:00:00+01:00
2617943,NTD_RAB2,COUNTRY,QAT,YEAR,EMR,Eastern Mediterranean,,2022,,,,,,,,No data,,,,,2024-06-03T07:26:23.447+02:00,2022,2022-01-01T00:00:00+01:00,2022-12-31T00:00:00+01:00
2618241,NTD_RAB2,COUNTRY,IRL,YEAR,EUR,Europe,,2020,,,,,,,,0,0.0,,,,2024-06-03T07:26:23.447+02:00,2020,2020-01-01T00:00:00+01:00,2020-12-31T00:00:00+01:00
2623505,NTD_RAB2,COUNTRY,USA,YEAR,AMR,Americas,,2020,,,,,,,,0,0.0,,,,2026-07-15T14:04:38.643+02:00,2020,2020-01-01T00:00:00+01:00,2020-12-31T00:00:00+01:00
2636599,NTD_RAB2,COUNTRY,TLS,YEAR,SEAR,South-East Asia,,2022,,,,,,,,0,0.0,,,,2024-06-03T07:26:23.447+02:00,2022,2022-01-01T00:00:00+01:00,2022-12-31T00:00:00+01:00
2636811,NTD_RAB2,COUNTRY,LKA,YEAR,SEAR,South-East Asia,,2016,,,,,,,,24,24.0,,,,2024-06-03T07:26:23.447+02:00,2016,2016-01-01T00:00:00+01:00,2016-12-31T00:00:00+01:00
2637766,NTD_RAB2,COUNTRY,SWZ,YEAR,AFR,Africa,,2015,,,,,,,,0,0.0,,,,2024-06-03T07:26:23.447+02:00,2015,2015-01-01T00:00:00+01:00,2015-12-31T00:00:00+01:00
2638806,NTD_RAB2,COUNTRY,KNA,YEAR,AMR,Americas,,2013,,,,,,,,0,0.0,,,,2024-06-03T07:26:23.447+02:00,2013,2013-01-01T00:00:00+01:00,2013-12-31T00:00:00+01:00
2638877,NTD_RAB2,COUNTRY,GEO,YEAR,EUR,Europe,,2018,,,,,,,,2,2.0,,,,2024-06-03T07:26:23.447+02:00,2018,2018-01-01T00:00:00+01:00,2018-12-31T00:00:00+01:00
2651894,NTD_RAB2,COUNTRY,CHL,YEAR,AMR,Americas,,2012,,,,,,,,0,0.0,,,,2024-06-03T07:26:23.447+02:00,2012,2012-01-01T00:00:00+01:00,2012-12-31T00:00:00+01:00
2656612,NTD_RAB2,COUNTRY,PAK,YEAR,EMR,Eastern Mediterranean,,2021,,,,,,,,No data,,,,,2024-06-03T07:26:23.447+02:00,2021,2021-01-01T00:00:00+01:00,2021-12-31T00:00:00+01:00
2657569,NTD_RAB2,COUNTRY,SMR,YEAR,EUR,Europe,,2017,,,,,,,,No data,,,,,2024-06-03T07:26:23.447+02:00,2017,2017-01-01T00:00:00+01:00,2017-12-31T00:00:00+01:00
2663137,NTD_RAB2,COUNTRY,SSD,YEAR,AFR,Africa,,2014,,,,,,,,No data,,,,,2024-06-03T07:26:23.447+02:00,2014,2014-01-01T00:00:00+01:00,2014-12-31T00:00:00+01:00
2671016,NTD_RAB2,COUNTRY,DJI,YEAR,EMR,Eastern Mediterranean,,2015,,,,,,,,No data,,,,,2024-06-03T07:26:23.447+02:00,2015,2015-01-01T00:00:00+01:00,2015-12-31T00:00:00+01:00
2675290,NTD_RAB2,COUNTRY,AGO,YEAR,AFR,Africa,,2014,,,,,,,,No data,,,,,2024-06-03T07:26:23.447+02:00,2014,2014-01-01T00:00:00+01:00,2014-12-31T00:00:00+01:00
2697508,NTD_RAB2,COUNTRY,GUF,YEAR,AMR,Americas,,2017,,,,,,,,No data,,,,,2025-09-09T13:40:51.93+02:00,2017,2017-01-01T00:00:00+01:00,2017-12-31T00:00:00+01:00
2703786,NTD_RAB2,COUNTRY,ATG,YEAR,AMR,Americas,,2018,,,,,,,,No data,,,,,2024-06-03T07:26:23.447+02:00,2018,2018-01-01T00:00:00+01:00,2018-12-31T00:00:00+01:00
2704512,NTD_RAB2,COUNTRY,BFA,YEAR,AFR,Africa,,2013,,,,,,,,11,11.0,,,,2024-06-03T07:26:23.447+02:00,2013,2013-01-01T00:00:00+01:00,2013-12-31T00:00:00+01:00
2721660,NTD_RAB2,COUNTRY,TTO,YEAR,AMR,Americas,,2020,,,,,,,,0,0.0,,,,2024-06-03T07:26:23.447+02:00,2020,2020-01-01T00:00:00+01:00,2020-12-31T00:00:00+01:00
2723590,NTD_RAB2,COUNTRY,RWA,YEAR,AFR,Africa,,2017,,,,,,,,No data,,,,,2024-06-03T07:26:23.447+02:00,2017,2017-01-01T00:00:00+01:00,2017-12-31T00:00:00+01:00
2723889,NTD_RAB2,COUNTRY,CYP,YEAR,EUR,Europe,,2010,,,,,,,,0,0.0,,,,2024-06-03T07:26:23.447+02:00,2010,2010-01-01T00:00:00+01:00,2010-12-31T00:00:00+01:00
2729566,NTD_RAB2,COUNTRY,FSM,YEAR,WPR,Western Pacific,,2015,,,,,,,,No data,,,,,2024-06-03T07:26:23.447+02:00,2015,2015-01-01T00:00:00+01:00,2015-12-31T00:00:00+01:00
2730568,NTD_RAB2,COUNTRY,WSM,YEAR,WPR,Western Pacific,,2017,,,,,,,,No data,,,,,2024-06-03T07:26:23.447+02:00,2017,2017-01-01T00:00:00+01:00,2017-12-31T00:00:00+01:00
2734993,NTD_RAB2,COUNTRY,IRL,YEAR,EUR,Europe,,2021,,,,,,,,0,0.0,,,,2025-09-09T13:40:51.93+02:00,2021,2021-01-01T00:00:00+01:00,2021-12-31T00:00:00+01:00
2741959,NTD_RAB2,COUNTRY,SWZ,YEAR,AFR,Africa,,2024,,,,,,,,0,0.0,,,,2025-10-30T17:51:54.843+01:00,2024,2024-01-01T00:00:00+01:00,2024-12-31T00:00:00+01:00
2743132,NTD_RAB2,COUNTRY,NLD,YEAR,EUR,Europe,,2013,,,,,,,,1,1.0,,,,2024-06-03T07:26:23.447+02:00,2013,2013-01-01T00:00:00+01:00,2013-12-31T00:00:00+01:00
2743185,NTD_RAB2,COUNTRY,KWT,YEAR,EMR,Eastern Mediterranean,,2022,,,,,,,,0,0.0,,,,2024-06-03T07:26:23.447+02:00,2022,2022-01-01T00:00:00+01:00,2022-12-31T00:00:00+01:00
2755292,NTD_RAB2,COUNTRY,SVK,YEAR,EUR,Europe,,2022,,,,,,,,0,0.0,,,,2024-06-03T07:26:23.447+02:00,2022,2022-01-01T00:00:00+01:00,2022-12-31T00:00:00+01:00
2755467,NTD_RAB2,COUNTRY,DNK,YEAR,EUR,Europe,,2012,,,,,,,,0,0.0,,,,2024-06-03T07:26:23.447+02:00,2012,2012-01-01T00:00:00+01:00,2012-12-31T00:00:00+01:00
2761622,NTD_RAB2,COUNTRY,LBN,YEAR,EMR,Eastern Mediterranean,,2022,,,,,,,,No data,,,,,2024-06-03T07:26:23.447+02:00,2022,2022-01-01T00:00:00+01:00,2022-12-31T00:00:00+01:00
2762179,NTD_RAB2,COUNTRY,VUT,YEAR,WPR,Western Pacific,,2017,,,,,,,,No data,,,,,2024-06-03T07:26:23.447+02:00,2017,2017-01-01T00:00:00+01:00,2017-12-31T00:00:00+01:00
2774755,NTD_RAB2,COUNTRY,GEO,YEAR,EUR,Europe,,2015,,,,,,,,0,0.0,,,,2024-06-03T07:26:23.447+02:00,2015,2015-01-01T00:00:00+01:00,2015-12-31T00:00:00+01:00
2775036,NTD_RAB2,COUNTRY,SWZ,YEAR,AFR,Africa,,2017,,,,,,,,0,0.0,,,,2024-06-03T07:26:23.447+02:00,2017,2017-01-01T00:00:00+01:00,2017-12-31T00:00:00+01:00
2783671,NTD_RAB2,COUNTRY,MAR,YEAR,EMR,Eastern Mediterranean,,2023,,,,,,,,No data,,,,,2025-09-09T13:40:51.93+02:00,2023,2023-01-01T00:00:00+01:00,2023-12-31T00:00:00+01:00
2800881,NTD_RAB2,COUNTRY,MDV,YEAR,SEAR,South-East Asia,,2021,,,,,,,,No data,,,,,2024-06-03T07:26:23.447+02:00,2021,2021-01-01T00:00:00+01:00,2021-12-31T00:00:00+01:00
2801669,NTD_RAB2,COUNTRY,CAN,YEAR,AMR,Americas,,2014,,,,,,,,0,0.0,,,,2024-06-03T07:26:23.447+02:00,2014,2014-01-01T00:00:00+01:00,2014-12-31T00:00:00+01:00
2807479,NTD_RAB2,COUNTRY,ISR,YEAR,EUR,Europe,,2013,,,,,,,,0,0.0,,,,2024-06-03T07:26:23.447+02:00,2013,2013-01-01T00:00:00+01:00,2013-12-31T00:00:00+01:00
2815834,NTD_RAB2,COUNTRY,COK,YEAR,WPR,Western Pacific,,2014,,,,,,,,No data,,,,,2024-06-03T07:26:23.447+02:00,2014,2014-01-01T00:00:00+01:00,2014-12-31T00:00:00+01:00
2829537,NTD_RAB2,COUNTRY,LBR,YEAR,AFR,Africa,,2020,,,,,,,,No data,,,,,2024-06-03T07:26:23.447+02:00,2020,2020-01-01T00:00:00+01:00,2020-12-31T00:00:00+01:00
2829562,NTD_RAB2,COUNTRY,BGR,YEAR,EUR,Europe,,2016,,,,,,,,0,0.0,,,,2024-06-03T07:26:23.447+02:00,2016,2016-01-01T00:00:00+01:00,2016-12-31T00:00:00+01:00
2853419,NTD_RAB2,COUNTRY,UGA,YEAR,AFR,Africa,,2024,,,,,,,,68,68.0,,,,2025-10-30T17:51:54.843+01:00,2024,2024-01-01T00:00:00+01:00,2024-12-31T00:00:00+01:00
2861166,NTD_RAB2,COUNTRY,COD,YEAR,AFR,Africa,,2019,,,,,,,,No data,,,,,2024-06-03T07:26:23.447+02:00,2019,2019-01-01T00:00:00+01:00,2019-12-31T00:00:00+01:00
2861862,NTD_RAB2,COUNTRY,LBR,YEAR,AFR,Africa,,2014,,,,,,,,No data,,,,,2024-06-03T07:26:23.447+02:00,2014,2014-01-01T00:00:00+01:00,2014-12-31T00:00:00+01:00
2866738,NTD_RAB2,COUNTRY,KAZ,YEAR,EUR,Europe,,2014,,,,,,,,3,3.0,,,,2024-06-03T07:26:23.447+02:00,2014,2014-01-01T00:00:00+01:00,2014-12-31T00:00:00+01:00
2867347,NTD_RAB2,COUNTRY,IDN,YEAR,WPR,Western Pacific,,2017,,,,,,,,No data,,,,,2024-06-03T07:26:23.447+02:00,2017,2017-01-01T00:00:00+01:00,2017-12-31T00:00:00+01:00
2868376,NTD_RAB2,COUNTRY,BWA,YEAR,AFR,Africa,,2024,,,,,,,,0,0.0,,,,2025-10-30T17:51:54.843+01:00,2024,2024-01-01T00:00:00+01:00,2024-12-31T00:00:00+01:00
2873296,NTD_RAB2,COUNTRY,TCD,YEAR,AFR,Africa,,2022,,,,,,,,No data,,,,,2024-06-03T07:26:23.447+02:00,2022,2022-01-01T00:00:00+01:00,2022-12-31T00:00:00+01:00
2873406,NTD_RAB2,COUNTRY,GTM,YEAR,AMR,Americas,,2013,,,,,,,,0,0.0,,,,2024-06-03T07:26:23.447+02:00,2013,2013-01-01T00:00:00+01:00,2013-12-31T00:00:00+01:00
2879734,NTD_RAB2,COUNTRY,DNK,YEAR,EUR,Europe,,2023,,,,,,,,No data,,,,,2025-09-09T13:40:51.93+02:00,2023,2023-01-01T00:00:00+01:00,2023-12-31T00:00:00+01:00
2880045,NTD_RAB2,COUNTRY,TZA,YEAR,AFR,Africa,,2013,,,,,,,,31,31.0,,,,2024-06-03T07:26:23.447+02:00,2013,2013-01-01T00:00:00+01:00,2013-12-31T00:00:00+01:00
2886211,NTD_RAB2,COUNTRY,HTI,YEAR,AMR,Americas,,2020,,,,,,,,1,1.0,,,,2024-06-03T07:26:23.447+02:00,2020,2020-01-01T00:00:00+01:00,2020-12-31T00:00:00+01:00
2888720,NTD_RAB2,COUNTRY,KIR,YEAR,WPR,Western Pacific,,2010,,,,,,,,No data,,,,,2024-06-03T07:26:23.447+02:00,2010,2010-01-01T00:00:00+01:00,2010-12-31T00:00:00+01:00
2889061,NTD_RAB2,COUNTRY,KHM,YEAR,WPR,Western Pacific,,2024,,,,,,,,7,7.0,,,,2025-09-09T13:40:51.93+02:00,2024,2024-01-01T00:00:00+01:00,2024-12-31T00:00:00+01:00
2893207,NTD_RAB2,COUNTRY,JAM,YEAR,AMR,Americas,,2023,,,,,,,,0,0.0,,,,2026-07-15T14:04:38.643+02:00,2023,2023-01-01T00:00:00+01:00,2023-12-31T00:00:00+01:00
2906944,NTD_RAB2,COUNTRY,VCT,YEAR,AMR,Americas,,2021,,,,,,,,0,0.0,,,,2024-06-03T07:26:23.447+02:00,2021,2021-01-01T00:00:00+01:00,2021-12-31T00:00:00+01:00
2913290,NTD_RAB2,COUNTRY,ARM,YEAR,EUR,Europe,,2013,,,,,,,,No data,,,,,2024-06-03T07:26:23.447+02:00,2013,2013-01-01T00:00:00+01:00,2013-12-31T00:00:00+01:00
2920724,NTD_RAB2,COUNTRY,THA,YEAR,SEAR,South-East Asia,,2014,,,,,,,,6,6.0,,,,2024-06-03T07:26:23.447+02:00,2014,2014-01-01T00:00:00+01:00,2014-12-31T00:00:00+01:00
2934345,NTD_RAB2,COUNTRY,IRQ,YEAR,EMR,Eastern Mediterranean,,2019,,,,,,,,No data,,,,,2024-06-03T07:26:23.447+02:00,2019,2019-01-01T00:00:00+01:00,2019-12-31T00:00:00+01:00
2946790,NTD_RAB2,COUNTRY,USA,YEAR,AMR,Americas,,2012,,,,,,,,1,1.0,,,,2024-06-03T07:26:23.447+02:00,2012,2012-01-01T00:00:00+01:00,2012-12-31T00:00:00+01:00
2953364,NTD_RAB2,COUNTRY,FSM,YEAR,WPR,Western Pacific,,2011,,,,,,,,No data,,,,,2024-06-03T07:26:23.447+02:00,2011,2011-01-01T00:00:00+01:00,2011-12-31T00:00:00+01:00
2965417,NTD_RAB2,COUNTRY,ARE,YEAR,EMR,Eastern Mediterranean,,2016,,,,,,,,No data,,,,,2024-06-03T07:26:23.447+02:00,2016,2016-01-01T00:00:00+01:00,2016-12-31T00:00:00+01:00
2979697,NTD_RAB2,COUNTRY,TZA,YEAR,AFR,Africa,,2014,,,,,,,,53,53.0,,,,2024-06-03T07:26:23.447+02:00,2014,2014-01-01T00:00:00+01:00,2014-12-31T00:00:00+01:00
2986864,NTD_RAB2,COUNTRY,CRI,YEAR,AMR,Americas,,2023,,,,,,,,0,0.0,,,,2026-07-15T14:04:38.643+02:00,2023,2023-01-01T00:00:00+01:00,2023-12-31T00:00:00+01:00
2992477,NTD_RAB2,COUNTRY,KGZ,YEAR,EUR,Europe,,2014,,,,,,,,1,1.0,,,,2024-06-03T07:26:23.447+02:00,2014,2014-01-01T00:00:00+01:00,2014-12-31T00:00:00+01:00
2994537,NTD_RAB2,COUNTRY,NIC,YEAR,AMR,Americas,,2012,,,,,,,,0,0.0,,,,2024-06-03T07:26:23.447+02:00,2012,2012-01-01T00:00:00+01:00,2012-12-31T00:00:00+01:00
2994622,NTD_RAB2,COUNTRY,MKD,YEAR,EUR,Europe,,2020,,,,,,,,No data,,,,,2024-06-03T07:26:23.447+02:00,2020,2020-01-01T00:00:00+01:00,2020-12-31T00:00:00+01:00
3005380,NTD_RAB2,COUNTRY,GRC,YEAR,EUR,Europe,,2021,,,,,,,,0,0.0,,,,2024-06-03T07:26:23.447+02:00,2021,2021-01-01T00:00:00+01:00,2021-12-31T00:00:00+01:00
3011718,NTD_RAB2,COUNTRY,CHL,YEAR,AMR,Americas,,2022,,,,,,,,0,0.0,,,,2026-07-15T14:04:38.643+02:00,2022,2022-01-01T00:00:00+01:00,2022-12-31T00:00:00+01:00
3014367,NTD_RAB2,COUNTRY,BDI,YEAR,AFR,Africa,,2019,,,,,,,,No data,,,,,2024-06-03T07:26:23.447+02:00,2019,2019-01-01T00:00:00+01:00,2019-12-31T00:00:00+01:00
3019933,NTD_RAB2,COUNTRY,HTI,YEAR,AMR,Americas,,2024,,,,,,,,3,3.0,,,,2025-09-09T13:40:51.93+02:00,2024,2024-01-01T00:00:00+01:00,2024-12-31T00:00:00+01:00
3032232,NTD_RAB2,COUNTRY,YEM,YEAR,EMR,Eastern Mediterranean,,2018,,,,,,,,52,52.0,,,,2024-06-03T07:26:23.447+02:00,2018,2018-01-01T00:00:00+01:00,2018-12-31T00:00:00+01:00
3051954,NTD_RAB2,COUNTRY,LSO,YEAR,AFR,Africa,,2016,,,,,,,,19,19.0,,,,2024-06-03T07:26:23.447+02:00,2016,2016-01-01T00:00:00+01:00,2016-12-31T00:00:00+01:00
3064620,NTD_RAB2,COUNTRY,VUT,YEAR,WPR,Western Pacific,,2010,,,,,,,,No data,,,,,2024-06-03T07:26:23.447+02:00,2010,2010-01-01T00:00:00+01:00,2010-12-31T00:00:00+01:00
3078995,NTD_RAB2,COUNTRY,PHL,YEAR,WPR,Western Pacific,,2018,,,,,,,,321,321.0,,,,2024-06-03T07:26:23.447+02:00,2018,2018-01-01T00:00:00+01:00,2018-12-31T00:00:00+01:00
3079360,NTD_RAB2,COUNTRY,MHL,YEAR,WPR,Western Pacific,,2017,,,,,,,,No data,,,,,2024-06-03T07:26:23.447+02:00,2017,2017-01-01T00:00:00+01:00,2017-12-31T00:00:00+01:00
3087139,NTD_RAB2,COUNTRY,CHE,YEAR,EUR,Europe,,2010,,,,,,,,0,0.0,,,,2024-06-03T07:26:23.447+02:00,2010,2010-01-01T00:00:00+01:00,2010-12-31T00:00:00+01:00
3100210,NTD_RAB2,COUNTRY,JOR,YEAR,EMR,Eastern Mediterranean,,2012,,,,,,,,No data,,,,,2024-06-03T07:26:23.447+02:00,2012,2012-01-01T00:00:00+01:00,2012-12-31T00:00:00+01:00
3111337,NTD_RAB2,COUNTRY,MNG,YEAR,WPR,Western Pacific,,2013,,,,,,,,No data,,,,,2024-06-03T07:26:23.447+02:00,2013,2013-01-01T00:00:00+01:00,2013-12-31T00:00:00+01:00
3111477,NTD_RAB2,COUNTRY,MYS,YEAR,WPR,Western Pacific,,2011,,,,,,,,No data,,,,,2024-06-03T07:26:23.447+02:00,2011,2011-01-01T00:00:00+01:00,2011-12-31T00:00:00+01:00
3120135,NTD_RAB2,COUNTRY,BRB,YEAR,AMR,Americas,,2010,,,,,,,,0,0.0,,,,2024-06-03T07:26:23.447+02:00,2010,2010-01-01T00:00:00+01:00,2010-12-31T00:00:00+01:00
3133201,NTD_RAB2,COUNTRY,BEL,YEAR,EUR,Europe,,2016,,,,,,,,0,0.0,,,,2024-06-03T07:26:23.447+02:00,2016,2016-01-01T00:00:00+01:00,2016-12-31T00:00:00+01:00
3144786,NTD_RAB2,COUNTRY,MYS,YEAR,WPR,Western Pacific,,2020,,,,,,,,9,9.0,,,,2024-06-03T07:26:23.447+02:00,2020,2020-01-01T00:00:00+01:00,2020-12-31T00:00:00+01:00
3146240,NTD_RAB2,COUNTRY,BGD,YEAR,SEAR,South-East Asia,,2016,,,,,,,,66,66.0,,,,2024-06-03T07:26:23.447+02:00,2016,2016-01-01T00:00:00+01:00,2016-12-31T00:00:00+01:00
3176998,NTD_RAB2,COUNTRY,DNK,YEAR,EUR,Europe,,2017,,,,,,,,0,0.0,,,,2024-06-03T07:26:23.447+02:00,2017,2017-01-01T00:00:00+01:00,2017-12-31T00:00:00+01:00
3184837,NTD_RAB2,COUNTRY,SAU,YEAR,EMR,Eastern Mediterranean,,2015,,,,,,,,No data,,,,,2024-06-03T07:26:23.447+02:00,2015,2015-01-01T00:00:00+01:00,2015-12-31T00:00:00+01:00
3185577,NTD_RAB2,COUNTRY,SYC,YEAR,AFR,Africa,,2018,,,,,,,,No data,,,,,2024-06-03T07:26:23.447+02:00,2018,2018-01-01T00:00:00+01:00,2018-12-31T00:00:00+01:00
3191406,NTD_RAB2,COUNTRY,BRB,YEAR,AMR,Americas,,2015,,,,,,,,0,0.0,,,,2024-06-03T07:26:23.447+02:00,2015,2015-01-01T00:00:00+01:00,2015-12-31T00:00:00+01:00
3192655,NTD_RAB2,COUNTRY,GEO,YEAR,EUR,Europe,,2010,,,,,,,,1,1.0,,,,2024-06-03T07:26:23.447+02:00,2010,2010-01-01T00:00:00+01:00,2010-12-31T00:00:00+01:00
3198439,NTD_RAB2,COUNTRY,UKR,YEAR,EUR,Europe,,2023,,,,,,,,No data,,,,,2025-09-09T13:40:51.93+02:00,2023,2023-01-01T00:00:00+01:00,2023-12-31T00:00:00+01:00
3205574,NTD_RAB2,COUNTRY,THA,YEAR,SEAR,South-East Asia,,2016,,,,,,,,14,14.0,,,,2024-06-03T07:26:23.447+02:00,2016,2016-01-01T00:00:00+01:00,2016-12-31T00:00:00+01:00
3219022,NTD_RAB2,COUNTRY,ECU,YEAR,AMR,Americas,,2014,,,,,,,,0,0.0,,,,2024-06-03T07:26:23.447+02:00,2014,2014-01-01T00:00:00+01:00,2014-12-31T00:00:00+01:00
3225460,NTD_RAB2,COUNTRY,PNG,YEAR,WPR,Western Pacific,,2019,,,,,,,,No data,,,,,2024-06-03T07:26:23.447+02:00,2019,2019-01-01T00:00:00+01:00,2019-12-31T00:00:00+01:00
3230486,NTD_RAB2,COUNTRY,CUB,YEAR,AMR,Americas,,2018,,,,,,,,1,1.0,,,,2024-06-03T07:26:23.447+02:00,2018,2018-01-01T00:00:00+01:00,2018-12-31T00:00:00+01:00
3236067,NTD_RAB2,COUNTRY,MLT,YEAR,EUR,Europe,,2014,,,,,,,,0,0.0,,,,2024-06-03T07:26:23.447+02:00,2014,2014-01-01T00:00:00+01:00,2014-12-31T00:00:00+01:00
3238542,NTD_RAB2,COUNTRY,TJK,YEAR,EUR,Europe,,2014,,,,,,,,7,7.0,,,,2024-06-03T07:26:23.447+02:00,2014,2014-01-01T00:00:00+01:00,2014-12-31T00:00:00+01:00
3238595,NTD_RAB2,COUNTRY,MAR,YEAR,EMR,Eastern Mediterranean,,2018,,,,,,,,18,18.0,,,,2024-06-03T07:26:23.447+02:00,2018,2018-01-01T00:00:00+01:00,2018-12-31T00:00:00+01:00
3244383,NTD_RAB2,COUNTRY,SLV,YEAR,AMR,Americas,,2023,,,,,,,,0,0.0,,,,2026-07-15T14:04:38.643+02:00,2023,2023-01-01T00:00:00+01:00,2023-12-31T00:00:00+01:00
3245351,NTD_RAB2,COUNTRY,BRA,YEAR,AMR,Americas,,2022,,,,,,,,5,5.0,,,,2024-06-03T07:26:23.447+02:00,2022,2022-01-01T00:00:00+01:00,2022-12-31T00:00:00+01:00
3290138,NTD_RAB2,COUNTRY,HRV,YEAR,EUR,Europe,,2024,,,,,,,,No data,,,,,2025-09-09T13:40:51.93+02:00,2024,2024-01-01T00:00:00+01:00,2024-12-31T00:00:00+01:00
3291725,NTD_RAB2,COUNTRY,LTU,YEAR,EUR,Europe,,2017,,,,,,,,0,0.0,,,,2024-06-03T07:26:23.447+02:00,2017,2017-01-01T00:00:00+01:00,2017-12-31T00:00:00+01:00
3296234,NTD_RAB2,COUNTRY,GIN,YEAR,AFR,Africa,,2019,,,,,,,,No data,,,,,2024-06-03T07:26:23.447+02:00,2019,2019-01-01T00:00:00+01:00,2019-12-31T00:00:00+01:00
3296605,NTD_RAB2,COUNTRY,DEU,YEAR,EUR,Europe,,2015,,,,,,,,0,0.0,,,,2024-06-03T07:26:23.447+02:00,2015,2015-01-01T00:00:00+01:00,2015-12-31T00:00:00+01:00
3301855,NTD_RAB2,COUNTRY,STP,YEAR,AFR,Africa,,2011,,,,,,,,No data,,,,,2024-06-03T07:26:23.447+02:00,2011,2011-01-01T00:00:00+01:00,2011-12-31T00:00:00+01:00
3302290,NTD_RAB2,COUNTRY,JPN,YEAR,WPR,Western Pacific,,2012,,,,,,,,0,0.0,,,,2024-06-03T07:26:23.447+02:00,2012,2012-01-01T00:00:00+01:00,2012-12-31T00:00:00+01:00
3303657,NTD_RAB2,COUNTRY,CMR,YEAR,AFR,Africa,,2023,,,,,,,,2,2.0,,,,2025-10-30T17:51:54.843+01:00,2023,2023-01-01T00:00:00+01:00,2023-12-31T00:00:00+01:00
3308571,NTD_RAB2,COUNTRY,CUB,YEAR,AMR,Americas,,2024,,,,,,,,1,1.0,,,,2025-09-09T13:40:51.93+02:00,2024,2024-01-01T00:00:00+01:00,2024-12-31T00:00:00+01:00
3317589,NTD_RAB2,COUNTRY,SDN,YEAR,EMR,Eastern Mediterranean,,2015,,,,,,,,0,0.0,,,,2024-06-03T07:26:23.447+02:00,2015,2015-01-01T00:00:00+01:00,2015-12-31T00:00:00+01:00
3341515,NTD_RAB2,COUNTRY,GMB,YEAR,AFR,Africa,,2013,,,,,,,,No data,,,,,2024-06-03T07:26:23.447+02:00,2013,2013-01-01T00:00:00+01:00,2013-12-31T00:00:00+01:00
3348691,NTD_RAB2,COUNTRY,KGZ,YEAR,EUR,Europe,,2010,,,,,,,,3,3.0,,,,2024-06-03T07:26:23.447+02:00,2010,2010-01-01T00:00:00+01:00,2010-12-31T00:00:00+01:00
3348934,NTD_RAB2,COUNTRY,IRQ,YEAR,EMR,Eastern Mediterranean,,2022,,,,,,,,17,17.0,,,,2025-09-09T13:40:51.93+02:00,2022,2022-01-01T00:00:00+01:00,2022-12-31T00:00:00+01:00
3362025,NTD_RAB2,COUNTRY,ATG,YEAR,AMR,Americas,,2019,,,,,,,,No data,,,,,2024-06-03T07:26:23.447+02:00,2019,2019-01-01T00:00:00+01:00,2019-12-31T00:00:00+01:00
3364272,NTD_RAB2,COUNTRY,PER,YEAR,AMR,Americas,,2022,,,,,,,,0,0.0,,,,2024-06-03T07:26:23.447+02:00,2022,2022-01-01T00:00:00+01:00,2022-12-31T00:00:00+01:00
3389831,NTD_RAB2,COUNTRY,HND,YEAR,AMR,Americas,,2016,,,,,,,,0,0.0,,,,2024-06-03T07:26:23.447+02:00,2016,2016-01-01T00:00:00+01:00,2016-12-31T00:00:00+01:00
3396688,NTD_RAB2,COUNTRY,LSO,YEAR,AFR,Africa,,2010,,,,,,,,No data,,,,,2024-06-03T07:26:23.447+02:00,2010,2010-01-01T00:00:00+01:00,2010-12-31T00:00:00+01:00
3403135,NTD_RAB2,COUNTRY,MNG,YEAR,WPR,Western Pacific,,2014,,,,,,,,No data,,,,,2024-06-03T07:26:23.447+02:00,2014,2014-01-01T00:00:00+01:00,2014-12-31T00:00:00+01:00
3408754,NTD_RAB2,COUNTRY,COG,YEAR,AFR,Africa,,2017,,,,,,,,No data,,,,,2024-06-03T07:26:23.447+02:00,2017,2017-01-01T00:00:00+01:00,2017-12-31T00:00:00+01:00
3414498,NTD_RAB2,COUNTRY,TZA,YEAR,AFR,Africa,,2017,,,,,,,,10,10.0,,,,2024-06-03T07:26:23.447+02:00,2017,2017-01-01T00:00:00+01:00,2017-12-31T00:00:00+01:00
3421152,NTD_RAB2,COUNTRY,UGA,YEAR,AFR,Africa,,2018,,,,,,,,No data,,,,,2024-06-03T07:26:23.447+02:00,2018,2018-01-01T00:00:00+01:00,2018-12-31T00:00:00+01:00
3421536,NTD_RAB2,COUNTRY,FJI,YEAR,WPR,Western Pacific,,2020,,,,,,,,No data,,,,,2024-06-03T07:26:23.447+02:00,2020,2020-01-01T00:00:00+01:00,2020-12-31T00:00:00+01:00
3422302,NTD_RAB2,COUNTRY,URY,YEAR,AMR,Americas,,2017,,,,,,,,0,0.0,,,,2024-06-03T07:26:23.447+02:00,2017,2017-01-01T00:00:00+01:00,2017-12-31T00:00:00+01:00
3429211,NTD_RAB2,COUNTRY,MCO,YEAR,EUR,Europe,,2017,,,,,,,,No data,,,,,2024-06-03T07:26:23.447+02:00,2017,2017-01-01T00:00:00+01:00,2017-12-31T00:00:00+01:00
3435516,NTD_RAB2,COUNTRY,BIH,YEAR,EUR,Europe,,2010,,,,,,,,No data,,,,,2024-06-03T07:26:23.447+02:00,2010,2010-01-01T00:00:00+01:00,2010-12-31T00:00:00+01:00
3448546,NTD_RAB2,COUNTRY,GRD,YEAR,AMR,Americas,,2017,,,,,,,,No data,,,,,2024-06-03T07:26:23.447+02:00,2017,2017-01-01T00:00:00+01:00,2017-12-31T00:00:00+01:00
3461024,NTD_RAB2,COUNTRY,CHN,YEAR,WPR,Western Pacific,,2017,,,,,,,,516,516.0,,,,2024-06-03T07:26:23.447+02:00,2017,2017-01-01T00:00:00+01:00,2017-12-31T00:00:00+01:00
3463026,NTD_RAB2,COUNTRY,BEN,YEAR,AFR,Africa,,2024,,,,,,,,25,25.0,,,,2025-10-30T17:51:54.843+01:00,2024,2024-01-01T00:00:00+01:00,2024-12-31T00:00:00+01:00
3469778,NTD_RAB2,COUNTRY,UKR,YEAR,EUR,Europe,,2016,,,,,,,,0,0.0,,,,2024-06-03T07:26:23.447+02:00,2016,2016-01-01T00:00:00+01:00,2016-12-31T00:00:00+01:00
3475033,NTD_RAB2,COUNTRY,KOR,YEAR,WPR,Western Pacific,,2024,,,,,,,,No data,,,,,2025-09-09T13:40:51.93+02:00,2024,2024-01-01T00:00:00+01:00,2024-12-31T00:00:00+01:00
3502263,NTD_RAB2,COUNTRY,MRT,YEAR,AFR,Africa,,2010,,,,,,,,No data,,,,,2024-06-03T07:26:23.447+02:00,2010,2010-01-01T00:00:00+01:00,2010-12-31T00:00:00+01:00
3512735,NTD_RAB2,COUNTRY,SWZ,YEAR,AFR,Africa,,2022,,,,,,,,No data,,,,,2024-06-03T07:26:23.447+02:00,2022,2022-01-01T00:00:00+01:00,2022-12-31T00:00:00+01:00
3513169,NTD_RAB2,COUNTRY,ARE,YEAR,EMR,Eastern Mediterranean,,2024,,,,,,,,No data,,,,,2025-09-09T13:40:51.93+02:00,2024,2024-01-01T00:00:00+01:00,2024-12-31T00:00:00+01:00
3515540,NTD_RAB2,COUNTRY,KGZ,YEAR,EUR,Europe,,2024,,,,,,,,No data,,,,,2025-09-09T13:40:51.93+02:00,2024,2024-01-01T00:00:00+01:00,2024-12-31T00:00:00+01:00
3519370,NTD_RAB2,COUNTRY,HTI,YEAR,AMR,Americas,,2014,,,,,,,,4,4.0,,,,2024-06-03T07:26:23.447+02:00,2014,2014-01-01T00:00:00+01:00,2014-12-31T00:00:00+01:00
3528374,NTD_RAB2,COUNTRY,SUR,YEAR,AMR,Americas,,2013,,,,,,,,No data,,,,,2024-06-03T07:26:23.447+02:00,2013,2013-01-01T00:00:00+01:00,2013-12-31T00:00:00+01:00
3535194,NTD_RAB2,COUNTRY,GRC,YEAR,EUR,Europe,,2013,,,,,,,,No data,,,,,2024-06-03T07:26:23.447+02:00,2013,2013-01-01T00:00:00+01:00,2013-12-31T00:00:00+01:00
3535389,NTD_RAB2,COUNTRY,STP,YEAR,AFR,Africa,,2017,,,,,,,,No data,,,,,2024-06-03T07:26:23.447+02:00,2017,2017-01-01T00:00:00+01:00,2017-12-31T00:00:00+01:00
3539707,NTD_RAB2,COUNTRY,CUB,YEAR,AMR,Americas,,2022,,,,,,,,1,1.0,,,,2025-09-09T13:40:51.93+02:00,2022,2022-01-01T00:00:00+01:00,2022-12-31T00:00:00+01:00
3547013,NTD_RAB2,COUNTRY,CPV,YEAR,AFR,Africa,,2011,,,,,,,,0,0.0,,,,2024-06-03T07:26:23.447+02:00,2011,2011-01-01T00:00:00+01:00,2011-12-31T00:00:00+01:00
3547131,NTD_RAB2,COUNTRY,BGD,YEAR,SEAR,South-East Asia,,2021,,,,,,,,40,40.0,,,,2024-06-03T07:26:23.447+02:00,2021,2021-01-01T00:00:00+01:00,2021-12-31T00:00:00+01:00
3560766,NTD_RAB2,COUNTRY,BGR,YEAR,EUR,Europe,,2017,,,,,,,,0,0.0,,,,2024-06-03T07:26:23.447+02:00,2017,2017-01-01T00:00:00+01:00,2017-12-31T00:00:00+01:00
3566497,NTD_RAB2,COUNTRY,BGR,YEAR,EUR,Europe,,2019,,,,,,,,0,0.0,,,,2025-09-09T13:40:51.93+02:00,2019,2019-01-01T00:00:00+01:00,2019-12-31T00:00:00+01:00
3568119,NTD_RAB2,COUNTRY,SUR,YEAR,AMR,Americas,,2018,,,,,,,,No data,,,,,2024-06-03T07:26:23.447+02:00,2018,2018-01-01T00:00:00+01:00,2018-12-31T00:00:00+01:00
3580505,NTD_RAB2,COUNTRY,LBN,YEAR,EMR,Eastern Mediterranean,,2020,,,,,,,,No data,,,,,2024-06-03T07:26:23.447+02:00,2020,2020-01-01T00:00:00+01:00,2020-12-31T00:00:00+01:00
3585816,NTD_RAB2,COUNTRY,PRY,YEAR,AMR,Americas,,2012,,,,,,,,0,0.0,,,,2024-06-03T07:26:23.447+02:00,2012,2012-01-01T00:00:00+01:00,2012-12-31T00:00:00+01:00
3587989,NTD_RAB2,COUNTRY,ZAF,YEAR,AFR,Africa,,2020,,,,,,,,8,8.0,,,,2024-06-03T07:26:23.447+02:00,2020,2020-01-01T00:00:00+01:00,2020-12-31T00:00:00+01:00
3594882,NTD_RAB2,COUNTRY,PLW,YEAR,WPR,Western Pacific,,2023,,,,,,,,No data,,,,,2025-09-09T13:40:51.93+02:00,2023,2023-01-01T00:00:00+01:00,2023-12-31T00:00:00+01:00
3598734,NTD_RAB2,COUNTRY,BDI,YEAR,AFR,Africa,,2010,,,,,,,,No data,,,,,2024-06-03T07:26:23.447+02:00,2010,2010-01-01T00:00:00+01:00,2010-12-31T00:00:00+01:00
3607227,NTD_RAB2,COUNTRY,MDV,YEAR,SEAR,South-East Asia,,2013,,,,,,,,No data,,,,,2024-06-03T07:26:23.447+02:00,2013,2013-01-01T00:00:00+01:00,2013-12-31T00:00:00+01:00
3608041,NTD_RAB2,COUNTRY,CPV,YEAR,AFR,Africa,,2016,,,,,,,,No data,,,,,2024-06-03T07:26:23.447+02:00,2016,2016-01-01T00:00:00+01:00,2016-12-31T00:00:00+01:00
3619862,NTD_RAB2,COUNTRY,MOZ,YEAR,AFR,Africa,,2016,,,,,,,,29,29.0,,,,2024-06-03T07:26:23.447+02:00,2016,2016-01-01T00:00:00+01:00,2016-12-31T00:00:00+01:00
3625849,NTD_RAB2,COUNTRY,KHM,YEAR,WPR,Western Pacific,,2020,,,,,,,,1,1.0,,,,2025-09-09T13:40:51.93+02:00,2020,2020-01-01T00:00:00+01:00,2020-12-31T00:00:00+01:00
3627297,NTD_RAB2,COUNTRY,AUT,YEAR,EUR,Europe,,2015,,,,,,,,0,0.0,,,,2024-06-03T07:26:23.447+02:00,2015,2015-01-01T00:00:00+01:00,2015-12-31T00:00:00+01:00
3631910,NTD_RAB2,COUNTRY,GMB,YEAR,AFR,Africa,,2022,,,,,,,,No data,,,,,2024-06-03T07:26:23.447+02:00,2022,2022-01-01T00:00:00+01:00,2022-12-31T00:00:00+01:00
3632541,NTD_RAB2,COUNTRY,PAN,YEAR,AMR,Americas,,2020,,,,,,,,0,0.0,,,,2024-06-03T07:26:23.447+02:00,2020,2020-01-01T00:00:00+01:00,2020-12-31T00:00:00+01:00
3639687,NTD_RAB2,COUNTRY,POL,YEAR,EUR,Europe,,2024,,,,,,,,No data,,,,,2025-09-09T13:40:51.93+02:00,2024,2024-01-01T00:00:00+01:00,2024-12-31T00:00:00+01:00
3646414,NTD_RAB2,COUNTRY,LSO,YEAR,AFR,Africa,,2011,,,,,,,,No data,,,,,2024-06-03T07:26:23.447+02:00,2011,2011-01-01T00:00:00+01:00,2011-12-31T00:00:00+01:00
3665924,NTD_RAB2,COUNTRY,SLV,YEAR,AMR,Americas,,2016,,,,,,,,0,0.0,,,,2024-06-03T07:26:23.447+02:00,2016,2016-01-01T00:00:00+01:00,2016-12-31T00:00:00+01:00
3667273,NTD_RAB2,COUNTRY,DJI,YEAR,EMR,Eastern Mediterranean,,2021,,,,,,,,No data,,,,,2024-06-03T07:26:23.447+02:00,2021,2021-01-01T00:00:00+01:00,2021-12-31T00:00:00+01:00
3671917,NTD_RAB2,COUNTRY,CZE,YEAR,EUR,Europe,,2014,,,,,,,,0,0.0,,,,2024-06-03T07:26:23.447+02:00,2014,2014-01-01T00:00:00+01:00,2014-12-31T00:00:00+01:00
3673811,NTD_RAB2,COUNTRY,BEN,YEAR,AFR,Africa,,2023,,,,,,,,42,42.0,,,,2025-10-30T17:51:54.843+01:00,2023,2023-01-01T00:00:00+01:00,2023-12-31T00:00:00+01:00
3678263,NTD_RAB2,COUNTRY,TUN,YEAR,EMR,Eastern Mediterranean,,2023,,,,,,,,No data,,,,,2025-09-09T13:40:51.93+02:00,2023,2023-01-01T00:00:00+01:00,2023-12-31T00:00:00+01:00
3680395,NTD_RAB2,COUNTRY,SVK,YEAR,EUR,Europe,,2011,,,,,,,,No data,,,,,2024-06-03T07:26:23.447+02:00,2011,2011-01-01T00:00:00+01:00,2011-12-31T00:00:00+01:00
3687124,NTD_RAB2,COUNTRY,USA,YEAR,AMR,Americas,,2013,,,,,,,,2,2.0,,,,2024-06-03T07:26:23.447+02:00,2013,2013-01-01T00:00:00+01:00,2013-12-31T00:00:00+01:00
3697842,NTD_RAB2,COUNTRY,BOL,YEAR,AMR,Americas,,2014,,,,,,,,4,4.0,,,,2024-06-03T07:26:23.447+02:00,2014,2014-01-01T00:00:00+01:00,2014-12-31T00:00:00+01:00
3724947,NTD_RAB2,COUNTRY,BLZ,YEAR,AMR,Americas,,2017,,,,,,,,0,0.0,,,,2024-06-03T07:26:23.447+02:00,2017,2017-01-01T00:00:00+01:00,2017-12-31T00:00:00+01:00
3726775,NTD_RAB2,COUNTRY,SLV,YEAR,AMR,Americas,,2022,,,,,,,,0,0.0,,,,2026-07-15T14:04:38.643+02:00,2022,2022-01-01T00:00:00+01:00,2022-12-31T00:00:00+01:00
3757707,NTD_RAB2,COUNTRY,SMR,YEAR,EUR,Europe,,2010,,,,,,,,No data,,,,,2024-06-03T07:26:23.447+02:00,2010,2010-01-01T00:00:00+01:00,2010-12-31T00:00:00+01:00
3765576,NTD_RAB2,COUNTRY,ARG,YEAR,AMR,Americas,,2023,,,,,,,,0,0.0,,,,2026-07-15T14:04:38.643+02:00,2023,2023-01-01T00:00:00+01:00,2023-12-31T00:00:00+01:00
3772649,NTD_RAB2,COUNTRY,TTO,YEAR,AMR,Americas,,2014,,,,,,,,0,0.0,,,,2024-06-03T07:26:23.447+02:00,2014,2014-01-01T00:00:00+01:00,2014-12-31T00:00:00+01:00
3784042,NTD_RAB2,COUNTRY,IND,YEAR,SEAR,South-East Asia,,2015,,,,,,,,971,971.0,,,,2024-06-03T07:26:23.447+02:00,2015,2015-01-01T00:00:00+01:00,2015-12-31T00:00:00+01:00
3792715,NTD_RAB2,COUNTRY,BTN,YEAR,SEAR,South-East Asia,,2012,,,,,,,,No data,,,,,2024-06-03T07:26:23.447+02:00,2012,2012-01-01T00:00:00+01:00,2012-12-31T00:00:00+01:00
3799050,NTD_RAB2,COUNTRY,GTM,YEAR,AMR,Americas,,2010,,,,,,,,0,0.0,,,,2024-06-03T07:26:23.447+02:00,2010,2010-01-01T00:00:00+01:00,2010-12-31T00:00:00+01:00
3810615,NTD_RAB2,COUNTRY,EGY,YEAR,EMR,Eastern Mediterranean,,2018,,,,,,,,No data,,,,,2024-06-03T07:26:23.447+02:00,2018,2018-01-01T00:00:00+01:00,2018-12-31T00:00:00+01:00
3812683,NTD_RAB2,COUNTRY,AUT,YEAR,EUR,Europe,,2022,,,,,,,,0,0.0,,,,2024-06-03T07:26:23.447+02:00,2022,2022-01-01T00:00:00+01:00,2022-12-31T00:00:00+01:00
3816514,NTD_RAB2,COUNTRY,SLE,YEAR,AFR,Africa,,2018,,,,,,,,8,8.0,,,,2024-06-03T07:26:23.447+02:00,2018,2018-01-01T00:00:00+01:00,2018-12-31T00:00:00+01:00
3819156,NTD_RAB2,COUNTRY,BLR,YEAR,EUR,Europe,,2010,,,,,,,,No data,,,,,2024-06-03T07:26:23.447+02:00,2010,2010-01-01T00:00:00+01:00,2010-12-31T00:00:00+01:00
3823426,NTD_RAB2,COUNTRY,BRA,YEAR,AMR,Americas,,2023,,,,,,,,2,2.0,,,,2025-09-09T13:40:51.93+02:00,2023,2023-01-01T00:00:00+01:00,2023-12-31T00:00:00+01:00
3824360,NTD_RAB2,COUNTRY,AUT,YEAR,EUR,Europe,,2010,,,,,,,,0,0.0,,,,2024-06-03T07:26:23.447+02:00,2010,2010-01-01T00:00:00+01:00,2010-12-31T00:00:00+01:00
3824503,NTD_RAB2,COUNTRY,KAZ,YEAR,EUR,Europe,,2018,,,,,,,,0,0.0,,,,2024-06-03T07:26:23.447+02:00,2018,2018-01-01T00:00:00+01:00,2018-12-31T00:00:00+01:00
3824603,NTD_RAB2,COUNTRY,ZWE,YEAR,AFR,Africa,,2023,,,,,,,,No data,,,,,2025-09-09T13:40:51.93+02:00,2023,2023-01-01T00:00:00+01:00,2023-12-31T00:00:00+01:00
3832223,NTD_RAB2,COUNTRY,BRB,YEAR,AMR,Americas,,2012,,,,,,,,0,0.0,,,,2024-06-03T07:26:23.447+02:00,2012,2012-01-01T00:00:00+01:00,2012-12-31T00:00:00+01:00
3832557,NTD_RAB2,COUNTRY,TKM,YEAR,EUR,Europe,,2020,,,,,,,,No data,,,,,2024-06-03T07:26:23.447+02:00,2020,2020-01-01T00:00:00+01:00,2020-12-31T00:00:00+01:00
3843760,NTD_RAB2,COUNTRY,TGO,YEAR,AFR,Africa,,2010,,,,,,,,No data,,,,,2024-06-03T07:26:23.447+02:00,2010,2010-01-01T00:00:00+01:00,2010-12-31T00:00:00+01:00
3850127,NTD_RAB2,COUNTRY,PER,YEAR,AMR,Americas,,2010,,,,,,,,14,14.0,,,,2024-06-03T07:26:23.447+02:00,2010,2010-01-01T00:00:00+01:00,2010-12-31T00:00:00+01:00
3850300,NTD_RAB2,COUNTRY,KAZ,YEAR,EUR,Europe,,2016,,,,,,,,6,6.0,,,,2024-06-03T07:26:23.447+02:00,2016,2016-01-01T00:00:00+01:00,2016-12-31T00:00:00+01:00
3850367,NTD_RAB2,COUNTRY,MHL,YEAR,WPR,Western Pacific,,2011,,,,,,,,No data,,,,,2024-06-03T07:26:23.447+02:00,2011,2011-01-01T00:00:00+01:00,2011-12-31T00:00:00+01:00
3855869,NTD_RAB2,COUNTRY,NOR,YEAR,EUR,Europe,,2014,,,,,,,,0,0.0,,,,2024-06-03T07:26:23.447+02:00,2014,2014-01-01T00:00:00+01:00,2014-12-31T00:00:00+01:00
3858781,NTD_RAB2,COUNTRY,AUS,YEAR,WPR,Western Pacific,,2014,,,,,,,,No data,,,,,2024-06-03T07:26:23.447+02:00,2014,2014-01-01T00:00:00+01:00,2014-12-31T00:00:00+01:00
3869237,NTD_RAB2,COUNTRY,TGO,YEAR,AFR,Africa,,2021,,,,,,,,No data,,,,,2024-06-03T07:26:23.447+02:00,2021,2021-01-01T00:00:00+01:00,2021-12-31T00:00:00+01:00
3871542,NTD_RAB2,COUNTRY,TUV,YEAR,WPR,Western Pacific,,2020,,,,,,,,No data,,,,,2024-06-03T07:26:23.447+02:00,2020,2020-01-01T00:00:00+01:00,2020-12-31T00:00:00+01:00
3871822,NTD_RAB2,COUNTRY,FIN,YEAR,EUR,Europe,,2022,,,,,,,,0,0.0,,,,2024-06-03T07:26:23.447+02:00,2022,2022-01-01T00:00:00+01:00,2022-12-31T00:00:00+01:00
3876588,NTD_RAB2,COUNTRY,RUS,YEAR,EUR,Europe,,2014,,,,,,,,2,2.0,,,,2024-06-03T07:26:23.447+02:00,2014,2014-01-01T00:00:00+01:00,2014-12-31T00:00:00+01:00
3897792,NTD_RAB2,COUNTRY,ZMB,YEAR,AFR,Africa,,2016,,,,,,,,No data,,,,,2024-06-03T07:26:23.447+02:00,2016,2016-01-01T00:00:00+01:00,2016-12-31T00:00:00+01:00
3902227,NTD_RAB2,COUNTRY,HRV,YEAR,EUR,Europe,,2020,,,,,,,,0,0.0,,,,2024-06-03T07:26:23.447+02:00,2020,2020-01-01T00:00:00+01:00,2020-12-31T00:00:00+01:00
3902704,NTD_RAB2,COUNTRY,ATG,YEAR,AMR,Americas,,2017,,,,,,,,No data,,,,,2024-06-03T07:26:23.447+02:00,2017,2017-01-01T00:00:00+01:00,2017-12-31T00:00:00+01:00
3904738,NTD_RAB2,COUNTRY,NRU,YEAR,WPR,Western Pacific,,2023,,,,,,,,No data,,,,,2025-09-09T13:40:51.93+02:00,2023,2023-01-01T00:00:00+01:00,2023-12-31T00:00:00+01:00
3909212,NTD_RAB2,COUNTRY,LSO,YEAR,AFR,Africa,,2012,,,,,,,,No data,,,,,2024-06-03T07:26:23.447+02:00,2012,2012-01-01T00:00:00+01:00,2012-12-31T00:00:00+01:00
3909251,NTD_RAB2,COUNTRY,KEN,YEAR,AFR,Africa,,2011,,,,,,,,No data,,,,,2024-06-03T07:26:23.447+02:00,2011,2011-01-01T00:00:00+01:00,2011-12-31T00:00:00+01:00
3909463,NTD_RAB2,COUNTRY,MDV,YEAR,SEAR,South-East Asia,,2010,,,,,,,,0,0.0,,,,2024-06-03T07:26:23.447+02:00,2010,2010-01-01T00:00:00+01:00,2010-12-31T00:00:00+01:00
3910552,NTD_RAB2,COUNTRY,DEU,YEAR,EUR,Europe,,2017,,,,,,,,0,0.0,,,,2024-06-03T07:26:23.447+02:00,2017,2017-01-01T00:00:00+01:00,2017-12-31T00:00:00+01:00
3911307,NTD_RAB2,COUNTRY,CPV,YEAR,AFR,Africa,,2024,,,,,,,,No data,,,,,2025-09-09T13:40:51.93+02:00,2024,2024-01-01T00:00:00+01:00,2024-12-31T00:00:00+01:00
3915595,NTD_RAB2,COUNTRY,MKD,YEAR,EUR,Europe,,2012,,,,,,,,No data,,,,,2024-06-03T07:26:23.447+02:00,2012,2012-01-01T00:00:00+01:00,2012-12-31T00:00:00+01:00
3922394,NTD_RAB2,COUNTRY,LSO,YEAR,AFR,Africa,,2018,,,,,,,,No data,,,,,2024-06-03T07:26:23.447+02:00,2018,2018-01-01T00:00:00+01:00,2018-12-31T00:00:00+01:00
3948633,NTD_RAB2,COUNTRY,IRN,YEAR,EMR,Eastern Mediterranean,,2018,,,,,,,,6,6.0,,,,2024-06-03T07:26:23.447+02:00,2018,2018-01-01T00:00:00+01:00,2018-12-31T00:00:00+01:00
3949159,NTD_RAB2,COUNTRY,SDN,YEAR,EMR,Eastern Mediterranean,,2021,,,,,,,,No data,,,,,2024-06-03T07:26:23.447+02:00,2021,2021-01-01T00:00:00+01:00,2021-12-31T00:00:00+01:00
3957054,NTD_RAB2,COUNTRY,GRC,YEAR,EUR,Europe,,2015,,,,,,,,0,0.0,,,,2024-06-03T07:26:23.447+02:00,2015,2015-01-01T00:00:00+01:00,2015-12-31T00:00:00+01:00
3976624,NTD_RAB2,COUNTRY,ESP,YEAR,EUR,Europe,,2022,,,,,,,,0,0.0,,,,2024-06-03T07:26:23.447+02:00,2022,2022-01-01T00:00:00+01:00,2022-12-31T00:00:00+01:00
3988295,NTD_RAB2,COUNTRY,ETH,YEAR,AFR,Africa,,2024,,,,,,,,195,195.0,,,,2025-10-30T17:51:54.843+01:00,2024,2024-01-01T00:00:00+01:00,2024-12-31T00:00:00+01:00
3988725,NTD_RAB2,COUNTRY,SYR,YEAR,EMR,Eastern Mediterranean,,2014,,,,,,,,0,0.0,,,,2024-06-03T07:26:23.447+02:00,2014,2014-01-01T00:00:00+01:00,2014-12-31T00:00:00+01:00
3994593,NTD_RAB2,COUNTRY,ZMB,YEAR,AFR,Africa,,2013,,,,,,,,No data,,,,,2024-06-03T07:26:23.447+02:00,2013,2013-01-01T00:00:00+01:00,2013-12-31T00:00:00+01:00
3995045,NTD_RAB2,COUNTRY,LSO,YEAR,AFR,Africa,,2013,,,,,,,,No data,,,,,2024-06-03T07:26:23.447+02:00,2013,2013-01-01T00:00:00+01:00,2013-12-31T00:00:00+01:00
4008556,NTD_RAB2,COUNTRY,PAN,YEAR,AMR,Americas,,2022,,,,,,,,0,0.0,,,,2026-07-15T14:04:38.643+02:00,2022,2022-01-01T00:00:00+01:00,2022-12-31T00:00:00+01:00
4010550,NTD_RAB2,COUNTRY,OMN,YEAR,EMR,Eastern Mediterranean,,2016,,,,,,,,No data,,,,,2024-06-03T07:26:23.447+02:00,2016,2016-01-01T00:00:00+01:00,2016-12-31T00:00:00+01:00
4014947,NTD_RAB2,COUNTRY,BHS,YEAR,AMR,Americas,,2015,,,,,,,,0,0.0,,,,2024-06-03T07:26:23.447+02:00,2015,2015-01-01T00:00:00+01:00,2015-12-31T00:00:00+01:00
4015086,NTD_RAB2,COUNTRY,BEL,YEAR,EUR,Europe,,2015,,,,,,,,0,0.0,,,,2024-06-03T07:26:23.447+02:00,2015,2015-01-01T00:00:00+01:00,2015-12-31T00:00:00+01:00
4027814,NTD_RAB2,COUNTRY,AGO,YEAR,AFR,Africa,,2019,,,,,,,,No data,,,,,2024-06-03T07:26:23.447+02:00,2019,2019-01-01T00:00:00+01:00,2019-12-31T00:00:00+01:00
4027981,NTD_RAB2,COUNTRY,MNE,YEAR,EUR,Europe,,2020,,,,,,,,No data,,,,,2024-06-03T07:26:23.447+02:00,2020,2020-01-01T00:00:00+01:00,2020-12-31T00:00:00+01:00
4029410,NTD_RAB2,COUNTRY,COD,YEAR,AFR,Africa,,2024,,,,,,,,221,221.0,,,,2025-10-30T17:51:54.843+01:00,2024,2024-01-01T00:00:00+01:00,2024-12-31T00:00:00+01:00
4035022,NTD_RAB2,COUNTRY,TZA,YEAR,AFR,Africa,,2019,,,,,,,,No data,,,,,2024-06-03T07:26:23.447+02:00,2019,2019-01-01T00:00:00+01:00,2019-12-31T00:00:00+01:00
4035216,NTD_RAB2,COUNTRY,FSM,YEAR,WPR,Western Pacific,,2024,,,,,,,,No data,,,,,2025-09-09T13:40:51.93+02:00,2024,2024-01-01T00:00:00+01:00,2024-12-31T00:00:00+01:00
4049050,NTD_RAB2,COUNTRY,KOR,YEAR,WPR,Western Pacific,,2010,,,,,,,,0,0.0,,,,2024-06-03T07:26:23.447+02:00,2010,2010-01-01T00:00:00+01:00,2010-12-31T00:00:00+01:00
4049665,NTD_RAB2,COUNTRY,FRA,YEAR,EUR,Europe,,2010,,,,,,,,0,0.0,,,,2024-06-03T07:26:23.447+02:00,2010,2010-01-01T00:00:00+01:00,2010-12-31T00:00:00+01:00
4080204,NTD_RAB2,COUNTRY,CRI,YEAR,AMR,Americas,,2013,,,,,,,,0,0.0,,,,2024-06-03T07:26:23.447+02:00,2013,2013-01-01T00:00:00+01:00,2013-12-31T00:00:00+01:00
4080451,NTD_RAB2,COUNTRY,LVA,YEAR,EUR,Europe,,2012,,,,,,,,0,0.0,,,,2024-06-03T07:26:23.447+02:00,2012,2012-01-01T00:00:00+01:00,2012-12-31T00:00:00+01:00
4080993,NTD_RAB2,COUNTRY,KGZ,YEAR,EUR,Europe,,2020,,,,,,,,No data,,,,,2024-06-03T07:26:23.447+02:00,2020,2020-01-01T00:00:00+01:00,2020-12-31T00:00:00+01:00
4082104,NTD_RAB2,COUNTRY,MMR,YEAR,SEAR,South-East Asia,,2019,,,,,,,,69,69.0,,,,2024-06-03T07:26:23.447+02:00,2019,2019-01-01T00:00:00+01:00,2019-12-31T00:00:00+01:00
4101497,NTD_RAB2,COUNTRY,SEN,YEAR,AFR,Africa,,2022,,,,,,,,3,3.0,,,,2025-09-09T13:40:51.93+02:00,2022,2022-01-01T00:00:00+01:00,2022-12-31T00:00:00+01:00
4128781,NTD_RAB2,COUNTRY,GIN,YEAR,AFR,Africa,,2023,,,,,,,,16,16.0,,,,2025-09-09T13:40:51.93+02:00,2023,2023-01-01T00:00:00+01:00,2023-12-31T00:00:00+01:00
4166156,NTD_RAB2,COUNTRY,PRK,YEAR,SEAR,South-East Asia,,2021,,,,,,,,No data,,,,,2024-06-03T07:26:23.447+02:00,2021,2021-01-01T00:00:00+01:00,2021-12-31T00:00:00+01:00
4166949,NTD_RAB2,COUNTRY,MEX,YEAR,AMR,Americas,,2023,,,,,,,,0,0.0,,,,2026-07-15T14:04:38.643+02:00,2023,2023-01-01T00:00:00+01:00,2023-12-31T00:00:00+01:00
4168320,NTD_RAB2,COUNTRY,GHA,YEAR,AFR,Africa,,2020,,,,,,,,No data,,,,,2024-06-03T07:26:23.447+02:00,2020,2020-01-01T00:00:00+01:00,2020-12-31T00:00:00+01:00
4180844,NTD_RAB2,COUNTRY,CAF,YEAR,AFR,Africa,,2018,,,,,,,,No data,,,,,2024-06-03T07:26:23.447+02:00,2018,2018-01-01T00:00:00+01:00,2018-12-31T00:00:00+01:00
4185648,NTD_RAB2,COUNTRY,GHA,YEAR,AFR,Africa,,2024,,,,,,,,265,265.0,,,,2025-10-30T17:51:54.843+01:00,2024,2024-01-01T00:00:00+01:00,2024-12-31T00:00:00+01:00
4187282,NTD_RAB2,COUNTRY,AFG,YEAR,EMR,Eastern Mediterranean,,2010,,,,,,,,No data,,,,,2024-06-03T07:26:23.447+02:00,2010,2010-01-01T00:00:00+01:00,2010-12-31T00:00:00+01:00
4192999,NTD_RAB2,COUNTRY,KNA,YEAR,AMR,Americas,,2019,,,,,,,,0,0.0,,,,2024-06-03T07:26:23.447+02:00,2019,2019-01-01T00:00:00+01:00,2019-12-31T00:00:00+01:00
4207252,NTD_RAB2,COUNTRY,GBR,YEAR,EUR,Europe,,2012,,,,,,,,1,1.0,,,,2024-06-03T07:26:23.447+02:00,2012,2012-01-01T00:00:00+01:00,2012-12-31T00:00:00+01:00
4208047,NTD_RAB2,COUNTRY,MLI,YEAR,AFR,Africa,,2010,,,,,,,,No data,,,,,2024-06-03T07:26:23.447+02:00,2010,2010-01-01T00:00:00+01:00,2010-12-31T00:00:00+01:00
4233709,NTD_RAB2,COUNTRY,AFG,YEAR,EMR,Eastern Mediterranean,,2012,,,,,,,,No data,,,,,2024-06-03T07:26:23.447+02:00,2012,2012-01-01T00:00:00+01:00,2012-12-31T00:00:00+01:00
4238775,NTD_RAB2,COUNTRY,CUB,YEAR,AMR,Americas,,2023,,,,,,,,1,1.0,,,,2025-09-09T13:40:51.93+02:00,2023,2023-01-01T00:00:00+01:00,2023-12-31T00:00:00+01:00
4240359,NTD_RAB2,COUNTRY,WSM,YEAR,WPR,Western Pacific,,2023,,,,,,,,No data,,,,,2025-09-09T13:40:51.93+02:00,2023,2023-01-01T00:00:00+01:00,2023-12-31T00:00:00+01:00
4258518,NTD_RAB2,COUNTRY,SLV,YEAR,AMR,Americas,,2010,,,,,,,,0,0.0,,,,2024-06-03T07:26:23.447+02:00,2010,2010-01-01T00:00:00+01:00,2010-12-31T00:00:00+01:00
4258808,NTD_RAB2,COUNTRY,EGY,YEAR,EMR,Eastern Mediterranean,,2022,,,,,,,,No data,,,,,2024-06-03T07:26:23.447+02:00,2022,2022-01-01T00:00:00+01:00,2022-12-31T00:00:00+01:00
4265932,NTD_RAB2,COUNTRY,UZB,YEAR,EUR,Europe,,2022,,,,,,,,No data,,,,,2024-06-03T07:26:23.447+02:00,2022,2022-01-01T00:00:00+01:00,2022-12-31T00:00:00+01:00
4271555,NTD_RAB2,COUNTRY,CHN,YEAR,WPR,Western Pacific,,2019,,,,,,,,290,290.0,,,,2025-09-09T13:40:51.93+02:00,2019,2019-01-01T00:00:00+01:00,2019-12-31T00:00:00+01:00
4287246,NTD_RAB2,COUNTRY,SSD,YEAR,AFR,Africa,,2011,,,,,,,,No data,,,,,2024-06-03T07:26:23.447+02:00,2011,2011-01-01T00:00:00+01:00,2011-12-31T00:00:00+01:00
4298230,NTD_RAB2,COUNTRY,KAZ,YEAR,EUR,Europe,,2022,,,,,,,,No data,,,,,2024-06-03T07:26:23.447+02:00,2022,2022-01-01T00:00:00+01:00,2022-12-31T00:00:00+01:00
4311891,NTD_RAB2,COUNTRY,ECU,YEAR,AMR,Americas,,2024,,,,,,,,0,0.0,,,,2026-07-15T14:04:38.643+02:00,2024,2024-01-01T00:00:00+01:00,2024-12-31T00:00:00+01:00
4319207,NTD_RAB2,COUNTRY,MLI,YEAR,AFR,Africa,,2019,,,,,,,,No data,,,,,2024-06-03T07:26:23.447+02:00,2019,2019-01-01T00:00:00+01:00,2019-12-31T00:00:00+01:00
4326449,NTD_RAB2,COUNTRY,PRT,YEAR,EUR,Europe,,2018,,,,,,,,0,0.0,,,,2024-06-03T07:26:23.447+02:00,2018,2018-01-01T00:00:00+01:00,2018-12-31T00:00:00+01:00
4326912,NTD_RAB2,COUNTRY,QAT,YEAR,EMR,Eastern Mediterranean,,2014,,,,,,,,No data,,,,,2024-06-03T07:26:23.447+02:00,2014,2014-01-01T00:00:00+01:00,2014-12-31T00:00:00+01:00
4333809,NTD_RAB2,COUNTRY,BWA,YEAR,AFR,Africa,,2013,,,,,,,,No data,,,,,2024-06-03T07:26:23.447+02:00,2013,2013-01-01T00:00:00+01:00,2013-12-31T00:00:00+01:00
4345002,NTD_RAB2,COUNTRY,LBN,YEAR,EMR,Eastern Mediterranean,,2011,,,,,,,,No data,,,,,2024-06-03T07:26:23.447+02:00,2011,2011-01-01T00:00:00+01:00,2011-12-31T00:00:00+01:00
4345130,NTD_RAB2,COUNTRY,LKA,YEAR,SEAR,South-East Asia,,2012,,,,,,,,38,38.0,,,,2024-06-03T07:26:23.447+02:00,2012,2012-01-01T00:00:00+01:00,2012-12-31T00:00:00+01:00
4346925,NTD_RAB2,COUNTRY,BFA,YEAR,AFR,Africa,,2015,,,,,,,,17,17.0,,,,2024-06-03T07:26:23.447+02:00,2015,2015-01-01T00:00:00+01:00,2015-12-31T00:00:00+01:00
4358005,NTD_RAB2,COUNTRY,TTO,YEAR,AMR,Americas,,2015,,,,,,,,0,0.0,,,,2024-06-03T07:26:23.447+02:00,2015,2015-01-01T00:00:00+01:00,2015-12-31T00:00:00+01:00
4358009,NTD_RAB2,COUNTRY,NIC,YEAR,AMR,Americas,,2013,,,,,,,,0,0.0,,,,2024-06-03T07:26:23.447+02:00,2013,2013-01-01T00:00:00+01:00,2013-12-31T00:00:00+01:00
4364043,NTD_RAB2,COUNTRY,SSD,YEAR,AFR,Africa,,2015,,,,,,,,No data,,,,,2024-06-03T07:26:23.447+02:00,2015,2015-01-01T00:00:00+01:00,2015-12-31T00:00:00+01:00
4365385,NTD_RAB2,COUNTRY,MRT,YEAR,AFR,Africa,,2017,,,,,,,,No data,,,,,2024-06-03T07:26:23.447+02:00,2017,2017-01-01T00:00:00+01:00,2017-12-31T00:00:00+01:00
4376874,NTD_RAB2,COUNTRY,HND,YEAR,AMR,Americas,,2024,,,,,,,,1,1.0,,,,2025-09-09T13:40:51.93+02:00,2024,2024-01-01T00:00:00+01:00,2024-12-31T00:00:00+01:00
4377510,NTD_RAB2,COUNTRY,MWI,YEAR,AFR,Africa,,2022,,,,,,,,No data,,,,,2024-06-03T07:26:23.447+02:00,2022,2022-01-01T00:00:00+01:00,2022-12-31T00:00:00+01:00
4383976,NTD_RAB2,COUNTRY,HRV,YEAR,EUR,Europe,,2013,,,,,,,,0,0.0,,,,2024-06-03T07:26:23.447+02:00,2013,2013-01-01T00:00:00+01:00,2013-12-31T00:00:00+01:00
4397819,NTD_RAB2,COUNTRY,MLT,YEAR,EUR,Europe,,2017,,,,,,,,0,0.0,,,,2025-09-09T13:40:51.93+02:00,2017,2017-01-01T00:00:00+01:00,2017-12-31T00:00:00+01:00
4405076,NTD_RAB2,COUNTRY,SEN,YEAR,AFR,Africa,,2010,,,,,,,,15,15.0,,,,2024-06-03T07:26:23.447+02:00,2010,2010-01-01T00:00:00+01:00,2010-12-31T00:00:00+01:00
4406341,NTD_RAB2,COUNTRY,TCD,YEAR,AFR,Africa,,2011,,,,,,,,No data,,,,,2024-06-03T07:26:23.447+02:00,2011,2011-01-01T00:00:00+01:00,2011-12-31T00:00:00+01:00
4410051,NTD_RAB2,COUNTRY,KEN,YEAR,AFR,Africa,,2024,,,,,,,,205,205.0,,,,2025-10-30T17:51:54.843+01:00,2024,2024-01-01T00:00:00+01:00,2024-12-31T00:00:00+01:00
4412745,NTD_RAB2,COUNTRY,SLB,YEAR,WPR,Western Pacific,,2012,,,,,,,,No data,,,,,2024-06-03T07:26:23.447+02:00,2012,2012-01-01T00:00:00+01:00,2012-12-31T00:00:00+01:00
4425141,NTD_RAB2,COUNTRY,NIU,YEAR,WPR,Western Pacific,,2018,,,,,,,,No data,,,,,2024-06-03T07:26:23.447+02:00,2018,2018-01-01T00:00:00+01:00,2018-12-31T00:00:00+01:00
4437294,NTD_RAB2,COUNTRY,ARE,YEAR,EMR,Eastern Mediterranean,,2020,,,,,,,,0,0.0,,,,2024-06-03T07:26:23.447+02:00,2020,2020-01-01T00:00:00+01:00,2020-12-31T00:00:00+01:00
4444336,NTD_RAB2,COUNTRY,SLB,YEAR,WPR,Western Pacific,,2011,,,,,,,,No data,,,,,2024-06-03T07:26:23.447+02:00,2011,2011-01-01T00:00:00+01:00,2011-12-31T00:00:00+01:00
4457962,NTD_RAB2,COUNTRY,JOR,YEAR,EMR,Eastern Mediterranean,,2024,,,,,,,,0,0.0,,,,2026-07-15T14:04:38.643+02:00,2024,2024-01-01T00:00:00+01:00,2024-12-31T00:00:00+01:00
4471306,NTD_RAB2,COUNTRY,CHN,YEAR,WPR,Western Pacific,,2015,,,,,,,,801,801.0,,,,2024-06-03T07:26:23.447+02:00,2015,2015-01-01T00:00:00+01:00,2015-12-31T00:00:00+01:00
4476749,NTD_RAB2,COUNTRY,VEN,YEAR,AMR,Americas,,2013,,,,,,,,0,0.0,,,,2024-06-03T07:26:23.447+02:00,2013,2013-01-01T00:00:00+01:00,2013-12-31T00:00:00+01:00
4483207,NTD_RAB2,COUNTRY,MMR,YEAR,SEAR,South-East Asia,,2018,,,,,,,,71,71.0,,,,2024-06-03T07:26:23.447+02:00,2018,2018-01-01T00:00:00+01:00,2018-12-31T00:00:00+01:00
4484566,NTD_RAB2,COUNTRY,LKA,YEAR,SEAR,South-East Asia,,2015,,,,,,,,28,28.0,,,,2024-06-03T07:26:23.447+02:00,2015,2015-01-01T00:00:00+01:00,2015-12-31T00:00:00+01:00
4484586,NTD_RAB2,COUNTRY,ZAF,YEAR,AFR,Africa,,2013,,,,,,,,12,12.0,,,,2024-06-03T07:26:23.447+02:00,2013,2013-01-01T00:00:00+01:00,2013-12-31T00:00:00+01:00
4491178,NTD_RAB2,COUNTRY,MNE,YEAR,EUR,Europe,,2024,,,,,,,,No data,,,,,2025-09-09T13:40:51.93+02:00,2024,2024-01-01T00:00:00+01:00,2024-12-31T00:00:00+01:00
4502561,NTD_RAB2,COUNTRY,MNG,YEAR,WPR,Western Pacific,,2016,,,,,,,,0,0.0,,,,2024-06-03T07:26:23.447+02:00,2016,2016-01-01T00:00:00+01:00,2016-12-31T00:00:00+01:00
4504541,NTD_RAB2,COUNTRY,PNG,YEAR,WPR,Western Pacific,,2020,,,,,,,,No data,,,,,2024-06-03T07:26:23.447+02:00,2020,2020-01-01T00:00:00+01:00,2020-12-31T00:00:00+01:00
4505080,NTD_RAB2,COUNTRY,LKA,YEAR,SEAR,South-East Asia,,2021,,,,,,,,25,25.0,,,,2024-06-03T07:26:23.447+02:00,2021,2021-01-01T00:00:00+01:00,2021-12-31T00:00:00+01:00
4509171,NTD_RAB2,COUNTRY,NPL,YEAR,SEAR,South-East Asia,,2014,,,,,,,,No data,,,,,2024-06-03T07:26:23.447+02:00,2014,2014-01-01T00:00:00+01:00,2014-12-31T00:00:00+01:00
4511748,NTD_RAB2,COUNTRY,BHR,YEAR,EMR,Eastern Mediterranean,,2016,,,,,,,,0,0.0,,,,2024-06-03T07:26:23.447+02:00,2016,2016-01-01T00:00:00+01:00,2016-12-31T00:00:00+01:00
4517253,NTD_RAB2,COUNTRY,SLE,YEAR,AFR,Africa,,2015,,,,,,,,8,8.0,,,,2024-06-03T07:26:23.447+02:00,2015,2015-01-01T00:00:00+01:00,2015-12-31T00:00:00+01:00
4529151,NTD_RAB2,COUNTRY,ZWE,YEAR,AFR,Africa,,2015,,,,,,,,2,2.0,,,,2024-06-03T07:26:23.447+02:00,2015,2015-01-01T00:00:00+01:00,2015-12-31T00:00:00+01:00
4537537,NTD_RAB2,COUNTRY,CAN,YEAR,AMR,Americas,,2023,,,,,,,,0,0.0,,,,2026-07-15T14:04:38.643+02:00,2023,2023-01-01T00:00:00+01:00,2023-12-31T00:00:00+01:00
4543629,NTD_RAB2,COUNTRY,CPV,YEAR,AFR,Africa,,2021,,,,,,,,No data,,,,,2024-06-03T07:26:23.447+02:00,2021,2021-01-01T00:00:00+01:00,2021-12-31T00:00:00+01:00
4543699,NTD_RAB2,COUNTRY,AND,YEAR,EUR,Europe,,2017,,,,,,,,No data,,,,,2024-06-03T07:26:23.447+02:00,2017,2017-01-01T00:00:00+01:00,2017-12-31T00:00:00+01:00
4556743,NTD_RAB2,COUNTRY,BRN,YEAR,WPR,Western Pacific,,2015,,,,,,,,No data,,,,,2024-06-03T07:26:23.447+02:00,2015,2015-01-01T00:00:00+01:00,2015-12-31T00:00:00+01:00
4556815,NTD_RAB2,COUNTRY,MUS,YEAR,AFR,Africa,,2013,,,,,,,,0,0.0,,,,2024-06-03T07:26:23.447+02:00,2013,2013-01-01T00:00:00+01:00,2013-12-31T00:00:00+01:00
4563173,NTD_RAB2,COUNTRY,BHS,YEAR,AMR,Americas,,2014,,,,,,,,0,0.0,,,,2024-06-03T07:26:23.447+02:00,2014,2014-01-01T00:00:00+01:00,2014-12-31T00:00:00+01:00
4571119,NTD_RAB2,COUNTRY,GIN,YEAR,AFR,Africa,,2011,,,,,,,,No data,,,,,2024-06-03T07:26:23.447+02:00,2011,2011-01-01T00:00:00+01:00,2011-12-31T00:00:00+01:00
4584381,NTD_RAB2,COUNTRY,BLZ,YEAR,AMR,Americas,,2012,,,,,,,,0,0.0,,,,2024-06-03T07:26:23.447+02:00,2012,2012-01-01T00:00:00+01:00,2012-12-31T00:00:00+01:00
4590507,NTD_RAB2,COUNTRY,AUT,YEAR,EUR,Europe,,2021,,,,,,,,0,0.0,,,,2024-06-03T07:26:23.447+02:00,2021,2021-01-01T00:00:00+01:00,2021-12-31T00:00:00+01:00
4597723,NTD_RAB2,COUNTRY,ZWE,YEAR,AFR,Africa,,2021,,,,,,,,No data,,,,,2024-06-03T07:26:23.447+02:00,2021,2021-01-01T00:00:00+01:00,2021-12-31T00:00:00+01:00
4609028,NTD_RAB2,COUNTRY,CZE,YEAR,EUR,Europe,,2015,,,,,,,,0,0.0,,,,2024-06-03T07:26:23.447+02:00,2015,2015-01-01T00:00:00+01:00,2015-12-31T00:00:00+01:00
4615812,NTD_RAB2,COUNTRY,MLI,YEAR,AFR,Africa,,2011,,,,,,,,No data,,,,,2024-06-03T07:26:23.447+02:00,2011,2011-01-01T00:00:00+01:00,2011-12-31T00:00:00+01:00
4628057,NTD_RAB2,COUNTRY,EST,YEAR,EUR,Europe,,2018,,,,,,,,0,0.0,,,,2024-06-03T07:26:23.447+02:00,2018,2018-01-01T00:00:00+01:00,2018-12-31T00:00:00+01:00
4628560,NTD_RAB2,COUNTRY,GHA,YEAR,AFR,Africa,,2011,,,,,,,,No data,,,,,2024-06-03T07:26:23.447+02:00,2011,2011-01-01T00:00:00+01:00,2011-12-31T00:00:00+01:00
4641692,NTD_RAB2,COUNTRY,AFG,YEAR,EMR,Eastern Mediterranean,,2017,,,,,,,,No data,,,,,2024-06-03T07:26:23.447+02:00,2017,2017-01-01T00:00:00+01:00,2017-12-31T00:00:00+01:00
4649170,NTD_RAB2,COUNTRY,TCD,YEAR,AFR,Africa,,2024,,,,,,,,No data,,,,,2025-09-09T13:40:51.93+02:00,2024,2024-01-01T00:00:00+01:00,2024-12-31T00:00:00+01:00
4654915,NTD_RAB2,COUNTRY,POL,YEAR,EUR,Europe,,2011,,,,,,,,0,0.0,,,,2024-06-03T07:26:23.447+02:00,2011,2011-01-01T00:00:00+01:00,2011-12-31T00:00:00+01:00
4655597,NTD_RAB2,COUNTRY,MDV,YEAR,SEAR,South-East Asia,,2023,,,,,,,,No data,,,,,2025-09-09T13:40:51.93+02:00,2023,2023-01-01T00:00:00+01:00,2023-12-31T00:00:00+01:00
4660700,NTD_RAB2,COUNTRY,SWE,YEAR,EUR,Europe,,2021,,,,,,,,No data,,,,,2024-06-03T07:26:23.447+02:00,2021,2021-01-01T00:00:00+01:00,2021-12-31T00:00:00+01:00
4669484,NTD_RAB2,COUNTRY,MYS,YEAR,WPR,Western Pacific,,2021,,,,,,,,10,10.0,,,,2024-06-03T07:26:23.447+02:00,2021,2021-01-01T00:00:00+01:00,2021-12-31T00:00:00+01:00
4674140,NTD_RAB2,COUNTRY,CUB,YEAR,AMR,Americas,,2011,,,,,,,,0,0.0,,,,2024-06-03T07:26:23.447+02:00,2011,2011-01-01T00:00:00+01:00,2011-12-31T00:00:00+01:00
4675287,NTD_RAB2,COUNTRY,LAO,YEAR,WPR,Western Pacific,,2023,,,,,,,,4,4.0,,,,2025-09-09T13:40:51.93+02:00,2023,2023-01-01T00:00:00+01:00,2023-12-31T00:00:00+01:00
4675911,NTD_RAB2,COUNTRY,JAM,YEAR,AMR,Americas,,2018,,,,,,,,0,0.0,,,,2024-06-03T07:26:23.447+02:00,2018,2018-01-01T00:00:00+01:00,2018-12-31T00:00:00+01:00
4680564,NTD_RAB2,COUNTRY,EST,YEAR,EUR,Europe,,2024,,,,,,,,No data,,,,,2025-09-09T13:40:51.93+02:00,2024,2024-01-01T00:00:00+01:00,2024-12-31T00:00:00+01:00
4681303,NTD_RAB2,COUNTRY,DNK,YEAR,EUR,Europe,,2024,,,,,,,,No data,,,,,2025-09-09T13:40:51.93+02:00,2024,2024-01-01T00:00:00+01:00,2024-12-31T00:00:00+01:00
4682996,NTD_RAB2,COUNTRY,SLB,YEAR,WPR,Western Pacific,,2013,,,,,,,,No data,,,,,2024-06-03T07:26:23.447+02:00,2013,2013-01-01T00:00:00+01:00,2013-12-31T00:00:00+01:00
4700104,NTD_RAB2,COUNTRY,PHL,YEAR,WPR,Western Pacific,,2014,,,,,,,,236,236.0,,,,2024-06-03T07:26:23.447+02:00,2014,2014-01-01T00:00:00+01:00,2014-12-31T00:00:00+01:00
4700534,NTD_RAB2,COUNTRY,HND,YEAR,AMR,Americas,,2011,,,,,,,,0,0.0,,,,2024-06-03T07:26:23.447+02:00,2011,2011-01-01T00:00:00+01:00,2011-12-31T00:00:00+01:00
4700577,NTD_RAB2,COUNTRY,UGA,YEAR,AFR,Africa,,2010,,,,,,,,45,45.0,,,,2024-06-03T07:26:23.447+02:00,2010,2010-01-01T00:00:00+01:00,2010-12-31T00:00:00+01:00
4700677,NTD_RAB2,COUNTRY,MNG,YEAR,WPR,Western Pacific,,2023,,,,,,,,No data,,,,,2025-09-09T13:40:51.93+02:00,2023,2023-01-01T00:00:00+01:00,2023-12-31T00:00:00+01:00
4701844,NTD_RAB2,COUNTRY,SLB,YEAR,WPR,Western Pacific,,2014,,,,,,,,No data,,,,,2024-06-03T07:26:23.447+02:00,2014,2014-01-01T00:00:00+01:00,2014-12-31T00:00:00+01:00
4702640,NTD_RAB2,COUNTRY,YEM,YEAR,EMR,Eastern Mediterranean,,2020,,,,,,,,17,17.0,,,,2024-06-03T07:26:23.447+02:00,2020,2020-01-01T00:00:00+01:00,2020-12-31T00:00:00+01:00
4709383,NTD_RAB2,COUNTRY,SOM,YEAR,EMR,Eastern Mediterranean,,2011,,,,,,,,No data,,,,,2024-06-03T07:26:23.447+02:00,2011,2011-01-01T00:00:00+01:00,2011-12-31T00:00:00+01:00
4722912,NTD_RAB2,COUNTRY,NRU,YEAR,WPR,Western Pacific,,2016,,,,,,,,No data,,,,,2024-06-03T07:26:23.447+02:00,2016,2016-01-01T00:00:00+01:00,2016-12-31T00:00:00+01:00
4734558,NTD_RAB2,COUNTRY,MCO,YEAR,EUR,Europe,,2022,,,,,,,,No data,,,,,2024-06-03T07:26:23.447+02:00,2022,2022-01-01T00:00:00+01:00,2022-12-31T00:00:00+01:00
4747133,NTD_RAB2,COUNTRY,ESP,YEAR,EUR,Europe,,2010,,,,,,,,0,0.0,,,,2024-06-03T07:26:23.447+02:00,2010,2010-01-01T00:00:00+01:00,2010-12-31T00:00:00+01:00
4754986,NTD_RAB2,COUNTRY,CAF,YEAR,AFR,Africa,,2017,,,,,,,,No data,,,,,2024-06-03T07:26:23.447+02:00,2017,2017-01-01T00:00:00+01:00,2017-12-31T00:00:00+01:00
4781239,NTD_RAB2,COUNTRY,MMR,YEAR,SEAR,South-East Asia,,2023,,,,,,,,53,53.0,,,,2025-09-09T13:40:51.93+02:00,2023,2023-01-01T00:00:00+01:00,2023-12-31T00:00:00+01:00
4787989,NTD_RAB2,COUNTRY,BRA,YEAR,AMR,Americas,,2024,,,,,,,,2,2.0,,,,2025-09-09T13:40:51.93+02:00,2024,2024-01-01T00:00:00+01:00,2024-12-31T00:00:00+01:00
4799872,NTD_RAB2,COUNTRY,RWA,YEAR,AFR,Africa,,2021,,,,,,,,No data,,,,,2024-06-03T07:26:23.447+02:00,2021,2021-01-01T00:00:00+01:00,2021-12-31T00:00:00+01:00
4800207,NTD_RAB2,COUNTRY,UKR,YEAR,EUR,Europe,,2013,,,,,,,,No data,,,,,2024-06-03T07:26:23.447+02:00,2013,2013-01-01T00:00:00+01:00,2013-12-31T00:00:00+01:00
4819274,NTD_RAB2,COUNTRY,GBR,YEAR,EUR,Europe,,2023,,,,,,,,No data,,,,,2025-09-09T13:40:51.93+02:00,2023,2023-01-01T00:00:00+01:00,2023-12-31T00:00:00+01:00
4825596,NTD_RAB2,COUNTRY,TLS,YEAR,SEAR,South-East Asia,,2014,,,,,,,,No data,,,,,2024-06-03T07:26:23.447+02:00,2014,2014-01-01T00:00:00+01:00,2014-12-31T00:00:00+01:00
4828119,NTD_RAB2,COUNTRY,BHR,YEAR,EMR,Eastern Mediterranean,,2013,,,,,,,,0,0.0,,,,2024-06-03T07:26:23.447+02:00,2013,2013-01-01T00:00:00+01:00,2013-12-31T00:00:00+01:00
4853264,NTD_RAB2,COUNTRY,SLE,YEAR,AFR,Africa,,2019,,,,,,,,10,10.0,,,,2024-06-03T07:26:23.447+02:00,2019,2019-01-01T00:00:00+01:00,2019-12-31T00:00:00+01:00
4859641,NTD_RAB2,COUNTRY,HUN,YEAR,EUR,Europe,,2017,,,,,,,,0,0.0,,,,2024-06-03T07:26:23.447+02:00,2017,2017-01-01T00:00:00+01:00,2017-12-31T00:00:00+01:00
4859658,NTD_RAB2,COUNTRY,LCA,YEAR,AMR,Americas,,2017,,,,,,,,0,0.0,,,,2024-06-03T07:26:23.447+02:00,2017,2017-01-01T00:00:00+01:00,2017-12-31T00:00:00+01:00
4861112,NTD_RAB2,COUNTRY,ERI,YEAR,AFR,Africa,,2021,,,,,,,,No data,,,,,2024-06-03T07:26:23.447+02:00,2021,2021-01-01T00:00:00+01:00,2021-12-31T00:00:00+01:00
4865560,NTD_RAB2,COUNTRY,KAZ,YEAR,EUR,Europe,,2013,,,,,,,,6,6.0,,,,2024-06-03T07:26:23.447+02:00,2013,2013-01-01T00:00:00+01:00,2013-12-31T00:00:00+01:00
4866402,NTD_RAB2,COUNTRY,LVA,YEAR,EUR,Europe,,2015,,,,,,,,0,0.0,,,,2024-06-03T07:26:23.447+02:00,2015,2015-01-01T00:00:00+01:00,2015-12-31T00:00:00+01:00
4866411,NTD_RAB2,COUNTRY,MKD,YEAR,EUR,Europe,,2015,,,,,,,,0,0.0,,,,2024-06-03T07:26:23.447+02:00,2015,2015-01-01T00:00:00+01:00,2015-12-31T00:00:00+01:00
4871818,NTD_RAB2,COUNTRY,IRQ,YEAR,EMR,Eastern Mediterranean,,2024,,,,,,,,15,15.0,,,,2026-07-15T14:04:38.643+02:00,2024,2024-01-01T00:00:00+01:00,2024-12-31T00:00:00+01:00
4873888,NTD_RAB2,COUNTRY,JPN,YEAR,WPR,Western Pacific,,2015,,,,,,,,No data,,,,,2024-06-03T07:26:23.447+02:00,2015,2015-01-01T00:00:00+01:00,2015-12-31T00:00:00+01:00
4878943,NTD_RAB2,COUNTRY,LKA,YEAR,SEAR,South-East Asia,,2020,,,,,,,,31,31.0,,,,2024-06-03T07:26:23.447+02:00,2020,2020-01-01T00:00:00+01:00,2020-12-31T00:00:00+01:00
4879786,NTD_RAB2,COUNTRY,FJI,YEAR,WPR,Western Pacific,,2015,,,,,,,,No data,,,,,2024-06-03T07:26:23.447+02:00,2015,2015-01-01T00:00:00+01:00,2015-12-31T00:00:00+01:00
4892784,NTD_RAB2,COUNTRY,SAU,YEAR,EMR,Eastern Mediterranean,,2012,,,,,,,,0,0.0,,,,2024-06-03T07:26:23.447+02:00,2012,2012-01-01T00:00:00+01:00,2012-12-31T00:00:00+01:00
4898253,NTD_RAB2,COUNTRY,MAR,YEAR,EMR,Eastern Mediterranean,,2013,,,,,,,,24,24.0,,,,2024-06-03T07:26:23.447+02:00,2013,2013-01-01T00:00:00+01:00,2013-12-31T00:00:00+01:00
4900335,NTD_RAB2,COUNTRY,SOM,YEAR,EMR,Eastern Mediterranean,,2015,,,,,,,,3,3.0,,,,2024-06-03T07:26:23.447+02:00,2015,2015-01-01T00:00:00+01:00,2015-12-31T00:00:00+01:00
4906037,NTD_RAB2,COUNTRY,UKR,YEAR,EUR,Europe,,2011,,,,,,,,4,4.0,,,,2024-06-03T07:26:23.447+02:00,2011,2011-01-01T00:00:00+01:00,2011-12-31T00:00:00+01:00
4925880,NTD_RAB2,COUNTRY,DNK,YEAR,EUR,Europe,,2013,,,,,,,,No data,,,,,2024-06-03T07:26:23.447+02:00,2013,2013-01-01T00:00:00+01:00,2013-12-31T00:00:00+01:00
4932870,NTD_RAB2,COUNTRY,MMR,YEAR,SEAR,South-East Asia,,2017,,,,,,,,6,6.0,,,,2024-06-03T07:26:23.447+02:00,2017,2017-01-01T00:00:00+01:00,2017-12-31T00:00:00+01:00
4978574,NTD_RAB2,COUNTRY,CHL,YEAR,AMR,Americas,,2017,,,,,,,,0,0.0,,,,2024-06-03T07:26:23.447+02:00,2017,2017-01-01T00:00:00+01:00,2017-12-31T00:00:00+01:00
4997875,NTD_RAB2,COUNTRY,BRN,YEAR,WPR,Western Pacific,,2016,,,,,,,,No data,,,,,2024-06-03T07:26:23.447+02:00,2016,2016-01-01T00:00:00+01:00,2016-12-31T00:00:00+01:00
5004111,NTD_RAB2,COUNTRY,AUS,YEAR,WPR,Western Pacific,,2018,,,,,,,,No data,,,,,2024-06-03T07:26:23.447+02:00,2018,2018-01-01T00:00:00+01:00,2018-12-31T00:00:00+01:00
5025902,NTD_RAB2,COUNTRY,WSM,YEAR,WPR,Western Pacific,,2012,,,,,,,,No data,,,,,2024-06-03T07:26:23.447+02:00,2012,2012-01-01T00:00:00+01:00,2012-12-31T00:00:00+01:00
5031949,NTD_RAB2,COUNTRY,BHR,YEAR,EMR,Eastern Mediterranean,,2014,,,,,,,,0,0.0,,,,2024-06-03T07:26:23.447+02:00,2014,2014-01-01T00:00:00+01:00,2014-12-31T00:00:00+01:00
5037155,NTD_RAB2,COUNTRY,CYP,YEAR,EUR,Europe,,2012,,,,,,,,0,0.0,,,,2024-06-03T07:26:23.447+02:00,2012,2012-01-01T00:00:00+01:00,2012-12-31T00:00:00+01:00
5044614,NTD_RAB2,COUNTRY,SDN,YEAR,EMR,Eastern Mediterranean,,2018,,,,,,,,No data,,,,,2024-06-03T07:26:23.447+02:00,2018,2018-01-01T00:00:00+01:00,2018-12-31T00:00:00+01:00
5056350,NTD_RAB2,COUNTRY,DEU,YEAR,EUR,Europe,,2019,,,,,,,,0,0.0,,,,2024-06-03T07:26:23.447+02:00,2019,2019-01-01T00:00:00+01:00,2019-12-31T00:00:00+01:00
5065618,NTD_RAB2,COUNTRY,NGA,YEAR,AFR,Africa,,2010,,,,,,,,No data,,,,,2024-06-03T07:26:23.447+02:00,2010,2010-01-01T00:00:00+01:00,2010-12-31T00:00:00+01:00
5065619,NTD_RAB2,COUNTRY,ALB,YEAR,EUR,Europe,,2017,,,,,,,,0,0.0,,,,2024-06-03T07:26:23.447+02:00,2017,2017-01-01T00:00:00+01:00,2017-12-31T00:00:00+01:00
5071249,NTD_RAB2,COUNTRY,LCA,YEAR,AMR,Americas,,2016,,,,,,,,0,0.0,,,,2024-06-03T07:26:23.447+02:00,2016,2016-01-01T00:00:00+01:00,2016-12-31T00:00:00+01:00
5077355,NTD_RAB2,COUNTRY,GEO,YEAR,EUR,Europe,,2021,,,,,,,,1,1.0,,,,2024-06-03T07:26:23.447+02:00,2021,2021-01-01T00:00:00+01:00,2021-12-31T00:00:00+01:00
5096059,NTD_RAB2,COUNTRY,NPL,YEAR,SEAR,South-East Asia,,2011,,,,,,,,No data,,,,,2024-06-03T07:26:23.447+02:00,2011,2011-01-01T00:00:00+01:00,2011-12-31T00:00:00+01:00
5097923,NTD_RAB2,COUNTRY,DZA,YEAR,AFR,Africa,,2018,,,,,,,,22,22.0,,,,2024-06-03T07:26:23.447+02:00,2018,2018-01-01T00:00:00+01:00,2018-12-31T00:00:00+01:00
5105135,NTD_RAB2,COUNTRY,CPV,YEAR,AFR,Africa,,2014,,,,,,,,No data,,,,,2024-06-03T07:26:23.447+02:00,2014,2014-01-01T00:00:00+01:00,2014-12-31T00:00:00+01:00
5116593,NTD_RAB2,COUNTRY,MRT,YEAR,AFR,Africa,,2021,,,,,,,,No data,,,,,2024-06-03T07:26:23.447+02:00,2021,2021-01-01T00:00:00+01:00,2021-12-31T00:00:00+01:00
5117225,NTD_RAB2,COUNTRY,KNA,YEAR,AMR,Americas,,2014,,,,,,,,0,0.0,,,,2024-06-03T07:26:23.447+02:00,2014,2014-01-01T00:00:00+01:00,2014-12-31T00:00:00+01:00
5125452,NTD_RAB2,COUNTRY,USA,YEAR,AMR,Americas,,2018,,,,,,,,No data,,,,,2024-06-03T07:26:23.447+02:00,2018,2018-01-01T00:00:00+01:00,2018-12-31T00:00:00+01:00
5131772,NTD_RAB2,COUNTRY,BDI,YEAR,AFR,Africa,,2016,,,,,,,,No data,,,,,2024-06-03T07:26:23.447+02:00,2016,2016-01-01T00:00:00+01:00,2016-12-31T00:00:00+01:00
5138606,NTD_RAB2,COUNTRY,TLS,YEAR,SEAR,South-East Asia,,2020,,,,,,,,0,0.0,,,,2024-06-03T07:26:23.447+02:00,2020,2020-01-01T00:00:00+01:00,2020-12-31T00:00:00+01:00
5142454,NTD_RAB2,COUNTRY,DMA,YEAR,AMR,Americas,,2015,,,,,,,,0,0.0,,,,2024-06-03T07:26:23.447+02:00,2015,2015-01-01T00:00:00+01:00,2015-12-31T00:00:00+01:00
5156431,NTD_RAB2,COUNTRY,UZB,YEAR,EUR,Europe,,2014,,,,,,,,No data,,,,,2024-06-03T07:26:23.447+02:00,2014,2014-01-01T00:00:00+01:00,2014-12-31T00:00:00+01:00
5169222,NTD_RAB2,COUNTRY,HND,YEAR,AMR,Americas,,2014,,,,,,,,0,0.0,,,,2024-06-03T07:26:23.447+02:00,2014,2014-01-01T00:00:00+01:00,2014-12-31T00:00:00+01:00
5178199,NTD_RAB2,COUNTRY,FRA,YEAR,EUR,Europe,,2011,,,,,,,,0,0.0,,,,2024-06-03T07:26:23.447+02:00,2011,2011-01-01T00:00:00+01:00,2011-12-31T00:00:00+01:00
5182030,NTD_RAB2,COUNTRY,CHL,YEAR,AMR,Americas,,2015,,,,,,,,0,0.0,,,,2024-06-03T07:26:23.447+02:00,2015,2015-01-01T00:00:00+01:00,2015-12-31T00:00:00+01:00
5184628,NTD_RAB2,COUNTRY,UKR,YEAR,EUR,Europe,,2018,,,,,,,,0,0.0,,,,2024-06-03T07:26:23.447+02:00,2018,2018-01-01T00:00:00+01:00,2018-12-31T00:00:00+01:00
5189480,NTD_RAB2,COUNTRY,SVN,YEAR,EUR,Europe,,2019,,,,,,,,0,0.0,,,,2024-06-03T07:26:23.447+02:00,2019,2019-01-01T00:00:00+01:00,2019-12-31T00:00:00+01:00
5195089,NTD_RAB2,COUNTRY,VUT,YEAR,WPR,Western Pacific,,2020,,,,,,,,No data,,,,,2024-06-03T07:26:23.447+02:00,2020,2020-01-01T00:00:00+01:00,2020-12-31T00:00:00+01:00
5203214,NTD_RAB2,COUNTRY,ETH,YEAR,AFR,Africa,,2023,,,,,,,,83,83.0,,,,2025-09-09T13:40:51.93+02:00,2023,2023-01-01T00:00:00+01:00,2023-12-31T00:00:00+01:00
5203236,NTD_RAB2,COUNTRY,SWZ,YEAR,AFR,Africa,,2023,,,,,,,,No data,,,,,2025-09-09T13:40:51.93+02:00,2023,2023-01-01T00:00:00+01:00,2023-12-31T00:00:00+01:00
5215572,NTD_RAB2,COUNTRY,SRB,YEAR,EUR,Europe,,2020,,,,,,,,0,0.0,,,,2024-06-03T07:26:23.447+02:00,2020,2020-01-01T00:00:00+01:00,2020-12-31T00:00:00+01:00
5215629,NTD_RAB2,COUNTRY,SLE,YEAR,AFR,Africa,,2024,,,,,,,,2,2.0,,,,2025-10-30T17:51:54.843+01:00,2024,2024-01-01T00:00:00+01:00,2024-12-31T00:00:00+01:00
5222317,NTD_RAB2,COUNTRY,ZMB,YEAR,AFR,Africa,,2023,,,,,,,,No data,,,,,2025-09-09T13:40:51.93+02:00,2023,2023-01-01T00:00:00+01:00,2023-12-31T00:00:00+01:00
5224036,NTD_RAB2,COUNTRY,NRU,YEAR,WPR,Western Pacific,,2022,,,,,,,,No data,,,,,2024-06-03T07:26:23.447+02:00,2022,2022-01-01T00:00:00+01:00,2022-12-31T00:00:00+01:00
5237265,NTD_RAB2,COUNTRY,GIN,YEAR,AFR,Africa,,2012,,,,,,,,No data,,,,,2024-06-03T07:26:23.447+02:00,2012,2012-01-01T00:00:00+01:00,2012-12-31T00:00:00+01:00
5237418,NTD_RAB2,COUNTRY,MCO,YEAR,EUR,Europe,,2024,,,,,,,,No data,,,,,2025-09-09T13:40:51.93+02:00,2024,2024-01-01T00:00:00+01:00,2024-12-31T00:00:00+01:00
5248898,NTD_RAB2,COUNTRY,NPL,YEAR,SEAR,South-East Asia,,2015,,,,,,,,13,13.0,,,,2024-06-03T07:26:23.447+02:00,2015,2015-01-01T00:00:00+01:00,2015-12-31T00:00:00+01:00
5256637,NTD_RAB2,COUNTRY,TON,YEAR,WPR,Western Pacific,,2010,,,,,,,,No data,,,,,2024-06-03T07:26:23.447+02:00,2010,2010-01-01T00:00:00+01:00,2010-12-31T00:00:00+01:00
5262219,NTD_RAB2,COUNTRY,NPL,YEAR,SEAR,South-East Asia,,2020,,,,,,,,15,15.0,,,,2024-06-03T07:26:23.447+02:00,2020,2020-01-01T00:00:00+01:00,2020-12-31T00:00:00+01:00
5263729,NTD_RAB2,COUNTRY,SRB,YEAR,EUR,Europe,,2022,,,,,,,,0,0.0,,,,2024-06-03T07:26:23.447+02:00,2022,2022-01-01T00:00:00+01:00,2022-12-31T00:00:00+01:00
5269125,NTD_RAB2,COUNTRY,BGD,YEAR,SEAR,South-East Asia,,2015,,,,,,,,83,83.0,,,,2024-06-03T07:26:23.447+02:00,2015,2015-01-01T00:00:00+01:00,2015-12-31T00:00:00+01:00
5274943,NTD_RAB2,COUNTRY,NGA,YEAR,AFR,Africa,,2019,,,,,,,,No data,,,,,2024-06-03T07:26:23.447+02:00,2019,2019-01-01T00:00:00+01:00,2019-12-31T00:00:00+01:00
5275451,NTD_RAB2,COUNTRY,BHS,YEAR,AMR,Americas,,2019,,,,,,,,0,0.0,,,,2024-06-03T07:26:23.447+02:00,2019,2019-01-01T00:00:00+01:00,2019-12-31T00:00:00+01:00
5276454,NTD_RAB2,COUNTRY,ROU,YEAR,EUR,Europe,,2012,,,,,,,,1,1.0,,,,2024-06-03T07:26:23.447+02:00,2012,2012-01-01T00:00:00+01:00,2012-12-31T00:00:00+01:00
5287305,NTD_RAB2,COUNTRY,LBN,YEAR,EMR,Eastern Mediterranean,,2015,,,,,,,,2,2.0,,,,2024-06-03T07:26:23.447+02:00,2015,2015-01-01T00:00:00+01:00,2015-12-31T00:00:00+01:00
5294110,NTD_RAB2,COUNTRY,PLW,YEAR,WPR,Western Pacific,,2013,,,,,,,,No data,,,,,2024-06-03T07:26:23.447+02:00,2013,2013-01-01T00:00:00+01:00,2013-12-31T00:00:00+01:00
5294543,NTD_RAB2,COUNTRY,MAR,YEAR,EMR,Eastern Mediterranean,,2021,,,,,,,,20,20.0,,,,2024-06-03T07:26:23.447+02:00,2021,2021-01-01T00:00:00+01:00,2021-12-31T00:00:00+01:00
5296427,NTD_RAB2,COUNTRY,WSM,YEAR,WPR,Western Pacific,,2024,,,,,,,,No data,,,,,2025-09-09T13:40:51.93+02:00,2024,2024-01-01T00:00:00+01:00,2024-12-31T00:00:00+01:00
5301536,NTD_RAB2,COUNTRY,KOR,YEAR,WPR,Western Pacific,,2014,,,,,,,,No data,,,,,2024-06-03T07:26:23.447+02:00,2014,2014-01-01T00:00:00+01:00,2014-12-31T00:00:00+01:00
5320412,NTD_RAB2,COUNTRY,ZAF,YEAR,AFR,Africa,,2021,,,,,,,,19,19.0,,,,2024-06-03T07:26:23.447+02:00,2021,2021-01-01T00:00:00+01:00,2021-12-31T00:00:00+01:00
5322964,NTD_RAB2,COUNTRY,PLW,YEAR,WPR,Western Pacific,,2019,,,,,,,,No data,,,,,2024-06-03T07:26:23.447+02:00,2019,2019-01-01T00:00:00+01:00,2019-12-31T00:00:00+01:00
5340664,NTD_RAB2,COUNTRY,EST,YEAR,EUR,Europe,,2014,,,,,,,,0,0.0,,,,2024-06-03T07:26:23.447+02:00,2014,2014-01-01T00:00:00+01:00,2014-12-31T00:00:00+01:00
5341085,NTD_RAB2,COUNTRY,IRN,YEAR,EMR,Eastern Mediterranean,,2014,,,,,,,,4,4.0,,,,2024-06-03T07:26:23.447+02:00,2014,2014-01-01T00:00:00+01:00,2014-12-31T00:00:00+01:00
5342853,NTD_RAB2,COUNTRY,CIV,YEAR,AFR,Africa,,2021,,,,,,,,15,15.0,,,,2024-06-03T07:26:23.447+02:00,2021,2021-01-01T00:00:00+01:00,2021-12-31T00:00:00+01:00
5355607,NTD_RAB2,COUNTRY,GUY,YEAR,AMR,Americas,,2024,,,,,,,,0,0.0,,,,2026-07-15T14:04:38.643+02:00,2024,2024-01-01T00:00:00+01:00,2024-12-31T00:00:00+01:00
5356448,NTD_RAB2,COUNTRY,GBR,YEAR,EUR,Europe,,2019,,,,,,,,0,0.0,,,,2024-06-03T07:26:23.447+02:00,2019,2019-01-01T00:00:00+01:00,2019-12-31T00:00:00+01:00
5360459,NTD_RAB2,COUNTRY,MLT,YEAR,EUR,Europe,,2022,,,,,,,,0,0.0,,,,2025-09-09T13:40:51.93+02:00,2022,2022-01-01T00:00:00+01:00,2022-12-31T00:00:00+01:00
5381540,NTD_RAB2,COUNTRY,GUY,YEAR,AMR,Americas,,2014,,,,,,,,No data,,,,,2024-06-03T07:26:23.447+02:00,2014,2014-01-01T00:00:00+01:00,2014-12-31T00:00:00+01:00
5381542,NTD_RAB2,COUNTRY,BGR,YEAR,EUR,Europe,,2021,,,,,,,,0,0.0,,,,2025-09-09T13:40:51.93+02:00,2021,2021-01-01T00:00:00+01:00,2021-12-31T00:00:00+01:00
5394498,NTD_RAB2,COUNTRY,LAO,YEAR,WPR,Western Pacific,,2021,,,,,,,,12,12.0,,,,2024-06-03T07:26:23.447+02:00,2021,2021-01-01T00:00:00+01:00,2021-12-31T00:00:00+01:00
5408204,NTD_RAB2,COUNTRY,ROU,YEAR,EUR,Europe,,2013,,,,,,,,0,0.0,,,,2024-06-03T07:26:23.447+02:00,2013,2013-01-01T00:00:00+01:00,2013-12-31T00:00:00+01:00
5419658,NTD_RAB2,COUNTRY,CHE,YEAR,EUR,Europe,,2016,,,,,,,,0,0.0,,,,2024-06-03T07:26:23.447+02:00,2016,2016-01-01T00:00:00+01:00,2016-12-31T00:00:00+01:00
5420190,NTD_RAB2,COUNTRY,COK,YEAR,WPR,Western Pacific,,2023,,,,,,,,No data,,,,,2025-09-09T13:40:51.93+02:00,2023,2023-01-01T00:00:00+01:00,2023-12-31T00:00:00+01:00
5420342,NTD_RAB2,COUNTRY,VNM,YEAR,WPR,Western Pacific,,2020,,,,,,,,78,78.0,,,,2024-06-03T07:26:23.447+02:00,2020,2020-01-01T00:00:00+01:00,2020-12-31T00:00:00+01:00
5434126,NTD_RAB2,COUNTRY,BEN,YEAR,AFR,Africa,,2018,,,,,,,,No data,,,,,2024-06-03T07:26:23.447+02:00,2018,2018-01-01T00:00:00+01:00,2018-12-31T00:00:00+01:00
5434780,NTD_RAB2,COUNTRY,SYC,YEAR,AFR,Africa,,2017,,,,,,,,No data,,,,,2024-06-03T07:26:23.447+02:00,2017,2017-01-01T00:00:00+01:00,2017-12-31T00:00:00+01:00
5441334,NTD_RAB2,COUNTRY,DEU,YEAR,EUR,Europe,,2012,,,,,,,,0,0.0,,,,2024-06-03T07:26:23.447+02:00,2012,2012-01-01T00:00:00+01:00,2012-12-31T00:00:00+01:00
5452969,NTD_RAB2,COUNTRY,VNM,YEAR,WPR,Western Pacific,,2015,,,,,,,,78,78.0,,,,2024-06-03T07:26:23.447+02:00,2015,2015-01-01T00:00:00+01:00,2015-12-31T00:00:00+01:00
5453790,NTD_RAB2,COUNTRY,AGO,YEAR,AFR,Africa,,2011,,,,,,,,No data,,,,,2024-06-03T07:26:23.447+02:00,2011,2011-01-01T00:00:00+01:00,2011-12-31T00:00:00+01:00
5460332,NTD_RAB2,COUNTRY,GBR,YEAR,EUR,Europe,,2017,,,,,,,,0,0.0,,,,2024-06-03T07:26:23.447+02:00,2017,2017-01-01T00:00:00+01:00,2017-12-31T00:00:00+01:00
5461011,NTD_RAB2,COUNTRY,MUS,YEAR,AFR,Africa,,2012,,,,,,,,0,0.0,,,,2024-06-03T07:26:23.447+02:00,2012,2012-01-01T00:00:00+01:00,2012-12-31T00:00:00+01:00
5468719,NTD_RAB2,COUNTRY,DOM,YEAR,AMR,Americas,,2014,,,,,,,,0,0.0,,,,2024-06-03T07:26:23.447+02:00,2014,2014-01-01T00:00:00+01:00,2014-12-31T00:00:00+01:00
5479799,NTD_RAB2,COUNTRY,NIU,YEAR,WPR,Western Pacific,,2022,,,,,,,,No data,,,,,2024-06-03T07:26:23.447+02:00,2022,2022-01-01T00:00:00+01:00,2022-12-31T00:00:00+01:00
5486173,NTD_RAB2,COUNTRY,LBY,YEAR,EMR,Eastern Mediterranean,,2013,,,,,,,,No data,,,,,2024-06-03T07:26:23.447+02:00,2013,2013-01-01T00:00:00+01:00,2013-12-31T00:00:00+01:00
5487799,NTD_RAB2,COUNTRY,DJI,YEAR,EMR,Eastern Mediterranean,,2020,,,,,,,,No data,,,,,2024-06-03T07:26:23.447+02:00,2020,2020-01-01T00:00:00+01:00,2020-12-31T00:00:00+01:00
5493277,NTD_RAB2,COUNTRY,LCA,YEAR,AMR,Americas,,2021,,,,,,,,0,0.0,,,,2024-06-03T07:26:23.447+02:00,2021,2021-01-01T00:00:00+01:00,2021-12-31T00:00:00+01:00
5498716,NTD_RAB2,COUNTRY,DJI,YEAR,EMR,Eastern Mediterranean,,2019,,,,,,,,No data,,,,,2024-06-03T07:26:23.447+02:00,2019,2019-01-01T00:00:00+01:00,2019-12-31T00:00:00+01:00
5508053,NTD_RAB2,COUNTRY,CPV,YEAR,AFR,Africa,,2012,,,,,,,,0,0.0,,,,2024-06-03T07:26:23.447+02:00,2012,2012-01-01T00:00:00+01:00,2012-12-31T00:00:00+01:00
5519677,NTD_RAB2,COUNTRY,SMR,YEAR,EUR,Europe,,2016,,,,,,,,No data,,,,,2024-06-03T07:26:23.447+02:00,2016,2016-01-01T00:00:00+01:00,2016-12-31T00:00:00+01:00
5520008,NTD_RAB2,COUNTRY,ARE,YEAR,EMR,Eastern Mediterranean,,2022,,,,,,,,No data,,,,,2024-06-03T07:26:23.447+02:00,2022,2022-01-01T00:00:00+01:00,2022-12-31T00:00:00+01:00
5526948,NTD_RAB2,COUNTRY,COD,YEAR,AFR,Africa,,2014,,,,,,,,No data,,,,,2024-06-03T07:26:23.447+02:00,2014,2014-01-01T00:00:00+01:00,2014-12-31T00:00:00+01:00
5527860,NTD_RAB2,COUNTRY,TON,YEAR,WPR,Western Pacific,,2023,,,,,,,,No data,,,,,2025-09-09T13:40:51.93+02:00,2023,2023-01-01T00:00:00+01:00,2023-12-31T00:00:00+01:00
5539699,NTD_RAB2,COUNTRY,CIV,YEAR,AFR,Africa,,2010,,,,,,,,No data,,,,,2024-06-03T07:26:23.447+02:00,2010,2010-01-01T00:00:00+01:00,2010-12-31T00:00:00+01:00
5541168,NTD_RAB2,COUNTRY,HRV,YEAR,EUR,Europe,,2010,,,,,,,,0,0.0,,,,2024-06-03T07:26:23.447+02:00,2010,2010-01-01T00:00:00+01:00,2010-12-31T00:00:00+01:00
5545463,NTD_RAB2,COUNTRY,VEN,YEAR,AMR,Americas,,2023,,,,,,,,2,2.0,,,,2025-09-09T13:40:51.93+02:00,2023,2023-01-01T00:00:00+01:00,2023-12-31T00:00:00+01:00
5553021,NTD_RAB2,COUNTRY,BRB,YEAR,AMR,Americas,,2014,,,,,,,,0,0.0,,,,2024-06-03T07:26:23.447+02:00,2014,2014-01-01T00:00:00+01:00,2014-12-31T00:00:00+01:00
5565787,NTD_RAB2,COUNTRY,COD,YEAR,AFR,Africa,,2011,,,,,,,,No data,,,,,2024-06-03T07:26:23.447+02:00,2011,2011-01-01T00:00:00+01:00,2011-12-31T00:00:00+01:00
5572801,NTD_RAB2,COUNTRY,LVA,YEAR,EUR,Europe,,2017,,,,,,,,0,0.0,,,,2024-06-03T07:26:23.447+02:00,2017,2017-01-01T00:00:00+01:00,2017-12-31T00:00:00+01:00
5579882,NTD_RAB2,COUNTRY,NIU,YEAR,WPR,Western Pacific,,2024,,,,,,,,No data,,,,,2025-09-09T13:40:51.93+02:00,2024,2024-01-01T00:00:00+01:00,2024-12-31T00:00:00+01:00
5592289,NTD_RAB2,COUNTRY,URY,YEAR,AMR,Americas,,2024,,,,,,,,0,0.0,,,,2026-07-15T14:04:38.643+02:00,2024,2024-01-01T00:00:00+01:00,2024-12-31T00:00:00+01:00
5599837,NTD_RAB2,COUNTRY,ISR,YEAR,EUR,Europe,,2019,,,,,,,,No data,,,,,2024-06-03T07:26:23.447+02:00,2019,2019-01-01T00:00:00+01:00,2019-12-31T00:00:00+01:00
5604719,NTD_RAB2,COUNTRY,SWE,YEAR,EUR,Europe,,2022,,,,,,,,No data,,,,,2024-06-03T07:26:23.447+02:00,2022,2022-01-01T00:00:00+01:00,2022-12-31T00:00:00+01:00
5624794,NTD_RAB2,COUNTRY,COG,YEAR,AFR,Africa,,2015,,,,,,,,No data,,,,,2024-06-03T07:26:23.447+02:00,2015,2015-01-01T00:00:00+01:00,2015-12-31T00:00:00+01:00
5633383,NTD_RAB2,COUNTRY,BHS,YEAR,AMR,Americas,,2012,,,,,,,,0,0.0,,,,2024-06-03T07:26:23.447+02:00,2012,2012-01-01T00:00:00+01:00,2012-12-31T00:00:00+01:00
5645440,NTD_RAB2,COUNTRY,UZB,YEAR,EUR,Europe,,2017,,,,,,,,3,3.0,,,,2024-06-03T07:26:23.447+02:00,2017,2017-01-01T00:00:00+01:00,2017-12-31T00:00:00+01:00
5646136,NTD_RAB2,COUNTRY,MDG,YEAR,AFR,Africa,,2021,,,,,,,,2,2.0,,,,2024-06-03T07:26:23.447+02:00,2021,2021-01-01T00:00:00+01:00,2021-12-31T00:00:00+01:00
5657260,NTD_RAB2,COUNTRY,GIN,YEAR,AFR,Africa,,2015,,,,,,,,No data,,,,,2024-06-03T07:26:23.447+02:00,2015,2015-01-01T00:00:00+01:00,2015-12-31T00:00:00+01:00
5663703,NTD_RAB2,COUNTRY,IDN,YEAR,WPR,Western Pacific,,2019,,,,,,,,106,106.0,,,,2024-06-03T07:26:23.447+02:00,2019,2019-01-01T00:00:00+01:00,2019-12-31T00:00:00+01:00
5677332,NTD_RAB2,COUNTRY,LKA,YEAR,SEAR,South-East Asia,,2013,,,,,,,,28,28.0,,,,2024-06-03T07:26:23.447+02:00,2013,2013-01-01T00:00:00+01:00,2013-12-31T00:00:00+01:00
5685509,NTD_RAB2,COUNTRY,SLV,YEAR,AMR,Americas,,2019,,,,,,,,0,0.0,,,,2024-06-03T07:26:23.447+02:00,2019,2019-01-01T00:00:00+01:00,2019-12-31T00:00:00+01:00
5692769,NTD_RAB2,COUNTRY,LBY,YEAR,EMR,Eastern Mediterranean,,2024,,,,,,,,No data,,,,,2025-09-09T13:40:51.93+02:00,2024,2024-01-01T00:00:00+01:00,2024-12-31T00:00:00+01:00
5710625,NTD_RAB2,COUNTRY,FSM,YEAR,WPR,Western Pacific,,2019,,,,,,,,No data,,,,,2024-06-03T07:26:23.447+02:00,2019,2019-01-01T00:00:00+01:00,2019-12-31T00:00:00+01:00
5710667,NTD_RAB2,COUNTRY,VEN,YEAR,AMR,Americas,,2024,,,,,,,,1,1.0,,,,2025-09-09T13:40:51.93+02:00,2024,2024-01-01T00:00:00+01:00,2024-12-31T00:00:00+01:00
5716515,NTD_RAB2,COUNTRY,COG,YEAR,AFR,Africa,,2023,,,,,,,,No data,,,,,2025-09-09T13:40:51.93+02:00,2023,2023-01-01T00:00:00+01:00,2023-12-31T00:00:00+01:00
5719198,NTD_RAB2,COUNTRY,AFG,YEAR,EMR,Eastern Mediterranean,,2023,,,,,,,,No data,,,,,2025-09-09T13:40:51.93+02:00,2023,2023-01-01T00:00:00+01:00,2023-12-31T00:00:00+01:00
5723334,NTD_RAB2,COUNTRY,BIH,YEAR,EUR,Europe,,2016,,,,,,,,0,0.0,,,,2024-06-03T07:26:23.447+02:00,2016,2016-01-01T00:00:00+01:00,2016-12-31T00:00:00+01:00
5723769,NTD_RAB2,COUNTRY,LSO,YEAR,AFR,Africa,,2024,,,,,,,,0,0.0,,,,2025-10-30T17:51:54.843+01:00,2024,2024-01-01T00:00:00+01:00,2024-12-31T00:00:00+01:00
5732646,NTD_RAB2,COUNTRY,GRC,YEAR,EUR,Europe,,2023,,,,,,,,0,0.0,,,,2025-09-09T13:40:51.93+02:00,2023,2023-01-01T00:00:00+01:00,2023-12-31T00:00:00+01:00
5737134,NTD_RAB2,COUNTRY,MOZ,YEAR,AFR,Africa,,2012,,,,,,,,No data,,,,,2024-06-03T07:26:23.447+02:00,2012,2012-01-01T00:00:00+01:00,2012-12-31T00:00:00+01:00
5744871,NTD_RAB2,COUNTRY,CHL,YEAR,AMR,Americas,,2021,,,,,,,,0,0.0,,,,2024-06-03T07:26:23.447+02:00,2021,2021-01-01T00:00:00+01:00,2021-12-31T00:00:00+01:00
5756102,NTD_RAB2,COUNTRY,LVA,YEAR,EUR,Europe,,2013,,,,,,,,0,0.0,,,,2024-06-03T07:26:23.447+02:00,2013,2013-01-01T00:00:00+01:00,2013-12-31T00:00:00+01:00
5763907,NTD_RAB2,COUNTRY,MEX,YEAR,AMR,Americas,,2010,,,,,,,,8,8.0,,,,2024-06-03T07:26:23.447+02:00,2010,2010-01-01T00:00:00+01:00,2010-12-31T00:00:00+01:00
5763936,NTD_RAB2,COUNTRY,BRN,YEAR,WPR,Western Pacific,,2022,,,,,,,,No data,,,,,2024-06-03T07:26:23.447+02:00,2022,2022-01-01T00:00:00+01:00,2022-12-31T00:00:00+01:00
5769370,NTD_RAB2,COUNTRY,ROU,YEAR,EUR,Europe,,2018,,,,,,,,0,0.0,,,,2024-06-03T07:26:23.447+02:00,2018,2018-01-01T00:00:00+01:00,2018-12-31T00:00:00+01:00
5769873,NTD_RAB2,COUNTRY,GNQ,YEAR,AFR,Africa,,2022,,,,,,,,No data,,,,,2024-06-03T07:26:23.447+02:00,2022,2022-01-01T00:00:00+01:00,2022-12-31T00:00:00+01:00
5775873,NTD_RAB2,COUNTRY,NER,YEAR,AFR,Africa,,2013,,,,,,,,No data,,,,,2024-06-03T07:26:23.447+02:00,2013,2013-01-01T00:00:00+01:00,2013-12-31T00:00:00+01:00
5777033,NTD_RAB2,COUNTRY,GRC,YEAR,EUR,Europe,,2017,,,,,,,,0,0.0,,,,2024-06-03T07:26:23.447+02:00,2017,2017-01-01T00:00:00+01:00,2017-12-31T00:00:00+01:00
5783974,NTD_RAB2,COUNTRY,MOZ,YEAR,AFR,Africa,,2019,,,,,,,,No data,,,,,2024-06-03T07:26:23.447+02:00,2019,2019-01-01T00:00:00+01:00,2019-12-31T00:00:00+01:00
5796769,NTD_RAB2,COUNTRY,SWZ,YEAR,AFR,Africa,,2020,,,,,,,,No data,,,,,2024-06-03T07:26:23.447+02:00,2020,2020-01-01T00:00:00+01:00,2020-12-31T00:00:00+01:00
5803882,NTD_RAB2,COUNTRY,BRA,YEAR,AMR,Americas,,2017,,,,,,,,6,6.0,,,,2024-06-03T07:26:23.447+02:00,2017,2017-01-01T00:00:00+01:00,2017-12-31T00:00:00+01:00
5804138,NTD_RAB2,COUNTRY,PRT,YEAR,EUR,Europe,,2021,,,,,,,,0,0.0,,,,2024-06-03T07:26:23.447+02:00,2021,2021-01-01T00:00:00+01:00,2021-12-31T00:00:00+01:00
5816056,NTD_RAB2,COUNTRY,NOR,YEAR,EUR,Europe,,2010,,,,,,,,0,0.0,,,,2024-06-03T07:26:23.447+02:00,2010,2010-01-01T00:00:00+01:00,2010-12-31T00:00:00+01:00
5817771,NTD_RAB2,COUNTRY,SYR,YEAR,EMR,Eastern Mediterranean,,2020,,,,,,,,2,2.0,,,,2024-06-03T07:26:23.447+02:00,2020,2020-01-01T00:00:00+01:00,2020-12-31T00:00:00+01:00
5823066,NTD_RAB2,COUNTRY,NAM,YEAR,AFR,Africa,,2010,,,,,,,,No data,,,,,2024-06-03T07:26:23.447+02:00,2010,2010-01-01T00:00:00+01:00,2010-12-31T00:00:00+01:00
5823751,NTD_RAB2,COUNTRY,ALB,YEAR,EUR,Europe,,2010,,,,,,,,No data,,,,,2024-06-03T07:26:23.447+02:00,2010,2010-01-01T00:00:00+01:00,2010-12-31T00:00:00+01:00
5829779,NTD_RAB2,COUNTRY,BGD,YEAR,SEAR,South-East Asia,,2018,,,,,,,,57,57.0,,,,2024-06-03T07:26:23.447+02:00,2018,2018-01-01T00:00:00+01:00,2018-12-31T00:00:00+01:00
5837521,NTD_RAB2,COUNTRY,NLD,YEAR,EUR,Europe,,2023,,,,,,,,0,0.0,,,,2025-09-09T13:40:51.93+02:00,2023,2023-01-01T00:00:00+01:00,2023-12-31T00:00:00+01:00
5842889,NTD_RAB2,COUNTRY,TJK,YEAR,EUR,Europe,,2024,,,,,,,,No data,,,,,2025-09-09T13:40:51.93+02:00,2024,2024-01-01T00:00:00+01:00,2024-12-31T00:00:00+01:00
5864431,NTD_RAB2,COUNTRY,COK,YEAR,WPR,Western Pacific,,2018,,,,,,,,No data,,,,,2024-06-03T07:26:23.447+02:00,2018,2018-01-01T00:00:00+01:00,2018-12-31T00:00:00+01:00
5870003,NTD_RAB2,COUNTRY,ZMB,YEAR,AFR,Africa,,2012,,,,,,,,No data,,,,,2024-06-03T07:26:23.447+02:00,2012,2012-01-01T00:00:00+01:00,2012-12-31T00:00:00+01:00
5870823,NTD_RAB2,COUNTRY,ROU,YEAR,EUR,Europe,,2020,,,,,,,,0,0.0,,,,2024-06-03T07:26:23.447+02:00,2020,2020-01-01T00:00:00+01:00,2020-12-31T00:00:00+01:00
5882970,NTD_RAB2,COUNTRY,HRV,YEAR,EUR,Europe,,2017,,,,,,,,0,0.0,,,,2024-06-03T07:26:23.447+02:00,2017,2017-01-01T00:00:00+01:00,2017-12-31T00:00:00+01:00
5888387,NTD_RAB2,COUNTRY,CMR,YEAR,AFR,Africa,,2011,,,,,,,,No data,,,,,2024-06-03T07:26:23.447+02:00,2011,2011-01-01T00:00:00+01:00,2011-12-31T00:00:00+01:00
5888638,NTD_RAB2,COUNTRY,PRY,YEAR,AMR,Americas,,2023,,,,,,,,0,0.0,,,,2026-07-15T14:04:38.643+02:00,2023,2023-01-01T00:00:00+01:00,2023-12-31T00:00:00+01:00
5889369,NTD_RAB2,COUNTRY,BWA,YEAR,AFR,Africa,,2014,,,,,,,,0,0.0,,,,2024-06-03T07:26:23.447+02:00,2014,2014-01-01T00:00:00+01:00,2014-12-31T00:00:00+01:00
5895509,NTD_RAB2,COUNTRY,NZL,YEAR,WPR,Western Pacific,,2015,,,,,,,,No data,,,,,2024-06-03T07:26:23.447+02:00,2015,2015-01-01T00:00:00+01:00,2015-12-31T00:00:00+01:00
5895729,NTD_RAB2,COUNTRY,MNE,YEAR,EUR,Europe,,2013,,,,,,,,No data,,,,,2024-06-03T07:26:23.447+02:00,2013,2013-01-01T00:00:00+01:00,2013-12-31T00:00:00+01:00
5902168,NTD_RAB2,COUNTRY,MOZ,YEAR,AFR,Africa,,2014,,,,,,,,No data,,,,,2024-06-03T07:26:23.447+02:00,2014,2014-01-01T00:00:00+01:00,2014-12-31T00:00:00+01:00
5902407,NTD_RAB2,COUNTRY,VEN,YEAR,AMR,Americas,,2016,,,,,,,,0,0.0,,,,2024-06-03T07:26:23.447+02:00,2016,2016-01-01T00:00:00+01:00,2016-12-31T00:00:00+01:00
5923575,NTD_RAB2,COUNTRY,KNA,YEAR,AMR,Americas,,2023,,,,,,,,0,0.0,,,,2026-07-15T14:04:38.643+02:00,2023,2023-01-01T00:00:00+01:00,2023-12-31T00:00:00+01:00
5934613,NTD_RAB2,COUNTRY,PAN,YEAR,AMR,Americas,,2015,,,,,,,,0,0.0,,,,2024-06-03T07:26:23.447+02:00,2015,2015-01-01T00:00:00+01:00,2015-12-31T00:00:00+01:00
5935793,NTD_RAB2,COUNTRY,NAM,YEAR,AFR,Africa,,2021,,,,,,,,No data,,,,,2024-06-03T07:26:23.447+02:00,2021,2021-01-01T00:00:00+01:00,2021-12-31T00:00:00+01:00
5941184,NTD_RAB2,COUNTRY,KAZ,YEAR,EUR,Europe,,2023,,,,,,,,No data,,,,,2025-09-09T13:40:51.93+02:00,2023,2023-01-01T00:00:00+01:00,2023-12-31T00:00:00+01:00
5943049,NTD_RAB2,COUNTRY,LKA,YEAR,SEAR,South-East Asia,,2014,,,,,,,,19,19.0,,,,2024-06-03T07:26:23.447+02:00,2014,2014-01-01T00:00:00+01:00,2014-12-31T00:00:00+01:00
5961045,NTD_RAB2,COUNTRY,LBY,YEAR,EMR,Eastern Mediterranean,,2016,,,,,,,,No data,,,,,2024-06-03T07:26:23.447+02:00,2016,2016-01-01T00:00:00+01:00,2016-12-31T00:00:00+01:00
5962897,NTD_RAB2,COUNTRY,ALB,YEAR,EUR,Europe,,2020,,,,,,,,No data,,,,,2024-06-03T07:26:23.447+02:00,2020,2020-01-01T00:00:00+01:00,2020-12-31T00:00:00+01:00
5963095,NTD_RAB2,COUNTRY,ESP,YEAR,EUR,Europe,,2020,,,,,,,,0,0.0,,,,2024-06-03T07:26:23.447+02:00,2020,2020-01-01T00:00:00+01:00,2020-12-31T00:00:00+01:00
5967489,NTD_RAB2,COUNTRY,OMN,YEAR,EMR,Eastern Mediterranean,,2017,,,,,,,,No data,,,,,2024-06-03T07:26:23.447+02:00,2017,2017-01-01T00:00:00+01:00,2017-12-31T00:00:00+01:00
5974573,NTD_RAB2,COUNTRY,PHL,YEAR,WPR,Western Pacific,,2019,,,,,,,,307,307.0,,,,2024-06-03T07:26:23.447+02:00,2019,2019-01-01T00:00:00+01:00,2019-12-31T00:00:00+01:00
5988735,NTD_RAB2,COUNTRY,GMB,YEAR,AFR,Africa,,2020,,,,,,,,No data,,,,,2024-06-03T07:26:23.447+02:00,2020,2020-01-01T00:00:00+01:00,2020-12-31T00:00:00+01:00
5993490,NTD_RAB2,COUNTRY,PAK,YEAR,EMR,Eastern Mediterranean,,2015,,,,,,,,No data,,,,,2024-06-03T07:26:23.447+02:00,2015,2015-01-01T00:00:00+01:00,2015-12-31T00:00:00+01:00
5993924,NTD_RAB2,COUNTRY,JAM,YEAR,AMR,Americas,,2010,,,,,,,,0,0.0,,,,2024-06-03T07:26:23.447+02:00,2010,2010-01-01T00:00:00+01:00,2010-12-31T00:00:00+01:00
5995715,NTD_RAB2,COUNTRY,GIN,YEAR,AFR,Africa,,2016,,,,,,,,No data,,,,,2024-06-03T07:26:23.447+02:00,2016,2016-01-01T00:00:00+01:00,2016-12-31T00:00:00+01:00
5996150,NTD_RAB2,COUNTRY,GIN,YEAR,AFR,Africa,,2013,,,,,,,,No data,,,,,2024-06-03T07:26:23.447+02:00,2013,2013-01-01T00:00:00+01:00,2013-12-31T00:00:00+01:00
6007165,NTD_RAB2,COUNTRY,AGO,YEAR,AFR,Africa,,2023,,,,,,,,274,274.0,,,,2025-09-09T13:40:51.93+02:00,2023,2023-01-01T00:00:00+01:00,2023-12-31T00:00:00+01:00
6027128,NTD_RAB2,COUNTRY,JPN,YEAR,WPR,Western Pacific,,2014,,,,,,,,No data,,,,,2024-06-03T07:26:23.447+02:00,2014,2014-01-01T00:00:00+01:00,2014-12-31T00:00:00+01:00
6027434,NTD_RAB2,COUNTRY,MDV,YEAR,SEAR,South-East Asia,,2016,,,,,,,,No data,,,,,2024-06-03T07:26:23.447+02:00,2016,2016-01-01T00:00:00+01:00,2016-12-31T00:00:00+01:00
6027800,NTD_RAB2,COUNTRY,UKR,YEAR,EUR,Europe,,2021,,,,,,,,0,0.0,,,,2024-06-03T07:26:23.447+02:00,2021,2021-01-01T00:00:00+01:00,2021-12-31T00:00:00+01:00
6028200,NTD_RAB2,COUNTRY,BRB,YEAR,AMR,Americas,,2019,,,,,,,,0,0.0,,,,2024-06-03T07:26:23.447+02:00,2019,2019-01-01T00:00:00+01:00,2019-12-31T00:00:00+01:00
6034785,NTD_RAB2,COUNTRY,GEO,YEAR,EUR,Europe,,2022,,,,,,,,1,1.0,,,,2024-06-03T07:26:23.447+02:00,2022,2022-01-01T00:00:00+01:00,2022-12-31T00:00:00+01:00
6040816,NTD_RAB2,COUNTRY,GRC,YEAR,EUR,Europe,,2018,,,,,,,,0,0.0,,,,2024-06-03T07:26:23.447+02:00,2018,2018-01-01T00:00:00+01:00,2018-12-31T00:00:00+01:00
6047336,NTD_RAB2,COUNTRY,IRQ,YEAR,EMR,Eastern Mediterranean,,2016,,,,,,,,No data,,,,,2024-06-03T07:26:23.447+02:00,2016,2016-01-01T00:00:00+01:00,2016-12-31T00:00:00+01:00
6048818,NTD_RAB2,COUNTRY,BEN,YEAR,AFR,Africa,,2021,,,,,,,,No data,,,,,2024-06-03T07:26:23.447+02:00,2021,2021-01-01T00:00:00+01:00,2021-12-31T00:00:00+01:00
6055001,NTD_RAB2,COUNTRY,TJK,YEAR,EUR,Europe,,2015,,,,,,,,11,11.0,,,,2024-06-03T07:26:23.447+02:00,2015,2015-01-01T00:00:00+01:00,2015-12-31T00:00:00+01:00
6061996,NTD_RAB2,COUNTRY,NLD,YEAR,EUR,Europe,,2021,,,,,,,,0,0.0,,,,2024-06-03T07:26:23.447+02:00,2021,2021-01-01T00:00:00+01:00,2021-12-31T00:00:00+01:00
6062432,NTD_RAB2,COUNTRY,KNA,YEAR,AMR,Americas,,2016,,,,,,,,0,0.0,,,,2024-06-03T07:26:23.447+02:00,2016,2016-01-01T00:00:00+01:00,2016-12-31T00:00:00+01:00
6066401,NTD_RAB2,COUNTRY,AGO,YEAR,AFR,Africa,,2015,,,,,,,,151,151.0,,,,2024-06-03T07:26:23.447+02:00,2015,2015-01-01T00:00:00+01:00,2015-12-31T00:00:00+01:00
6079612,NTD_RAB2,COUNTRY,BLR,YEAR,EUR,Europe,,2013,,,,,,,,0,0.0,,,,2024-06-03T07:26:23.447+02:00,2013,2013-01-01T00:00:00+01:00,2013-12-31T00:00:00+01:00
6093169,NTD_RAB2,COUNTRY,ZMB,YEAR,AFR,Africa,,2018,,,,,,,,No data,,,,,2024-06-03T07:26:23.447+02:00,2018,2018-01-01T00:00:00+01:00,2018-12-31T00:00:00+01:00
6106324,NTD_RAB2,COUNTRY,BEN,YEAR,AFR,Africa,,2016,,,,,,,,No data,,,,,2024-06-03T07:26:23.447+02:00,2016,2016-01-01T00:00:00+01:00,2016-12-31T00:00:00+01:00
6132140,NTD_RAB2,COUNTRY,VCT,YEAR,AMR,Americas,,2013,,,,,,,,0,0.0,,,,2024-06-03T07:26:23.447+02:00,2013,2013-01-01T00:00:00+01:00,2013-12-31T00:00:00+01:00
6132364,NTD_RAB2,COUNTRY,GAB,YEAR,AFR,Africa,,2010,,,,,,,,No data,,,,,2024-06-03T07:26:23.447+02:00,2010,2010-01-01T00:00:00+01:00,2010-12-31T00:00:00+01:00
6133558,NTD_RAB2,COUNTRY,IND,YEAR,SEAR,South-East Asia,,2013,,,,,,,,No data,,,,,2024-06-03T07:26:23.447+02:00,2013,2013-01-01T00:00:00+01:00,2013-12-31T00:00:00+01:00
6134624,NTD_RAB2,COUNTRY,BEL,YEAR,EUR,Europe,,2024,,,,,,,,No data,,,,,2025-09-09T13:40:51.93+02:00,2024,2024-01-01T00:00:00+01:00,2024-12-31T00:00:00+01:00
6141340,NTD_RAB2,COUNTRY,BDI,YEAR,AFR,Africa,,2013,,,,,,,,No data,,,,,2024-06-03T07:26:23.447+02:00,2013,2013-01-01T00:00:00+01:00,2013-12-31T00:00:00+01:00
6148050,NTD_RAB2,COUNTRY,ECU,YEAR,AMR,Americas,,2020,,,,,,,,0,0.0,,,,2024-06-03T07:26:23.447+02:00,2020,2020-01-01T00:00:00+01:00,2020-12-31T00:00:00+01:00
6159153,NTD_RAB2,COUNTRY,UKR,YEAR,EUR,Europe,,2019,,,,,,,,0,0.0,,,,2024-06-03T07:26:23.447+02:00,2019,2019-01-01T00:00:00+01:00,2019-12-31T00:00:00+01:00
6174626,NTD_RAB2,COUNTRY,BIH,YEAR,EUR,Europe,,2018,,,,,,,,0,0.0,,,,2024-06-03T07:26:23.447+02:00,2018,2018-01-01T00:00:00+01:00,2018-12-31T00:00:00+01:00
6178854,NTD_RAB2,COUNTRY,GRD,YEAR,AMR,Americas,,2016,,,,,,,,No data,,,,,2024-06-03T07:26:23.447+02:00,2016,2016-01-01T00:00:00+01:00,2016-12-31T00:00:00+01:00
6184992,NTD_RAB2,COUNTRY,MNE,YEAR,EUR,Europe,,2014,,,,,,,,No data,,,,,2024-06-03T07:26:23.447+02:00,2014,2014-01-01T00:00:00+01:00,2014-12-31T00:00:00+01:00
6186601,NTD_RAB2,COUNTRY,PER,YEAR,AMR,Americas,,2017,,,,,,,,0,0.0,,,,2024-06-03T07:26:23.447+02:00,2017,2017-01-01T00:00:00+01:00,2017-12-31T00:00:00+01:00
6192175,NTD_RAB2,COUNTRY,BWA,YEAR,AFR,Africa,,2016,,,,,,,,0,0.0,,,,2024-06-03T07:26:23.447+02:00,2016,2016-01-01T00:00:00+01:00,2016-12-31T00:00:00+01:00
6194388,NTD_RAB2,COUNTRY,URY,YEAR,AMR,Americas,,2021,,,,,,,,0,0.0,,,,2024-06-03T07:26:23.447+02:00,2021,2021-01-01T00:00:00+01:00,2021-12-31T00:00:00+01:00
6207298,NTD_RAB2,COUNTRY,GNQ,YEAR,AFR,Africa,,2010,,,,,,,,No data,,,,,2024-06-03T07:26:23.447+02:00,2010,2010-01-01T00:00:00+01:00,2010-12-31T00:00:00+01:00
6212900,NTD_RAB2,COUNTRY,CHN,YEAR,WPR,Western Pacific,,2012,,,,,,,,1361,1361.0,,,,2024-06-03T07:26:23.447+02:00,2012,2012-01-01T00:00:00+01:00,2012-12-31T00:00:00+01:00
6214248,NTD_RAB2,COUNTRY,ECU,YEAR,AMR,Americas,,2021,,,,,,,,0,0.0,,,,2024-06-03T07:26:23.447+02:00,2021,2021-01-01T00:00:00+01:00,2021-12-31T00:00:00+01:00
6233669,NTD_RAB2,COUNTRY,SWE,YEAR,EUR,Europe,,2023,,,,,,,,0,0.0,,,,2025-09-09T13:40:51.93+02:00,2023,2023-01-01T00:00:00+01:00,2023-12-31T00:00:00+01:00
6238100,NTD_RAB2,COUNTRY,BHR,YEAR,EMR,Eastern Mediterranean,,2018,,,,,,,,0,0.0,,,,2024-06-03T07:26:23.447+02:00,2018,2018-01-01T00:00:00+01:00,2018-12-31T00:00:00+01:00
6238192,NTD_RAB2,COUNTRY,DOM,YEAR,AMR,Americas,,2010,,,,,,,,2,2.0,,,,2024-06-03T07:26:23.447+02:00,2010,2010-01-01T00:00:00+01:00,2010-12-31T00:00:00+01:00
6246061,NTD_RAB2,COUNTRY,CHE,YEAR,EUR,Europe,,2019,,,,,,,,0,0.0,,,,2024-06-03T07:26:23.447+02:00,2019,2019-01-01T00:00:00+01:00,2019-12-31T00:00:00+01:00
6250915,NTD_RAB2,COUNTRY,ERI,YEAR,AFR,Africa,,2016,,,,,,,,No data,,,,,2024-06-03T07:26:23.447+02:00,2016,2016-01-01T00:00:00+01:00,2016-12-31T00:00:00+01:00
6253669,NTD_RAB2,COUNTRY,IND,YEAR,SEAR,South-East Asia,,2023,,,,,,,,395,395.0,,,,2025-09-09T13:40:51.93+02:00,2023,2023-01-01T00:00:00+01:00,2023-12-31T00:00:00+01:00
6258039,NTD_RAB2,COUNTRY,SGP,YEAR,WPR,Western Pacific,,2010,,,,,,,,0,0.0,,,,2024-06-03T07:26:23.447+02:00,2010,2010-01-01T00:00:00+01:00,2010-12-31T00:00:00+01:00
6258407,NTD_RAB2,COUNTRY,JAM,YEAR,AMR,Americas,,2019,,,,,,,,0,0.0,,,,2024-06-03T07:26:23.447+02:00,2019,2019-01-01T00:00:00+01:00,2019-12-31T00:00:00+01:00
6258992,NTD_RAB2,COUNTRY,IRN,YEAR,EMR,Eastern Mediterranean,,2019,,,,,,,,6,6.0,,,,2024-06-03T07:26:23.447+02:00,2019,2019-01-01T00:00:00+01:00,2019-12-31T00:00:00+01:00
6272869,NTD_RAB2,COUNTRY,LBN,YEAR,EMR,Eastern Mediterranean,,2013,,,,,,,,No data,,,,,2024-06-03T07:26:23.447+02:00,2013,2013-01-01T00:00:00+01:00,2013-12-31T00:00:00+01:00
6277358,NTD_RAB2,COUNTRY,MKD,YEAR,EUR,Europe,,2021,,,,,,,,No data,,,,,2024-06-03T07:26:23.447+02:00,2021,2021-01-01T00:00:00+01:00,2021-12-31T00:00:00+01:00
6286389,NTD_RAB2,COUNTRY,VNM,YEAR,WPR,Western Pacific,,2012,,,,,,,,98,98.0,,,,2024-06-03T07:26:23.447+02:00,2012,2012-01-01T00:00:00+01:00,2012-12-31T00:00:00+01:00
6286884,NTD_RAB2,COUNTRY,PNG,YEAR,WPR,Western Pacific,,2017,,,,,,,,No data,,,,,2024-06-03T07:26:23.447+02:00,2017,2017-01-01T00:00:00+01:00,2017-12-31T00:00:00+01:00
6299210,NTD_RAB2,COUNTRY,WSM,YEAR,WPR,Western Pacific,,2020,,,,,,,,No data,,,,,2024-06-03T07:26:23.447+02:00,2020,2020-01-01T00:00:00+01:00,2020-12-31T00:00:00+01:00
6300146,NTD_RAB2,COUNTRY,GNB,YEAR,AFR,Africa,,2021,,,,,,,,No data,,,,,2024-06-03T07:26:23.447+02:00,2021,2021-01-01T00:00:00+01:00,2021-12-31T00:00:00+01:00
6304758,NTD_RAB2,COUNTRY,HTI,YEAR,AMR,Americas,,2011,,,,,,,,13,13.0,,,,2024-06-03T07:26:23.447+02:00,2011,2011-01-01T00:00:00+01:00,2011-12-31T00:00:00+01:00
6311805,NTD_RAB2,COUNTRY,TKM,YEAR,EUR,Europe,,2016,,,,,,,,0,0.0,,,,2024-06-03T07:26:23.447+02:00,2016,2016-01-01T00:00:00+01:00,2016-12-31T00:00:00+01:00
6330953,NTD_RAB2,COUNTRY,PAK,YEAR,EMR,Eastern Mediterranean,,2019,,,,,,,,No data,,,,,2024-06-03T07:26:23.447+02:00,2019,2019-01-01T00:00:00+01:00,2019-12-31T00:00:00+01:00
6343728,NTD_RAB2,COUNTRY,NIU,YEAR,WPR,Western Pacific,,2016,,,,,,,,No data,,,,,2024-06-03T07:26:23.447+02:00,2016,2016-01-01T00:00:00+01:00,2016-12-31T00:00:00+01:00
6344367,NTD_RAB2,COUNTRY,AFG,YEAR,EMR,Eastern Mediterranean,,2011,,,,,,,,No data,,,,,2024-06-03T07:26:23.447+02:00,2011,2011-01-01T00:00:00+01:00,2011-12-31T00:00:00+01:00
6346081,NTD_RAB2,COUNTRY,RUS,YEAR,EUR,Europe,,2010,,,,,,,,15,15.0,,,,2024-06-03T07:26:23.447+02:00,2010,2010-01-01T00:00:00+01:00,2010-12-31T00:00:00+01:00
6350195,NTD_RAB2,COUNTRY,STP,YEAR,AFR,Africa,,2014,,,,,,,,No data,,,,,2024-06-03T07:26:23.447+02:00,2014,2014-01-01T00:00:00+01:00,2014-12-31T00:00:00+01:00
6357377,NTD_RAB2,COUNTRY,EGY,YEAR,EMR,Eastern Mediterranean,,2017,,,,,,,,No data,,,,,2024-06-03T07:26:23.447+02:00,2017,2017-01-01T00:00:00+01:00,2017-12-31T00:00:00+01:00
6357525,NTD_RAB2,COUNTRY,ARG,YEAR,AMR,Americas,,2012,,,,,,,,0,0.0,,,,2024-06-03T07:26:23.447+02:00,2012,2012-01-01T00:00:00+01:00,2012-12-31T00:00:00+01:00
6358174,NTD_RAB2,COUNTRY,PLW,YEAR,WPR,Western Pacific,,2021,,,,,,,,No data,,,,,2024-06-03T07:26:23.447+02:00,2021,2021-01-01T00:00:00+01:00,2021-12-31T00:00:00+01:00
6358614,NTD_RAB2,COUNTRY,ERI,YEAR,AFR,Africa,,2013,,,,,,,,No data,,,,,2024-06-03T07:26:23.447+02:00,2013,2013-01-01T00:00:00+01:00,2013-12-31T00:00:00+01:00
6371950,NTD_RAB2,COUNTRY,SDN,YEAR,EMR,Eastern Mediterranean,,2017,,,,,,,,1,1.0,,,,2024-06-03T07:26:23.447+02:00,2017,2017-01-01T00:00:00+01:00,2017-12-31T00:00:00+01:00
6376574,NTD_RAB2,COUNTRY,KNA,YEAR,AMR,Americas,,2024,,,,,,,,0,0.0,,,,2026-07-15T14:04:38.643+02:00,2024,2024-01-01T00:00:00+01:00,2024-12-31T00:00:00+01:00
6384407,NTD_RAB2,COUNTRY,DMA,YEAR,AMR,Americas,,2022,,,,,,,,0,0.0,,,,2026-07-15T14:04:38.643+02:00,2022,2022-01-01T00:00:00+01:00,2022-12-31T00:00:00+01:00
6385293,NTD_RAB2,COUNTRY,LSO,YEAR,AFR,Africa,,2015,,,,,,,,19,19.0,,,,2024-06-03T07:26:23.447+02:00,2015,2015-01-01T00:00:00+01:00,2015-12-31T00:00:00+01:00
6391582,NTD_RAB2,COUNTRY,NGA,YEAR,AFR,Africa,,2021,,,,,,,,1,1.0,,,,2025-10-30T17:51:54.843+01:00,2021,2021-01-01T00:00:00+01:00,2021-12-31T00:00:00+01:00
6396589,NTD_RAB2,COUNTRY,FJI,YEAR,WPR,Western Pacific,,2011,,,,,,,,0,0.0,,,,2024-06-03T07:26:23.447+02:00,2011,2011-01-01T00:00:00+01:00,2011-12-31T00:00:00+01:00
6398306,NTD_RAB2,COUNTRY,NOR,YEAR,EUR,Europe,,2017,,,,,,,,0,0.0,,,,2025-09-09T13:40:51.93+02:00,2017,2017-01-01T00:00:00+01:00,2017-12-31T00:00:00+01:00
6410355,NTD_RAB2,COUNTRY,MAR,YEAR,EMR,Eastern Mediterranean,,2011,,,,,,,,5,5.0,,,,2024-06-03T07:26:23.447+02:00,2011,2011-01-01T00:00:00+01:00,2011-12-31T00:00:00+01:00
6416774,NTD_RAB2,COUNTRY,CHL,YEAR,AMR,Americas,,2018,,,,,,,,0,0.0,,,,2024-06-03T07:26:23.447+02:00,2018,2018-01-01T00:00:00+01:00,2018-12-31T00:00:00+01:00
6417782,NTD_RAB2,COUNTRY,CYP,YEAR,EUR,Europe,,2011,,,,,,,,0,0.0,,,,2024-06-03T07:26:23.447+02:00,2011,2011-01-01T00:00:00+01:00,2011-12-31T00:00:00+01:00
6422767,NTD_RAB2,COUNTRY,ATG,YEAR,AMR,Americas,,2013,,,,,,,,0,0.0,,,,2024-06-03T07:26:23.447+02:00,2013,2013-01-01T00:00:00+01:00,2013-12-31T00:00:00+01:00
6423838,NTD_RAB2,COUNTRY,AGO,YEAR,AFR,Africa,,2012,,,,,,,,No data,,,,,2024-06-03T07:26:23.447+02:00,2012,2012-01-01T00:00:00+01:00,2012-12-31T00:00:00+01:00
6424373,NTD_RAB2,COUNTRY,UKR,YEAR,EUR,Europe,,2015,,,,,,,,0,0.0,,,,2024-06-03T07:26:23.447+02:00,2015,2015-01-01T00:00:00+01:00,2015-12-31T00:00:00+01:00
6429784,NTD_RAB2,COUNTRY,SVK,YEAR,EUR,Europe,,2018,,,,,,,,0,0.0,,,,2024-06-03T07:26:23.447+02:00,2018,2018-01-01T00:00:00+01:00,2018-12-31T00:00:00+01:00
6429977,NTD_RAB2,COUNTRY,ESP,YEAR,EUR,Europe,,2021,,,,,,,,0,0.0,,,,2024-06-03T07:26:23.447+02:00,2021,2021-01-01T00:00:00+01:00,2021-12-31T00:00:00+01:00
6436944,NTD_RAB2,COUNTRY,COL,YEAR,AMR,Americas,,2022,,,,,,,,0,0.0,,,,2024-06-03T07:26:23.447+02:00,2022,2022-01-01T00:00:00+01:00,2022-12-31T00:00:00+01:00
6438409,NTD_RAB2,COUNTRY,SVN,YEAR,EUR,Europe,,2024,,,,,,,,No data,,,,,2025-09-09T13:40:51.93+02:00,2024,2024-01-01T00:00:00+01:00,2024-12-31T00:00:00+01:00
6444039,NTD_RAB2,COUNTRY,MLT,YEAR,EUR,Europe,,2015,,,,,,,,No data,,,,,2024-06-03T07:26:23.447+02:00,2015,2015-01-01T00:00:00+01:00,2015-12-31T00:00:00+01:00
6463062,NTD_RAB2,COUNTRY,BLZ,YEAR,AMR,Americas,,2011,,,,,,,,0,0.0,,,,2024-06-03T07:26:23.447+02:00,2011,2011-01-01T00:00:00+01:00,2011-12-31T00:00:00+01:00
6477152,NTD_RAB2,COUNTRY,AZE,YEAR,EUR,Europe,,2016,,,,,,,,3,3.0,,,,2024-06-03T07:26:23.447+02:00,2016,2016-01-01T00:00:00+01:00,2016-12-31T00:00:00+01:00
6482075,NTD_RAB2,COUNTRY,LBY,YEAR,EMR,Eastern Mediterranean,,2022,,,,,,,,3,3.0,,,,2025-09-09T13:40:51.93+02:00,2022,2022-01-01T00:00:00+01:00,2022-12-31T00:00:00+01:00
6482842,NTD_RAB2,COUNTRY,AND,YEAR,EUR,Europe,,2018,,,,,,,,No data,,,,,2024-06-03T07:26:23.447+02:00,2018,2018-01-01T00:00:00+01:00,2018-12-31T00:00:00+01:00
6483881,NTD_RAB2,COUNTRY,TCD,YEAR,AFR,Africa,,2021,,,,,,,,No data,,,,,2024-06-03T07:26:23.447+02:00,2021,2021-01-01T00:00:00+01:00,2021-12-31T00:00:00+01:00
6497774,NTD_RAB2,COUNTRY,ROU,YEAR,EUR,Europe,,2017,,,,,,,,0,0.0,,,,2024-06-03T07:26:23.447+02:00,2017,2017-01-01T00:00:00+01:00,2017-12-31T00:00:00+01:00
6501902,NTD_RAB2,COUNTRY,MNG,YEAR,WPR,Western Pacific,,2018,,,,,,,,0,0.0,,,,2024-06-03T07:26:23.447+02:00,2018,2018-01-01T00:00:00+01:00,2018-12-31T00:00:00+01:00
6502345,NTD_RAB2,COUNTRY,SMR,YEAR,EUR,Europe,,2018,,,,,,,,No data,,,,,2024-06-03T07:26:23.447+02:00,2018,2018-01-01T00:00:00+01:00,2018-12-31T00:00:00+01:00
6503974,NTD_RAB2,COUNTRY,ZMB,YEAR,AFR,Africa,,2022,,,,,,,,No data,,,,,2024-06-03T07:26:23.447+02:00,2022,2022-01-01T00:00:00+01:00,2022-12-31T00:00:00+01:00
6511051,NTD_RAB2,COUNTRY,BGD,YEAR,SEAR,South-East Asia,,2024,,,,,,,,56,56.0,,,,2025-09-09T13:40:51.93+02:00,2024,2024-01-01T00:00:00+01:00,2024-12-31T00:00:00+01:00
6517920,NTD_RAB2,COUNTRY,CPV,YEAR,AFR,Africa,,2017,,,,,,,,No data,,,,,2024-06-03T07:26:23.447+02:00,2017,2017-01-01T00:00:00+01:00,2017-12-31T00:00:00+01:00
6535583,NTD_RAB2,COUNTRY,TTO,YEAR,AMR,Americas,,2010,,,,,,,,0,0.0,,,,2024-06-03T07:26:23.447+02:00,2010,2010-01-01T00:00:00+01:00,2010-12-31T00:00:00+01:00
6541438,NTD_RAB2,COUNTRY,PAN,YEAR,AMR,Americas,,2010,,,,,,,,0,0.0,,,,2024-06-03T07:26:23.447+02:00,2010,2010-01-01T00:00:00+01:00,2010-12-31T00:00:00+01:00
6548839,NTD_RAB2,COUNTRY,SAU,YEAR,EMR,Eastern Mediterranean,,2010,,,,,,,,No data,,,,,2024-06-03T07:26:23.447+02:00,2010,2010-01-01T00:00:00+01:00,2010-12-31T00:00:00+01:00
6550128,NTD_RAB2,COUNTRY,NOR,YEAR,EUR,Europe,,2019,,,,,,,,1,1.0,,,,2024-06-03T07:26:23.447+02:00,2019,2019-01-01T00:00:00+01:00,2019-12-31T00:00:00+01:00
6554763,NTD_RAB2,COUNTRY,BRA,YEAR,AMR,Americas,,2010,,,,,,,,3,3.0,,,,2024-06-03T07:26:23.447+02:00,2010,2010-01-01T00:00:00+01:00,2010-12-31T00:00:00+01:00
6556080,NTD_RAB2,COUNTRY,BLR,YEAR,EUR,Europe,,2014,,,,,,,,0,0.0,,,,2024-06-03T07:26:23.447+02:00,2014,2014-01-01T00:00:00+01:00,2014-12-31T00:00:00+01:00
6556658,NTD_RAB2,COUNTRY,IRL,YEAR,EUR,Europe,,2019,,,,,,,,0,0.0,,,,2025-09-09T13:40:51.93+02:00,2019,2019-01-01T00:00:00+01:00,2019-12-31T00:00:00+01:00
6563205,NTD_RAB2,COUNTRY,ARM,YEAR,EUR,Europe,,2021,,,,,,,,No data,,,,,2024-06-03T07:26:23.447+02:00,2021,2021-01-01T00:00:00+01:00,2021-12-31T00:00:00+01:00
6570361,NTD_RAB2,COUNTRY,CHL,YEAR,AMR,Americas,,2010,,,,,,,,0,0.0,,,,2024-06-03T07:26:23.447+02:00,2010,2010-01-01T00:00:00+01:00,2010-12-31T00:00:00+01:00
6570499,NTD_RAB2,COUNTRY,TON,YEAR,WPR,Western Pacific,,2016,,,,,,,,No data,,,,,2024-06-03T07:26:23.447+02:00,2016,2016-01-01T00:00:00+01:00,2016-12-31T00:00:00+01:00
6582765,NTD_RAB2,COUNTRY,DNK,YEAR,EUR,Europe,,2016,,,,,,,,0,0.0,,,,2024-06-03T07:26:23.447+02:00,2016,2016-01-01T00:00:00+01:00,2016-12-31T00:00:00+01:00
6582890,NTD_RAB2,COUNTRY,GAB,YEAR,AFR,Africa,,2024,,,,,,,,1,1.0,,,,2025-10-30T17:51:54.843+01:00,2024,2024-01-01T00:00:00+01:00,2024-12-31T00:00:00+01:00
6588330,NTD_RAB2,COUNTRY,DEU,YEAR,EUR,Europe,,2011,,,,,,,,0,0.0,,,,2024-06-03T07:26:23.447+02:00,2011,2011-01-01T00:00:00+01:00,2011-12-31T00:00:00+01:00
6588590,NTD_RAB2,COUNTRY,SLB,YEAR,WPR,Western Pacific,,2015,,,,,,,,No data,,,,,2024-06-03T07:26:23.447+02:00,2015,2015-01-01T00:00:00+01:00,2015-12-31T00:00:00+01:00
6589220,NTD_RAB2,COUNTRY,VNM,YEAR,WPR,Western Pacific,,2016,,,,,,,,91,91.0,,,,2024-06-03T07:26:23.447+02:00,2016,2016-01-01T00:00:00+01:00,2016-12-31T00:00:00+01:00
6596662,NTD_RAB2,COUNTRY,MUS,YEAR,AFR,Africa,,2010,,,,,,,,0,0.0,,,,2024-06-03T07:26:23.447+02:00,2010,2010-01-01T00:00:00+01:00,2010-12-31T00:00:00+01:00
6601601,NTD_RAB2,COUNTRY,DZA,YEAR,AFR,Africa,,2019,,,,,,,,No data,,,,,2024-06-03T07:26:23.447+02:00,2019,2019-01-01T00:00:00+01:00,2019-12-31T00:00:00+01:00
6620457,NTD_RAB2,COUNTRY,DJI,YEAR,EMR,Eastern Mediterranean,,2011,,,,,,,,No data,,,,,2024-06-03T07:26:23.447+02:00,2011,2011-01-01T00:00:00+01:00,2011-12-31T00:00:00+01:00
6620890,NTD_RAB2,COUNTRY,ZAF,YEAR,AFR,Africa,,2022,,,,,,,,17,17.0,,,,2024-06-03T07:26:23.447+02:00,2022,2022-01-01T00:00:00+01:00,2022-12-31T00:00:00+01:00
6629261,NTD_RAB2,COUNTRY,IDN,YEAR,WPR,Western Pacific,,2016,,,,,,,,No data,,,,,2024-06-03T07:26:23.447+02:00,2016,2016-01-01T00:00:00+01:00,2016-12-31T00:00:00+01:00
6629563,NTD_RAB2,COUNTRY,KIR,YEAR,WPR,Western Pacific,,2021,,,,,,,,No data,,,,,2024-06-03T07:26:23.447+02:00,2021,2021-01-01T00:00:00+01:00,2021-12-31T00:00:00+01:00
6634152,NTD_RAB2,COUNTRY,NOR,YEAR,EUR,Europe,,2018,,,,,,,,0,0.0,,,,2025-09-09T13:40:51.93+02:00,2018,2018-01-01T00:00:00+01:00,2018-12-31T00:00:00+01:00
6642965,NTD_RAB2,COUNTRY,LBN,YEAR,EMR,Eastern Mediterranean,,2014,,,,,,,,No data,,,,,2024-06-03T07:26:23.447+02:00,2014,2014-01-01T00:00:00+01:00,2014-12-31T00:00:00+01:00
6655219,NTD_RAB2,COUNTRY,CHN,YEAR,WPR,Western Pacific,,2020,,,,,,,,202,202.0,,,,2025-09-09T13:40:51.93+02:00,2020,2020-01-01T00:00:00+01:00,2020-12-31T00:00:00+01:00
6655658,NTD_RAB2,COUNTRY,BDI,YEAR,AFR,Africa,,2024,,,,,,,,2,2.0,,,,2025-10-30T17:51:54.843+01:00,2024,2024-01-01T00:00:00+01:00,2024-12-31T00:00:00+01:00
6659777,NTD_RAB2,COUNTRY,LUX,YEAR,EUR,Europe,,2013,,,,,,,,0,0.0,,,,2024-06-03T07:26:23.447+02:00,2013,2013-01-01T00:00:00+01:00,2013-12-31T00:00:00+01:00
6659961,NTD_RAB2,COUNTRY,PER,YEAR,AMR,Americas,,2020,,,,,,,,1,1.0,,,,2024-06-03T07:26:23.447+02:00,2020,2020-01-01T00:00:00+01:00,2020-12-31T00:00:00+01:00
6662260,NTD_RAB2,COUNTRY,AUS,YEAR,WPR,Western Pacific,,2021,,,,,,,,0,0.0,,,,2024-06-03T07:26:23.447+02:00,2021,2021-01-01T00:00:00+01:00,2021-12-31T00:00:00+01:00
6667707,NTD_RAB2,COUNTRY,IDN,YEAR,WPR,Western Pacific,,2021,,,,,,,,62,62.0,,,,2024-06-03T07:26:23.447+02:00,2021,2021-01-01T00:00:00+01:00,2021-12-31T00:00:00+01:00
6668783,NTD_RAB2,COUNTRY,BHR,YEAR,EMR,Eastern Mediterranean,,2010,,,,,,,,0,0.0,,,,2024-06-03T07:26:23.447+02:00,2010,2010-01-01T00:00:00+01:00,2010-12-31T00:00:00+01:00
6679857,NTD_RAB2,COUNTRY,FRA,YEAR,EUR,Europe,,2019,,,,,,,,1,1.0,,,,2024-06-03T07:26:23.447+02:00,2019,2019-01-01T00:00:00+01:00,2019-12-31T00:00:00+01:00
6680088,NTD_RAB2,COUNTRY,VCT,YEAR,AMR,Americas,,2018,,,,,,,,0,0.0,,,,2024-06-03T07:26:23.447+02:00,2018,2018-01-01T00:00:00+01:00,2018-12-31T00:00:00+01:00
6714117,NTD_RAB2,COUNTRY,CIV,YEAR,AFR,Africa,,2017,,,,,,,,18,18.0,,,,2024-06-03T07:26:23.447+02:00,2017,2017-01-01T00:00:00+01:00,2017-12-31T00:00:00+01:00
6720081,NTD_RAB2,COUNTRY,JAM,YEAR,AMR,Americas,,2020,,,,,,,,0,0.0,,,,2024-06-03T07:26:23.447+02:00,2020,2020-01-01T00:00:00+01:00,2020-12-31T00:00:00+01:00
6720402,NTD_RAB2,COUNTRY,ITA,YEAR,EUR,Europe,,2011,,,,,,,,1,1.0,,,,2024-06-03T07:26:23.447+02:00,2011,2011-01-01T00:00:00+01:00,2011-12-31T00:00:00+01:00
6732845,NTD_RAB2,COUNTRY,BRA,YEAR,AMR,Americas,,2011,,,,,,,,2,2.0,,,,2024-06-03T07:26:23.447+02:00,2011,2011-01-01T00:00:00+01:00,2011-12-31T00:00:00+01:00
6734268,NTD_RAB2,COUNTRY,ECU,YEAR,AMR,Americas,,2011,,,,,,,,12,12.0,,,,2024-06-03T07:26:23.447+02:00,2011,2011-01-01T00:00:00+01:00,2011-12-31T00:00:00+01:00
6734317,NTD_RAB2,COUNTRY,ESP,YEAR,EUR,Europe,,2016,,,,,,,,0,0.0,,,,2024-06-03T07:26:23.447+02:00,2016,2016-01-01T00:00:00+01:00,2016-12-31T00:00:00+01:00
6739450,NTD_RAB2,COUNTRY,MLT,YEAR,EUR,Europe,,2020,,,,,,,,0,0.0,,,,2025-09-09T13:40:51.93+02:00,2020,2020-01-01T00:00:00+01:00,2020-12-31T00:00:00+01:00
6759604,NTD_RAB2,COUNTRY,MHL,YEAR,WPR,Western Pacific,,2021,,,,,,,,No data,,,,,2024-06-03T07:26:23.447+02:00,2021,2021-01-01T00:00:00+01:00,2021-12-31T00:00:00+01:00
6766480,NTD_RAB2,COUNTRY,HTI,YEAR,AMR,Americas,,2013,,,,,,,,3,3.0,,,,2024-06-03T07:26:23.447+02:00,2013,2013-01-01T00:00:00+01:00,2013-12-31T00:00:00+01:00
6774221,NTD_RAB2,COUNTRY,SSD,YEAR,AFR,Africa,,2017,,,,,,,,No data,,,,,2024-06-03T07:26:23.447+02:00,2017,2017-01-01T00:00:00+01:00,2017-12-31T00:00:00+01:00
6793225,NTD_RAB2,COUNTRY,CAN,YEAR,AMR,Americas,,2013,,,,,,,,0,0.0,,,,2024-06-03T07:26:23.447+02:00,2013,2013-01-01T00:00:00+01:00,2013-12-31T00:00:00+01:00
6794615,NTD_RAB2,COUNTRY,LVA,YEAR,EUR,Europe,,2011,,,,,,,,0,0.0,,,,2024-06-03T07:26:23.447+02:00,2011,2011-01-01T00:00:00+01:00,2011-12-31T00:00:00+01:00
6806439,NTD_RAB2,COUNTRY,MHL,YEAR,WPR,Western Pacific,,2018,,,,,,,,No data,,,,,2024-06-03T07:26:23.447+02:00,2018,2018-01-01T00:00:00+01:00,2018-12-31T00:00:00+01:00
6806679,NTD_RAB2,COUNTRY,IND,YEAR,SEAR,South-East Asia,,2017,,,,,,,,994,994.0,,,,2024-06-03T07:26:23.447+02:00,2017,2017-01-01T00:00:00+01:00,2017-12-31T00:00:00+01:00
6806804,NTD_RAB2,COUNTRY,TGO,YEAR,AFR,Africa,,2023,,,,,,,,No data,,,,,2025-09-09T13:40:51.93+02:00,2023,2023-01-01T00:00:00+01:00,2023-12-31T00:00:00+01:00
6807164,NTD_RAB2,COUNTRY,BWA,YEAR,AFR,Africa,,2021,,,,,,,,No data,,,,,2024-06-03T07:26:23.447+02:00,2021,2021-01-01T00:00:00+01:00,2021-12-31T00:00:00+01:00
6825761,NTD_RAB2,COUNTRY,ARE,YEAR,EMR,Eastern Mediterranean,,2011,,,,,,,,No data,,,,,2024-06-03T07:26:23.447+02:00,2011,2011-01-01T00:00:00+01:00,2011-12-31T00:00:00+01:00
6833621,NTD_RAB2,COUNTRY,SVN,YEAR,EUR,Europe,,2013,,,,,,,,No data,,,,,2024-06-03T07:26:23.447+02:00,2013,2013-01-01T00:00:00+01:00,2013-12-31T00:00:00+01:00
6838634,NTD_RAB2,COUNTRY,JAM,YEAR,AMR,Americas,,2024,,,,,,,,0,0.0,,,,2026-07-15T14:04:38.643+02:00,2024,2024-01-01T00:00:00+01:00,2024-12-31T00:00:00+01:00
6839023,NTD_RAB2,COUNTRY,URY,YEAR,AMR,Americas,,2019,,,,,,,,0,0.0,,,,2024-06-03T07:26:23.447+02:00,2019,2019-01-01T00:00:00+01:00,2019-12-31T00:00:00+01:00
6846436,NTD_RAB2,COUNTRY,DJI,YEAR,EMR,Eastern Mediterranean,,2023,,,,,,,,No data,,,,,2025-09-09T13:40:51.93+02:00,2023,2023-01-01T00:00:00+01:00,2023-12-31T00:00:00+01:00
6860427,NTD_RAB2,COUNTRY,VUT,YEAR,WPR,Western Pacific,,2018,,,,,,,,No data,,,,,2024-06-03T07:26:23.447+02:00,2018,2018-01-01T00:00:00+01:00,2018-12-31T00:00:00+01:00
6865182,NTD_RAB2,COUNTRY,GEO,YEAR,EUR,Europe,,2012,,,,,,,,2,2.0,,,,2024-06-03T07:26:23.447+02:00,2012,2012-01-01T00:00:00+01:00,2012-12-31T00:00:00+01:00
6865227,NTD_RAB2,COUNTRY,IND,YEAR,SEAR,South-East Asia,,2020,,,,,,,,245,245.0,,,,2025-09-09T13:40:51.93+02:00,2020,2020-01-01T00:00:00+01:00,2020-12-31T00:00:00+01:00
6865629,NTD_RAB2,COUNTRY,DMA,YEAR,AMR,Americas,,2012,,,,,,,,0,0.0,,,,2024-06-03T07:26:23.447+02:00,2012,2012-01-01T00:00:00+01:00,2012-12-31T00:00:00+01:00
6867291,NTD_RAB2,COUNTRY,LBR,YEAR,AFR,Africa,,2021,,,,,,,,No data,,,,,2024-06-03T07:26:23.447+02:00,2021,2021-01-01T00:00:00+01:00,2021-12-31T00:00:00+01:00
6870994,NTD_RAB2,COUNTRY,JAM,YEAR,AMR,Americas,,2011,,,,,,,,0,0.0,,,,2024-06-03T07:26:23.447+02:00,2011,2011-01-01T00:00:00+01:00,2011-12-31T00:00:00+01:00
6872671,NTD_RAB2,COUNTRY,TUR,YEAR,EUR,Europe,,2020,,,,,,,,No data,,,,,2024-06-03T07:26:23.447+02:00,2020,2020-01-01T00:00:00+01:00,2020-12-31T00:00:00+01:00
6885599,NTD_RAB2,COUNTRY,MCO,YEAR,EUR,Europe,,2021,,,,,,,,No data,,,,,2024-06-03T07:26:23.447+02:00,2021,2021-01-01T00:00:00+01:00,2021-12-31T00:00:00+01:00
6886888,NTD_RAB2,COUNTRY,CHE,YEAR,EUR,Europe,,2020,,,,,,,,0,0.0,,,,2024-06-03T07:26:23.447+02:00,2020,2020-01-01T00:00:00+01:00,2020-12-31T00:00:00+01:00
6886904,NTD_RAB2,COUNTRY,URY,YEAR,AMR,Americas,,2020,,,,,,,,0,0.0,,,,2024-06-03T07:26:23.447+02:00,2020,2020-01-01T00:00:00+01:00,2020-12-31T00:00:00+01:00
6905414,NTD_RAB2,COUNTRY,PRY,YEAR,AMR,Americas,,2010,,,,,,,,0,0.0,,,,2024-06-03T07:26:23.447+02:00,2010,2010-01-01T00:00:00+01:00,2010-12-31T00:00:00+01:00
6925791,NTD_RAB2,COUNTRY,SUR,YEAR,AMR,Americas,,2023,,,,,,,,0,0.0,,,,2026-07-15T14:04:38.643+02:00,2023,2023-01-01T00:00:00+01:00,2023-12-31T00:00:00+01:00
6943677,NTD_RAB2,COUNTRY,TGO,YEAR,AFR,Africa,,2016,,,,,,,,No data,,,,,2024-06-03T07:26:23.447+02:00,2016,2016-01-01T00:00:00+01:00,2016-12-31T00:00:00+01:00
6945499,NTD_RAB2,COUNTRY,SLV,YEAR,AMR,Americas,,2021,,,,,,,,0,0.0,,,,2024-06-03T07:26:23.447+02:00,2021,2021-01-01T00:00:00+01:00,2021-12-31T00:00:00+01:00
6964127,NTD_RAB2,COUNTRY,ISL,YEAR,EUR,Europe,,2010,,,,,,,,No data,,,,,2024-06-03T07:26:23.447+02:00,2010,2010-01-01T00:00:00+01:00,2010-12-31T00:00:00+01:00
6964369,NTD_RAB2,COUNTRY,KIR,YEAR,WPR,Western Pacific,,2013,,,,,,,,No data,,,,,2024-06-03T07:26:23.447+02:00,2013,2013-01-01T00:00:00+01:00,2013-12-31T00:00:00+01:00
6977362,NTD_RAB2,COUNTRY,LVA,YEAR,EUR,Europe,,2018,,,,,,,,0,0.0,,,,2024-06-03T07:26:23.447+02:00,2018,2018-01-01T00:00:00+01:00,2018-12-31T00:00:00+01:00
6978289,NTD_RAB2,COUNTRY,KGZ,YEAR,EUR,Europe,,2019,,,,,,,,1,1.0,,,,2024-06-03T07:26:23.447+02:00,2019,2019-01-01T00:00:00+01:00,2019-12-31T00:00:00+01:00
6983366,NTD_RAB2,COUNTRY,IRQ,YEAR,EMR,Eastern Mediterranean,,2020,,,,,,,,No data,,,,,2024-06-03T07:26:23.447+02:00,2020,2020-01-01T00:00:00+01:00,2020-12-31T00:00:00+01:00
7004439,NTD_RAB2,COUNTRY,SWZ,YEAR,AFR,Africa,,2014,,,,,,,,No data,,,,,2024-06-03T07:26:23.447+02:00,2014,2014-01-01T00:00:00+01:00,2014-12-31T00:00:00+01:00
7012057,NTD_RAB2,COUNTRY,TCD,YEAR,AFR,Africa,,2019,,,,,,,,No data,,,,,2024-06-03T07:26:23.447+02:00,2019,2019-01-01T00:00:00+01:00,2019-12-31T00:00:00+01:00
7029442,NTD_RAB2,COUNTRY,THA,YEAR,SEAR,South-East Asia,,2024,,,,,,,,4,4.0,,,,2025-09-09T13:40:51.93+02:00,2024,2024-01-01T00:00:00+01:00,2024-12-31T00:00:00+01:00
7036302,NTD_RAB2,COUNTRY,THA,YEAR,SEAR,South-East Asia,,2022,,,,,,,,3,3.0,,,,2024-06-03T07:26:23.447+02:00,2022,2022-01-01T00:00:00+01:00,2022-12-31T00:00:00+01:00
7036879,NTD_RAB2,COUNTRY,NOR,YEAR,EUR,Europe,,2012,,,,,,,,0,0.0,,,,2024-06-03T07:26:23.447+02:00,2012,2012-01-01T00:00:00+01:00,2012-12-31T00:00:00+01:00
7042719,NTD_RAB2,COUNTRY,CHE,YEAR,EUR,Europe,,2021,,,,,,,,0,0.0,,,,2024-06-03T07:26:23.447+02:00,2021,2021-01-01T00:00:00+01:00,2021-12-31T00:00:00+01:00
7056781,NTD_RAB2,COUNTRY,NIC,YEAR,AMR,Americas,,2023,,,,,,,,0,0.0,,,,2026-07-15T14:04:38.643+02:00,2023,2023-01-01T00:00:00+01:00,2023-12-31T00:00:00+01:00
7057102,NTD_RAB2,COUNTRY,KGZ,YEAR,EUR,Europe,,2012,,,,,,,,0,0.0,,,,2024-06-03T07:26:23.447+02:00,2012,2012-01-01T00:00:00+01:00,2012-12-31T00:00:00+01:00
7065035,NTD_RAB2,COUNTRY,ESP,YEAR,EUR,Europe,,2017,,,,,,,,0,0.0,,,,2024-06-03T07:26:23.447+02:00,2017,2017-01-01T00:00:00+01:00,2017-12-31T00:00:00+01:00
7075490,NTD_RAB2,COUNTRY,BWA,YEAR,AFR,Africa,,2012,,,,,,,,No data,,,,,2024-06-03T07:26:23.447+02:00,2012,2012-01-01T00:00:00+01:00,2012-12-31T00:00:00+01:00
7076814,NTD_RAB2,COUNTRY,KOR,YEAR,WPR,Western Pacific,,2022,,,,,,,,No data,,,,,2024-06-03T07:26:23.447+02:00,2022,2022-01-01T00:00:00+01:00,2022-12-31T00:00:00+01:00
7078226,NTD_RAB2,COUNTRY,MRT,YEAR,AFR,Africa,,2020,,,,,,,,No data,,,,,2024-06-03T07:26:23.447+02:00,2020,2020-01-01T00:00:00+01:00,2020-12-31T00:00:00+01:00
7115359,NTD_RAB2,COUNTRY,ITA,YEAR,EUR,Europe,,2019,,,,,,,,1,1.0,,,,2024-06-03T07:26:23.447+02:00,2019,2019-01-01T00:00:00+01:00,2019-12-31T00:00:00+01:00
7122549,NTD_RAB2,COUNTRY,SLB,YEAR,WPR,Western Pacific,,2023,,,,,,,,No data,,,,,2025-09-09T13:40:51.93+02:00,2023,2023-01-01T00:00:00+01:00,2023-12-31T00:00:00+01:00
7123385,NTD_RAB2,COUNTRY,ESP,YEAR,EUR,Europe,,2012,,,,,,,,0,0.0,,,,2024-06-03T07:26:23.447+02:00,2012,2012-01-01T00:00:00+01:00,2012-12-31T00:00:00+01:00
7128482,NTD_RAB2,COUNTRY,SYR,YEAR,EMR,Eastern Mediterranean,,2018,,,,,,,,5,5.0,,,,2024-06-03T07:26:23.447+02:00,2018,2018-01-01T00:00:00+01:00,2018-12-31T00:00:00+01:00
7135703,NTD_RAB2,COUNTRY,MOZ,YEAR,AFR,Africa,,2017,,,,,,,,89,89.0,,,,2024-06-03T07:26:23.447+02:00,2017,2017-01-01T00:00:00+01:00,2017-12-31T00:00:00+01:00
7141463,NTD_RAB2,COUNTRY,IND,YEAR,SEAR,South-East Asia,,2024,,,,,,,,No data,,,,,2025-09-09T13:40:51.93+02:00,2024,2024-01-01T00:00:00+01:00,2024-12-31T00:00:00+01:00
7142957,NTD_RAB2,COUNTRY,EST,YEAR,EUR,Europe,,2023,,,,,,,,0,0.0,,,,2025-09-09T13:40:51.93+02:00,2023,2023-01-01T00:00:00+01:00,2023-12-31T00:00:00+01:00
7148953,NTD_RAB2,COUNTRY,MOZ,YEAR,AFR,Africa,,2011,,,,,,,,No data,,,,,2024-06-03T07:26:23.447+02:00,2011,2011-01-01T00:00:00+01:00,2011-12-31T00:00:00+01:00
7162009,NTD_RAB2,COUNTRY,GHA,YEAR,AFR,Africa,,2019,,,,,,,,No data,,,,,2024-06-03T07:26:23.447+02:00,2019,2019-01-01T00:00:00+01:00,2019-12-31T00:00:00+01:00
7174612,NTD_RAB2,COUNTRY,NOR,YEAR,EUR,Europe,,2011,,,,,,,,0,0.0,,,,2024-06-03T07:26:23.447+02:00,2011,2011-01-01T00:00:00+01:00,2011-12-31T00:00:00+01:00
7188922,NTD_RAB2,COUNTRY,HTI,YEAR,AMR,Americas,,2016,,,,,,,,9,9.0,,,,2024-06-03T07:26:23.447+02:00,2016,2016-01-01T00:00:00+01:00,2016-12-31T00:00:00+01:00
7189470,NTD_RAB2,COUNTRY,CMR,YEAR,AFR,Africa,,2016,,,,,,,,No data,,,,,2024-06-03T07:26:23.447+02:00,2016,2016-01-01T00:00:00+01:00,2016-12-31T00:00:00+01:00
7190033,NTD_RAB2,COUNTRY,TUR,YEAR,EUR,Europe,,2013,,,,,,,,4,4.0,,,,2024-06-03T07:26:23.447+02:00,2013,2013-01-01T00:00:00+01:00,2013-12-31T00:00:00+01:00
7195488,NTD_RAB2,COUNTRY,SLB,YEAR,WPR,Western Pacific,,2016,,,,,,,,No data,,,,,2024-06-03T07:26:23.447+02:00,2016,2016-01-01T00:00:00+01:00,2016-12-31T00:00:00+01:00
7228280,NTD_RAB2,COUNTRY,DMA,YEAR,AMR,Americas,,2024,,,,,,,,0,0.0,,,,2026-07-15T14:04:38.643+02:00,2024,2024-01-01T00:00:00+01:00,2024-12-31T00:00:00+01:00
7230139,NTD_RAB2,COUNTRY,PRK,YEAR,SEAR,South-East Asia,,2020,,,,,,,,No data,,,,,2024-06-03T07:26:23.447+02:00,2020,2020-01-01T00:00:00+01:00,2020-12-31T00:00:00+01:00
7241158,NTD_RAB2,COUNTRY,BHR,YEAR,EMR,Eastern Mediterranean,,2011,,,,,,,,0,0.0,,,,2024-06-03T07:26:23.447+02:00,2011,2011-01-01T00:00:00+01:00,2011-12-31T00:00:00+01:00
7246907,NTD_RAB2,COUNTRY,ROU,YEAR,EUR,Europe,,2019,,,,,,,,0,0.0,,,,2024-06-03T07:26:23.447+02:00,2019,2019-01-01T00:00:00+01:00,2019-12-31T00:00:00+01:00
7247214,NTD_RAB2,COUNTRY,COG,YEAR,AFR,Africa,,2010,,,,,,,,No data,,,,,2024-06-03T07:26:23.447+02:00,2010,2010-01-01T00:00:00+01:00,2010-12-31T00:00:00+01:00
7249747,NTD_RAB2,COUNTRY,CMR,YEAR,AFR,Africa,,2018,,,,,,,,No data,,,,,2024-06-03T07:26:23.447+02:00,2018,2018-01-01T00:00:00+01:00,2018-12-31T00:00:00+01:00
7253923,NTD_RAB2,COUNTRY,SVN,YEAR,EUR,Europe,,2017,,,,,,,,0,0.0,,,,2024-06-03T07:26:23.447+02:00,2017,2017-01-01T00:00:00+01:00,2017-12-31T00:00:00+01:00
7259965,NTD_RAB2,COUNTRY,PAK,YEAR,EMR,Eastern Mediterranean,,2016,,,,,,,,No data,,,,,2024-06-03T07:26:23.447+02:00,2016,2016-01-01T00:00:00+01:00,2016-12-31T00:00:00+01:00
7262579,NTD_RAB2,COUNTRY,LBY,YEAR,EMR,Eastern Mediterranean,,2023,,,,,,,,No data,,,,,2025-09-09T13:40:51.93+02:00,2023,2023-01-01T00:00:00+01:00,2023-12-31T00:00:00+01:00
7266661,NTD_RAB2,COUNTRY,SRB,YEAR,EUR,Europe,,2024,,,,,,,,No data,,,,,2025-09-09T13:40:51.93+02:00,2024,2024-01-01T00:00:00+01:00,2024-12-31T00:00:00+01:00
7269544,NTD_RAB2,COUNTRY,GAB,YEAR,AFR,Africa,,2014,,,,,,,,No data,,,,,2024-06-03T07:26:23.447+02:00,2014,2014-01-01T00:00:00+01:00,2014-12-31T00:00:00+01:00
7269605,NTD_RAB2,COUNTRY,CPV,YEAR,AFR,Africa,,2018,,,,,,,,No data,,,,,2024-06-03T07:26:23.447+02:00,2018,2018-01-01T00:00:00+01:00,2018-12-31T00:00:00+01:00
7275008,NTD_RAB2,COUNTRY,COG,YEAR,AFR,Africa,,2014,,,,,,,,No data,,,,,2024-06-03T07:26:23.447+02:00,2014,2014-01-01T00:00:00+01:00,2014-12-31T00:00:00+01:00
7280592,NTD_RAB2,COUNTRY,CMR,YEAR,AFR,Africa,,2022,,,,,,,,2,2.0,,,,2025-10-30T17:51:54.843+01:00,2022,2022-01-01T00:00:00+01:00,2022-12-31T00:00:00+01:00
7306523,NTD_RAB2,COUNTRY,YEM,YEAR,EMR,Eastern Mediterranean,,2023,,,,,,,,No data,,,,,2025-09-09T13:40:51.93+02:00,2023,2023-01-01T00:00:00+01:00,2023-12-31T00:00:00+01:00
7320750,NTD_RAB2,COUNTRY,JOR,YEAR,EMR,Eastern Mediterranean,,2023,,,,,,,,1,1.0,,,,2025-09-09T13:40:51.93+02:00,2023,2023-01-01T00:00:00+01:00,2023-12-31T00:00:00+01:00
7333960,NTD_RAB2,COUNTRY,IRQ,YEAR,EMR,Eastern Mediterranean,,2014,,,,,,,,12,12.0,,,,2024-06-03T07:26:23.447+02:00,2014,2014-01-01T00:00:00+01:00,2014-12-31T00:00:00+01:00
7341138,NTD_RAB2,COUNTRY,MHL,YEAR,WPR,Western Pacific,,2023,,,,,,,,No data,,,,,2025-09-09T13:40:51.93+02:00,2023,2023-01-01T00:00:00+01:00,2023-12-31T00:00:00+01:00
7346896,NTD_RAB2,COUNTRY,SWZ,YEAR,AFR,Africa,,2019,,,,,,,,No data,,,,,2024-06-03T07:26:23.447+02:00,2019,2019-01-01T00:00:00+01:00,2019-12-31T00:00:00+01:00
7352786,NTD_RAB2,COUNTRY,LBY,YEAR,EMR,Eastern Mediterranean,,2011,,,,,,,,No data,,,,,2024-06-03T07:26:23.447+02:00,2011,2011-01-01T00:00:00+01:00,2011-12-31T00:00:00+01:00
7361502,NTD_RAB2,COUNTRY,MEX,YEAR,AMR,Americas,,2016,,,,,,,,1,1.0,,,,2024-06-03T07:26:23.447+02:00,2016,2016-01-01T00:00:00+01:00,2016-12-31T00:00:00+01:00
7368142,NTD_RAB2,COUNTRY,POL,YEAR,EUR,Europe,,2016,,,,,,,,0,0.0,,,,2024-06-03T07:26:23.447+02:00,2016,2016-01-01T00:00:00+01:00,2016-12-31T00:00:00+01:00
7372553,NTD_RAB2,COUNTRY,SYC,YEAR,AFR,Africa,,2022,,,,,,,,No data,,,,,2024-06-03T07:26:23.447+02:00,2022,2022-01-01T00:00:00+01:00,2022-12-31T00:00:00+01:00
7374820,NTD_RAB2,COUNTRY,GNB,YEAR,AFR,Africa,,2013,,,,,,,,No data,,,,,2024-06-03T07:26:23.447+02:00,2013,2013-01-01T00:00:00+01:00,2013-12-31T00:00:00+01:00
7385322,NTD_RAB2,COUNTRY,AZE,YEAR,EUR,Europe,,2022,,,,,,,,No data,,,,,2024-06-03T07:26:23.447+02:00,2022,2022-01-01T00:00:00+01:00,2022-12-31T00:00:00+01:00
7393746,NTD_RAB2,COUNTRY,DOM,YEAR,AMR,Americas,,2011,,,,,,,,0,0.0,,,,2024-06-03T07:26:23.447+02:00,2011,2011-01-01T00:00:00+01:00,2011-12-31T00:00:00+01:00
7393959,NTD_RAB2,COUNTRY,POL,YEAR,EUR,Europe,,2015,,,,,,,,0,0.0,,,,2024-06-03T07:26:23.447+02:00,2015,2015-01-01T00:00:00+01:00,2015-12-31T00:00:00+01:00
7399162,NTD_RAB2,COUNTRY,PER,YEAR,AMR,Americas,,2012,,,,,,,,12,12.0,,,,2024-06-03T07:26:23.447+02:00,2012,2012-01-01T00:00:00+01:00,2012-12-31T00:00:00+01:00
7401476,NTD_RAB2,COUNTRY,ALB,YEAR,EUR,Europe,,2023,,,,,,,,No data,,,,,2025-09-09T13:40:51.93+02:00,2023,2023-01-01T00:00:00+01:00,2023-12-31T00:00:00+01:00
7406829,NTD_RAB2,COUNTRY,BDI,YEAR,AFR,Africa,,2017,,,,,,,,No data,,,,,2024-06-03T07:26:23.447+02:00,2017,2017-01-01T00:00:00+01:00,2017-12-31T00:00:00+01:00
7407517,NTD_RAB2,COUNTRY,JPN,YEAR,WPR,Western Pacific,,2022,,,,,,,,No data,,,,,2024-06-03T07:26:23.447+02:00,2022,2022-01-01T00:00:00+01:00,2022-12-31T00:00:00+01:00
7425922,NTD_RAB2,COUNTRY,VCT,YEAR,AMR,Americas,,2015,,,,,,,,0,0.0,,,,2024-06-03T07:26:23.447+02:00,2015,2015-01-01T00:00:00+01:00,2015-12-31T00:00:00+01:00
7426506,NTD_RAB2,COUNTRY,MHL,YEAR,WPR,Western Pacific,,2024,,,,,,,,No data,,,,,2025-09-09T13:40:51.93+02:00,2024,2024-01-01T00:00:00+01:00,2024-12-31T00:00:00+01:00
7427349,NTD_RAB2,COUNTRY,GBR,YEAR,EUR,Europe,,2022,,,,,,,,No data,,,,,2024-06-03T07:26:23.447+02:00,2022,2022-01-01T00:00:00+01:00,2022-12-31T00:00:00+01:00
7427890,NTD_RAB2,COUNTRY,WSM,YEAR,WPR,Western Pacific,,2018,,,,,,,,No data,,,,,2024-06-03T07:26:23.447+02:00,2018,2018-01-01T00:00:00+01:00,2018-12-31T00:00:00+01:00
7438238,NTD_RAB2,COUNTRY,FJI,YEAR,WPR,Western Pacific,,2012,,,,,,,,0,0.0,,,,2024-06-03T07:26:23.447+02:00,2012,2012-01-01T00:00:00+01:00,2012-12-31T00:00:00+01:00
7438342,NTD_RAB2,COUNTRY,BGR,YEAR,EUR,Europe,,2023,,,,,,,,0,0.0,,,,2025-09-09T13:40:51.93+02:00,2023,2023-01-01T00:00:00+01:00,2023-12-31T00:00:00+01:00
7439500,NTD_RAB2,COUNTRY,TKM,YEAR,EUR,Europe,,2015,,,,,,,,0,0.0,,,,2024-06-03T07:26:23.447+02:00,2015,2015-01-01T00:00:00+01:00,2015-12-31T00:00:00+01:00
7439648,NTD_RAB2,COUNTRY,SUR,YEAR,AMR,Americas,,2011,,,,,,,,0,0.0,,,,2024-06-03T07:26:23.447+02:00,2011,2011-01-01T00:00:00+01:00,2011-12-31T00:00:00+01:00
7445506,NTD_RAB2,COUNTRY,CAF,YEAR,AFR,Africa,,2020,,,,,,,,No data,,,,,2024-06-03T07:26:23.447+02:00,2020,2020-01-01T00:00:00+01:00,2020-12-31T00:00:00+01:00
7446366,NTD_RAB2,COUNTRY,SVN,YEAR,EUR,Europe,,2016,,,,,,,,0,0.0,,,,2024-06-03T07:26:23.447+02:00,2016,2016-01-01T00:00:00+01:00,2016-12-31T00:00:00+01:00
7471013,NTD_RAB2,COUNTRY,AZE,YEAR,EUR,Europe,,2021,,,,,,,,No data,,,,,2024-06-03T07:26:23.447+02:00,2021,2021-01-01T00:00:00+01:00,2021-12-31T00:00:00+01:00
7472732,NTD_RAB2,COUNTRY,IRL,YEAR,EUR,Europe,,2018,,,,,,,,0,0.0,,,,2024-06-03T07:26:23.447+02:00,2018,2018-01-01T00:00:00+01:00,2018-12-31T00:00:00+01:00
7472893,NTD_RAB2,COUNTRY,LBY,YEAR,EMR,Eastern Mediterranean,,2015,,,,,,,,No data,,,,,2024-06-03T07:26:23.447+02:00,2015,2015-01-01T00:00:00+01:00,2015-12-31T00:00:00+01:00
7473927,NTD_RAB2,COUNTRY,UKR,YEAR,EUR,Europe,,2014,,,,,,,,4,4.0,,,,2024-06-03T07:26:23.447+02:00,2014,2014-01-01T00:00:00+01:00,2014-12-31T00:00:00+01:00
7477686,NTD_RAB2,COUNTRY,SWZ,YEAR,AFR,Africa,,2011,,,,,,,,No data,,,,,2024-06-03T07:26:23.447+02:00,2011,2011-01-01T00:00:00+01:00,2011-12-31T00:00:00+01:00
7479034,NTD_RAB2,COUNTRY,SSD,YEAR,AFR,Africa,,2020,,,,,,,,No data,,,,,2024-06-03T07:26:23.447+02:00,2020,2020-01-01T00:00:00+01:00,2020-12-31T00:00:00+01:00
7491844,NTD_RAB2,COUNTRY,MNG,YEAR,WPR,Western Pacific,,2022,,,,,,,,No data,,,,,2024-06-03T07:26:23.447+02:00,2022,2022-01-01T00:00:00+01:00,2022-12-31T00:00:00+01:00
7497697,NTD_RAB2,COUNTRY,MEX,YEAR,AMR,Americas,,2015,,,,,,,,2,2.0,,,,2024-06-03T07:26:23.447+02:00,2015,2015-01-01T00:00:00+01:00,2015-12-31T00:00:00+01:00
7510695,NTD_RAB2,COUNTRY,BRN,YEAR,WPR,Western Pacific,,2018,,,,,,,,No data,,,,,2024-06-03T07:26:23.447+02:00,2018,2018-01-01T00:00:00+01:00,2018-12-31T00:00:00+01:00
7517561,NTD_RAB2,COUNTRY,NPL,YEAR,SEAR,South-East Asia,,2022,,,,,,,,13,13.0,,,,2024-06-03T07:26:23.447+02:00,2022,2022-01-01T00:00:00+01:00,2022-12-31T00:00:00+01:00
7537125,NTD_RAB2,COUNTRY,MAR,YEAR,EMR,Eastern Mediterranean,,2020,,,,,,,,9,9.0,,,,2024-06-03T07:26:23.447+02:00,2020,2020-01-01T00:00:00+01:00,2020-12-31T00:00:00+01:00
7537383,NTD_RAB2,COUNTRY,ZWE,YEAR,AFR,Africa,,2011,,,,,,,,2,2.0,,,,2024-06-03T07:26:23.447+02:00,2011,2011-01-01T00:00:00+01:00,2011-12-31T00:00:00+01:00
7545715,NTD_RAB2,COUNTRY,LSO,YEAR,AFR,Africa,,2019,,,,,,,,No data,,,,,2024-06-03T07:26:23.447+02:00,2019,2019-01-01T00:00:00+01:00,2019-12-31T00:00:00+01:00
7552350,NTD_RAB2,COUNTRY,UKR,YEAR,EUR,Europe,,2020,,,,,,,,1,1.0,,,,2024-06-03T07:26:23.447+02:00,2020,2020-01-01T00:00:00+01:00,2020-12-31T00:00:00+01:00
7564999,NTD_RAB2,COUNTRY,ERI,YEAR,AFR,Africa,,2010,,,,,,,,No data,,,,,2024-06-03T07:26:23.447+02:00,2010,2010-01-01T00:00:00+01:00,2010-12-31T00:00:00+01:00
7565303,NTD_RAB2,COUNTRY,SWE,YEAR,EUR,Europe,,2017,,,,,,,,No data,,,,,2024-06-03T07:26:23.447+02:00,2017,2017-01-01T00:00:00+01:00,2017-12-31T00:00:00+01:00
7570259,NTD_RAB2,COUNTRY,HUN,YEAR,EUR,Europe,,2014,,,,,,,,0,0.0,,,,2024-06-03T07:26:23.447+02:00,2014,2014-01-01T00:00:00+01:00,2014-12-31T00:00:00+01:00
7570966,NTD_RAB2,COUNTRY,SUR,YEAR,AMR,Americas,,2024,,,,,,,,0,0.0,,,,2026-07-15T14:04:38.643+02:00,2024,2024-01-01T00:00:00+01:00,2024-12-31T00:00:00+01:00
7571968,NTD_RAB2,COUNTRY,NIC,YEAR,AMR,Americas,,2022,,,,,,,,0,0.0,,,,2026-07-15T14:04:38.643+02:00,2022,2022-01-01T00:00:00+01:00,2022-12-31T00:00:00+01:00
7586198,NTD_RAB2,COUNTRY,PRT,YEAR,EUR,Europe,,2010,,,,,,,,0,0.0,,,,2024-06-03T07:26:23.447+02:00,2010,2010-01-01T00:00:00+01:00,2010-12-31T00:00:00+01:00
7590463,NTD_RAB2,COUNTRY,CHE,YEAR,EUR,Europe,,2024,,,,,,,,No data,,,,,2025-09-09T13:40:51.93+02:00,2024,2024-01-01T00:00:00+01:00,2024-12-31T00:00:00+01:00
7591396,NTD_RAB2,COUNTRY,DMA,YEAR,AMR,Americas,,2017,,,,,,,,0,0.0,,,,2024-06-03T07:26:23.447+02:00,2017,2017-01-01T00:00:00+01:00,2017-12-31T00:00:00+01:00
7592948,NTD_RAB2,COUNTRY,NPL,YEAR,SEAR,South-East Asia,,2012,,,,,,,,No data,,,,,2024-06-03T07:26:23.447+02:00,2012,2012-01-01T00:00:00+01:00,2012-12-31T00:00:00+01:00
7605259,NTD_RAB2,COUNTRY,TUV,YEAR,WPR,Western Pacific,,2014,,,,,,,,No data,,,,,2024-06-03T07:26:23.447+02:00,2014,2014-01-01T00:00:00+01:00,2014-12-31T00:00:00+01:00
7606006,NTD_RAB2,COUNTRY,VEN,YEAR,AMR,Americas,,2012,,,,,,,,0,0.0,,,,2024-06-03T07:26:23.447+02:00,2012,2012-01-01T00:00:00+01:00,2012-12-31T00:00:00+01:00
7617863,NTD_RAB2,COUNTRY,KAZ,YEAR,EUR,Europe,,2020,,,,,,,,1,1.0,,,,2024-06-03T07:26:23.447+02:00,2020,2020-01-01T00:00:00+01:00,2020-12-31T00:00:00+01:00
7624076,NTD_RAB2,COUNTRY,LBR,YEAR,AFR,Africa,,2015,,,,,,,,No data,,,,,2024-06-03T07:26:23.447+02:00,2015,2015-01-01T00:00:00+01:00,2015-12-31T00:00:00+01:00
7630477,NTD_RAB2,COUNTRY,MNG,YEAR,WPR,Western Pacific,,2024,,,,,,,,No data,,,,,2025-09-09T13:40:51.93+02:00,2024,2024-01-01T00:00:00+01:00,2024-12-31T00:00:00+01:00
7636738,NTD_RAB2,COUNTRY,BHR,YEAR,EMR,Eastern Mediterranean,,2022,,,,,,,,0,0.0,,,,2024-06-03T07:26:23.447+02:00,2022,2022-01-01T00:00:00+01:00,2022-12-31T00:00:00+01:00
7642739,NTD_RAB2,COUNTRY,RWA,YEAR,AFR,Africa,,2012,,,,,,,,No data,,,,,2024-06-03T07:26:23.447+02:00,2012,2012-01-01T00:00:00+01:00,2012-12-31T00:00:00+01:00
7642998,NTD_RAB2,COUNTRY,BTN,YEAR,SEAR,South-East Asia,,2014,,,,,,,,No data,,,,,2024-06-03T07:26:23.447+02:00,2014,2014-01-01T00:00:00+01:00,2014-12-31T00:00:00+01:00
7643561,NTD_RAB2,COUNTRY,MDG,YEAR,AFR,Africa,,2017,,,,,,,,13,13.0,,,,2024-06-03T07:26:23.447+02:00,2017,2017-01-01T00:00:00+01:00,2017-12-31T00:00:00+01:00
7649901,NTD_RAB2,COUNTRY,BRB,YEAR,AMR,Americas,,2022,,,,,,,,0,0.0,,,,2026-07-15T14:04:38.643+02:00,2022,2022-01-01T00:00:00+01:00,2022-12-31T00:00:00+01:00
7651530,NTD_RAB2,COUNTRY,LBN,YEAR,EMR,Eastern Mediterranean,,2016,,,,,,,,0,0.0,,,,2024-06-03T07:26:23.447+02:00,2016,2016-01-01T00:00:00+01:00,2016-12-31T00:00:00+01:00
7657142,NTD_RAB2,COUNTRY,GRD,YEAR,AMR,Americas,,2015,,,,,,,,No data,,,,,2024-06-03T07:26:23.447+02:00,2015,2015-01-01T00:00:00+01:00,2015-12-31T00:00:00+01:00
7662908,NTD_RAB2,COUNTRY,JPN,YEAR,WPR,Western Pacific,,2023,,,,,,,,No data,,,,,2025-09-09T13:40:51.93+02:00,2023,2023-01-01T00:00:00+01:00,2023-12-31T00:00:00+01:00
7670517,NTD_RAB2,COUNTRY,MWI,YEAR,AFR,Africa,,2011,,,,,,,,No data,,,,,2024-06-03T07:26:23.447+02:00,2011,2011-01-01T00:00:00+01:00,2011-12-31T00:00:00+01:00
7671669,NTD_RAB2,COUNTRY,COL,YEAR,AMR,Americas,,2012,,,,,,,,2,2.0,,,,2024-06-03T07:26:23.447+02:00,2012,2012-01-01T00:00:00+01:00,2012-12-31T00:00:00+01:00
7676459,NTD_RAB2,COUNTRY,MUS,YEAR,AFR,Africa,,2022,,,,,,,,No data,,,,,2024-06-03T07:26:23.447+02:00,2022,2022-01-01T00:00:00+01:00,2022-12-31T00:00:00+01:00
7691601,NTD_RAB2,COUNTRY,CAN,YEAR,AMR,Americas,,2024,,,,,,,,1,1.0,,,,2025-09-09T13:40:51.93+02:00,2024,2024-01-01T00:00:00+01:00,2024-12-31T00:00:00+01:00
7697882,NTD_RAB2,COUNTRY,BRA,YEAR,AMR,Americas,,2021,,,,,,,,1,1.0,,,,2024-06-03T07:26:23.447+02:00,2021,2021-01-01T00:00:00+01:00,2021-12-31T00:00:00+01:00
7704113,NTD_RAB2,COUNTRY,AND,YEAR,EUR,Europe,,2023,,,,,,,,No data,,,,,2025-09-09T13:40:51.93+02:00,2023,2023-01-01T00:00:00+01:00,2023-12-31T00:00:00+01:00
7710062,NTD_RAB2,COUNTRY,CRI,YEAR,AMR,Americas,,2015,,,,,,,,0,0.0,,,,2024-06-03T07:26:23.447+02:00,2015,2015-01-01T00:00:00+01:00,2015-12-31T00:00:00+01:00
7715235,NTD_RAB2,COUNTRY,GHA,YEAR,AFR,Africa,,2012,,,,,,,,No data,,,,,2024-06-03T07:26:23.447+02:00,2012,2012-01-01T00:00:00+01:00,2012-12-31T00:00:00+01:00
7716515,NTD_RAB2,COUNTRY,ARE,YEAR,EMR,Eastern Mediterranean,,2021,,,,,,,,No data,,,,,2024-06-03T07:26:23.447+02:00,2021,2021-01-01T00:00:00+01:00,2021-12-31T00:00:00+01:00
7729865,NTD_RAB2,COUNTRY,POL,YEAR,EUR,Europe,,2010,,,,,,,,0,0.0,,,,2024-06-03T07:26:23.447+02:00,2010,2010-01-01T00:00:00+01:00,2010-12-31T00:00:00+01:00
7730516,NTD_RAB2,COUNTRY,NLD,YEAR,EUR,Europe,,2018,,,,,,,,0,0.0,,,,2024-06-03T07:26:23.447+02:00,2018,2018-01-01T00:00:00+01:00,2018-12-31T00:00:00+01:00
7743932,NTD_RAB2,COUNTRY,DZA,YEAR,AFR,Africa,,2024,,,,,,,,11,11.0,,,,2025-10-30T17:51:54.843+01:00,2024,2024-01-01T00:00:00+01:00,2024-12-31T00:00:00+01:00
7750934,NTD_RAB2,COUNTRY,TUR,YEAR,EUR,Europe,,2024,,,,,,,,1,1.0,,,,2026-07-15T14:04:38.643+02:00,2024,2024-01-01T00:00:00+01:00,2024-12-31T00:00:00+01:00
7763762,NTD_RAB2,COUNTRY,TJK,YEAR,EUR,Europe,,2011,,,,,,,,No data,,,,,2024-06-03T07:26:23.447+02:00,2011,2011-01-01T00:00:00+01:00,2011-12-31T00:00:00+01:00
7769643,NTD_RAB2,COUNTRY,ISR,YEAR,EUR,Europe,,2020,,,,,,,,No data,,,,,2024-06-03T07:26:23.447+02:00,2020,2020-01-01T00:00:00+01:00,2020-12-31T00:00:00+01:00
7776382,NTD_RAB2,COUNTRY,TUV,YEAR,WPR,Western Pacific,,2012,,,,,,,,No data,,,,,2024-06-03T07:26:23.447+02:00,2012,2012-01-01T00:00:00+01:00,2012-12-31T00:00:00+01:00
7781408,NTD_RAB2,COUNTRY,BRN,YEAR,WPR,Western Pacific,,2024,,,,,,,,0,0.0,,,,2025-09-09T13:40:51.93+02:00,2024,2024-01-01T00:00:00+01:00,2024-12-31T00:00:00+01:00
7783520,NTD_RAB2,COUNTRY,COG,YEAR,AFR,Africa,,2024,,,,,,,,No data,,,,,2025-09-09T13:40:51.93+02:00,2024,2024-01-01T00:00:00+01:00,2024-12-31T00:00:00+01:00
7788231,NTD_RAB2,COUNTRY,BRN,YEAR,WPR,Western Pacific,,2014,,,,,,,,0,0.0,,,,2024-06-03T07:26:23.447+02:00,2014,2014-01-01T00:00:00+01:00,2014-12-31T00:00:00+01:00
7801350,NTD_RAB2,COUNTRY,GBR,YEAR,EUR,Europe,,2013,,,,,,,,0,0.0,,,,2024-06-03T07:26:23.447+02:00,2013,2013-01-01T00:00:00+01:00,2013-12-31T00:00:00+01:00
7802028,NTD_RAB2,COUNTRY,ESP,YEAR,EUR,Europe,,2011,,,,,,,,0,0.0,,,,2024-06-03T07:26:23.447+02:00,2011,2011-01-01T00:00:00+01:00,2011-12-31T00:00:00+01:00
7803461,NTD_RAB2,COUNTRY,CPV,YEAR,AFR,Africa,,2020,,,,,,,,No data,,,,,2024-06-03T07:26:23.447+02:00,2020,2020-01-01T00:00:00+01:00,2020-12-31T00:00:00+01:00
7803669,NTD_RAB2,COUNTRY,BGR,YEAR,EUR,Europe,,2014,,,,,,,,0,0.0,,,,2024-06-03T07:26:23.447+02:00,2014,2014-01-01T00:00:00+01:00,2014-12-31T00:00:00+01:00
7807498,NTD_RAB2,COUNTRY,PRT,YEAR,EUR,Europe,,2024,,,,,,,,No data,,,,,2025-09-09T13:40:51.93+02:00,2024,2024-01-01T00:00:00+01:00,2024-12-31T00:00:00+01:00
7808348,NTD_RAB2,COUNTRY,MEX,YEAR,AMR,Americas,,2011,,,,,,,,6,6.0,,,,2024-06-03T07:26:23.447+02:00,2011,2011-01-01T00:00:00+01:00,2011-12-31T00:00:00+01:00
7810036,NTD_RAB2,COUNTRY,DZA,YEAR,AFR,Africa,,2017,,,,,,,,20,20.0,,,,2024-06-03T07:26:23.447+02:00,2017,2017-01-01T00:00:00+01:00,2017-12-31T00:00:00+01:00
7816354,NTD_RAB2,COUNTRY,CPV,YEAR,AFR,Africa,,2013,,,,,,,,No data,,,,,2024-06-03T07:26:23.447+02:00,2013,2013-01-01T00:00:00+01:00,2013-12-31T00:00:00+01:00
7816561,NTD_RAB2,COUNTRY,CHE,YEAR,EUR,Europe,,2011,,,,,,,,0,0.0,,,,2024-06-03T07:26:23.447+02:00,2011,2011-01-01T00:00:00+01:00,2011-12-31T00:00:00+01:00
7827574,NTD_RAB2,COUNTRY,AFG,YEAR,EMR,Eastern Mediterranean,,2024,,,,,,,,641,641.0,,,,2026-07-15T14:04:38.643+02:00,2024,2024-01-01T00:00:00+01:00,2024-12-31T00:00:00+01:00
7830174,NTD_RAB2,COUNTRY,SUR,YEAR,AMR,Americas,,2012,,,,,,,,0,0.0,,,,2024-06-03T07:26:23.447+02:00,2012,2012-01-01T00:00:00+01:00,2012-12-31T00:00:00+01:00
7842503,NTD_RAB2,COUNTRY,AGO,YEAR,AFR,Africa,,2010,,,,,,,,No data,,,,,2024-06-03T07:26:23.447+02:00,2010,2010-01-01T00:00:00+01:00,2010-12-31T00:00:00+01:00
7842610,NTD_RAB2,COUNTRY,SRB,YEAR,EUR,Europe,,2016,,,,,,,,0,0.0,,,,2024-06-03T07:26:23.447+02:00,2016,2016-01-01T00:00:00+01:00,2016-12-31T00:00:00+01:00
7855656,NTD_RAB2,COUNTRY,MOZ,YEAR,AFR,Africa,,2021,,,,,,,,No data,,,,,2024-06-03T07:26:23.447+02:00,2021,2021-01-01T00:00:00+01:00,2021-12-31T00:00:00+01:00
7856511,NTD_RAB2,COUNTRY,HUN,YEAR,EUR,Europe,,2010,,,,,,,,0,0.0,,,,2024-06-03T07:26:23.447+02:00,2010,2010-01-01T00:00:00+01:00,2010-12-31T00:00:00+01:00
7861242,NTD_RAB2,COUNTRY,MDA,YEAR,EUR,Europe,,2024,,,,,,,,No data,,,,,2025-09-09T13:40:51.93+02:00,2024,2024-01-01T00:00:00+01:00,2024-12-31T00:00:00+01:00
7861451,NTD_RAB2,COUNTRY,AFG,YEAR,EMR,Eastern Mediterranean,,2014,,,,,,,,No data,,,,,2024-06-03T07:26:23.447+02:00,2014,2014-01-01T00:00:00+01:00,2014-12-31T00:00:00+01:00
7868361,NTD_RAB2,COUNTRY,COK,YEAR,WPR,Western Pacific,,2010,,,,,,,,No data,,,,,2024-06-03T07:26:23.447+02:00,2010,2010-01-01T00:00:00+01:00,2010-12-31T00:00:00+01:00
7875439,NTD_RAB2,COUNTRY,PLW,YEAR,WPR,Western Pacific,,2011,,,,,,,,No data,,,,,2024-06-03T07:26:23.447+02:00,2011,2011-01-01T00:00:00+01:00,2011-12-31T00:00:00+01:00
7880808,NTD_RAB2,COUNTRY,OMN,YEAR,EMR,Eastern Mediterranean,,2018,,,,,,,,0,0.0,,,,2024-06-03T07:26:23.447+02:00,2018,2018-01-01T00:00:00+01:00,2018-12-31T00:00:00+01:00
7881662,NTD_RAB2,COUNTRY,BLZ,YEAR,AMR,Americas,,2022,,,,,,,,0,0.0,,,,2026-07-15T14:04:38.643+02:00,2022,2022-01-01T00:00:00+01:00,2022-12-31T00:00:00+01:00
7887389,NTD_RAB2,COUNTRY,SYC,YEAR,AFR,Africa,,2011,,,,,,,,0,0.0,,,,2024-06-03T07:26:23.447+02:00,2011,2011-01-01T00:00:00+01:00,2011-12-31T00:00:00+01:00
7887963,NTD_RAB2,COUNTRY,ROU,YEAR,EUR,Europe,,2010,,,,,,,,0,0.0,,,,2024-06-03T07:26:23.447+02:00,2010,2010-01-01T00:00:00+01:00,2010-12-31T00:00:00+01:00
7894028,NTD_RAB2,COUNTRY,HND,YEAR,AMR,Americas,,2012,,,,,,,,0,0.0,,,,2024-06-03T07:26:23.447+02:00,2012,2012-01-01T00:00:00+01:00,2012-12-31T00:00:00+01:00
7914748,NTD_RAB2,COUNTRY,GRC,YEAR,EUR,Europe,,2012,,,,,,,,0,0.0,,,,2024-06-03T07:26:23.447+02:00,2012,2012-01-01T00:00:00+01:00,2012-12-31T00:00:00+01:00
7915438,NTD_RAB2,COUNTRY,BRB,YEAR,AMR,Americas,,2024,,,,,,,,0,0.0,,,,2026-07-15T14:04:38.643+02:00,2024,2024-01-01T00:00:00+01:00,2024-12-31T00:00:00+01:00
7927751,NTD_RAB2,COUNTRY,COD,YEAR,AFR,Africa,,2012,,,,,,,,No data,,,,,2024-06-03T07:26:23.447+02:00,2012,2012-01-01T00:00:00+01:00,2012-12-31T00:00:00+01:00
7933142,NTD_RAB2,COUNTRY,PAN,YEAR,AMR,Americas,,2019,,,,,,,,0,0.0,,,,2024-06-03T07:26:23.447+02:00,2019,2019-01-01T00:00:00+01:00,2019-12-31T00:00:00+01:00
7939369,NTD_RAB2,COUNTRY,DOM,YEAR,AMR,Americas,,2019,,,,,,,,1,1.0,,,,2024-06-03T07:26:23.447+02:00,2019,2019-01-01T00:00:00+01:00,2019-12-31T00:00:00+01:00
7941401,NTD_RAB2,COUNTRY,BGD,YEAR,SEAR,South-East Asia,,2014,,,,,,,,No data,,,,,2024-06-03T07:26:23.447+02:00,2014,2014-01-01T00:00:00+01:00,2014-12-31T00:00:00+01:00
7948300,NTD_RAB2,COUNTRY,MLI,YEAR,AFR,Africa,,2023,,,,,,,,41,41.0,,,,2025-09-09T13:40:51.93+02:00,2023,2023-01-01T00:00:00+01:00,2023-12-31T00:00:00+01:00
7952820,NTD_RAB2,COUNTRY,DEU,YEAR,EUR,Europe,,2014,,,,,,,,0,0.0,,,,2024-06-03T07:26:23.447+02:00,2014,2014-01-01T00:00:00+01:00,2014-12-31T00:00:00+01:00
7952904,NTD_RAB2,COUNTRY,GBR,YEAR,EUR,Europe,,2015,,,,,,,,0,0.0,,,,2024-06-03T07:26:23.447+02:00,2015,2015-01-01T00:00:00+01:00,2015-12-31T00:00:00+01:00
7959382,NTD_RAB2,COUNTRY,MUS,YEAR,AFR,Africa,,2017,,,,,,,,No data,,,,,2024-06-03T07:26:23.447+02:00,2017,2017-01-01T00:00:00+01:00,2017-12-31T00:00:00+01:00
7959551,NTD_RAB2,COUNTRY,PLW,YEAR,WPR,Western Pacific,,2024,,,,,,,,No data,,,,,2025-09-09T13:40:51.93+02:00,2024,2024-01-01T00:00:00+01:00,2024-12-31T00:00:00+01:00
7966892,NTD_RAB2,COUNTRY,CUB,YEAR,AMR,Americas,,2015,,,,,,,,1,1.0,,,,2024-06-03T07:26:23.447+02:00,2015,2015-01-01T00:00:00+01:00,2015-12-31T00:00:00+01:00
7979514,NTD_RAB2,COUNTRY,HUN,YEAR,EUR,Europe,,2022,,,,,,,,0,0.0,,,,2024-06-03T07:26:23.447+02:00,2022,2022-01-01T00:00:00+01:00,2022-12-31T00:00:00+01:00
7986803,NTD_RAB2,COUNTRY,CAN,YEAR,AMR,Americas,,2017,,,,,,,,0,0.0,,,,2024-06-03T07:26:23.447+02:00,2017,2017-01-01T00:00:00+01:00,2017-12-31T00:00:00+01:00
7987057,NTD_RAB2,COUNTRY,GHA,YEAR,AFR,Africa,,2015,,,,,,,,15,15.0,,,,2024-06-03T07:26:23.447+02:00,2015,2015-01-01T00:00:00+01:00,2015-12-31T00:00:00+01:00
7987120,NTD_RAB2,COUNTRY,AFG,YEAR,EMR,Eastern Mediterranean,,2013,,,,,,,,No data,,,,,2024-06-03T07:26:23.447+02:00,2013,2013-01-01T00:00:00+01:00,2013-12-31T00:00:00+01:00
7988595,NTD_RAB2,COUNTRY,KWT,YEAR,EMR,Eastern Mediterranean,,2015,,,,,,,,0,0.0,,,,2024-06-03T07:26:23.447+02:00,2015,2015-01-01T00:00:00+01:00,2015-12-31T00:00:00+01:00
7994924,NTD_RAB2,COUNTRY,BLR,YEAR,EUR,Europe,,2018,,,,,,,,0,0.0,,,,2024-06-03T07:26:23.447+02:00,2018,2018-01-01T00:00:00+01:00,2018-12-31T00:00:00+01:00
8007163,NTD_RAB2,COUNTRY,NRU,YEAR,WPR,Western Pacific,,2015,,,,,,,,No data,,,,,2024-06-03T07:26:23.447+02:00,2015,2015-01-01T00:00:00+01:00,2015-12-31T00:00:00+01:00
8008175,NTD_RAB2,COUNTRY,URY,YEAR,AMR,Americas,,2011,,,,,,,,0,0.0,,,,2024-06-03T07:26:23.447+02:00,2011,2011-01-01T00:00:00+01:00,2011-12-31T00:00:00+01:00
8014890,NTD_RAB2,COUNTRY,ROU,YEAR,EUR,Europe,,2016,,,,,,,,0,0.0,,,,2024-06-03T07:26:23.447+02:00,2016,2016-01-01T00:00:00+01:00,2016-12-31T00:00:00+01:00
8033303,NTD_RAB2,COUNTRY,MDV,YEAR,SEAR,South-East Asia,,2015,,,,,,,,No data,,,,,2024-06-03T07:26:23.447+02:00,2015,2015-01-01T00:00:00+01:00,2015-12-31T00:00:00+01:00
8046955,NTD_RAB2,COUNTRY,LUX,YEAR,EUR,Europe,,2023,,,,,,,,0,0.0,,,,2025-09-09T13:40:51.93+02:00,2023,2023-01-01T00:00:00+01:00,2023-12-31T00:00:00+01:00
8053101,NTD_RAB2,COUNTRY,BFA,YEAR,AFR,Africa,,2016,,,,,,,,No data,,,,,2024-06-03T07:26:23.447+02:00,2016,2016-01-01T00:00:00+01:00,2016-12-31T00:00:00+01:00
8054473,NTD_RAB2,COUNTRY,IND,YEAR,SEAR,South-East Asia,,2019,,,,,,,,247,247.0,,,,2025-09-09T13:40:51.93+02:00,2019,2019-01-01T00:00:00+01:00,2019-12-31T00:00:00+01:00
8058726,NTD_RAB2,COUNTRY,SGP,YEAR,WPR,Western Pacific,,2015,,,,,,,,No data,,,,,2024-06-03T07:26:23.447+02:00,2015,2015-01-01T00:00:00+01:00,2015-12-31T00:00:00+01:00
8060765,NTD_RAB2,COUNTRY,CIV,YEAR,AFR,Africa,,2013,,,,,,,,No data,,,,,2024-06-03T07:26:23.447+02:00,2013,2013-01-01T00:00:00+01:00,2013-12-31T00:00:00+01:00
8071558,NTD_RAB2,COUNTRY,ARM,YEAR,EUR,Europe,,2010,,,,,,,,0,0.0,,,,2024-06-03T07:26:23.447+02:00,2010,2010-01-01T00:00:00+01:00,2010-12-31T00:00:00+01:00
8079110,NTD_RAB2,COUNTRY,ISL,YEAR,EUR,Europe,,2015,,,,,,,,No data,,,,,2024-06-03T07:26:23.447+02:00,2015,2015-01-01T00:00:00+01:00,2015-12-31T00:00:00+01:00
8093619,NTD_RAB2,COUNTRY,FSM,YEAR,WPR,Western Pacific,,2021,,,,,,,,No data,,,,,2024-06-03T07:26:23.447+02:00,2021,2021-01-01T00:00:00+01:00,2021-12-31T00:00:00+01:00
8106052,NTD_RAB2,COUNTRY,CRI,YEAR,AMR,Americas,,2019,,,,,,,,0,0.0,,,,2024-06-03T07:26:23.447+02:00,2019,2019-01-01T00:00:00+01:00,2019-12-31T00:00:00+01:00
8111312,NTD_RAB2,COUNTRY,NIU,YEAR,WPR,Western Pacific,,2010,,,,,,,,No data,,,,,2024-06-03T07:26:23.447+02:00,2010,2010-01-01T00:00:00+01:00,2010-12-31T00:00:00+01:00
8112541,NTD_RAB2,COUNTRY,GNB,YEAR,AFR,Africa,,2014,,,,,,,,6,6.0,,,,2024-06-03T07:26:23.447+02:00,2014,2014-01-01T00:00:00+01:00,2014-12-31T00:00:00+01:00
8125400,NTD_RAB2,COUNTRY,LSO,YEAR,AFR,Africa,,2014,,,,,,,,No data,,,,,2024-06-03T07:26:23.447+02:00,2014,2014-01-01T00:00:00+01:00,2014-12-31T00:00:00+01:00
8125575,NTD_RAB2,COUNTRY,NGA,YEAR,AFR,Africa,,2012,,,,,,,,No data,,,,,2024-06-03T07:26:23.447+02:00,2012,2012-01-01T00:00:00+01:00,2012-12-31T00:00:00+01:00
8131529,NTD_RAB2,COUNTRY,YEM,YEAR,EMR,Eastern Mediterranean,,2021,,,,,,,,43,43.0,,,,2024-06-03T07:26:23.447+02:00,2021,2021-01-01T00:00:00+01:00,2021-12-31T00:00:00+01:00
8139062,NTD_RAB2,COUNTRY,BGD,YEAR,SEAR,South-East Asia,,2011,,,,,,,,No data,,,,,2024-06-03T07:26:23.447+02:00,2011,2011-01-01T00:00:00+01:00,2011-12-31T00:00:00+01:00
8146829,NTD_RAB2,COUNTRY,ITA,YEAR,EUR,Europe,,2018,,,,,,,,0,0.0,,,,2024-06-03T07:26:23.447+02:00,2018,2018-01-01T00:00:00+01:00,2018-12-31T00:00:00+01:00
8157580,NTD_RAB2,COUNTRY,NAM,YEAR,AFR,Africa,,2013,,,,,,,,No data,,,,,2024-06-03T07:26:23.447+02:00,2013,2013-01-01T00:00:00+01:00,2013-12-31T00:00:00+01:00
8164756,NTD_RAB2,COUNTRY,BWA,YEAR,AFR,Africa,,2018,,,,,,,,No data,,,,,2024-06-03T07:26:23.447+02:00,2018,2018-01-01T00:00:00+01:00,2018-12-31T00:00:00+01:00
8171359,NTD_RAB2,COUNTRY,ETH,YEAR,AFR,Africa,,2017,,,,,,,,17,17.0,,,,2024-06-03T07:26:23.447+02:00,2017,2017-01-01T00:00:00+01:00,2017-12-31T00:00:00+01:00
8172475,NTD_RAB2,COUNTRY,GNQ,YEAR,AFR,Africa,,2013,,,,,,,,No data,,,,,2024-06-03T07:26:23.447+02:00,2013,2013-01-01T00:00:00+01:00,2013-12-31T00:00:00+01:00
8191990,NTD_RAB2,COUNTRY,PHL,YEAR,WPR,Western Pacific,,2015,,,,,,,,217,217.0,,,,2024-06-03T07:26:23.447+02:00,2015,2015-01-01T00:00:00+01:00,2015-12-31T00:00:00+01:00
8192527,NTD_RAB2,COUNTRY,COK,YEAR,WPR,Western Pacific,,2011,,,,,,,,No data,,,,,2024-06-03T07:26:23.447+02:00,2011,2011-01-01T00:00:00+01:00,2011-12-31T00:00:00+01:00
8199463,NTD_RAB2,COUNTRY,ARM,YEAR,EUR,Europe,,2014,,,,,,,,No data,,,,,2024-06-03T07:26:23.447+02:00,2014,2014-01-01T00:00:00+01:00,2014-12-31T00:00:00+01:00
8199529,NTD_RAB2,COUNTRY,MDV,YEAR,SEAR,South-East Asia,,2012,,,,,,,,No data,,,,,2024-06-03T07:26:23.447+02:00,2012,2012-01-01T00:00:00+01:00,2012-12-31T00:00:00+01:00
8209975,NTD_RAB2,COUNTRY,AZE,YEAR,EUR,Europe,,2010,,,,,,,,No data,,,,,2024-06-03T07:26:23.447+02:00,2010,2010-01-01T00:00:00+01:00,2010-12-31T00:00:00+01:00
8210592,NTD_RAB2,COUNTRY,MUS,YEAR,AFR,Africa,,2020,,,,,,,,No data,,,,,2024-06-03T07:26:23.447+02:00,2020,2020-01-01T00:00:00+01:00,2020-12-31T00:00:00+01:00
8212372,NTD_RAB2,COUNTRY,NZL,YEAR,WPR,Western Pacific,,2011,,,,,,,,0,0.0,,,,2024-06-03T07:26:23.447+02:00,2011,2011-01-01T00:00:00+01:00,2011-12-31T00:00:00+01:00
8218080,NTD_RAB2,COUNTRY,MYS,YEAR,WPR,Western Pacific,,2017,,,,,,,,6,6.0,,,,2024-06-03T07:26:23.447+02:00,2017,2017-01-01T00:00:00+01:00,2017-12-31T00:00:00+01:00
8231846,NTD_RAB2,COUNTRY,ARM,YEAR,EUR,Europe,,2022,,,,,,,,No data,,,,,2024-06-03T07:26:23.447+02:00,2022,2022-01-01T00:00:00+01:00,2022-12-31T00:00:00+01:00
8244704,NTD_RAB2,COUNTRY,SMR,YEAR,EUR,Europe,,2012,,,,,,,,No data,,,,,2024-06-03T07:26:23.447+02:00,2012,2012-01-01T00:00:00+01:00,2012-12-31T00:00:00+01:00
8257863,NTD_RAB2,COUNTRY,KWT,YEAR,EMR,Eastern Mediterranean,,2010,,,,,,,,0,0.0,,,,2024-06-03T07:26:23.447+02:00,2010,2010-01-01T00:00:00+01:00,2010-12-31T00:00:00+01:00
8262797,NTD_RAB2,COUNTRY,IDN,YEAR,WPR,Western Pacific,,2015,,,,,,,,No data,,,,,2024-06-03T07:26:23.447+02:00,2015,2015-01-01T00:00:00+01:00,2015-12-31T00:00:00+01:00
8264345,NTD_RAB2,COUNTRY,UZB,YEAR,EUR,Europe,,2024,,,,,,,,No data,,,,,2025-09-09T13:40:51.93+02:00,2024,2024-01-01T00:00:00+01:00,2024-12-31T00:00:00+01:00
8264750,NTD_RAB2,COUNTRY,MOZ,YEAR,AFR,Africa,,2018,,,,,,,,No data,,,,,2024-06-03T07:26:23.447+02:00,2018,2018-01-01T00:00:00+01:00,2018-12-31T00:00:00+01:00
8275543,NTD_RAB2,COUNTRY,JOR,YEAR,EMR,Eastern Mediterranean,,2020,,,,,,,,0,0.0,,,,2024-06-03T07:26:23.447+02:00,2020,2020-01-01T00:00:00+01:00,2020-12-31T00:00:00+01:00
8281895,NTD_RAB2,COUNTRY,BGR,YEAR,EUR,Europe,,2012,,,,,,,,0,0.0,,,,2024-06-03T07:26:23.447+02:00,2012,2012-01-01T00:00:00+01:00,2012-12-31T00:00:00+01:00
8289170,NTD_RAB2,COUNTRY,MDG,YEAR,AFR,Africa,,2023,,,,,,,,No data,,,,,2025-09-09T13:40:51.93+02:00,2023,2023-01-01T00:00:00+01:00,2023-12-31T00:00:00+01:00
8289410,NTD_RAB2,COUNTRY,KEN,YEAR,AFR,Africa,,2019,,,,,,,,No data,,,,,2024-06-03T07:26:23.447+02:00,2019,2019-01-01T00:00:00+01:00,2019-12-31T00:00:00+01:00
8290497,NTD_RAB2,COUNTRY,SVK,YEAR,EUR,Europe,,2013,,,,,,,,0,0.0,,,,2024-06-03T07:26:23.447+02:00,2013,2013-01-01T00:00:00+01:00,2013-12-31T00:00:00+01:00
8295144,NTD_RAB2,COUNTRY,GEO,YEAR,EUR,Europe,,2013,,,,,,,,3,3.0,,,,2024-06-03T07:26:23.447+02:00,2013,2013-01-01T00:00:00+01:00,2013-12-31T00:00:00+01:00
8302684,NTD_RAB2,COUNTRY,HND,YEAR,AMR,Americas,,2017,,,,,,,,0,0.0,,,,2024-06-03T07:26:23.447+02:00,2017,2017-01-01T00:00:00+01:00,2017-12-31T00:00:00+01:00
8308927,NTD_RAB2,COUNTRY,SYC,YEAR,AFR,Africa,,2013,,,,,,,,0,0.0,,,,2024-06-03T07:26:23.447+02:00,2013,2013-01-01T00:00:00+01:00,2013-12-31T00:00:00+01:00
8315790,NTD_RAB2,COUNTRY,THA,YEAR,SEAR,South-East Asia,,2020,,,,,,,,3,3.0,,,,2024-06-03T07:26:23.447+02:00,2020,2020-01-01T00:00:00+01:00,2020-12-31T00:00:00+01:00
8316547,NTD_RAB2,COUNTRY,LBY,YEAR,EMR,Eastern Mediterranean,,2017,,,,,,,,No data,,,,,2024-06-03T07:26:23.447+02:00,2017,2017-01-01T00:00:00+01:00,2017-12-31T00:00:00+01:00
8321834,NTD_RAB2,COUNTRY,GBR,YEAR,EUR,Europe,,2011,,,,,,,,0,0.0,,,,2024-06-03T07:26:23.447+02:00,2011,2011-01-01T00:00:00+01:00,2011-12-31T00:00:00+01:00
8328865,NTD_RAB2,COUNTRY,SOM,YEAR,EMR,Eastern Mediterranean,,2018,,,,,,,,No data,,,,,2024-06-03T07:26:23.447+02:00,2018,2018-01-01T00:00:00+01:00,2018-12-31T00:00:00+01:00
8335303,NTD_RAB2,COUNTRY,PRK,YEAR,SEAR,South-East Asia,,2024,,,,,,,,No data,,,,,2025-09-09T13:40:51.93+02:00,2024,2024-01-01T00:00:00+01:00,2024-12-31T00:00:00+01:00
8336100,NTD_RAB2,COUNTRY,SWE,YEAR,EUR,Europe,,2019,,,,,,,,No data,,,,,2024-06-03T07:26:23.447+02:00,2019,2019-01-01T00:00:00+01:00,2019-12-31T00:00:00+01:00
8341455,NTD_RAB2,COUNTRY,ISR,YEAR,EUR,Europe,,2015,,,,,,,,No data,,,,,2024-06-03T07:26:23.447+02:00,2015,2015-01-01T00:00:00+01:00,2015-12-31T00:00:00+01:00
8343170,NTD_RAB2,COUNTRY,ATG,YEAR,AMR,Americas,,2010,,,,,,,,0,0.0,,,,2024-06-03T07:26:23.447+02:00,2010,2010-01-01T00:00:00+01:00,2010-12-31T00:00:00+01:00
8349197,NTD_RAB2,COUNTRY,KEN,YEAR,AFR,Africa,,2013,,,,,,,,No data,,,,,2024-06-03T07:26:23.447+02:00,2013,2013-01-01T00:00:00+01:00,2013-12-31T00:00:00+01:00
8349633,NTD_RAB2,COUNTRY,SOM,YEAR,EMR,Eastern Mediterranean,,2019,,,,,,,,No data,,,,,2024-06-03T07:26:23.447+02:00,2019,2019-01-01T00:00:00+01:00,2019-12-31T00:00:00+01:00
8356216,NTD_RAB2,COUNTRY,LKA,YEAR,SEAR,South-East Asia,,2023,,,,,,,,16,16.0,,,,2025-09-09T13:40:51.93+02:00,2023,2023-01-01T00:00:00+01:00,2023-12-31T00:00:00+01:00
8361251,NTD_RAB2,COUNTRY,NAM,YEAR,AFR,Africa,,2017,,,,,,,,No data,,,,,2024-06-03T07:26:23.447+02:00,2017,2017-01-01T00:00:00+01:00,2017-12-31T00:00:00+01:00
8363404,NTD_RAB2,COUNTRY,KGZ,YEAR,EUR,Europe,,2018,,,,,,,,3,3.0,,,,2024-06-03T07:26:23.447+02:00,2018,2018-01-01T00:00:00+01:00,2018-12-31T00:00:00+01:00
8369053,NTD_RAB2,COUNTRY,GRD,YEAR,AMR,Americas,,2022,,,,,,,,0,0.0,,,,2026-07-15T14:04:38.643+02:00,2022,2022-01-01T00:00:00+01:00,2022-12-31T00:00:00+01:00
8370368,NTD_RAB2,COUNTRY,VCT,YEAR,AMR,Americas,,2024,,,,,,,,0,0.0,,,,2026-07-15T14:04:38.643+02:00,2024,2024-01-01T00:00:00+01:00,2024-12-31T00:00:00+01:00
8375822,NTD_RAB2,COUNTRY,PRT,YEAR,EUR,Europe,,2022,,,,,,,,0,0.0,,,,2024-06-03T07:26:23.447+02:00,2022,2022-01-01T00:00:00+01:00,2022-12-31T00:00:00+01:00
8376029,NTD_RAB2,COUNTRY,URY,YEAR,AMR,Americas,,2016,,,,,,,,0,0.0,,,,2024-06-03T07:26:23.447+02:00,2016,2016-01-01T00:00:00+01:00,2016-12-31T00:00:00+01:00
8376821,NTD_RAB2,COUNTRY,PAK,YEAR,EMR,Eastern Mediterranean,,2014,,,,,,,,No data,,,,,2024-06-03T07:26:23.447+02:00,2014,2014-01-01T00:00:00+01:00,2014-12-31T00:00:00+01:00
8396982,NTD_RAB2,COUNTRY,ITA,YEAR,EUR,Europe,,2023,,,,,,,,0,0.0,,,,2025-09-09T13:40:51.93+02:00,2023,2023-01-01T00:00:00+01:00,2023-12-31T00:00:00+01:00
8403448,NTD_RAB2,COUNTRY,MDV,YEAR,SEAR,South-East Asia,,2022,,,,,,,,No data,,,,,2024-06-03T07:26:23.447+02:00,2022,2022-01-01T00:00:00+01:00,2022-12-31T00:00:00+01:00
8407303,NTD_RAB2,COUNTRY,HRV,YEAR,EUR,Europe,,2018,,,,,,,,0,0.0,,,,2024-06-03T07:26:23.447+02:00,2018,2018-01-01T00:00:00+01:00,2018-12-31T00:00:00+01:00
8409303,NTD_RAB2,COUNTRY,SLE,YEAR,AFR,Africa,,2017,,,,,,,,No data,,,,,2025-09-09T13:40:51.93+02:00,2017,2017-01-01T00:00:00+01:00,2017-12-31T00:00:00+01:00
8414177,NTD_RAB2,COUNTRY,CMR,YEAR,AFR,Africa,,2017,,,,,,,,No data,,,,,2024-06-03T07:26:23.447+02:00,2017,2017-01-01T00:00:00+01:00,2017-12-31T00:00:00+01:00
8428105,NTD_RAB2,COUNTRY,AUS,YEAR,WPR,Western Pacific,,2016,,,,,,,,No data,,,,,2024-06-03T07:26:23.447+02:00,2016,2016-01-01T00:00:00+01:00,2016-12-31T00:00:00+01:00
8428818,NTD_RAB2,COUNTRY,LVA,YEAR,EUR,Europe,,2020,,,,,,,,0,0.0,,,,2024-06-03T07:26:23.447+02:00,2020,2020-01-01T00:00:00+01:00,2020-12-31T00:00:00+01:00
8428955,NTD_RAB2,COUNTRY,HND,YEAR,AMR,Americas,,2010,,,,,,,,0,0.0,,,,2024-06-03T07:26:23.447+02:00,2010,2010-01-01T00:00:00+01:00,2010-12-31T00:00:00+01:00
8429947,NTD_RAB2,COUNTRY,TLS,YEAR,SEAR,South-East Asia,,2015,,,,,,,,No data,,,,,2024-06-03T07:26:23.447+02:00,2015,2015-01-01T00:00:00+01:00,2015-12-31T00:00:00+01:00
8442503,NTD_RAB2,COUNTRY,ATG,YEAR,AMR,Americas,,2024,,,,,,,,0,0.0,,,,2026-07-15T14:04:38.643+02:00,2024,2024-01-01T00:00:00+01:00,2024-12-31T00:00:00+01:00
8442609,NTD_RAB2,COUNTRY,TUN,YEAR,EMR,Eastern Mediterranean,,2015,,,,,,,,6,6.0,,,,2024-06-03T07:26:23.447+02:00,2015,2015-01-01T00:00:00+01:00,2015-12-31T00:00:00+01:00
8454368,NTD_RAB2,COUNTRY,AUT,YEAR,EUR,Europe,,2011,,,,,,,,0,0.0,,,,2024-06-03T07:26:23.447+02:00,2011,2011-01-01T00:00:00+01:00,2011-12-31T00:00:00+01:00
8454886,NTD_RAB2,COUNTRY,GBR,YEAR,EUR,Europe,,2016,,,,,,,,0,0.0,,,,2024-06-03T07:26:23.447+02:00,2016,2016-01-01T00:00:00+01:00,2016-12-31T00:00:00+01:00
8455247,NTD_RAB2,COUNTRY,SDN,YEAR,EMR,Eastern Mediterranean,,2020,,,,,,,,No data,,,,,2024-06-03T07:26:23.447+02:00,2020,2020-01-01T00:00:00+01:00,2020-12-31T00:00:00+01:00
8461706,NTD_RAB2,COUNTRY,RUS,YEAR,EUR,Europe,,2015,,,,,,,,6,6.0,,,,2024-06-03T07:26:23.447+02:00,2015,2015-01-01T00:00:00+01:00,2015-12-31T00:00:00+01:00
8466628,NTD_RAB2,COUNTRY,COM,YEAR,AFR,Africa,,2022,,,,,,,,No data,,,,,2024-06-03T07:26:23.447+02:00,2022,2022-01-01T00:00:00+01:00,2022-12-31T00:00:00+01:00
8482146,NTD_RAB2,COUNTRY,GUY,YEAR,AMR,Americas,,2013,,,,,,,,No data,,,,,2024-06-03T07:26:23.447+02:00,2013,2013-01-01T00:00:00+01:00,2013-12-31T00:00:00+01:00
8488605,NTD_RAB2,COUNTRY,NER,YEAR,AFR,Africa,,2017,,,,,,,,7,7.0,,,,2024-06-03T07:26:23.447+02:00,2017,2017-01-01T00:00:00+01:00,2017-12-31T00:00:00+01:00
8495550,NTD_RAB2,COUNTRY,VCT,YEAR,AMR,Americas,,2022,,,,,,,,0,0.0,,,,2026-07-15T14:04:38.643+02:00,2022,2022-01-01T00:00:00+01:00,2022-12-31T00:00:00+01:00
8501194,NTD_RAB2,COUNTRY,ALB,YEAR,EUR,Europe,,2024,,,,,,,,0,0.0,,,,2026-07-15T14:04:38.643+02:00,2024,2024-01-01T00:00:00+01:00,2024-12-31T00:00:00+01:00
8501506,NTD_RAB2,COUNTRY,GRC,YEAR,EUR,Europe,,2016,,,,,,,,0,0.0,,,,2024-06-03T07:26:23.447+02:00,2016,2016-01-01T00:00:00+01:00,2016-12-31T00:00:00+01:00
8508297,NTD_RAB2,COUNTRY,MLI,YEAR,AFR,Africa,,2018,,,,,,,,No data,,,,,2024-06-03T07:26:23.447+02:00,2018,2018-01-01T00:00:00+01:00,2018-12-31T00:00:00+01:00
8519747,NTD_RAB2,COUNTRY,DNK,YEAR,EUR,Europe,,2020,,,,,,,,0,0.0,,,,2024-06-03T07:26:23.447+02:00,2020,2020-01-01T00:00:00+01:00,2020-12-31T00:00:00+01:00
8522200,NTD_RAB2,COUNTRY,KEN,YEAR,AFR,Africa,,2020,,,,,,,,No data,,,,,2024-06-03T07:26:23.447+02:00,2020,2020-01-01T00:00:00+01:00,2020-12-31T00:00:00+01:00
8528776,NTD_RAB2,COUNTRY,TKM,YEAR,EUR,Europe,,2018,,,,,,,,0,0.0,,,,2024-06-03T07:26:23.447+02:00,2018,2018-01-01T00:00:00+01:00,2018-12-31T00:00:00+01:00
8540515,NTD_RAB2,COUNTRY,PLW,YEAR,WPR,Western Pacific,,2015,,,,,,,,No data,,,,,2024-06-03T07:26:23.447+02:00,2015,2015-01-01T00:00:00+01:00,2015-12-31T00:00:00+01:00
8542091,NTD_RAB2,COUNTRY,DMA,YEAR,AMR,Americas,,2020,,,,,,,,0,0.0,,,,2024-06-03T07:26:23.447+02:00,2020,2020-01-01T00:00:00+01:00,2020-12-31T00:00:00+01:00
8553070,NTD_RAB2,COUNTRY,AUT,YEAR,EUR,Europe,,2020,,,,,,,,0,0.0,,,,2024-06-03T07:26:23.447+02:00,2020,2020-01-01T00:00:00+01:00,2020-12-31T00:00:00+01:00
8561586,NTD_RAB2,COUNTRY,USA,YEAR,AMR,Americas,,2011,,,,,,,,7,7.0,,,,2024-06-03T07:26:23.447+02:00,2011,2011-01-01T00:00:00+01:00,2011-12-31T00:00:00+01:00
8573326,NTD_RAB2,COUNTRY,ESP,YEAR,EUR,Europe,,2024,,,,,,,,No data,,,,,2025-09-09T13:40:51.93+02:00,2024,2024-01-01T00:00:00+01:00,2024-12-31T00:00:00+01:00
8573786,NTD_RAB2,COUNTRY,TGO,YEAR,AFR,Africa,,2024,,,,,,,,21,21.0,,,,2025-10-30T17:51:54.843+01:00,2024,2024-01-01T00:00:00+01:00,2024-12-31T00:00:00+01:00
8574724,NTD_RAB2,COUNTRY,HND,YEAR,AMR,Americas,,2022,,,,,,,,0,0.0,,,,2026-07-15T14:04:38.643+02:00,2022,2022-01-01T00:00:00+01:00,2022-12-31T00:00:00+01:00
8586544,NTD_RAB2,COUNTRY,COM,YEAR,AFR,Africa,,2014,,,,,,,,No data,,,,,2024-06-03T07:26:23.447+02:00,2014,2014-01-01T00:00:00+01:00,2014-12-31T00:00:00+01:00
8588132,NTD_RAB2,COUNTRY,ISL,YEAR,EUR,Europe,,2011,,,,,,,,No data,,,,,2024-06-03T07:26:23.447+02:00,2011,2011-01-01T00:00:00+01:00,2011-12-31T00:00:00+01:00
8594821,NTD_RAB2,COUNTRY,SLE,YEAR,AFR,Africa,,2010,,,,,,,,No data,,,,,2024-06-03T07:26:23.447+02:00,2010,2010-01-01T00:00:00+01:00,2010-12-31T00:00:00+01:00
8600753,NTD_RAB2,COUNTRY,NER,YEAR,AFR,Africa,,2021,,,,,,,,No data,,,,,2024-06-03T07:26:23.447+02:00,2021,2021-01-01T00:00:00+01:00,2021-12-31T00:00:00+01:00
8607921,NTD_RAB2,COUNTRY,CAN,YEAR,AMR,Americas,,2011,,,,,,,,0,0.0,,,,2024-06-03T07:26:23.447+02:00,2011,2011-01-01T00:00:00+01:00,2011-12-31T00:00:00+01:00
8618348,NTD_RAB2,COUNTRY,ARE,YEAR,EMR,Eastern Mediterranean,,2019,,,,,,,,No data,,,,,2024-06-03T07:26:23.447+02:00,2019,2019-01-01T00:00:00+01:00,2019-12-31T00:00:00+01:00
8639884,NTD_RAB2,COUNTRY,ARE,YEAR,EMR,Eastern Mediterranean,,2015,,,,,,,,No data,,,,,2024-06-03T07:26:23.447+02:00,2015,2015-01-01T00:00:00+01:00,2015-12-31T00:00:00+01:00
8666247,NTD_RAB2,COUNTRY,TUV,YEAR,WPR,Western Pacific,,2010,,,,,,,,No data,,,,,2024-06-03T07:26:23.447+02:00,2010,2010-01-01T00:00:00+01:00,2010-12-31T00:00:00+01:00
8667254,NTD_RAB2,COUNTRY,BTN,YEAR,SEAR,South-East Asia,,2015,,,,,,,,0,0.0,,,,2024-06-03T07:26:23.447+02:00,2015,2015-01-01T00:00:00+01:00,2015-12-31T00:00:00+01:00
8671515,NTD_RAB2,COUNTRY,GTM,YEAR,AMR,Americas,,2012,,,,,,,,0,0.0,,,,2024-06-03T07:26:23.447+02:00,2012,2012-01-01T00:00:00+01:00,2012-12-31T00:00:00+01:00
8672370,NTD_RAB2,COUNTRY,ZWE,YEAR,AFR,Africa,,2024,,,,,,,,9,9.0,,,,2026-07-15T14:04:38.643+02:00,2024,2024-01-01T00:00:00+01:00,2024-12-31T00:00:00+01:00
8673899,NTD_RAB2,COUNTRY,URY,YEAR,AMR,Americas,,2013,,,,,,,,0,0.0,,,,2024-06-03T07:26:23.447+02:00,2013,2013-01-01T00:00:00+01:00,2013-12-31T00:00:00+01:00
8677920,NTD_RAB2,COUNTRY,ISR,YEAR,EUR,Europe,,2022,,,,,,,,No data,,,,,2024-06-03T07:26:23.447+02:00,2022,2022-01-01T00:00:00+01:00,2022-12-31T00:00:00+01:00
8711567,NTD_RAB2,COUNTRY,EST,YEAR,EUR,Europe,,2020,,,,,,,,0,0.0,,,,2024-06-03T07:26:23.447+02:00,2020,2020-01-01T00:00:00+01:00,2020-12-31T00:00:00+01:00
8719977,NTD_RAB2,COUNTRY,WSM,YEAR,WPR,Western Pacific,,2010,,,,,,,,No data,,,,,2024-06-03T07:26:23.447+02:00,2010,2010-01-01T00:00:00+01:00,2010-12-31T00:00:00+01:00
8720016,NTD_RAB2,COUNTRY,POL,YEAR,EUR,Europe,,2017,,,,,,,,0,0.0,,,,2024-06-03T07:26:23.447+02:00,2017,2017-01-01T00:00:00+01:00,2017-12-31T00:00:00+01:00
8725478,NTD_RAB2,COUNTRY,DMA,YEAR,AMR,Americas,,2011,,,,,,,,0,0.0,,,,2024-06-03T07:26:23.447+02:00,2011,2011-01-01T00:00:00+01:00,2011-12-31T00:00:00+01:00
8730745,NTD_RAB2,COUNTRY,KAZ,YEAR,EUR,Europe,,2010,,,,,,,,4,4.0,,,,2024-06-03T07:26:23.447+02:00,2010,2010-01-01T00:00:00+01:00,2010-12-31T00:00:00+01:00
8738188,NTD_RAB2,COUNTRY,JAM,YEAR,AMR,Americas,,2013,,,,,,,,0,0.0,,,,2024-06-03T07:26:23.447+02:00,2013,2013-01-01T00:00:00+01:00,2013-12-31T00:00:00+01:00
8738688,NTD_RAB2,COUNTRY,MRT,YEAR,AFR,Africa,,2011,,,,,,,,No data,,,,,2024-06-03T07:26:23.447+02:00,2011,2011-01-01T00:00:00+01:00,2011-12-31T00:00:00+01:00
8738873,NTD_RAB2,COUNTRY,AND,YEAR,EUR,Europe,,2013,,,,,,,,No data,,,,,2024-06-03T07:26:23.447+02:00,2013,2013-01-01T00:00:00+01:00,2013-12-31T00:00:00+01:00
8739267,NTD_RAB2,COUNTRY,KHM,YEAR,WPR,Western Pacific,,2012,,,,,,,,No data,,,,,2024-06-03T07:26:23.447+02:00,2012,2012-01-01T00:00:00+01:00,2012-12-31T00:00:00+01:00
8746717,NTD_RAB2,COUNTRY,BGR,YEAR,EUR,Europe,,2011,,,,,,,,0,0.0,,,,2024-06-03T07:26:23.447+02:00,2011,2011-01-01T00:00:00+01:00,2011-12-31T00:00:00+01:00
8752722,NTD_RAB2,COUNTRY,DZA,YEAR,AFR,Africa,,2011,,,,,,,,No data,,,,,2024-06-03T07:26:23.447+02:00,2011,2011-01-01T00:00:00+01:00,2011-12-31T00:00:00+01:00
8753210,NTD_RAB2,COUNTRY,COG,YEAR,AFR,Africa,,2013,,,,,,,,No data,,,,,2024-06-03T07:26:23.447+02:00,2013,2013-01-01T00:00:00+01:00,2013-12-31T00:00:00+01:00
8757780,NTD_RAB2,COUNTRY,TGO,YEAR,AFR,Africa,,2013,,,,,,,,No data,,,,,2024-06-03T07:26:23.447+02:00,2013,2013-01-01T00:00:00+01:00,2013-12-31T00:00:00+01:00
8765191,NTD_RAB2,COUNTRY,TKM,YEAR,EUR,Europe,,2014,,,,,,,,No data,,,,,2024-06-03T07:26:23.447+02:00,2014,2014-01-01T00:00:00+01:00,2014-12-31T00:00:00+01:00
8770494,NTD_RAB2,COUNTRY,ECU,YEAR,AMR,Americas,,2022,,,,,,,,0,0.0,,,,2026-07-15T14:04:38.643+02:00,2022,2022-01-01T00:00:00+01:00,2022-12-31T00:00:00+01:00
8783737,NTD_RAB2,COUNTRY,BTN,YEAR,SEAR,South-East Asia,,2023,,,,,,,,1,1.0,,,,2025-09-09T13:40:51.93+02:00,2023,2023-01-01T00:00:00+01:00,2023-12-31T00:00:00+01:00
8785661,NTD_RAB2,COUNTRY,TTO,YEAR,AMR,Americas,,2016,,,,,,,,0,0.0,,,,2024-06-03T07:26:23.447+02:00,2016,2016-01-01T00:00:00+01:00,2016-12-31T00:00:00+01:00
8797008,NTD_RAB2,COUNTRY,GMB,YEAR,AFR,Africa,,2021,,,,,,,,No data,,,,,2024-06-03T07:26:23.447+02:00,2021,2021-01-01T00:00:00+01:00,2021-12-31T00:00:00+01:00
8804458,NTD_RAB2,COUNTRY,SOM,YEAR,EMR,Eastern Mediterranean,,2020,,,,,,,,No data,,,,,2024-06-03T07:26:23.447+02:00,2020,2020-01-01T00:00:00+01:00,2020-12-31T00:00:00+01:00
8810270,NTD_RAB2,COUNTRY,YEM,YEAR,EMR,Eastern Mediterranean,,2010,,,,,,,,No data,,,,,2024-06-03T07:26:23.447+02:00,2010,2010-01-01T00:00:00+01:00,2010-12-31T00:00:00+01:00
8817286,NTD_RAB2,COUNTRY,MAR,YEAR,EMR,Eastern Mediterranean,,2014,,,,,,,,20,20.0,,,,2024-06-03T07:26:23.447+02:00,2014,2014-01-01T00:00:00+01:00,2014-12-31T00:00:00+01:00
8825919,NTD_RAB2,COUNTRY,BWA,YEAR,AFR,Africa,,2010,,,,,,,,No data,,,,,2024-06-03T07:26:23.447+02:00,2010,2010-01-01T00:00:00+01:00,2010-12-31T00:00:00+01:00
8856645,NTD_RAB2,COUNTRY,MAR,YEAR,EMR,Eastern Mediterranean,,2012,,,,,,,,6,6.0,,,,2024-06-03T07:26:23.447+02:00,2012,2012-01-01T00:00:00+01:00,2012-12-31T00:00:00+01:00
8872161,NTD_RAB2,COUNTRY,HUN,YEAR,EUR,Europe,,2024,,,,,,,,No data,,,,,2025-09-09T13:40:51.93+02:00,2024,2024-01-01T00:00:00+01:00,2024-12-31T00:00:00+01:00
8872242,NTD_RAB2,COUNTRY,KOR,YEAR,WPR,Western Pacific,,2012,,,,,,,,0,0.0,,,,2024-06-03T07:26:23.447+02:00,2012,2012-01-01T00:00:00+01:00,2012-12-31T00:00:00+01:00
8872463,NTD_RAB2,COUNTRY,BTN,YEAR,SEAR,South-East Asia,,2013,,,,,,,,No data,,,,,2024-06-03T07:26:23.447+02:00,2013,2013-01-01T00:00:00+01:00,2013-12-31T00:00:00+01:00
8876632,NTD_RAB2,COUNTRY,HND,YEAR,AMR,Americas,,2019,,,,,,,,0,0.0,,,,2024-06-03T07:26:23.447+02:00,2019,2019-01-01T00:00:00+01:00,2019-12-31T00:00:00+01:00
8896795,NTD_RAB2,COUNTRY,LTU,YEAR,EUR,Europe,,2011,,,,,,,,0,0.0,,,,2024-06-03T07:26:23.447+02:00,2011,2011-01-01T00:00:00+01:00,2011-12-31T00:00:00+01:00
8909234,NTD_RAB2,COUNTRY,CPV,YEAR,AFR,Africa,,2019,,,,,,,,No data,,,,,2024-06-03T07:26:23.447+02:00,2019,2019-01-01T00:00:00+01:00,2019-12-31T00:00:00+01:00
8923779,NTD_RAB2,COUNTRY,AFG,YEAR,EMR,Eastern Mediterranean,,2015,,,,,,,,No data,,,,,2024-06-03T07:26:23.447+02:00,2015,2015-01-01T00:00:00+01:00,2015-12-31T00:00:00+01:00
8929670,NTD_RAB2,COUNTRY,GRD,YEAR,AMR,Americas,,2012,,,,,,,,0,0.0,,,,2024-06-03T07:26:23.447+02:00,2012,2012-01-01T00:00:00+01:00,2012-12-31T00:00:00+01:00
8930282,NTD_RAB2,COUNTRY,BTN,YEAR,SEAR,South-East Asia,,2010,,,,,,,,No data,,,,,2024-06-03T07:26:23.447+02:00,2010,2010-01-01T00:00:00+01:00,2010-12-31T00:00:00+01:00
8935764,NTD_RAB2,COUNTRY,GAB,YEAR,AFR,Africa,,2015,,,,,,,,No data,,,,,2024-06-03T07:26:23.447+02:00,2015,2015-01-01T00:00:00+01:00,2015-12-31T00:00:00+01:00
8936538,NTD_RAB2,COUNTRY,BFA,YEAR,AFR,Africa,,2010,,,,,,,,No data,,,,,2024-06-03T07:26:23.447+02:00,2010,2010-01-01T00:00:00+01:00,2010-12-31T00:00:00+01:00
8938515,NTD_RAB2,COUNTRY,HTI,YEAR,AMR,Americas,,2012,,,,,,,,2,2.0,,,,2024-06-03T07:26:23.447+02:00,2012,2012-01-01T00:00:00+01:00,2012-12-31T00:00:00+01:00
8942688,NTD_RAB2,COUNTRY,PNG,YEAR,WPR,Western Pacific,,2014,,,,,,,,No data,,,,,2024-06-03T07:26:23.447+02:00,2014,2014-01-01T00:00:00+01:00,2014-12-31T00:00:00+01:00
8944342,NTD_RAB2,COUNTRY,BRB,YEAR,AMR,Americas,,2020,,,,,,,,0,0.0,,,,2024-06-03T07:26:23.447+02:00,2020,2020-01-01T00:00:00+01:00,2020-12-31T00:00:00+01:00
8950676,NTD_RAB2,COUNTRY,POL,YEAR,EUR,Europe,,2020,,,,,,,,0,0.0,,,,2024-06-03T07:26:23.447+02:00,2020,2020-01-01T00:00:00+01:00,2020-12-31T00:00:00+01:00
8957955,NTD_RAB2,COUNTRY,TUV,YEAR,WPR,Western Pacific,,2021,,,,,,,,No data,,,,,2024-06-03T07:26:23.447+02:00,2021,2021-01-01T00:00:00+01:00,2021-12-31T00:00:00+01:00
8962666,NTD_RAB2,COUNTRY,CUB,YEAR,AMR,Americas,,2010,,,,,,,,0,0.0,,,,2024-06-03T07:26:23.447+02:00,2010,2010-01-01T00:00:00+01:00,2010-12-31T00:00:00+01:00
8963204,NTD_RAB2,COUNTRY,BLZ,YEAR,AMR,Americas,,2020,,,,,,,,0,0.0,,,,2024-06-03T07:26:23.447+02:00,2020,2020-01-01T00:00:00+01:00,2020-12-31T00:00:00+01:00
8970503,NTD_RAB2,COUNTRY,GHA,YEAR,AFR,Africa,,2021,,,,,,,,No data,,,,,2024-06-03T07:26:23.447+02:00,2021,2021-01-01T00:00:00+01:00,2021-12-31T00:00:00+01:00
8977281,NTD_RAB2,COUNTRY,MUS,YEAR,AFR,Africa,,2015,,,,,,,,No data,,,,,2024-06-03T07:26:23.447+02:00,2015,2015-01-01T00:00:00+01:00,2015-12-31T00:00:00+01:00
8977963,NTD_RAB2,COUNTRY,MLT,YEAR,EUR,Europe,,2024,,,,,,,,0,0.0,,,,2026-07-15T14:04:38.643+02:00,2024,2024-01-01T00:00:00+01:00,2024-12-31T00:00:00+01:00
8982389,NTD_RAB2,COUNTRY,AZE,YEAR,EUR,Europe,,2024,,,,,,,,No data,,,,,2025-09-09T13:40:51.93+02:00,2024,2024-01-01T00:00:00+01:00,2024-12-31T00:00:00+01:00
8982494,NTD_RAB2,COUNTRY,YEM,YEAR,EMR,Eastern Mediterranean,,2012,,,,,,,,No data,,,,,2024-06-03T07:26:23.447+02:00,2012,2012-01-01T00:00:00+01:00,2012-12-31T00:00:00+01:00
8982858,NTD_RAB2,COUNTRY,CYP,YEAR,EUR,Europe,,2024,,,,,,,,0,0.0,,,,2026-07-15T14:04:38.643+02:00,2024,2024-01-01T00:00:00+01:00,2024-12-31T00:00:00+01:00
8989487,NTD_RAB2,COUNTRY,NPL,YEAR,SEAR,South-East Asia,,2013,,,,,,,,No data,,,,,2024-06-03T07:26:23.447+02:00,2013,2013-01-01T00:00:00+01:00,2013-12-31T00:00:00+01:00
8996912,NTD_RAB2,COUNTRY,SWE,YEAR,EUR,Europe,,2014,,,,,,,,0,0.0,,,,2024-06-03T07:26:23.447+02:00,2014,2014-01-01T00:00:00+01:00,2014-12-31T00:00:00+01:00
8996996,NTD_RAB2,COUNTRY,ZMB,YEAR,AFR,Africa,,2015,,,,,,,,No data,,,,,2024-06-03T07:26:23.447+02:00,2015,2015-01-01T00:00:00+01:00,2015-12-31T00:00:00+01:00
9001771,NTD_RAB2,COUNTRY,GEO,YEAR,EUR,Europe,,2023,,,,,,,,No data,,,,,2025-09-09T13:40:51.93+02:00,2023,2023-01-01T00:00:00+01:00,2023-12-31T00:00:00+01:00
9008137,NTD_RAB2,COUNTRY,MLT,YEAR,EUR,Europe,,2010,,,,,,,,0,0.0,,,,2024-06-03T07:26:23.447+02:00,2010,2010-01-01T00:00:00+01:00,2010-12-31T00:00:00+01:00
9009574,NTD_RAB2,COUNTRY,ETH,YEAR,AFR,Africa,,2020,,,,,,,,No data,,,,,2024-06-03T07:26:23.447+02:00,2020,2020-01-01T00:00:00+01:00,2020-12-31T00:00:00+01:00
9022865,NTD_RAB2,COUNTRY,AUS,YEAR,WPR,Western Pacific,,2013,,,,,,,,No data,,,,,2024-06-03T07:26:23.447+02:00,2013,2013-01-01T00:00:00+01:00,2013-12-31T00:00:00+01:00
9023169,NTD_RAB2,COUNTRY,ETH,YEAR,AFR,Africa,,2016,,,,,,,,24,24.0,,,,2024-06-03T07:26:23.447+02:00,2016,2016-01-01T00:00:00+01:00,2016-12-31T00:00:00+01:00
9023221,NTD_RAB2,COUNTRY,LAO,YEAR,WPR,Western Pacific,,2020,,,,,,,,11,11.0,,,,2024-06-03T07:26:23.447+02:00,2020,2020-01-01T00:00:00+01:00,2020-12-31T00:00:00+01:00
9028075,NTD_RAB2,COUNTRY,PAK,YEAR,EMR,Eastern Mediterranean,,2018,,,,,,,,No data,,,,,2024-06-03T07:26:23.447+02:00,2018,2018-01-01T00:00:00+01:00,2018-12-31T00:00:00+01:00
9042707,NTD_RAB2,COUNTRY,FIN,YEAR,EUR,Europe,,2012,,,,,,,,0,0.0,,,,2024-06-03T07:26:23.447+02:00,2012,2012-01-01T00:00:00+01:00,2012-12-31T00:00:00+01:00
9048288,NTD_RAB2,COUNTRY,CHN,YEAR,WPR,Western Pacific,,2018,,,,,,,,422,422.0,,,,2025-09-09T13:40:51.93+02:00,2018,2018-01-01T00:00:00+01:00,2018-12-31T00:00:00+01:00
9049617,NTD_RAB2,COUNTRY,THA,YEAR,SEAR,South-East Asia,,2018,,,,,,,,18,18.0,,,,2024-06-03T07:26:23.447+02:00,2018,2018-01-01T00:00:00+01:00,2018-12-31T00:00:00+01:00
9049661,NTD_RAB2,COUNTRY,THA,YEAR,SEAR,South-East Asia,,2015,,,,,,,,5,5.0,,,,2024-06-03T07:26:23.447+02:00,2015,2015-01-01T00:00:00+01:00,2015-12-31T00:00:00+01:00
9049910,NTD_RAB2,COUNTRY,BRA,YEAR,AMR,Americas,,2020,,,,,,,,2,2.0,,,,2024-06-03T07:26:23.447+02:00,2020,2020-01-01T00:00:00+01:00,2020-12-31T00:00:00+01:00
9055426,NTD_RAB2,COUNTRY,BTN,YEAR,SEAR,South-East Asia,,2020,,,,,,,,1,1.0,,,,2024-06-03T07:26:23.447+02:00,2020,2020-01-01T00:00:00+01:00,2020-12-31T00:00:00+01:00
9055962,NTD_RAB2,COUNTRY,UGA,YEAR,AFR,Africa,,2020,,,,,,,,No data,,,,,2024-06-03T07:26:23.447+02:00,2020,2020-01-01T00:00:00+01:00,2020-12-31T00:00:00+01:00
9056585,NTD_RAB2,COUNTRY,ERI,YEAR,AFR,Africa,,2024,,,,,,,,3,3.0,,,,2025-10-30T17:51:54.843+01:00,2024,2024-01-01T00:00:00+01:00,2024-12-31T00:00:00+01:00
9062217,NTD_RAB2,COUNTRY,HUN,YEAR,EUR,Europe,,2018,,,,,,,,0,0.0,,,,2024-06-03T07:26:23.447+02:00,2018,2018-01-01T00:00:00+01:00,2018-12-31T00:00:00+01:00
9062982,NTD_RAB2,COUNTRY,ECU,YEAR,AMR,Americas,,2010,,,,,,,,0,0.0,,,,2024-06-03T07:26:23.447+02:00,2010,2010-01-01T00:00:00+01:00,2010-12-31T00:00:00+01:00
9068793,NTD_RAB2,COUNTRY,ISL,YEAR,EUR,Europe,,2014,,,,,,,,No data,,,,,2024-06-03T07:26:23.447+02:00,2014,2014-01-01T00:00:00+01:00,2014-12-31T00:00:00+01:00
9069908,NTD_RAB2,COUNTRY,YEM,YEAR,EMR,Eastern Mediterranean,,2014,,,,,,,,No data,,,,,2024-06-03T07:26:23.447+02:00,2014,2014-01-01T00:00:00+01:00,2014-12-31T00:00:00+01:00
9082821,NTD_RAB2,COUNTRY,CUB,YEAR,AMR,Americas,,2013,,,,,,,,2,2.0,,,,2024-06-03T07:26:23.447+02:00,2013,2013-01-01T00:00:00+01:00,2013-12-31T00:00:00+01:00
9083085,NTD_RAB2,COUNTRY,COK,YEAR,WPR,Western Pacific,,2015,,,,,,,,No data,,,,,2024-06-03T07:26:23.447+02:00,2015,2015-01-01T00:00:00+01:00,2015-12-31T00:00:00+01:00
9087948,NTD_RAB2,COUNTRY,CRI,YEAR,AMR,Americas,,2022,,,,,,,,0,0.0,,,,2026-07-15T14:04:38.643+02:00,2022,2022-01-01T00:00:00+01:00,2022-12-31T00:00:00+01:00
9088981,NTD_RAB2,COUNTRY,MCO,YEAR,EUR,Europe,,2016,,,,,,,,No data,,,,,2024-06-03T07:26:23.447+02:00,2016,2016-01-01T00:00:00+01:00,2016-12-31T00:00:00+01:00
9089295,NTD_RAB2,COUNTRY,PAN,YEAR,AMR,Americas,,2014,,,,,,,,0,0.0,,,,2024-06-03T07:26:23.447+02:00,2014,2014-01-01T00:00:00+01:00,2014-12-31T00:00:00+01:00
9096709,NTD_RAB2,COUNTRY,FIN,YEAR,EUR,Europe,,2010,,,,,,,,0,0.0,,,,2024-06-03T07:26:23.447+02:00,2010,2010-01-01T00:00:00+01:00,2010-12-31T00:00:00+01:00
9101987,NTD_RAB2,COUNTRY,BHS,YEAR,AMR,Americas,,2018,,,,,,,,0,0.0,,,,2024-06-03T07:26:23.447+02:00,2018,2018-01-01T00:00:00+01:00,2018-12-31T00:00:00+01:00
9107589,NTD_RAB2,COUNTRY,GBR,YEAR,EUR,Europe,,2024,,,,,,,,No data,,,,,2025-09-09T13:40:51.93+02:00,2024,2024-01-01T00:00:00+01:00,2024-12-31T00:00:00+01:00
9113595,NTD_RAB2,COUNTRY,MMR,YEAR,SEAR,South-East Asia,,2013,,,,,,,,176,176.0,,,,2024-06-03T07:26:23.447+02:00,2013,2013-01-01T00:00:00+01:00,2013-12-31T00:00:00+01:00
9116540,NTD_RAB2,COUNTRY,GUF,YEAR,AMR,Americas,,2020,,,,,,,,No data,,,,,2025-09-09T13:40:51.93+02:00,2020,2020-01-01T00:00:00+01:00,2020-12-31T00:00:00+01:00
9136118,NTD_RAB2,COUNTRY,SVK,YEAR,EUR,Europe,,2016,,,,,,,,0,0.0,,,,2024-06-03T07:26:23.447+02:00,2016,2016-01-01T00:00:00+01:00,2016-12-31T00:00:00+01:00
9140613,NTD_RAB2,COUNTRY,URY,YEAR,AMR,Americas,,2022,,,,,,,,0,0.0,,,,2026-07-15T14:04:38.643+02:00,2022,2022-01-01T00:00:00+01:00,2022-12-31T00:00:00+01:00
9159629,NTD_RAB2,COUNTRY,COL,YEAR,AMR,Americas,,2021,,,,,,,,1,1.0,,,,2024-06-03T07:26:23.447+02:00,2021,2021-01-01T00:00:00+01:00,2021-12-31T00:00:00+01:00
9161429,NTD_RAB2,COUNTRY,SEN,YEAR,AFR,Africa,,2012,,,,,,,,6,6.0,,,,2024-06-03T07:26:23.447+02:00,2012,2012-01-01T00:00:00+01:00,2012-12-31T00:00:00+01:00
9167348,NTD_RAB2,COUNTRY,JPN,YEAR,WPR,Western Pacific,,2010,,,,,,,,0,0.0,,,,2024-06-03T07:26:23.447+02:00,2010,2010-01-01T00:00:00+01:00,2010-12-31T00:00:00+01:00
9173316,NTD_RAB2,COUNTRY,NLD,YEAR,EUR,Europe,,2024,,,,,,,,No data,,,,,2025-09-09T13:40:51.93+02:00,2024,2024-01-01T00:00:00+01:00,2024-12-31T00:00:00+01:00
9173684,NTD_RAB2,COUNTRY,BDI,YEAR,AFR,Africa,,2021,,,,,,,,No data,,,,,2024-06-03T07:26:23.447+02:00,2021,2021-01-01T00:00:00+01:00,2021-12-31T00:00:00+01:00
9174149,NTD_RAB2,COUNTRY,TKM,YEAR,EUR,Europe,,2011,,,,,,,,No data,,,,,2024-06-03T07:26:23.447+02:00,2011,2011-01-01T00:00:00+01:00,2011-12-31T00:00:00+01:00
9174354,NTD_RAB2,COUNTRY,CHL,YEAR,AMR,Americas,,2023,,,,,,,,0,0.0,,,,2026-07-15T14:04:38.643+02:00,2023,2023-01-01T00:00:00+01:00,2023-12-31T00:00:00+01:00
9181725,NTD_RAB2,COUNTRY,NAM,YEAR,AFR,Africa,,2018,,,,,,,,No data,,,,,2024-06-03T07:26:23.447+02:00,2018,2018-01-01T00:00:00+01:00,2018-12-31T00:00:00+01:00
9185933,NTD_RAB2,COUNTRY,ARM,YEAR,EUR,Europe,,2017,,,,,,,,0,0.0,,,,2024-06-03T07:26:23.447+02:00,2017,2017-01-01T00:00:00+01:00,2017-12-31T00:00:00+01:00
9192476,NTD_RAB2,COUNTRY,PLW,YEAR,WPR,Western Pacific,,2022,,,,,,,,No data,,,,,2024-06-03T07:26:23.447+02:00,2022,2022-01-01T00:00:00+01:00,2022-12-31T00:00:00+01:00
9200584,NTD_RAB2,COUNTRY,GNB,YEAR,AFR,Africa,,2010,,,,,,,,No data,,,,,2024-06-03T07:26:23.447+02:00,2010,2010-01-01T00:00:00+01:00,2010-12-31T00:00:00+01:00
9200662,NTD_RAB2,COUNTRY,EGY,YEAR,EMR,Eastern Mediterranean,,2011,,,,,,,,34,34.0,,,,2024-06-03T07:26:23.447+02:00,2011,2011-01-01T00:00:00+01:00,2011-12-31T00:00:00+01:00
9206229,NTD_RAB2,COUNTRY,DOM,YEAR,AMR,Americas,,2018,,,,,,,,4,4.0,,,,2024-06-03T07:26:23.447+02:00,2018,2018-01-01T00:00:00+01:00,2018-12-31T00:00:00+01:00
9206947,NTD_RAB2,COUNTRY,CUB,YEAR,AMR,Americas,,2014,,,,,,,,0,0.0,,,,2024-06-03T07:26:23.447+02:00,2014,2014-01-01T00:00:00+01:00,2014-12-31T00:00:00+01:00
9207639,NTD_RAB2,COUNTRY,MLI,YEAR,AFR,Africa,,2021,,,,,,,,No data,,,,,2024-06-03T07:26:23.447+02:00,2021,2021-01-01T00:00:00+01:00,2021-12-31T00:00:00+01:00
9207650,NTD_RAB2,COUNTRY,GAB,YEAR,AFR,Africa,,2012,,,,,,,,No data,,,,,2024-06-03T07:26:23.447+02:00,2012,2012-01-01T00:00:00+01:00,2012-12-31T00:00:00+01:00
9214458,NTD_RAB2,COUNTRY,TUV,YEAR,WPR,Western Pacific,,2018,,,,,,,,No data,,,,,2024-06-03T07:26:23.447+02:00,2018,2018-01-01T00:00:00+01:00,2018-12-31T00:00:00+01:00
9214868,NTD_RAB2,COUNTRY,LKA,YEAR,SEAR,South-East Asia,,2011,,,,,,,,41,41.0,,,,2024-06-03T07:26:23.447+02:00,2011,2011-01-01T00:00:00+01:00,2011-12-31T00:00:00+01:00
9239268,NTD_RAB2,COUNTRY,NIU,YEAR,WPR,Western Pacific,,2021,,,,,,,,No data,,,,,2024-06-03T07:26:23.447+02:00,2021,2021-01-01T00:00:00+01:00,2021-12-31T00:00:00+01:00
9245438,NTD_RAB2,COUNTRY,MDA,YEAR,EUR,Europe,,2012,,,,,,,,0,0.0,,,,2024-06-03T07:26:23.447+02:00,2012,2012-01-01T00:00:00+01:00,2012-12-31T00:00:00+01:00
9246781,NTD_RAB2,COUNTRY,LBN,YEAR,EMR,Eastern Mediterranean,,2024,,,,,,,,No data,,,,,2025-09-09T13:40:51.93+02:00,2024,2024-01-01T00:00:00+01:00,2024-12-31T00:00:00+01:00
9247998,NTD_RAB2,COUNTRY,KOR,YEAR,WPR,Western Pacific,,2017,,,,,,,,No data,,,,,2024-06-03T07:26:23.447+02:00,2017,2017-01-01T00:00:00+01:00,2017-12-31T00:00:00+01:00
9253698,NTD_RAB2,COUNTRY,PRT,YEAR,EUR,Europe,,2012,,,,,,,,0,0.0,,,,2024-06-03T07:26:23.447+02:00,2012,2012-01-01T00:00:00+01:00,2012-12-31T00:00:00+01:00
9261416,NTD_RAB2,COUNTRY,POL,YEAR,EUR,Europe,,2022,,,,,,,,0,0.0,,,,2024-06-03T07:26:23.447+02:00,2022,2022-01-01T00:00:00+01:00,2022-12-31T00:00:00+01:00
9265497,NTD_RAB2,COUNTRY,IRL,YEAR,EUR,Europe,,2013,,,,,,,,0,0.0,,,,2024-06-03T07:26:23.447+02:00,2013,2013-01-01T00:00:00+01:00,2013-12-31T00:00:00+01:00
9274784,NTD_RAB2,COUNTRY,COG,YEAR,AFR,Africa,,2020,,,,,,,,No data,,,,,2024-06-03T07:26:23.447+02:00,2020,2020-01-01T00:00:00+01:00,2020-12-31T00:00:00+01:00
9278509,NTD_RAB2,COUNTRY,KIR,YEAR,WPR,Western Pacific,,2022,,,,,,,,No data,,,,,2024-06-03T07:26:23.447+02:00,2022,2022-01-01T00:00:00+01:00,2022-12-31T00:00:00+01:00
9286860,NTD_RAB2,COUNTRY,USA,YEAR,AMR,Americas,,2017,,,,,,,,1,1.0,,,,2024-06-03T07:26:23.447+02:00,2017,2017-01-01T00:00:00+01:00,2017-12-31T00:00:00+01:00
9287400,NTD_RAB2,COUNTRY,JPN,YEAR,WPR,Western Pacific,,2021,,,,,,,,No data,,,,,2024-06-03T07:26:23.447+02:00,2021,2021-01-01T00:00:00+01:00,2021-12-31T00:00:00+01:00
9287495,NTD_RAB2,COUNTRY,TGO,YEAR,AFR,Africa,,2012,,,,,,,,No data,,,,,2024-06-03T07:26:23.447+02:00,2012,2012-01-01T00:00:00+01:00,2012-12-31T00:00:00+01:00
9291873,NTD_RAB2,COUNTRY,SDN,YEAR,EMR,Eastern Mediterranean,,2014,,,,,,,,1,1.0,,,,2024-06-03T07:26:23.447+02:00,2014,2014-01-01T00:00:00+01:00,2014-12-31T00:00:00+01:00
9306566,NTD_RAB2,COUNTRY,BFA,YEAR,AFR,Africa,,2021,,,,,,,,57,57.0,,,,2024-06-03T07:26:23.447+02:00,2021,2021-01-01T00:00:00+01:00,2021-12-31T00:00:00+01:00
9320461,NTD_RAB2,COUNTRY,SWZ,YEAR,AFR,Africa,,2010,,,,,,,,No data,,,,,2024-06-03T07:26:23.447+02:00,2010,2010-01-01T00:00:00+01:00,2010-12-31T00:00:00+01:00
9326785,NTD_RAB2,COUNTRY,MLT,YEAR,EUR,Europe,,2013,,,,,,,,0,0.0,,,,2024-06-03T07:26:23.447+02:00,2013,2013-01-01T00:00:00+01:00,2013-12-31T00:00:00+01:00
9332179,NTD_RAB2,COUNTRY,MHL,YEAR,WPR,Western Pacific,,2013,,,,,,,,No data,,,,,2024-06-03T07:26:23.447+02:00,2013,2013-01-01T00:00:00+01:00,2013-12-31T00:00:00+01:00
9351846,NTD_RAB2,COUNTRY,PRY,YEAR,AMR,Americas,,2011,,,,,,,,0,0.0,,,,2024-06-03T07:26:23.447+02:00,2011,2011-01-01T00:00:00+01:00,2011-12-31T00:00:00+01:00
9354028,NTD_RAB2,COUNTRY,LCA,YEAR,AMR,Americas,,2015,,,,,,,,0,0.0,,,,2024-06-03T07:26:23.447+02:00,2015,2015-01-01T00:00:00+01:00,2015-12-31T00:00:00+01:00
9360407,NTD_RAB2,COUNTRY,IRQ,YEAR,EMR,Eastern Mediterranean,,2015,,,,,,,,6,6.0,,,,2024-06-03T07:26:23.447+02:00,2015,2015-01-01T00:00:00+01:00,2015-12-31T00:00:00+01:00
9365113,NTD_RAB2,COUNTRY,SUR,YEAR,AMR,Americas,,2017,,,,,,,,No data,,,,,2024-06-03T07:26:23.447+02:00,2017,2017-01-01T00:00:00+01:00,2017-12-31T00:00:00+01:00
9366082,NTD_RAB2,COUNTRY,CRI,YEAR,AMR,Americas,,2010,,,,,,,,0,0.0,,,,2024-06-03T07:26:23.447+02:00,2010,2010-01-01T00:00:00+01:00,2010-12-31T00:00:00+01:00
9366773,NTD_RAB2,COUNTRY,SMR,YEAR,EUR,Europe,,2020,,,,,,,,No data,,,,,2024-06-03T07:26:23.447+02:00,2020,2020-01-01T00:00:00+01:00,2020-12-31T00:00:00+01:00
9371260,NTD_RAB2,COUNTRY,LBR,YEAR,AFR,Africa,,2017,,,,,,,,0,0.0,,,,2024-06-03T07:26:23.447+02:00,2017,2017-01-01T00:00:00+01:00,2017-12-31T00:00:00+01:00
9373413,NTD_RAB2,COUNTRY,WSM,YEAR,WPR,Western Pacific,,2014,,,,,,,,No data,,,,,2024-06-03T07:26:23.447+02:00,2014,2014-01-01T00:00:00+01:00,2014-12-31T00:00:00+01:00
9397674,NTD_RAB2,COUNTRY,ARG,YEAR,AMR,Americas,,2013,,,,,,,,0,0.0,,,,2024-06-03T07:26:23.447+02:00,2013,2013-01-01T00:00:00+01:00,2013-12-31T00:00:00+01:00
9405402,NTD_RAB2,COUNTRY,TUV,YEAR,WPR,Western Pacific,,2017,,,,,,,,No data,,,,,2024-06-03T07:26:23.447+02:00,2017,2017-01-01T00:00:00+01:00,2017-12-31T00:00:00+01:00
9424017,NTD_RAB2,COUNTRY,EGY,YEAR,EMR,Eastern Mediterranean,,2019,,,,,,,,No data,,,,,2024-06-03T07:26:23.447+02:00,2019,2019-01-01T00:00:00+01:00,2019-12-31T00:00:00+01:00
9426355,NTD_RAB2,COUNTRY,JOR,YEAR,EMR,Eastern Mediterranean,,2019,,,,,,,,0,0.0,,,,2024-06-03T07:26:23.447+02:00,2019,2019-01-01T00:00:00+01:00,2019-12-31T00:00:00+01:00
9430007,NTD_RAB2,COUNTRY,NZL,YEAR,WPR,Western Pacific,,2014,,,,,,,,No data,,,,,2024-06-03T07:26:23.447+02:00,2014,2014-01-01T00:00:00+01:00,2014-12-31T00:00:00+01:00
9432832,NTD_RAB2,COUNTRY,PER,YEAR,AMR,Americas,,2014,,,,,,,,0,0.0,,,,2024-06-03T07:26:23.447+02:00,2014,2014-01-01T00:00:00+01:00,2014-12-31T00:00:00+01:00
9438947,NTD_RAB2,COUNTRY,NPL,YEAR,SEAR,South-East Asia,,2024,,,,,,,,14,14.0,,,,2025-09-09T13:40:51.93+02:00,2024,2024-01-01T00:00:00+01:00,2024-12-31T00:00:00+01:00
9439483,NTD_RAB2,COUNTRY,ERI,YEAR,AFR,Africa,,2019,,,,,,,,No data,,,,,2024-06-03T07:26:23.447+02:00,2019,2019-01-01T00:00:00+01:00,2019-12-31T00:00:00+01:00
9445894,NTD_RAB2,COUNTRY,GTM,YEAR,AMR,Americas,,2017,,,,,,,,1,1.0,,,,2024-06-03T07:26:23.447+02:00,2017,2017-01-01T00:00:00+01:00,2017-12-31T00:00:00+01:00
9450445,NTD_RAB2,COUNTRY,HRV,YEAR,EUR,Europe,,2016,,,,,,,,0,0.0,,,,2024-06-03T07:26:23.447+02:00,2016,2016-01-01T00:00:00+01:00,2016-12-31T00:00:00+01:00
9452008,NTD_RAB2,COUNTRY,TZA,YEAR,AFR,Africa,,2018,,,,,,,,No data,,,,,2024-06-03T07:26:23.447+02:00,2018,2018-01-01T00:00:00+01:00,2018-12-31T00:00:00+01:00
9452834,NTD_RAB2,COUNTRY,GRD,YEAR,AMR,Americas,,2018,,,,,,,,No data,,,,,2024-06-03T07:26:23.447+02:00,2018,2018-01-01T00:00:00+01:00,2018-12-31T00:00:00+01:00
9458678,NTD_RAB2,COUNTRY,BLR,YEAR,EUR,Europe,,2016,,,,,,,,0,0.0,,,,2024-06-03T07:26:23.447+02:00,2016,2016-01-01T00:00:00+01:00,2016-12-31T00:00:00+01:00
9470588,NTD_RAB2,COUNTRY,NGA,YEAR,AFR,Africa,,2011,,,,,,,,No data,,,,,2024-06-03T07:26:23.447+02:00,2011,2011-01-01T00:00:00+01:00,2011-12-31T00:00:00+01:00
9471071,NTD_RAB2,COUNTRY,TZA,YEAR,AFR,Africa,,2011,,,,,,,,43,43.0,,,,2024-06-03T07:26:23.447+02:00,2011,2011-01-01T00:00:00+01:00,2011-12-31T00:00:00+01:00
9471770,NTD_RAB2,COUNTRY,MCO,YEAR,EUR,Europe,,2019,,,,,,,,No data,,,,,2024-06-03T07:26:23.447+02:00,2019,2019-01-01T00:00:00+01:00,2019-12-31T00:00:00+01:00
9483635,NTD_RAB2,COUNTRY,MOZ,YEAR,AFR,Africa,,2010,,,,,,,,No data,,,,,2024-06-03T07:26:23.447+02:00,2010,2010-01-01T00:00:00+01:00,2010-12-31T00:00:00+01:00
9490114,NTD_RAB2,COUNTRY,GAB,YEAR,AFR,Africa,,2022,,,,,,,,2,2.0,,,,2025-09-09T13:40:51.93+02:00,2022,2022-01-01T00:00:00+01:00,2022-12-31T00:00:00+01:00
9496432,NTD_RAB2,COUNTRY,FSM,YEAR,WPR,Western Pacific,,2023,,,,,,,,No data,,,,,2025-09-09T13:40:51.93+02:00,2023,2023-01-01T00:00:00+01:00,2023-12-31T00:00:00+01:00
9502819,NTD_RAB2,COUNTRY,PHL,YEAR,WPR,Western Pacific,,2010,,,,,,,,299,299.0,,,,2024-06-03T07:26:23.447+02:00,2010,2010-01-01T00:00:00+01:00,2010-12-31T00:00:00+01:00
9502928,NTD_RAB2,COUNTRY,MKD,YEAR,EUR,Europe,,2013,,,,,,,,No data,,,,,2024-06-03T07:26:23.447+02:00,2013,2013-01-01T00:00:00+01:00,2013-12-31T00:00:00+01:00
9510929,NTD_RAB2,COUNTRY,KWT,YEAR,EMR,Eastern Mediterranean,,2018,,,,,,,,0,0.0,,,,2024-06-03T07:26:23.447+02:00,2018,2018-01-01T00:00:00+01:00,2018-12-31T00:00:00+01:00
9511530,NTD_RAB2,COUNTRY,BEL,YEAR,EUR,Europe,,2022,,,,,,,,0,0.0,,,,2024-06-03T07:26:23.447+02:00,2022,2022-01-01T00:00:00+01:00,2022-12-31T00:00:00+01:00
9516761,NTD_RAB2,COUNTRY,SDN,YEAR,EMR,Eastern Mediterranean,,2010,,,,,,,,13,13.0,,,,2024-06-03T07:26:23.447+02:00,2010,2010-01-01T00:00:00+01:00,2010-12-31T00:00:00+01:00
9518425,NTD_RAB2,COUNTRY,BOL,YEAR,AMR,Americas,,2013,,,,,,,,2,2.0,,,,2024-06-03T07:26:23.447+02:00,2013,2013-01-01T00:00:00+01:00,2013-12-31T00:00:00+01:00
9522528,NTD_RAB2,COUNTRY,IND,YEAR,SEAR,South-East Asia,,2021,,,,,,,,202,202.0,,,,2025-09-09T13:40:51.93+02:00,2021,2021-01-01T00:00:00+01:00,2021-12-31T00:00:00+01:00
9523834,NTD_RAB2,COUNTRY,SGP,YEAR,WPR,Western Pacific,,2013,,,,,,,,0,0.0,,,,2024-06-03T07:26:23.447+02:00,2013,2013-01-01T00:00:00+01:00,2013-12-31T00:00:00+01:00
9524591,NTD_RAB2,COUNTRY,BHS,YEAR,AMR,Americas,,2013,,,,,,,,0,0.0,,,,2024-06-03T07:26:23.447+02:00,2013,2013-01-01T00:00:00+01:00,2013-12-31T00:00:00+01:00
9524750,NTD_RAB2,COUNTRY,ALB,YEAR,EUR,Europe,,2015,,,,,,,,0,0.0,,,,2024-06-03T07:26:23.447+02:00,2015,2015-01-01T00:00:00+01:00,2015-12-31T00:00:00+01:00
9525205,NTD_RAB2,COUNTRY,ERI,YEAR,AFR,Africa,,2023,,,,,,,,No data,,,,,2025-09-09T13:40:51.93+02:00,2023,2023-01-01T00:00:00+01:00,2023-12-31T00:00:00+01:00
9531315,NTD_RAB2,COUNTRY,TCD,YEAR,AFR,Africa,,2015,,,,,,,,0,0.0,,,,2024-06-03T07:26:23.447+02:00,2015,2015-01-01T00:00:00+01:00,2015-12-31T00:00:00+01:00
9548962,NTD_RAB2,COUNTRY,SVN,YEAR,EUR,Europe,,2018,,,,,,,,0,0.0,,,,2024-06-03T07:26:23.447+02:00,2018,2018-01-01T00:00:00+01:00,2018-12-31T00:00:00+01:00
9551281,NTD_RAB2,COUNTRY,GRD,YEAR,AMR,Americas,,2014,,,,,,,,No data,,,,,2024-06-03T07:26:23.447+02:00,2014,2014-01-01T00:00:00+01:00,2014-12-31T00:00:00+01:00
9555368,NTD_RAB2,COUNTRY,QAT,YEAR,EMR,Eastern Mediterranean,,2016,,,,,,,,0,0.0,,,,2024-06-03T07:26:23.447+02:00,2016,2016-01-01T00:00:00+01:00,2016-12-31T00:00:00+01:00
9557182,NTD_RAB2,COUNTRY,TUV,YEAR,WPR,Western Pacific,,2011,,,,,,,,No data,,,,,2024-06-03T07:26:23.447+02:00,2011,2011-01-01T00:00:00+01:00,2011-12-31T00:00:00+01:00
9562796,NTD_RAB2,COUNTRY,BRB,YEAR,AMR,Americas,,2018,,,,,,,,0,0.0,,,,2024-06-03T07:26:23.447+02:00,2018,2018-01-01T00:00:00+01:00,2018-12-31T00:00:00+01:00
9570163,NTD_RAB2,COUNTRY,GAB,YEAR,AFR,Africa,,2017,,,,,,,,No data,,,,,2024-06-03T07:26:23.447+02:00,2017,2017-01-01T00:00:00+01:00,2017-12-31T00:00:00+01:00
9574999,NTD_RAB2,COUNTRY,SAU,YEAR,EMR,Eastern Mediterranean,,2018,,,,,,,,No data,,,,,2024-06-03T07:26:23.447+02:00,2018,2018-01-01T00:00:00+01:00,2018-12-31T00:00:00+01:00
9576942,NTD_RAB2,COUNTRY,NRU,YEAR,WPR,Western Pacific,,2017,,,,,,,,No data,,,,,2024-06-03T07:26:23.447+02:00,2017,2017-01-01T00:00:00+01:00,2017-12-31T00:00:00+01:00
9576946,NTD_RAB2,COUNTRY,TKM,YEAR,EUR,Europe,,2010,,,,,,,,No data,,,,,2024-06-03T07:26:23.447+02:00,2010,2010-01-01T00:00:00+01:00,2010-12-31T00:00:00+01:00
9583020,NTD_RAB2,COUNTRY,KIR,YEAR,WPR,Western Pacific,,2015,,,,,,,,No data,,,,,2024-06-03T07:26:23.447+02:00,2015,2015-01-01T00:00:00+01:00,2015-12-31T00:00:00+01:00
9583093,NTD_RAB2,COUNTRY,EST,YEAR,EUR,Europe,,2021,,,,,,,,0,0.0,,,,2024-06-03T07:26:23.447+02:00,2021,2021-01-01T00:00:00+01:00,2021-12-31T00:00:00+01:00
9591194,NTD_RAB2,COUNTRY,GUY,YEAR,AMR,Americas,,2015,,,,,,,,No data,,,,,2024-06-03T07:26:23.447+02:00,2015,2015-01-01T00:00:00+01:00,2015-12-31T00:00:00+01:00
9595088,NTD_RAB2,COUNTRY,MNE,YEAR,EUR,Europe,,2012,,,,,,,,No data,,,,,2024-06-03T07:26:23.447+02:00,2012,2012-01-01T00:00:00+01:00,2012-12-31T00:00:00+01:00
9595389,NTD_RAB2,COUNTRY,STP,YEAR,AFR,Africa,,2019,,,,,,,,No data,,,,,2024-06-03T07:26:23.447+02:00,2019,2019-01-01T00:00:00+01:00,2019-12-31T00:00:00+01:00
9603045,NTD_RAB2,COUNTRY,UZB,YEAR,EUR,Europe,,2023,,,,,,,,No data,,,,,2025-09-09T13:40:51.93+02:00,2023,2023-01-01T00:00:00+01:00,2023-12-31T00:00:00+01:00
9615471,NTD_RAB2,COUNTRY,SVN,YEAR,EUR,Europe,,2010,,,,,,,,0,0.0,,,,2024-06-03T07:26:23.447+02:00,2010,2010-01-01T00:00:00+01:00,2010-12-31T00:00:00+01:00
9616094,NTD_RAB2,COUNTRY,CYP,YEAR,EUR,Europe,,2017,,,,,,,,0,0.0,,,,2025-09-09T13:40:51.93+02:00,2017,2017-01-01T00:00:00+01:00,2017-12-31T00:00:00+01:00
9616270,NTD_RAB2,COUNTRY,COM,YEAR,AFR,Africa,,2016,,,,,,,,No data,,,,,2024-06-03T07:26:23.447+02:00,2016,2016-01-01T00:00:00+01:00,2016-12-31T00:00:00+01:00
9628646,NTD_RAB2,COUNTRY,JAM,YEAR,AMR,Americas,,2021,,,,,,,,0,0.0,,,,2024-06-03T07:26:23.447+02:00,2021,2021-01-01T00:00:00+01:00,2021-12-31T00:00:00+01:00
9629433,NTD_RAB2,COUNTRY,BOL,YEAR,AMR,Americas,,2012,,,,,,,,1,1.0,,,,2024-06-03T07:26:23.447+02:00,2012,2012-01-01T00:00:00+01:00,2012-12-31T00:00:00+01:00
9630566,NTD_RAB2,COUNTRY,NIU,YEAR,WPR,Western Pacific,,2012,,,,,,,,No data,,,,,2024-06-03T07:26:23.447+02:00,2012,2012-01-01T00:00:00+01:00,2012-12-31T00:00:00+01:00
9634869,NTD_RAB2,COUNTRY,BEN,YEAR,AFR,Africa,,2014,,,,,,,,No data,,,,,2024-06-03T07:26:23.447+02:00,2014,2014-01-01T00:00:00+01:00,2014-12-31T00:00:00+01:00
9655173,NTD_RAB2,COUNTRY,NER,YEAR,AFR,Africa,,2023,,,,,,,,No data,,,,,2025-09-09T13:40:51.93+02:00,2023,2023-01-01T00:00:00+01:00,2023-12-31T00:00:00+01:00
9661982,NTD_RAB2,COUNTRY,PRK,YEAR,SEAR,South-East Asia,,2022,,,,,,,,No data,,,,,2024-06-03T07:26:23.447+02:00,2022,2022-01-01T00:00:00+01:00,2022-12-31T00:00:00+01:00
9662810,NTD_RAB2,COUNTRY,AUS,YEAR,WPR,Western Pacific,,2022,,,,,,,,No data,,,,,2024-06-03T07:26:23.447+02:00,2022,2022-01-01T00:00:00+01:00,2022-12-31T00:00:00+01:00
9663271,NTD_RAB2,COUNTRY,SLE,YEAR,AFR,Africa,,2020,,,,,,,,6,6.0,,,,2024-06-03T07:26:23.447+02:00,2020,2020-01-01T00:00:00+01:00,2020-12-31T00:00:00+01:00
9668093,NTD_RAB2,COUNTRY,FSM,YEAR,WPR,Western Pacific,,2016,,,,,,,,No data,,,,,2024-06-03T07:26:23.447+02:00,2016,2016-01-01T00:00:00+01:00,2016-12-31T00:00:00+01:00
9675049,NTD_RAB2,COUNTRY,LBY,YEAR,EMR,Eastern Mediterranean,,2020,,,,,,,,No data,,,,,2024-06-03T07:26:23.447+02:00,2020,2020-01-01T00:00:00+01:00,2020-12-31T00:00:00+01:00
9681411,NTD_RAB2,COUNTRY,QAT,YEAR,EMR,Eastern Mediterranean,,2020,,,,,,,,No data,,,,,2024-06-03T07:26:23.447+02:00,2020,2020-01-01T00:00:00+01:00,2020-12-31T00:00:00+01:00
9689768,NTD_RAB2,COUNTRY,GIN,YEAR,AFR,Africa,,2017,,,,,,,,No data,,,,,2024-06-03T07:26:23.447+02:00,2017,2017-01-01T00:00:00+01:00,2017-12-31T00:00:00+01:00
9696235,NTD_RAB2,COUNTRY,FRA,YEAR,EUR,Europe,,2020,,,,,,,,0,0.0,,,,2024-06-03T07:26:23.447+02:00,2020,2020-01-01T00:00:00+01:00,2020-12-31T00:00:00+01:00
9701845,NTD_RAB2,COUNTRY,EST,YEAR,EUR,Europe,,2016,,,,,,,,0,0.0,,,,2024-06-03T07:26:23.447+02:00,2016,2016-01-01T00:00:00+01:00,2016-12-31T00:00:00+01:00
9707189,NTD_RAB2,COUNTRY,SEN,YEAR,AFR,Africa,,2017,,,,,,,,0,0.0,,,,2024-06-03T07:26:23.447+02:00,2017,2017-01-01T00:00:00+01:00,2017-12-31T00:00:00+01:00
9707205,NTD_RAB2,COUNTRY,BLR,YEAR,EUR,Europe,,2020,,,,,,,,No data,,,,,2024-06-03T07:26:23.447+02:00,2020,2020-01-01T00:00:00+01:00,2020-12-31T00:00:00+01:00
9715210,NTD_RAB2,COUNTRY,QAT,YEAR,EMR,Eastern Mediterranean,,2015,,,,,,,,0,0.0,,,,2024-06-03T07:26:23.447+02:00,2015,2015-01-01T00:00:00+01:00,2015-12-31T00:00:00+01:00
9716037,NTD_RAB2,COUNTRY,OMN,YEAR,EMR,Eastern Mediterranean,,2022,,,,,,,,0,0.0,,,,2024-06-03T07:26:23.447+02:00,2022,2022-01-01T00:00:00+01:00,2022-12-31T00:00:00+01:00
9721223,NTD_RAB2,COUNTRY,PRT,YEAR,EUR,Europe,,2014,,,,,,,,0,0.0,,,,2024-06-03T07:26:23.447+02:00,2014,2014-01-01T00:00:00+01:00,2014-12-31T00:00:00+01:00
9733760,NTD_RAB2,COUNTRY,GBR,YEAR,EUR,Europe,,2018,,,,,,,,1,1.0,,,,2024-06-03T07:26:23.447+02:00,2018,2018-01-01T00:00:00+01:00,2018-12-31T00:00:00+01:00
9735306,NTD_RAB2,COUNTRY,KEN,YEAR,AFR,Africa,,2023,,,,,,,,223,223.0,,,,2025-10-30T17:51:54.843+01:00,2023,2023-01-01T00:00:00+01:00,2023-12-31T00:00:00+01:00
9735379,NTD_RAB2,COUNTRY,LSO,YEAR,AFR,Africa,,2020,,,,,,,,No data,,,,,2024-06-03T07:26:23.447+02:00,2020,2020-01-01T00:00:00+01:00,2020-12-31T00:00:00+01:00
9747679,NTD_RAB2,COUNTRY,NZL,YEAR,WPR,Western Pacific,,2023,,,,,,,,No data,,,,,2025-09-09T13:40:51.93+02:00,2023,2023-01-01T00:00:00+01:00,2023-12-31T00:00:00+01:00
9748625,NTD_RAB2,COUNTRY,TUN,YEAR,EMR,Eastern Mediterranean,,2010,,,,,,,,No data,,,,,2024-06-03T07:26:23.447+02:00,2010,2010-01-01T00:00:00+01:00,2010-12-31T00:00:00+01:00
9748630,NTD_RAB2,COUNTRY,CAF,YEAR,AFR,Africa,,2023,,,,,,,,No data,,,,,2025-09-09T13:40:51.93+02:00,2023,2023-01-01T00:00:00+01:00,2023-12-31T00:00:00+01:00
9753252,NTD_RAB2,COUNTRY,KHM,YEAR,WPR,Western Pacific,,2014,,,,,,,,No data,,,,,2024-06-03T07:26:23.447+02:00,2014,2014-01-01T00:00:00+01:00,2014-12-31T00:00:00+01:00
9760818,NTD_RAB2,COUNTRY,GTM,YEAR,AMR,Americas,,2014,,,,,,,,1,1.0,,,,2024-06-03T07:26:23.447+02:00,2014,2014-01-01T00:00:00+01:00,2014-12-31T00:00:00+01:00
9761230,NTD_RAB2,COUNTRY,BGR,YEAR,EUR,Europe,,2022,,,,,,,,0,0.0,,,,2024-06-03T07:26:23.447+02:00,2022,2022-01-01T00:00:00+01:00,2022-12-31T00:00:00+01:00
9761659,NTD_RAB2,COUNTRY,AUT,YEAR,EUR,Europe,,2014,,,,,,,,0,0.0,,,,2024-06-03T07:26:23.447+02:00,2014,2014-01-01T00:00:00+01:00,2014-12-31T00:00:00+01:00
9767546,NTD_RAB2,COUNTRY,KIR,YEAR,WPR,Western Pacific,,2018,,,,,,,,No data,,,,,2024-06-03T07:26:23.447+02:00,2018,2018-01-01T00:00:00+01:00,2018-12-31T00:00:00+01:00
9781944,NTD_RAB2,COUNTRY,LKA,YEAR,SEAR,South-East Asia,,2022,,,,,,,,27,27.0,,,,2024-06-03T07:26:23.447+02:00,2022,2022-01-01T00:00:00+01:00,2022-12-31T00:00:00+01:00
9786256,NTD_RAB2,COUNTRY,PNG,YEAR,WPR,Western Pacific,,2013,,,,,,,,No data,,,,,2024-06-03T07:26:23.447+02:00,2013,2013-01-01T00:00:00+01:00,2013-12-31T00:00:00+01:00
