Entity,Code,Year,Annual CO₂ emissions
Afghanistan,AFG,1990,2024326.1
Afghanistan,AFG,1991,1914301
Afghanistan,AFG,1992,1482054
Afghanistan,AFG,1993,1486943
Afghanistan,AFG,1994,1453829
Afghanistan,AFG,1995,1417327
Afghanistan,AFG,1996,1370104
Afghanistan,AFG,1997,1304152
Afghanistan,AFG,1998,1278504
Afghanistan,AFG,1999,1091640
Afghanistan,AFG,2000,1047127.94
Afghanistan,AFG,2001,1069098
Afghanistan,AFG,2002,1341065
Afghanistan,AFG,2003,1559679
Afghanistan,AFG,2004,1237247
Afghanistan,AFG,2005,1889507
Afghanistan,AFG,2006,2159318
Afghanistan,AFG,2007,2799909
Afghanistan,AFG,2008,4254490
Afghanistan,AFG,2009,6388232
Afghanistan,AFG,2010,8364803.5
Afghanistan,AFG,2011,11409623
Afghanistan,AFG,2012,9731202
Afghanistan,AFG,2013,8891447
Afghanistan,AFG,2014,8697668
Afghanistan,AFG,2015,9384400
Afghanistan,AFG,2016,8605932
Afghanistan,AFG,2017,9311054
Afghanistan,AFG,2018,10191504
Afghanistan,AFG,2019,10400110
Afghanistan,AFG,2020,11118626
Afghanistan,AFG,2021,9868841
Afghanistan,AFG,2022,10169889
Afghanistan,AFG,2023,10516319
Afghanistan,AFG,2024,10825998
Africa,OWID_AFR,1990,655809400
Africa,OWID_AFR,1991,684248900
Africa,OWID_AFR,1992,663712800
Africa,OWID_AFR,1993,704589630
Africa,OWID_AFR,1994,788761800
Africa,OWID_AFR,1995,842296450
Africa,OWID_AFR,1996,870784600
Africa,OWID_AFR,1997,892642940
Africa,OWID_AFR,1998,911158850
Africa,OWID_AFR,1999,897515200
Africa,OWID_AFR,2000,927859800
Africa,OWID_AFR,2001,917321900
Africa,OWID_AFR,2002,896956300
Africa,OWID_AFR,2003,988110850
Africa,OWID_AFR,2004,1043504300
Africa,OWID_AFR,2005,1055712800
Africa,OWID_AFR,2006,1084852900
Africa,OWID_AFR,2007,1113891800
Africa,OWID_AFR,2008,1166199400
Africa,OWID_AFR,2009,1160895700
Africa,OWID_AFR,2010,1216281000
Africa,OWID_AFR,2011,1264906200
Africa,OWID_AFR,2012,1263515800
Africa,OWID_AFR,2013,1280567000
Africa,OWID_AFR,2014,1360819000
Africa,OWID_AFR,2015,1335945700
Africa,OWID_AFR,2016,1367232300
Africa,OWID_AFR,2017,1377317600
Africa,OWID_AFR,2018,1391186800
Africa,OWID_AFR,2019,1456083200
Africa,OWID_AFR,2020,1369248800
Africa,OWID_AFR,2021,1475349400
Africa,OWID_AFR,2022,1459113900
Africa,OWID_AFR,2023,1481814400
Africa,OWID_AFR,2024,1502098700
Africa (GCP),,1990,655802050
Africa (GCP),,1991,684241540
Africa (GCP),,1992,663705400
Africa (GCP),,1993,704578700
Africa (GCP),,1994,788750850
Africa (GCP),,1995,842285500
Africa (GCP),,1996,870773600
Africa (GCP),,1997,892631940
Africa (GCP),,1998,911147900
Africa (GCP),,1999,897504260
Africa (GCP),,2000,927848770
Africa (GCP),,2001,917310900
Africa (GCP),,2002,896945300
Africa (GCP),,2003,988099900
Africa (GCP),,2004,1043496960
Africa (GCP),,2005,1055701760
Africa (GCP),,2006,1084842000
Africa (GCP),,2007,1113880800
Africa (GCP),,2008,1166188400
Africa (GCP),,2009,1160884700
Africa (GCP),,2010,1216269800
Africa (GCP),,2011,1264895100
Africa (GCP),,2012,1263504800
Africa (GCP),,2013,1280556000
Africa (GCP),,2014,1360808000
Africa (GCP),,2015,1335934700
Africa (GCP),,2016,1367217500
Africa (GCP),,2017,1377306600
Africa (GCP),,2018,1391176000
Africa (GCP),,2019,1456068500
Africa (GCP),,2020,1369237900
Africa (GCP),,2021,1475342100
Africa (GCP),,2022,1459102800
Africa (GCP),,2023,1481803400
Africa (GCP),,2024,1502087400
Albania,ALB,1990,5520602
Albania,ALB,1991,4290226
Albania,ALB,1992,2517116
Albania,ALB,1993,2337999
Albania,ALB,1994,1923806
Albania,ALB,1995,2089065.1
Albania,ALB,1996,2017508
Albania,ALB,1997,1543009
Albania,ALB,1998,1754709
Albania,ALB,1999,2986196
Albania,ALB,2000,3024926
Albania,ALB,2001,3220656
Albania,ALB,2002,3748272
Albania,ALB,2003,4303499
Albania,ALB,2004,4176684
Albania,ALB,2005,4261413
Albania,ALB,2006,3910715
Albania,ALB,2007,4003596.8
Albania,ALB,2008,4448339
Albania,ALB,2009,4369912
Albania,ALB,2010,4816841
Albania,ALB,2011,5175444
Albania,ALB,2012,4930006
Albania,ALB,2013,5346089
Albania,ALB,2014,6072489
Albania,ALB,2015,4712144
Albania,ALB,2016,4555035
Albania,ALB,2017,5343792
Albania,ALB,2018,5194860
Albania,ALB,2019,4940528
Albania,ALB,2020,4865033
Albania,ALB,2021,5137011
Albania,ALB,2022,4498282
Albania,ALB,2023,4417333
Albania,ALB,2024,4444448
Algeria,DZA,1990,75892110
Algeria,DZA,1991,77975864
Algeria,DZA,1992,79284180
Algeria,DZA,1993,81305970
Algeria,DZA,1994,87848480
Algeria,DZA,1995,95905704
Algeria,DZA,1996,99559530
Algeria,DZA,1997,87516910
Algeria,DZA,1998,105740130
Algeria,DZA,1999,90612900
Algeria,DZA,2000,84552456
Algeria,DZA,2001,86019190
Algeria,DZA,2002,89658400
Algeria,DZA,2003,94077930
Algeria,DZA,2004,90852530
Algeria,DZA,2005,109564424
Algeria,DZA,2006,103797760
Algeria,DZA,2007,107548696
Algeria,DZA,2008,108596090
Algeria,DZA,2009,116327976
Algeria,DZA,2010,117847360
Algeria,DZA,2011,124715240
Algeria,DZA,2012,135593460
Algeria,DZA,2013,141534270
Algeria,DZA,2014,152434660
Algeria,DZA,2015,160321620
Algeria,DZA,2016,158308320
Algeria,DZA,2017,165251630
Algeria,DZA,2018,174461180
Algeria,DZA,2019,182425000
Algeria,DZA,2020,171138530
Algeria,DZA,2021,182035800
Algeria,DZA,2022,192778560
Algeria,DZA,2023,202846660
Algeria,DZA,2024,198203180
Andorra,AND,1990,403040
Andorra,AND,1991,403040
Andorra,AND,1992,403040
Andorra,AND,1993,406704
Andorra,AND,1994,403040
Andorra,AND,1995,425024
Andorra,AND,1996,454336
Andorra,AND,1997,465328
Andorra,AND,1998,490976
Andorra,AND,1999,512960.03
Andorra,AND,2000,523952
Andorra,AND,2001,523952
Andorra,AND,2002,531280
Andorra,AND,2003,534944
Andorra,AND,2004,564256
Andorra,AND,2005,578912
Andorra,AND,2006,545936
Andorra,AND,2007,538608
Andorra,AND,2008,538608
Andorra,AND,2009,516623.97
Andorra,AND,2010,516623.97
Andorra,AND,2011,490976
Andorra,AND,2012,487312
Andorra,AND,2013,476320
Andorra,AND,2014,461664
Andorra,AND,2015,465328
Andorra,AND,2016,472656
Andorra,AND,2017,472656
Andorra,AND,2018,498304
Andorra,AND,2019,490976
Andorra,AND,2020,377392
Andorra,AND,2021,414032
Andorra,AND,2022,423408
Andorra,AND,2023,418098
Andorra,AND,2024,424663
Angola,AGO,1990,5089864
Angola,AGO,1991,5064054
Angola,AGO,1992,5164449
Angola,AGO,1993,5748389
Angola,AGO,1994,11353248
Angola,AGO,1995,12616650
Angola,AGO,1996,15248957
Angola,AGO,1997,15884249
Angola,AGO,1998,16513294
Angola,AGO,1999,17261278
Angola,AGO,2000,15995108
Angola,AGO,2001,15908461
Angola,AGO,2002,16080002
Angola,AGO,2003,17484428
Angola,AGO,2004,17015688
Angola,AGO,2005,15386819
Angola,AGO,2006,17144838
Angola,AGO,2007,17587936
Angola,AGO,2008,18750156
Angola,AGO,2009,20668332
Angola,AGO,2010,22983320
Angola,AGO,2011,23397032
Angola,AGO,2012,25940960
Angola,AGO,2013,25709742
Angola,AGO,2014,26092148
Angola,AGO,2015,27505228
Angola,AGO,2016,25465634
Angola,AGO,2017,23600984
Angola,AGO,2018,23278050
Angola,AGO,2019,22210076
Angola,AGO,2020,16549341
Angola,AGO,2021,19218562
Angola,AGO,2022,21089004
Angola,AGO,2023,21674816
Angola,AGO,2024,22333584
Anguilla,AIA,1990,43968
Anguilla,AIA,1991,43968
Anguilla,AIA,1992,47632
Anguilla,AIA,1993,54960
Anguilla,AIA,1994,54960
Anguilla,AIA,1995,54960
Anguilla,AIA,1996,58624
Anguilla,AIA,1997,58624
Anguilla,AIA,1998,65952
Anguilla,AIA,1999,69616
Anguilla,AIA,2000,80608
Anguilla,AIA,2001,84272
Anguilla,AIA,2002,84272
Anguilla,AIA,2003,87936
Anguilla,AIA,2004,98928
Anguilla,AIA,2005,109920
Anguilla,AIA,2006,120912
Anguilla,AIA,2007,124576
Anguilla,AIA,2008,124576
Anguilla,AIA,2009,124576
Anguilla,AIA,2010,128240.01
Anguilla,AIA,2011,124576
Anguilla,AIA,2012,120912
Anguilla,AIA,2013,113584
Anguilla,AIA,2014,120912
Anguilla,AIA,2015,135568
Anguilla,AIA,2016,139232
Anguilla,AIA,2017,128240.01
Anguilla,AIA,2018,131904
Anguilla,AIA,2019,142896
Anguilla,AIA,2020,135568
Anguilla,AIA,2021,139232
Anguilla,AIA,2022,142896
Anguilla,AIA,2023,142607
Anguilla,AIA,2024,148085
Antarctica,ATA,1990,10992
Antarctica,ATA,1991,14656
Antarctica,ATA,1992,14656
Antarctica,ATA,1993,14656
Antarctica,ATA,1994,14656
Antarctica,ATA,1995,3664
Antarctica,ATA,1996,3664
Antarctica,ATA,1997,3664
Antarctica,ATA,1998,3664
Antarctica,ATA,1999,3664
Antarctica,ATA,2000,3664
Antarctica,ATA,2001,3664
Antarctica,ATA,2002,3664
Antarctica,ATA,2003,3664
Antarctica,ATA,2004,7328
Antarctica,ATA,2005,7328
Antarctica,ATA,2006,7328
Antarctica,ATA,2007,10992
Antarctica,ATA,2008,0
Antarctica,ATA,2009,0
Antarctica,ATA,2010,0
Antarctica,ATA,2011,0
Antarctica,ATA,2012,0
Antarctica,ATA,2013,0
Antarctica,ATA,2014,0
Antarctica,ATA,2015,0
Antarctica,ATA,2016,0
Antarctica,ATA,2017,0
Antarctica,ATA,2018,0
Antarctica,ATA,2019,0
Antarctica,ATA,2020,0
Antarctica,ATA,2021,0
Antarctica,ATA,2022,0
Antarctica,ATA,2023,0
Antarctica,ATA,2024,0
Antigua and Barbuda,ATG,1990,241824
Antigua and Barbuda,ATG,1991,249152
Antigua and Barbuda,ATG,1992,249152
Antigua and Barbuda,ATG,1993,256480.02
Antigua and Barbuda,ATG,1994,267472
Antigua and Barbuda,ATG,1995,271136
Antigua and Barbuda,ATG,1996,285792
Antigua and Barbuda,ATG,1997,307776
Antigua and Barbuda,ATG,1998,322432
Antigua and Barbuda,ATG,1999,344416
Antigua and Barbuda,ATG,2000,355408
Antigua and Barbuda,ATG,2001,373728
Antigua and Barbuda,ATG,2002,403040
Antigua and Barbuda,ATG,2003,432352
Antigua and Barbuda,ATG,2004,450672
Antigua and Barbuda,ATG,2005,479984
Antigua and Barbuda,ATG,2006,516623.97
Antigua and Barbuda,ATG,2007,534944
Antigua and Barbuda,ATG,2008,538608
Antigua and Barbuda,ATG,2009,556928
Antigua and Barbuda,ATG,2010,549600
Antigua and Barbuda,ATG,2011,545936
Antigua and Barbuda,ATG,2012,556928
Antigua and Barbuda,ATG,2013,556928
Antigua and Barbuda,ATG,2014,567920
Antigua and Barbuda,ATG,2015,578912
Antigua and Barbuda,ATG,2016,593568
Antigua and Barbuda,ATG,2017,600896
Antigua and Barbuda,ATG,2018,615552
Antigua and Barbuda,ATG,2019,637536
Antigua and Barbuda,ATG,2020,615552
Antigua and Barbuda,ATG,2021,633872
Antigua and Barbuda,ATG,2022,641832
Antigua and Barbuda,ATG,2023,640533
Antigua and Barbuda,ATG,2024,665140
Argentina,ARG,1990,112188296
Argentina,ARG,1991,117726930
Argentina,ARG,1992,121514170
Argentina,ARG,1993,118020980
Argentina,ARG,1994,118506770
Argentina,ARG,1995,125415496
Argentina,ARG,1996,131445544
Argentina,ARG,1997,136617010
Argentina,ARG,1998,139505300
Argentina,ARG,1999,148344580
Argentina,ARG,2000,143354820
Argentina,ARG,2001,135003970
Argentina,ARG,2002,124930110
Argentina,ARG,2003,134421000
Argentina,ARG,2004,157235150
Argentina,ARG,2005,161727950
Argentina,ARG,2006,174341660
Argentina,ARG,2007,173763580
Argentina,ARG,2008,187595540
Argentina,ARG,2009,178378450
Argentina,ARG,2010,186121300
Argentina,ARG,2011,189883820
Argentina,ARG,2012,191714580
Argentina,ARG,2013,189524850
Argentina,ARG,2014,188539180
Argentina,ARG,2015,191808800
Argentina,ARG,2016,190020500
Argentina,ARG,2017,187068020
Argentina,ARG,2018,182483460
Argentina,ARG,2019,180427660
Argentina,ARG,2020,164612720
Argentina,ARG,2021,190196930
Argentina,ARG,2022,183768140
Argentina,ARG,2023,178406990
Argentina,ARG,2024,171059260
Armenia,ARM,1990,9003210
Armenia,ARM,1991,7382952
Armenia,ARM,1992,5723698
Armenia,ARM,1993,2510247
Armenia,ARM,1994,2684702
Armenia,ARM,1995,3362694
Armenia,ARM,1996,2500312
Armenia,ARM,1997,3252761
Armenia,ARM,1998,3419094
Armenia,ARM,1999,3040204
Armenia,ARM,2000,3491407
Armenia,ARM,2001,3532701
Armenia,ARM,2002,3076793
Armenia,ARM,2003,3455560
Armenia,ARM,2004,3691197
Armenia,ARM,2005,4376169
Armenia,ARM,2006,4401590
Armenia,ARM,2007,5100210
Armenia,ARM,2008,5574790
Armenia,ARM,2009,4363500
Armenia,ARM,2010,4256414
Armenia,ARM,2011,4968878
Armenia,ARM,2012,5748252
Armenia,ARM,2013,5535127
Armenia,ARM,2014,5604113
Armenia,ARM,2015,5469204
Armenia,ARM,2016,5206677
Armenia,ARM,2017,5536589
Armenia,ARM,2018,5822122
Armenia,ARM,2019,6284110
Armenia,ARM,2020,6795190
Armenia,ARM,2021,7350704
Armenia,ARM,2022,7698773
Armenia,ARM,2023,7430228
Armenia,ARM,2024,7430715
Aruba,ABW,1990,487312
Aruba,ABW,1991,531280
Aruba,ABW,1992,538608
Aruba,ABW,1993,648528
Aruba,ABW,1994,659520
Aruba,ABW,1995,710816
Aruba,ABW,1996,721808
Aruba,ABW,1997,758448
Aruba,ABW,1998,806080
Aruba,ABW,1999,809744
Aruba,ABW,2000,2377936
Aruba,ABW,2001,2407248
Aruba,ABW,2002,2436560
Aruba,ABW,2003,2561136
Aruba,ABW,2004,2616096
Aruba,ABW,2005,2715024
Aruba,ABW,2006,2711360
Aruba,ABW,2007,2821280
Aruba,ABW,2008,2656400
Aruba,ABW,2009,2627088
Aruba,ABW,2010,2506176
Aruba,ABW,2011,2495184
Aruba,ABW,2012,1344688
Aruba,ABW,2013,861040
Aruba,ABW,2014,872032
Aruba,ABW,2015,897680
Aruba,ABW,2016,883024
Aruba,ABW,2017,890352
Aruba,ABW,2018,868368
Aruba,ABW,2019,831728
Aruba,ABW,2020,820736
Aruba,ABW,2021,861040
Aruba,ABW,2022,888381
Aruba,ABW,2023,886584
Aruba,ABW,2024,920644
Asia,OWID_ASI,1990,6582485000
Asia,OWID_ASI,1991,7373495300
Asia,OWID_ASI,1992,7206709000
Asia,OWID_ASI,1993,7533513000
Asia,OWID_ASI,1994,7885157000
Asia,OWID_ASI,1995,8256111600
Asia,OWID_ASI,1996,8596898000
Asia,OWID_ASI,1997,8721443000
Asia,OWID_ASI,1998,8473977000
Asia,OWID_ASI,1999,8965377000
Asia,OWID_ASI,2000,9330988000
Asia,OWID_ASI,2001,9518093000
Asia,OWID_ASI,2002,10033991000
Asia,OWID_ASI,2003,11036212000
Asia,OWID_ASI,2004,11688358000
Asia,OWID_ASI,2005,12547687000
Asia,OWID_ASI,2006,13390618000
Asia,OWID_ASI,2007,14118133000
Asia,OWID_ASI,2008,14843059000
Asia,OWID_ASI,2009,15377569000
Asia,OWID_ASI,2010,16536467000
Asia,OWID_ASI,2011,17768819000
Asia,OWID_ASI,2012,18438480000
Asia,OWID_ASI,2013,18685477000
Asia,OWID_ASI,2014,18961437000
Asia,OWID_ASI,2015,19070407000
Asia,OWID_ASI,2016,19202404000
Asia,OWID_ASI,2017,19775838000
Asia,OWID_ASI,2018,20366350000
Asia,OWID_ASI,2019,20926585000
Asia,OWID_ASI,2020,20691950000
Asia,OWID_ASI,2021,21520503000
Asia,OWID_ASI,2022,22237813000
Asia,OWID_ASI,2023,22997092000
Asia,OWID_ASI,2024,23392487000
Asia (GCP),,1990,5761380000
Asia (GCP),,1991,6004440600
Asia (GCP),,1992,6223938600
Asia (GCP),,1993,6465919000
Asia (GCP),,1994,6758348300
Asia (GCP),,1995,7118254600
Asia (GCP),,1996,7440219600
Asia (GCP),,1997,7581172000
Asia (GCP),,1998,7294443500
Asia (GCP),,1999,7695168500
Asia (GCP),,2000,7927166000
Asia (GCP),,2001,8079179300
Asia (GCP),,2002,8583848400
Asia (GCP),,2003,9491552000
Asia (GCP),,2004,10037267000
Asia (GCP),,2005,10828093000
Asia (GCP),,2006,11564241000
Asia (GCP),,2007,12281686000
Asia (GCP),,2008,12864320000
Asia (GCP),,2009,13317202000
Asia (GCP),,2010,14362530000
Asia (GCP),,2011,15542228000
Asia (GCP),,2012,16061427000
Asia (GCP),,2013,16345718000
Asia (GCP),,2014,16580382000
Asia (GCP),,2015,16605201000
Asia (GCP),,2016,16688726000
Asia (GCP),,2017,17182280000
Asia (GCP),,2018,17777240000
Asia (GCP),,2019,18223220000
Asia (GCP),,2020,18046271000
Asia (GCP),,2021,18740865000
Asia (GCP),,2022,19455877000
Asia (GCP),,2023,20111112000
Asia (GCP),,2024,20432226000
Asia (excl. China and India),,1990,3520964400
Asia (excl. China and India),,1991,4138964000
Asia (excl. China and India),,1992,3819995100
Asia (excl. China and India),,1993,3941966300
Asia (excl. China and India),,1994,4077223000
Asia (excl. China and India),,1995,4144434200
Asia (excl. China and India),,1996,4273984800
Asia (excl. China and India),,1997,4351117300
Asia (excl. China and India),,1998,4242857700
Asia (excl. China and India),,1999,4454234600
Asia (excl. China and India),,2000,4700113400
Asia (excl. China and India),,2001,4792781000
Asia (excl. China and India),,2002,4903059500
Asia (excl. China and India),,2003,5132562400
Asia (excl. China and India),,2004,5342785000
Asia (excl. China and India),,2005,5470303700
Asia (excl. China and India),,2006,5611112000
Asia (excl. China and India),,2007,5749984000
Asia (excl. China and India),,2008,5860288000
Asia (excl. China and India),,2009,5882750500
Asia (excl. China and India),,2010,6247890000
Asia (excl. China and India),,2011,6482970000
Asia (excl. China and India),,2012,6744184000
Asia (excl. China and India),,2013,6747768000
Asia (excl. China and India),,2014,6837358000
Asia (excl. China and India),,2015,6980549000
Asia (excl. China and India),,2016,7101688300
Asia (excl. China and India),,2017,7350103600
Asia (excl. China and India),,2018,7424333000
Asia (excl. China and India),,2019,7601896000
Asia (excl. China and India),,2020,7372697000
Asia (excl. China and India),,2021,7560323600
Asia (excl. China and India),,2022,7694873000
Asia (excl. China and India),,2023,7762327600
Asia (excl. China and India),,2024,7909973000
Australia,AUS,1990,278061000
Australia,AUS,1991,279437380
Australia,AUS,1992,284433440
Australia,AUS,1993,288780400
Australia,AUS,1994,293613280
Australia,AUS,1995,304962300
Australia,AUS,1996,311850880
Australia,AUS,1997,320242530
Australia,AUS,1998,334037800
Australia,AUS,1999,343876200
Australia,AUS,2000,349897630
Australia,AUS,2001,357667780
Australia,AUS,2002,362424930
Australia,AUS,2003,370784420
Australia,AUS,2004,382004900
Australia,AUS,2005,385081500
Australia,AUS,2006,391372540
Australia,AUS,2007,398896260
Australia,AUS,2008,404279300
Australia,AUS,2009,406977100
Australia,AUS,2010,405025950
Australia,AUS,2011,403874400
Australia,AUS,2012,405005120
Australia,AUS,2013,397849900
Australia,AUS,2014,392609600
Australia,AUS,2015,400589200
Australia,AUS,2016,409666340
Australia,AUS,2017,413407840
Australia,AUS,2018,414780580
Australia,AUS,2019,414925300
Australia,AUS,2020,398546900
Australia,AUS,2021,388472300
Australia,AUS,2022,384078430
Australia,AUS,2023,384316060
Australia,AUS,2024,386732380
Austria,AUT,1990,62191450
Austria,AUT,1991,65790084
Austria,AUT,1992,60291068
Austria,AUT,1993,60710530
Austria,AUT,1994,61080120
Austria,AUT,1995,64063036
Austria,AUT,1996,67410310
Austria,AUT,1997,67304890
Austria,AUT,1998,66936904
Austria,AUT,1999,65667700
Austria,AUT,2000,66204024
Austria,AUT,2001,70190730
Austria,AUT,2002,71988380
Austria,AUT,2003,77411930
Austria,AUT,2004,77715920
Austria,AUT,2005,79095480
Austria,AUT,2006,76796200
Austria,AUT,2007,74092160
Austria,AUT,2008,73466480
Austria,AUT,2009,67301760
Austria,AUT,2010,72000250
Austria,AUT,2011,69891710
Austria,AUT,2012,67260344
Austria,AUT,2013,67758860
Austria,AUT,2014,64158736
Austria,AUT,2015,66357780
Austria,AUT,2016,67218740
Austria,AUT,2017,69601480
Austria,AUT,2018,66566510
Austria,AUT,2019,67951230
Austria,AUT,2020,62179828
Austria,AUT,2021,65751344
Austria,AUT,2022,61454140
Austria,AUT,2023,56908956
Austria,AUT,2024,56367656
Azerbaijan,AZE,1990,51344710
Azerbaijan,AZE,1991,50074016
Azerbaijan,AZE,1992,56174400
Azerbaijan,AZE,1993,48406096
Azerbaijan,AZE,1994,41944856
Azerbaijan,AZE,1995,33309350
Azerbaijan,AZE,1996,31242310
Azerbaijan,AZE,1997,29842898
Azerbaijan,AZE,1998,31784872
Azerbaijan,AZE,1999,28821594
Azerbaijan,AZE,2000,29765310
Azerbaijan,AZE,2001,28415460
Azerbaijan,AZE,2002,28570334
Azerbaijan,AZE,2003,30487584
Azerbaijan,AZE,2004,32253040
Azerbaijan,AZE,2005,34193560
Azerbaijan,AZE,2006,34521828
Azerbaijan,AZE,2007,30036786
Azerbaijan,AZE,2008,33036510
Azerbaijan,AZE,2009,29102576
Azerbaijan,AZE,2010,27549052
Azerbaijan,AZE,2011,30210230
Azerbaijan,AZE,2012,32770066
Azerbaijan,AZE,2013,33558890
Azerbaijan,AZE,2014,34344760
Azerbaijan,AZE,2015,34683330
Azerbaijan,AZE,2016,34726970
Azerbaijan,AZE,2017,34698280
Azerbaijan,AZE,2018,34576230
Azerbaijan,AZE,2019,37752550
Azerbaijan,AZE,2020,36237164
Azerbaijan,AZE,2021,38299644
Azerbaijan,AZE,2022,41174576
Azerbaijan,AZE,2023,42748196
Azerbaijan,AZE,2024,39830140
Bahamas,BHS,1990,2022527.9
Bahamas,BHS,1991,1996880
Bahamas,BHS,1992,1868640
Bahamas,BHS,1993,1744064
Bahamas,BHS,1994,1769712
Bahamas,BHS,1995,1839328
Bahamas,BHS,1996,1813680
Bahamas,BHS,1997,1608496
Bahamas,BHS,1998,1989552
Bahamas,BHS,1999,2033520
Bahamas,BHS,2000,2026192
Bahamas,BHS,2001,1945584
Bahamas,BHS,2002,2033520
Bahamas,BHS,2003,2070159.9
Bahamas,BHS,2004,2048176
Bahamas,BHS,2005,1905280
Bahamas,BHS,2006,1853984
Bahamas,BHS,2007,1872304
Bahamas,BHS,2008,1919936
Bahamas,BHS,2009,2154432
Bahamas,BHS,2010,2231376
Bahamas,BHS,2011,2110464
Bahamas,BHS,2012,2048176
Bahamas,BHS,2013,1993216
Bahamas,BHS,2014,2062832.1
Bahamas,BHS,2015,2231376
Bahamas,BHS,2016,2246032
Bahamas,BHS,2017,2520832
Bahamas,BHS,2018,2454880
Bahamas,BHS,2019,2520832
Bahamas,BHS,2020,2051840.1
Bahamas,BHS,2021,2726016
Bahamas,BHS,2022,2961983
Bahamas,BHS,2023,2956122
Bahamas,BHS,2024,3069679
Bahrain,BHR,1990,11493968
Bahrain,BHR,1991,11329088
Bahrain,BHR,1992,10402063
Bahrain,BHR,1993,16748144
Bahrain,BHR,1994,14351888
Bahrain,BHR,1995,14743936
Bahrain,BHR,1996,15942064
Bahrain,BHR,1997,17220784
Bahrain,BHR,1998,18276032
Bahrain,BHR,1999,18254048
Bahrain,BHR,2000,19199360
Bahrain,BHR,2001,19679344
Bahrain,BHR,2002,20111696
Bahrain,BHR,2003,20976400
Bahrain,BHR,2004,21203568
Bahrain,BHR,2005,24486512
Bahrain,BHR,2006,24035840
Bahrain,BHR,2007,26626288
Bahrain,BHR,2008,29524512
Bahrain,BHR,2009,28137678
Bahrain,BHR,2010,29142510
Bahrain,BHR,2011,28544122
Bahrain,BHR,2012,27202492
Bahrain,BHR,2013,31228270
Bahrain,BHR,2014,30970746
Bahrain,BHR,2015,32520614
Bahrain,BHR,2016,31635436
Bahrain,BHR,2017,32916580
Bahrain,BHR,2018,32698486
Bahrain,BHR,2019,37616144
Bahrain,BHR,2020,37429270
Bahrain,BHR,2021,36265130
Bahrain,BHR,2022,37826840
Bahrain,BHR,2023,38786692
Bahrain,BHR,2024,39003456
Bangladesh,BGD,1990,14081596
Bangladesh,BGD,1991,14752975
Bangladesh,BGD,1992,15390896
Bangladesh,BGD,1993,16073917
Bangladesh,BGD,1994,17552698
Bangladesh,BGD,1995,21056370
Bangladesh,BGD,1996,21507472
Bangladesh,BGD,1997,23144114
Bangladesh,BGD,1998,23216120
Bangladesh,BGD,1999,25093308
Bangladesh,BGD,2000,26539266
Bangladesh,BGD,2001,31064220
Bangladesh,BGD,2002,32006890
Bangladesh,BGD,2003,33495934
Bangladesh,BGD,2004,35978172
Bangladesh,BGD,2005,37716676
Bangladesh,BGD,2006,41725810
Bangladesh,BGD,2007,42675104
Bangladesh,BGD,2008,45341492
Bangladesh,BGD,2009,49188376
Bangladesh,BGD,2010,54035524
Bangladesh,BGD,2011,55592710
Bangladesh,BGD,2012,59703860
Bangladesh,BGD,2013,64762796
Bangladesh,BGD,2014,67551890
Bangladesh,BGD,2015,76946130
Bangladesh,BGD,2016,81761160
Bangladesh,BGD,2017,86530870
Bangladesh,BGD,2018,86608110
Bangladesh,BGD,2019,94807690
Bangladesh,BGD,2020,95729090
Bangladesh,BGD,2021,98530280
Bangladesh,BGD,2022,102147410
Bangladesh,BGD,2023,104526670
Bangladesh,BGD,2024,108317880
Barbados,BRB,1990,1037106.06
Barbados,BRB,1991,1183679
Barbados,BRB,1992,1164214
Barbados,BRB,1993,935647
Barbados,BRB,1994,940022
Barbados,BRB,1995,1022811.06
Barbados,BRB,1996,1049680
Barbados,BRB,1997,1155708
Barbados,BRB,1998,1227699
Barbados,BRB,1999,1301683
Barbados,BRB,2000,1309144
Barbados,BRB,2001,1307472
Barbados,BRB,2002,1316816
Barbados,BRB,2003,1358456
Barbados,BRB,2004,1386768
Barbados,BRB,2005,1429072
Barbados,BRB,2006,1471040
Barbados,BRB,2007,1469040
Barbados,BRB,2008,1733427
Barbados,BRB,2009,1699727
Barbados,BRB,2010,1566600
Barbados,BRB,2011,1626242
Barbados,BRB,2012,1554216
Barbados,BRB,2013,1539832
Barbados,BRB,2014,1367624
Barbados,BRB,2015,1334648
Barbados,BRB,2016,1371455
Barbados,BRB,2017,1399244
Barbados,BRB,2018,1446876
Barbados,BRB,2019,1391916
Barbados,BRB,2020,1255533
Barbados,BRB,2021,1190120
Barbados,BRB,2022,1314983
Barbados,BRB,2023,1316733
Barbados,BRB,2024,1365171
Belarus,BLR,1990,108458880
Belarus,BLR,1991,104185950
Belarus,BLR,1992,93596920
Belarus,BLR,1993,80674480
Belarus,BLR,1994,67989830
Belarus,BLR,1995,61014530
Belarus,BLR,1996,61843570
Belarus,BLR,1997,61697460
Belarus,BLR,1998,60184024
Belarus,BLR,1999,58075780
Belarus,BLR,2000,55014468
Belarus,BLR,2001,54104692
Belarus,BLR,2002,53944120
Belarus,BLR,2003,55236252
Belarus,BLR,2004,58372804
Belarus,BLR,2005,59396210
Belarus,BLR,2006,61809496
Belarus,BLR,2007,60275660
Belarus,BLR,2008,62931132
Belarus,BLR,2009,60628340
Belarus,BLR,2010,62515440
Belarus,BLR,2011,61353236
Belarus,BLR,2012,62591696
Belarus,BLR,2013,64151856
Belarus,BLR,2014,63699212
Belarus,BLR,2015,58827810
Belarus,BLR,2016,58188064
Belarus,BLR,2017,59444372
Belarus,BLR,2018,62170668
Belarus,BLR,2019,62170636
Belarus,BLR,2020,59122900
Belarus,BLR,2021,60861080
Belarus,BLR,2022,57120548
Belarus,BLR,2023,55736064
Belarus,BLR,2024,55818416
Belgium,BEL,1990,120335410
Belgium,BEL,1991,123396216
Belgium,BEL,1992,122519256
Belgium,BEL,1993,121451200
Belgium,BEL,1994,124833050
Belgium,BEL,1995,125969300
Belgium,BEL,1996,129503280
Belgium,BEL,1997,124017384
Belgium,BEL,1998,130255750
Belgium,BEL,1999,124718600
Belgium,BEL,2000,126775704
Belgium,BEL,2001,126085030
Belgium,BEL,2002,126883144
Belgium,BEL,2003,128292040
Belgium,BEL,2004,128811736
Belgium,BEL,2005,125657690
Belgium,BEL,2006,123900460
Belgium,BEL,2007,120493400
Belgium,BEL,2008,120204350
Belgium,BEL,2009,107806790
Belgium,BEL,2010,114562660
Belgium,BEL,2011,105158970
Belgium,BEL,2012,102486240
Belgium,BEL,2013,102815960
Belgium,BEL,2014,97080950
Belgium,BEL,2015,101327496
Belgium,BEL,2016,99816290
Belgium,BEL,2017,99282190
Belgium,BEL,2018,100256370
Belgium,BEL,2019,99798730
Belgium,BEL,2020,91254550
Belgium,BEL,2021,94928070
Belgium,BEL,2022,88914970
Belgium,BEL,2023,84703360
Belgium,BEL,2024,85456200
Belize,BLZ,1990,311440
Belize,BLZ,1991,406704
Belize,BLZ,1992,355408
Belize,BLZ,1993,377392
Belize,BLZ,1994,373728
Belize,BLZ,1995,377392
Belize,BLZ,1996,307776
Belize,BLZ,1997,388384
Belize,BLZ,1998,370064
Belize,BLZ,1999,348080
Belize,BLZ,2000,395712
Belize,BLZ,2001,447008
Belize,BLZ,2002,432352
Belize,BLZ,2003,432352
Belize,BLZ,2004,392048
Belize,BLZ,2005,417696
Belize,BLZ,2006,443344
Belize,BLZ,2007,472656
Belize,BLZ,2008,432352
Belize,BLZ,2009,512960.03
Belize,BLZ,2010,538608
Belize,BLZ,2011,571584
Belize,BLZ,2012,472656
Belize,BLZ,2013,472656
Belize,BLZ,2014,501968.03
Belize,BLZ,2015,685168
Belize,BLZ,2016,674176
Belize,BLZ,2017,666848
Belize,BLZ,2018,659540
Belize,BLZ,2019,769440
Belize,BLZ,2020,653636
Belize,BLZ,2021,693630
Belize,BLZ,2022,723761
Belize,BLZ,2023,766451
Belize,BLZ,2024,796027
Benin,BEN,1990,579346
Benin,BEN,1991,619650
Benin,BEN,1992,670946
Benin,BEN,1993,807422
Benin,BEN,1994,911527
Benin,BEN,1995,956267
Benin,BEN,1996,1183806
Benin,BEN,1997,1223975
Benin,BEN,1998,1113856
Benin,BEN,1999,1461936
Benin,BEN,2000,1472928
Benin,BEN,2001,1689104
Benin,BEN,2002,2110055
Benin,BEN,2003,2393998
Benin,BEN,2004,2593600
Benin,BEN,2005,2489730
Benin,BEN,2006,3351106
Benin,BEN,2007,3930960
Benin,BEN,2008,3918994
Benin,BEN,2009,4224517
Benin,BEN,2010,4679390
Benin,BEN,2011,4479719
Benin,BEN,2012,4402539
Benin,BEN,2013,4565975
Benin,BEN,2014,4774016
Benin,BEN,2015,5318238
Benin,BEN,2016,5310542
Benin,BEN,2017,5555002
Benin,BEN,2018,5668449
Benin,BEN,2019,5272598
Benin,BEN,2020,5540920
Benin,BEN,2021,5805787
Benin,BEN,2022,6092278
Benin,BEN,2023,5927823
Benin,BEN,2024,6066339
Bermuda,BMU,1990,501968.03
Bermuda,BMU,1991,538608
Bermuda,BMU,1992,461664
Bermuda,BMU,1993,538608
Bermuda,BMU,1994,531280
Bermuda,BMU,1995,531280
Bermuda,BMU,1996,527616
Bermuda,BMU,1997,523952
Bermuda,BMU,1998,520288
Bermuda,BMU,1999,512960.03
Bermuda,BMU,2000,516623.97
Bermuda,BMU,2001,527616
Bermuda,BMU,2002,556928
Bermuda,BMU,2003,560592
Bermuda,BMU,2004,582576
Bermuda,BMU,2005,582576
Bermuda,BMU,2006,655856
Bermuda,BMU,2007,729136
Bermuda,BMU,2008,644864
Bermuda,BMU,2009,472656
Bermuda,BMU,2010,604560
Bermuda,BMU,2011,443344
Bermuda,BMU,2012,366400
Bermuda,BMU,2013,534944
Bermuda,BMU,2014,666848
Bermuda,BMU,2015,542272
Bermuda,BMU,2016,615552
Bermuda,BMU,2017,641200
Bermuda,BMU,2018,696160
Bermuda,BMU,2019,593568
Bermuda,BMU,2020,436016
Bermuda,BMU,2021,516623.97
Bermuda,BMU,2022,530727
Bermuda,BMU,2023,529653
Bermuda,BMU,2024,550001
Bhutan,BTN,1990,185730
Bhutan,BTN,1991,185738
Bhutan,BTN,1992,215057
Bhutan,BTN,1993,181786
Bhutan,BTN,1994,212410
Bhutan,BTN,1995,248966
Bhutan,BTN,1996,298272
Bhutan,BTN,1997,390105
Bhutan,BTN,1998,385183
Bhutan,BTN,1999,385869
Bhutan,BTN,2000,396871
Bhutan,BTN,2001,463541
Bhutan,BTN,2002,494002
Bhutan,BTN,2003,494012
Bhutan,BTN,2004,436153
Bhutan,BTN,2005,546084
Bhutan,BTN,2006,411117
Bhutan,BTN,2007,397186
Bhutan,BTN,2008,646350
Bhutan,BTN,2009,683001
Bhutan,BTN,2010,905464
Bhutan,BTN,2011,1006822.94
Bhutan,BTN,2012,1150018
Bhutan,BTN,2013,1268971
Bhutan,BTN,2014,1332335
Bhutan,BTN,2015,1433898
Bhutan,BTN,2016,1560270
Bhutan,BTN,2017,1649287
Bhutan,BTN,2018,1681916
Bhutan,BTN,2019,1564881
Bhutan,BTN,2020,1213662
Bhutan,BTN,2021,1454682
Bhutan,BTN,2022,1549593
Bhutan,BTN,2023,1629648
Bhutan,BTN,2024,1657416
Bolivia,BOL,1990,10017548
Bolivia,BOL,1991,10505752
Bolivia,BOL,1992,11025174
Bolivia,BOL,1993,11561578
Bolivia,BOL,1994,9649576
Bolivia,BOL,1995,9028558
Bolivia,BOL,1996,10027261
Bolivia,BOL,1997,11732910
Bolivia,BOL,1998,11264037
Bolivia,BOL,1999,10950275
Bolivia,BOL,2000,8442282
Bolivia,BOL,2001,8752278
Bolivia,BOL,2002,10414980
Bolivia,BOL,2003,10983067
Bolivia,BOL,2004,11051123
Bolivia,BOL,2005,12336852
Bolivia,BOL,2006,12368667
Bolivia,BOL,2007,12740015
Bolivia,BOL,2008,13027696
Bolivia,BOL,2009,13633147
Bolivia,BOL,2010,14808615
Bolivia,BOL,2011,16051197
Bolivia,BOL,2012,17574666
Bolivia,BOL,2013,17777708
Bolivia,BOL,2014,19900322
Bolivia,BOL,2015,19899728
Bolivia,BOL,2016,21249604
Bolivia,BOL,2017,22181584
Bolivia,BOL,2018,22508872
Bolivia,BOL,2019,22609254
Bolivia,BOL,2020,18320192
Bolivia,BOL,2021,21766604
Bolivia,BOL,2022,23488206
Bolivia,BOL,2023,24620520
Bolivia,BOL,2024,28708664
Bonaire Sint Eustatius and Saba,BES,1990,89493
Bonaire Sint Eustatius and Saba,BES,1991,71413
Bonaire Sint Eustatius and Saba,BES,1992,58836
Bonaire Sint Eustatius and Saba,BES,1993,90823
Bonaire Sint Eustatius and Saba,BES,1994,87074
Bonaire Sint Eustatius and Saba,BES,1995,86167
Bonaire Sint Eustatius and Saba,BES,1996,80604
Bonaire Sint Eustatius and Saba,BES,1997,84353
Bonaire Sint Eustatius and Saba,BES,1998,4656
Bonaire Sint Eustatius and Saba,BES,1999,34890
Bonaire Sint Eustatius and Saba,BES,2000,92577
Bonaire Sint Eustatius and Saba,BES,2001,94270
Bonaire Sint Eustatius and Saba,BES,2002,90884
Bonaire Sint Eustatius and Saba,BES,2003,90944
Bonaire Sint Eustatius and Saba,BES,2004,95419
Bonaire Sint Eustatius and Saba,BES,2005,94572
Bonaire Sint Eustatius and Saba,BES,2006,98563
Bonaire Sint Eustatius and Saba,BES,2007,110959
Bonaire Sint Eustatius and Saba,BES,2008,106727
Bonaire Sint Eustatius and Saba,BES,2009,109206
Bonaire Sint Eustatius and Saba,BES,2010,75223
Bonaire Sint Eustatius and Saba,BES,2011,95963
Bonaire Sint Eustatius and Saba,BES,2012,117248
Bonaire Sint Eustatius and Saba,BES,2013,113584
Bonaire Sint Eustatius and Saba,BES,2014,117248
Bonaire Sint Eustatius and Saba,BES,2015,128240.01
Bonaire Sint Eustatius and Saba,BES,2016,131904
Bonaire Sint Eustatius and Saba,BES,2017,139232
Bonaire Sint Eustatius and Saba,BES,2018,131904
Bonaire Sint Eustatius and Saba,BES,2019,139232
Bonaire Sint Eustatius and Saba,BES,2020,131904
Bonaire Sint Eustatius and Saba,BES,2021,139232
Bonaire Sint Eustatius and Saba,BES,2022,146560
Bonaire Sint Eustatius and Saba,BES,2023,146264
Bonaire Sint Eustatius and Saba,BES,2024,151882
Bosnia and Herzegovina,BIH,1990,19872074
Bosnia and Herzegovina,BIH,1991,14059958
Bosnia and Herzegovina,BIH,1992,15028713
Bosnia and Herzegovina,BIH,1993,12580576
Bosnia and Herzegovina,BIH,1994,3204952
Bosnia and Herzegovina,BIH,1995,3405593
Bosnia and Herzegovina,BIH,1996,4239503
Bosnia and Herzegovina,BIH,1997,8365764.5
Bosnia and Herzegovina,BIH,1998,10550597
Bosnia and Herzegovina,BIH,1999,10333251
Bosnia and Herzegovina,BIH,2000,13702133
Bosnia and Herzegovina,BIH,2001,13262733
Bosnia and Herzegovina,BIH,2002,14172601
Bosnia and Herzegovina,BIH,2003,14358120
Bosnia and Herzegovina,BIH,2004,15462454
Bosnia and Herzegovina,BIH,2005,16046078
Bosnia and Herzegovina,BIH,2006,17386820
Bosnia and Herzegovina,BIH,2007,17474332
Bosnia and Herzegovina,BIH,2008,19955086
Bosnia and Herzegovina,BIH,2009,20537094
Bosnia and Herzegovina,BIH,2010,21145704
Bosnia and Herzegovina,BIH,2011,23764900
Bosnia and Herzegovina,BIH,2012,22137784
Bosnia and Herzegovina,BIH,2013,21801106
Bosnia and Herzegovina,BIH,2014,19311786
Bosnia and Herzegovina,BIH,2015,18460492
Bosnia and Herzegovina,BIH,2016,21734072
Bosnia and Herzegovina,BIH,2017,22152510
Bosnia and Herzegovina,BIH,2018,22078696
Bosnia and Herzegovina,BIH,2019,20810378
Bosnia and Herzegovina,BIH,2020,20831812
Bosnia and Herzegovina,BIH,2021,21267650
Bosnia and Herzegovina,BIH,2022,20742836
Bosnia and Herzegovina,BIH,2023,19881310
Bosnia and Herzegovina,BIH,2024,19425932
Botswana,BWA,1990,2700368
Botswana,BWA,1991,2634416
Botswana,BWA,1992,2777312
Botswana,BWA,1993,3195008
Botswana,BWA,1994,3030128
Botswana,BWA,1995,3044784
Botswana,BWA,1996,2755328
Botswana,BWA,1997,2799296
Botswana,BWA,1998,3341568
Botswana,BWA,1999,3158368
Botswana,BWA,2000,3777584
Botswana,BWA,2001,3847200
Botswana,BWA,2002,3975440
Botswana,BWA,2003,3825216
Botswana,BWA,2004,3894832
Botswana,BWA,2005,4096352
Botswana,BWA,2006,4132991.8
Botswana,BWA,2007,4228256
Botswana,BWA,2008,4503056
Botswana,BWA,2009,3855444
Botswana,BWA,2010,4537275
Botswana,BWA,2011,4028802
Botswana,BWA,2012,5076711
Botswana,BWA,2013,5663055
Botswana,BWA,2014,6850164
Botswana,BWA,2015,5417540
Botswana,BWA,2016,6340873
Botswana,BWA,2017,7066344
Botswana,BWA,2018,7643491
Botswana,BWA,2019,7485552
Botswana,BWA,2020,6192160
Botswana,BWA,2021,6683136
Botswana,BWA,2022,7395755
Botswana,BWA,2023,7248677
Botswana,BWA,2024,7461599
Brazil,BRA,1990,218657680
Brazil,BRA,1991,229393580
Brazil,BRA,1992,233600860
Brazil,BRA,1993,244305540
Brazil,BRA,1994,254002260
Brazil,BRA,1995,268677540
Brazil,BRA,1996,289310900
Brazil,BRA,1997,306949060
Brazil,BRA,1998,317359420
Brazil,BRA,1999,327255650
Brazil,BRA,2000,340182820
Brazil,BRA,2001,346165730
Brazil,BRA,2002,347764960
Brazil,BRA,2003,344644930
Brazil,BRA,2004,361434020
Brazil,BRA,2005,364370560
Brazil,BRA,2006,368870940
Brazil,BRA,2007,390573440
Brazil,BRA,2008,412637860
Brazil,BRA,2009,389775330
Brazil,BRA,2010,440269060
Brazil,BRA,2011,461911330
Brazil,BRA,2012,497468200
Brazil,BRA,2013,531568830
Brazil,BRA,2014,556525500
Brazil,BRA,2015,528173540
Brazil,BRA,2016,491744830
Brazil,BRA,2017,497254560
Brazil,BRA,2018,476600540
Brazil,BRA,2019,476723740
Brazil,BRA,2020,447999400
Brazil,BRA,2021,496562000
Brazil,BRA,2022,480058300
Brazil,BRA,2023,483991940
Brazil,BRA,2024,483011550
British Virgin Islands,VGB,1990,65952
British Virgin Islands,VGB,1991,73280
British Virgin Islands,VGB,1992,80608
British Virgin Islands,VGB,1993,84272
British Virgin Islands,VGB,1994,87936
British Virgin Islands,VGB,1995,87936
British Virgin Islands,VGB,1996,98928
British Virgin Islands,VGB,1997,102592
British Virgin Islands,VGB,1998,102592
British Virgin Islands,VGB,1999,113584
British Virgin Islands,VGB,2000,117248
British Virgin Islands,VGB,2001,128240.01
British Virgin Islands,VGB,2002,139232
British Virgin Islands,VGB,2003,146560
British Virgin Islands,VGB,2004,153888
British Virgin Islands,VGB,2005,164880
British Virgin Islands,VGB,2006,179536
British Virgin Islands,VGB,2007,183200
British Virgin Islands,VGB,2008,190528
British Virgin Islands,VGB,2009,194192
British Virgin Islands,VGB,2010,212512
British Virgin Islands,VGB,2011,208848
British Virgin Islands,VGB,2012,208848
British Virgin Islands,VGB,2013,212512
British Virgin Islands,VGB,2014,216176
British Virgin Islands,VGB,2015,223504
British Virgin Islands,VGB,2016,227168
British Virgin Islands,VGB,2017,179536
British Virgin Islands,VGB,2018,157552
British Virgin Islands,VGB,2019,183200
British Virgin Islands,VGB,2020,179536
British Virgin Islands,VGB,2021,183200
British Virgin Islands,VGB,2022,185761
British Virgin Islands,VGB,2023,185385
British Virgin Islands,VGB,2024,192507
Brunei,BRN,1990,5008688
Brunei,BRN,1991,6826032
Brunei,BRN,1992,6668480
Brunei,BRN,1993,5851408
Brunei,BRN,1994,5292824
Brunei,BRN,1995,5884485
Brunei,BRN,1996,5962526
Brunei,BRN,1997,6178846
Brunei,BRN,1998,5595279
Brunei,BRN,1999,5978051
Brunei,BRN,2000,5886176
Brunei,BRN,2001,5757950
Brunei,BRN,2002,5285426
Brunei,BRN,2003,6139636
Brunei,BRN,2004,5966673
Brunei,BRN,2005,5428519
Brunei,BRN,2006,7143688
Brunei,BRN,2007,8076697.5
Brunei,BRN,2008,9165561
Brunei,BRN,2009,7744925
Brunei,BRN,2010,8017381.5
Brunei,BRN,2011,9555439
Brunei,BRN,2012,9499828
Brunei,BRN,2013,7626055
Brunei,BRN,2014,8830992
Brunei,BRN,2015,6933290
Brunei,BRN,2016,7632908
Brunei,BRN,2017,9309384
Brunei,BRN,2018,9341090
Brunei,BRN,2019,9564189
Brunei,BRN,2020,11157091
Brunei,BRN,2021,11708841
Brunei,BRN,2022,12237038
Brunei,BRN,2023,12502692
Brunei,BRN,2024,12052463
Bulgaria,BGR,1990,76637944
Bulgaria,BGR,1991,61520710
Bulgaria,BGR,1992,57355644
Bulgaria,BGR,1993,58389170
Bulgaria,BGR,1994,56382556
Bulgaria,BGR,1995,57916560
Bulgaria,BGR,1996,58460404
Bulgaria,BGR,1997,55806190
Bulgaria,BGR,1998,53113840
Bulgaria,BGR,1999,46371320
Bulgaria,BGR,2000,45499310
Bulgaria,BGR,2001,49019640
Bulgaria,BGR,2002,46141040
Bulgaria,BGR,2003,50491210
Bulgaria,BGR,2004,49537290
Bulgaria,BGR,2005,50600356
Bulgaria,BGR,2006,51837492
Bulgaria,BGR,2007,55669220
Bulgaria,BGR,2008,54025910
Bulgaria,BGR,2009,45750250
Bulgaria,BGR,2010,47815700
Bulgaria,BGR,2011,53120460
Bulgaria,BGR,2012,48276560
Bulgaria,BGR,2013,42582988
Bulgaria,BGR,2014,45169064
Bulgaria,BGR,2015,48127124
Bulgaria,BGR,2016,45343750
Bulgaria,BGR,2017,47445844
Bulgaria,BGR,2018,43503330
Bulgaria,BGR,2019,42194980
Bulgaria,BGR,2020,36571028
Bulgaria,BGR,2021,42365030
Bulgaria,BGR,2022,46931790
Bulgaria,BGR,2023,34500948
Bulgaria,BGR,2024,31621824
Burkina Faso,BFA,1990,593568
Burkina Faso,BFA,1991,637536
Burkina Faso,BFA,1992,633872
Burkina Faso,BFA,1993,633872
Burkina Faso,BFA,1994,659520
Burkina Faso,BFA,1995,660750
Burkina Faso,BFA,1996,726684
Burkina Faso,BFA,1997,763703
Burkina Faso,BFA,1998,847950
Burkina Faso,BFA,1999,1040182
Burkina Faso,BFA,2000,930782
Burkina Faso,BFA,2001,1064375
Burkina Faso,BFA,2002,1067265
Burkina Faso,BFA,2003,1184465
Burkina Faso,BFA,2004,1107473
Burkina Faso,BFA,2005,1103760
Burkina Faso,BFA,2006,1217233
Burkina Faso,BFA,2007,1616447
Burkina Faso,BFA,2008,1817817
Burkina Faso,BFA,2009,1836305
Burkina Faso,BFA,2010,1985076
Burkina Faso,BFA,2011,2149253
Burkina Faso,BFA,2012,2611586
Burkina Faso,BFA,2013,2808880
Burkina Faso,BFA,2014,2867520
Burkina Faso,BFA,2015,3743772
Burkina Faso,BFA,2016,3987637
Burkina Faso,BFA,2017,4621631
Burkina Faso,BFA,2018,5226246
Burkina Faso,BFA,2019,5618020
Burkina Faso,BFA,2020,5618088
Burkina Faso,BFA,2021,6328719
Burkina Faso,BFA,2022,6542194
Burkina Faso,BFA,2023,6308441
Burkina Faso,BFA,2024,6507663
Burundi,BDI,1990,208848
Burundi,BDI,1991,238160
Burundi,BDI,1992,216176
Burundi,BDI,1993,227168
Burundi,BDI,1994,234496
Burundi,BDI,1995,238160
Burundi,BDI,1996,241824
Burundi,BDI,1997,249152
Burundi,BDI,1998,249152
Burundi,BDI,1999,252815.98
Burundi,BDI,2000,271136
Burundi,BDI,2001,205184
Burundi,BDI,2002,212512
Burundi,BDI,2003,168544
Burundi,BDI,2004,197856
Burundi,BDI,2005,157552
Burundi,BDI,2006,186864
Burundi,BDI,2007,186864
Burundi,BDI,2008,201520
Burundi,BDI,2009,216176
Burundi,BDI,2010,333424
Burundi,BDI,2011,414032
Burundi,BDI,2012,392048
Burundi,BDI,2013,436016
Burundi,BDI,2014,355126
Burundi,BDI,2015,355408
Burundi,BDI,2016,428688
Burundi,BDI,2017,516498.03
Burundi,BDI,2018,645097
Burundi,BDI,2019,685168
Burundi,BDI,2020,739430
Burundi,BDI,2021,771677
Burundi,BDI,2022,877523
Burundi,BDI,2023,900716
Burundi,BDI,2024,916664
Cambodia,KHM,1990,1260416
Cambodia,KHM,1991,1304384
Cambodia,KHM,1992,1348352
Cambodia,KHM,1993,1384992
Cambodia,KHM,1994,1425296
Cambodia,KHM,1995,1498576
Cambodia,KHM,1996,1516896
Cambodia,KHM,1997,1465600
Cambodia,KHM,1998,1875968
Cambodia,KHM,1999,1894288
Cambodia,KHM,2000,1996880
Cambodia,KHM,2001,2235040
Cambodia,KHM,2002,2154432
Cambodia,KHM,2003,2253360
Cambodia,KHM,2004,2238704
Cambodia,KHM,2005,2209392
Cambodia,KHM,2006,2846928
Cambodia,KHM,2007,3489462
Cambodia,KHM,2008,3936332
Cambodia,KHM,2009,4579380
Cambodia,KHM,2010,5067388
Cambodia,KHM,2011,5271034
Cambodia,KHM,2012,5572352
Cambodia,KHM,2013,5625738
Cambodia,KHM,2014,6702344
Cambodia,KHM,2015,8186074.5
Cambodia,KHM,2016,10643550
Cambodia,KHM,2017,12087146
Cambodia,KHM,2018,13937509
Cambodia,KHM,2019,18626280
Cambodia,KHM,2020,20990796
Cambodia,KHM,2021,20775382
Cambodia,KHM,2022,20865134
Cambodia,KHM,2023,21411502
Cambodia,KHM,2024,21882690
Cameroon,CMR,1990,2604793
Cameroon,CMR,1991,2668440
Cameroon,CMR,1992,2712299
Cameroon,CMR,1993,2865801
Cameroon,CMR,1994,4879764
Cameroon,CMR,1995,5374671
Cameroon,CMR,1996,5974660
Cameroon,CMR,1997,5378781
Cameroon,CMR,1998,5373172
Cameroon,CMR,1999,5219450
Cameroon,CMR,2000,5588569
Cameroon,CMR,2001,5562424
Cameroon,CMR,2002,5350642
Cameroon,CMR,2003,5704622
Cameroon,CMR,2004,5698455
Cameroon,CMR,2005,5423858
Cameroon,CMR,2006,5485919
Cameroon,CMR,2007,7409373
Cameroon,CMR,2008,7320619
Cameroon,CMR,2009,8554963
Cameroon,CMR,2010,8383322
Cameroon,CMR,2011,8105278
Cameroon,CMR,2012,7607038
Cameroon,CMR,2013,7853181
Cameroon,CMR,2014,8775174
Cameroon,CMR,2015,9849951
Cameroon,CMR,2016,9964924
Cameroon,CMR,2017,9581728
Cameroon,CMR,2018,9843863
Cameroon,CMR,2019,9605290
Cameroon,CMR,2020,9716267
Cameroon,CMR,2021,9733522
Cameroon,CMR,2022,9792435
Cameroon,CMR,2023,9694864
Cameroon,CMR,2024,9631583
Canada,CAN,1990,458017860
Canada,CAN,1991,449776450
Canada,CAN,1992,463392770
Canada,CAN,1993,464071580
Canada,CAN,1994,478467870
Canada,CAN,1995,491305340
Canada,CAN,1996,507775200
Canada,CAN,1997,522018700
Canada,CAN,1998,529614820
Canada,CAN,1999,543859500
Canada,CAN,2000,566679900
Canada,CAN,2001,558980600
Canada,CAN,2002,564256200
Canada,CAN,2003,581190400
Canada,CAN,2004,576286400
Canada,CAN,2005,570396100
Canada,CAN,2006,566315400
Canada,CAN,2007,589956200
Canada,CAN,2008,574214340
Canada,CAN,2009,541129860
Canada,CAN,2010,554307460
Canada,CAN,2011,562832450
Canada,CAN,2012,561769540
Canada,CAN,2013,568589700
Canada,CAN,2014,564938240
Canada,CAN,2015,563002560
Canada,CAN,2016,553707000
Canada,CAN,2017,566660300
Canada,CAN,2018,575090750
Canada,CAN,2019,579007040
Canada,CAN,2020,524207940
Canada,CAN,2021,537478660
Canada,CAN,2022,547657660
Canada,CAN,2023,545478500
Canada,CAN,2024,533340100
Cape Verde,CPV,1990,179536
Cape Verde,CPV,1991,164880
Cape Verde,CPV,1992,179536
Cape Verde,CPV,1993,168544
Cape Verde,CPV,1994,175872
Cape Verde,CPV,1995,197856
Cape Verde,CPV,1996,219840
Cape Verde,CPV,1997,227168
Cape Verde,CPV,1998,241824
Cape Verde,CPV,1999,285792
Cape Verde,CPV,2000,296784
Cape Verde,CPV,2001,348080
Cape Verde,CPV,2002,384720
Cape Verde,CPV,2003,414032
Cape Verde,CPV,2004,428688
Cape Verde,CPV,2005,447008
Cape Verde,CPV,2006,494640
Cape Verde,CPV,2007,505631.97
Cape Verde,CPV,2008,472656
Cape Verde,CPV,2009,523952
Cape Verde,CPV,2010,556928
Cape Verde,CPV,2011,615552
Cape Verde,CPV,2012,501968.03
Cape Verde,CPV,2013,494640
Cape Verde,CPV,2014,490976
Cape Verde,CPV,2015,494640
Cape Verde,CPV,2016,531280
Cape Verde,CPV,2017,571584
Cape Verde,CPV,2018,571584
Cape Verde,CPV,2019,630208
Cape Verde,CPV,2020,520288
Cape Verde,CPV,2021,589904
Cape Verde,CPV,2022,597650
Cape Verde,CPV,2023,571493
Cape Verde,CPV,2024,593786
Central African Republic,CAF,1990,183200
Central African Republic,CAF,1991,190528
Central African Republic,CAF,1992,194192
Central African Republic,CAF,1993,197856
Central African Republic,CAF,1994,208848
Central African Republic,CAF,1995,208848
Central African Republic,CAF,1996,212512
Central African Republic,CAF,1997,216176
Central African Republic,CAF,1998,219840
Central African Republic,CAF,1999,230832
Central African Republic,CAF,2000,124576
Central African Republic,CAF,2001,142896
Central African Republic,CAF,2002,117248
Central African Republic,CAF,2003,113584
Central African Republic,CAF,2004,124576
Central African Republic,CAF,2005,128240.01
Central African Republic,CAF,2006,139232
Central African Republic,CAF,2007,153888
Central African Republic,CAF,2008,150224
Central African Republic,CAF,2009,153888
Central African Republic,CAF,2010,168544
Central African Republic,CAF,2011,153888
Central African Republic,CAF,2012,183200
Central African Republic,CAF,2013,102592
Central African Republic,CAF,2014,131904
Central African Republic,CAF,2015,194192
Central African Republic,CAF,2016,238160
Central African Republic,CAF,2017,285792
Central African Republic,CAF,2018,271136
Central African Republic,CAF,2019,311440
Central African Republic,CAF,2020,333424
Central African Republic,CAF,2021,366400
Central African Republic,CAF,2022,377392
Central African Republic,CAF,2023,389279
Central African Republic,CAF,2024,394681
Central America (GCP),,1990,92030750
Central America (GCP),,1991,90963530
Central America (GCP),,1992,89976840
Central America (GCP),,1993,90349976
Central America (GCP),,1994,93919410
Central America (GCP),,1995,100779256
Central America (GCP),,1996,106296850
Central America (GCP),,1997,112780540
Central America (GCP),,1998,113164216
Central America (GCP),,1999,118501820
Central America (GCP),,2000,129545020
Central America (GCP),,2001,134743220
Central America (GCP),,2002,139442080
Central America (GCP),,2003,146292880
Central America (GCP),,2004,142732080
Central America (GCP),,2005,151625730
Central America (GCP),,2006,162461150
Central America (GCP),,2007,166965840
Central America (GCP),,2008,166000060
Central America (GCP),,2009,165046510
Central America (GCP),,2010,171170270
Central America (GCP),,2011,171403460
Central America (GCP),,2012,170354480
Central America (GCP),,2013,170805330
Central America (GCP),,2014,173788690
Central America (GCP),,2015,181220500
Central America (GCP),,2016,175069170
Central America (GCP),,2017,169963400
Central America (GCP),,2018,170968080
Central America (GCP),,2019,179629760
Central America (GCP),,2020,154650460
Central America (GCP),,2021,171830540
Central America (GCP),,2022,178534670
Central America (GCP),,2023,181890290
Central America (GCP),,2024,185165940
Chad,TCD,1990,377392
Chad,TCD,1991,388384
Chad,TCD,1992,403040
Chad,TCD,1993,399376
Chad,TCD,1994,415769
Chad,TCD,1995,427411
Chad,TCD,1996,443217
Chad,TCD,1997,453097
Chad,TCD,1998,463839
Chad,TCD,1999,473581
Chad,TCD,2000,487512
Chad,TCD,2001,505594
Chad,TCD,2002,531213
Chad,TCD,2003,882414
Chad,TCD,2004,906195
Chad,TCD,2005,929366
Chad,TCD,2006,957287
Chad,TCD,2007,1088955
Chad,TCD,2008,872463
Chad,TCD,2009,1219710
Chad,TCD,2010,1236006
Chad,TCD,2011,1276613
Chad,TCD,2012,1746611
Chad,TCD,2013,2082161
Chad,TCD,2014,2182780
Chad,TCD,2015,2351874
Chad,TCD,2016,2381583
Chad,TCD,2017,2340762
Chad,TCD,2018,2383510
Chad,TCD,2019,2299785
Chad,TCD,2020,2356446
Chad,TCD,2021,2670142
Chad,TCD,2022,2800401
Chad,TCD,2023,2848394
Chad,TCD,2024,2831401
Chile,CHL,1990,32908154
Chile,CHL,1991,30891790
Chile,CHL,1992,32000672
Chile,CHL,1993,34097864
Chile,CHL,1994,37974876
Chile,CHL,1995,41562676
Chile,CHL,1996,48226290
Chile,CHL,1997,55942020
Chile,CHL,1998,57258430
Chile,CHL,1999,61407972
Chile,CHL,2000,58502620
Chile,CHL,2001,52918388
Chile,CHL,2002,54835612
Chile,CHL,2003,55100212
Chile,CHL,2004,59221090
Chile,CHL,2005,61116456
Chile,CHL,2006,64048280
Chile,CHL,2007,70469250
Chile,CHL,2008,70549010
Chile,CHL,2009,65959764
Chile,CHL,2010,71347480
Chile,CHL,2011,78071440
Chile,CHL,2012,79620890
Chile,CHL,2013,81733270
Chile,CHL,2014,77586210
Chile,CHL,2015,81778460
Chile,CHL,2016,84250500
Chile,CHL,2017,84134620
Chile,CHL,2018,84442640
Chile,CHL,2019,91977050
Chile,CHL,2020,80178220
Chile,CHL,2021,83630310
Chile,CHL,2022,85743784
Chile,CHL,2023,77604216
Chile,CHL,2024,78725544
China,CHN,1990,2483534300
China,CHN,1991,2619143400
China,CHN,1992,2731290400
China,CHN,1993,2914284500
China,CHN,1994,3093890800
China,CHN,1995,3351197200
China,CHN,1996,3499310600
China,CHN,1997,3512350000
China,CHN,1998,3355336000
China,CHN,1999,3549949000
China,CHN,2000,3643809500
China,CHN,2001,3724114200
China,CHN,2002,4098180600
China,CHN,2003,4835251700
China,CHN,2004,5210961400
China,CHN,2005,5881990700
China,CHN,2006,6486184400
China,CHN,2007,6974663000
China,CHN,2008,7492404000
China,CHN,2009,7881491000
China,CHN,2010,8610048000
China,CHN,2011,9520154000
China,CHN,2012,9767310000
China,CHN,2013,9942371000
China,CHN,2014,9976027000
China,CHN,2015,9858040000
China,CHN,2016,9748175000
China,CHN,2017,10000013000
China,CHN,2018,10346790000
China,CHN,2019,10713515000
China,CHN,2020,10896520000
China,CHN,2021,11284401000
China,CHN,2022,11711807000
China,CHN,2023,12172008000
China,CHN,2024,12289037000
Christmas Island,CXR,1994,0
Christmas Island,CXR,1995,0
Christmas Island,CXR,1996,0
Christmas Island,CXR,1997,0
Christmas Island,CXR,1998,0
Christmas Island,CXR,1999,0
Christmas Island,CXR,2000,0
Christmas Island,CXR,2001,0
Christmas Island,CXR,2002,0
Christmas Island,CXR,2003,0
Christmas Island,CXR,2004,0
Christmas Island,CXR,2005,0
Christmas Island,CXR,2006,0
Christmas Island,CXR,2007,0
Christmas Island,CXR,2008,0
Christmas Island,CXR,2009,0
Christmas Island,CXR,2010,0
Christmas Island,CXR,2011,0
Christmas Island,CXR,2012,0
Christmas Island,CXR,2013,0
Christmas Island,CXR,2014,0
Christmas Island,CXR,2015,0
Christmas Island,CXR,2016,0
Christmas Island,CXR,2017,0
Christmas Island,CXR,2018,0
Christmas Island,CXR,2019,0
Christmas Island,CXR,2020,0
Christmas Island,CXR,2021,0
Christmas Island,CXR,2022,0
Christmas Island,CXR,2023,0
Christmas Island,CXR,2024,0
Colombia,COL,1990,56856930
Colombia,COL,1991,56609030
Colombia,COL,1992,61340670
Colombia,COL,1993,63260200
Colombia,COL,1994,66981812
Colombia,COL,1995,59349884
Colombia,COL,1996,59628172
Colombia,COL,1997,65095604
Colombia,COL,1998,65559572
Colombia,COL,1999,55285852
Colombia,COL,2000,56212940
Colombia,COL,2001,56465132
Colombia,COL,2002,55416708
Colombia,COL,2003,57033490
Colombia,COL,2004,54324040
Colombia,COL,2005,60256470
Colombia,COL,2006,62465710
Colombia,COL,2007,60669936
Colombia,COL,2008,66982210
Colombia,COL,2009,71770970
Colombia,COL,2010,75431170
Colombia,COL,2011,75191390
Colombia,COL,2012,78674824
Colombia,COL,2013,86445096
Colombia,COL,2014,92041690
Colombia,COL,2015,91026590
Colombia,COL,2016,91582890
Colombia,COL,2017,83458820
Colombia,COL,2018,90810690
Colombia,COL,2019,98961910
Colombia,COL,2020,92305150
Colombia,COL,2021,103733530
Colombia,COL,2022,89436940
Colombia,COL,2023,89992344
Colombia,COL,2024,92659384
Comoros,COM,1990,62288
Comoros,COM,1991,65952
Comoros,COM,1992,69616
Comoros,COM,1993,69616
Comoros,COM,1994,73280
Comoros,COM,1995,76944
Comoros,COM,1996,76944
Comoros,COM,1997,80608
Comoros,COM,1998,87936
Comoros,COM,1999,95264
Comoros,COM,2000,102592
Comoros,COM,2001,106256
Comoros,COM,2002,106256
Comoros,COM,2003,135568
Comoros,COM,2004,150224
Comoros,COM,2005,142896
Comoros,COM,2006,168544
Comoros,COM,2007,106256
Comoros,COM,2008,109920
Comoros,COM,2009,135568
Comoros,COM,2010,161216
Comoros,COM,2011,142896
Comoros,COM,2012,153888
Comoros,COM,2013,183200
Comoros,COM,2014,164880
Comoros,COM,2015,179536
Comoros,COM,2016,205184
Comoros,COM,2017,263808
Comoros,COM,2018,285792
Comoros,COM,2019,311440
Comoros,COM,2020,370064
Comoros,COM,2021,498304
Comoros,COM,2022,531671
Comoros,COM,2023,542130
Comoros,COM,2024,551650
Congo,COG,1990,1007907.06
Congo,COG,1991,1082796
Congo,COG,1992,1289163
Congo,COG,1993,1160443
Congo,COG,1994,3383880
Congo,COG,1995,3224670
Congo,COG,1996,4037411.2
Congo,COG,1997,4830572
Congo,COG,1998,3869270
Congo,COG,1999,3915579
Congo,COG,2000,4284250
Congo,COG,2001,4177806.8
Congo,COG,2002,2720283
Congo,COG,2003,3258111
Congo,COG,2004,3548607
Congo,COG,2005,4352130
Congo,COG,2006,4785876
Congo,COG,2007,4259311
Congo,COG,2008,4270264
Congo,COG,2009,4943653
Congo,COG,2010,5499943
Congo,COG,2011,5046421
Congo,COG,2012,5018026
Congo,COG,2013,5890374
Congo,COG,2014,5471087
Congo,COG,2015,5636681
Congo,COG,2016,5727211
Congo,COG,2017,5650948
Congo,COG,2018,6544667
Congo,COG,2019,7293597
Congo,COG,2020,7677297
Congo,COG,2021,7392860
Congo,COG,2022,8727515
Congo,COG,2023,8274273
Congo,COG,2024,8839770
Cook Islands,COK,1990,40304
Cook Islands,COK,1991,40304
Cook Islands,COK,1992,40304
Cook Islands,COK,1993,43968
Cook Islands,COK,1994,43968
Cook Islands,COK,1995,43968
Cook Islands,COK,1996,51296
Cook Islands,COK,1997,51296
Cook Islands,COK,1998,51296
Cook Islands,COK,1999,51296
Cook Islands,COK,2000,51296
Cook Islands,COK,2001,54960
Cook Islands,COK,2002,43968
Cook Islands,COK,2003,47632
Cook Islands,COK,2004,51296
Cook Islands,COK,2005,58624
Cook Islands,COK,2006,65952
Cook Islands,COK,2007,65952
Cook Islands,COK,2008,65952
Cook Islands,COK,2009,62288
Cook Islands,COK,2010,69616
Cook Islands,COK,2011,76944
Cook Islands,COK,2012,80608
Cook Islands,COK,2013,80608
Cook Islands,COK,2014,80608
Cook Islands,COK,2015,76944
Cook Islands,COK,2016,76944
Cook Islands,COK,2017,76944
Cook Islands,COK,2018,76944
Cook Islands,COK,2019,80608
Cook Islands,COK,2020,65952
Cook Islands,COK,2021,73280
Cook Islands,COK,2022,76944
Cook Islands,COK,2023,76581
Cook Islands,COK,2024,80083
Costa Rica,CRI,1990,2909155
Costa Rica,CRI,1991,3282460
Costa Rica,CRI,1992,3735318
Costa Rica,CRI,1993,3881498
Costa Rica,CRI,1994,5188111
Costa Rica,CRI,1995,4788613
Costa Rica,CRI,1996,4673413
Costa Rica,CRI,1997,4900029
Costa Rica,CRI,1998,5213757
Costa Rica,CRI,1999,5415418
Costa Rica,CRI,2000,5367233
Costa Rica,CRI,2001,5637902
Costa Rica,CRI,2002,6214329
Costa Rica,CRI,2003,6551020
Costa Rica,CRI,2004,6796823
Costa Rica,CRI,2005,6659584
Costa Rica,CRI,2006,6976076
Costa Rica,CRI,2007,7906676
Costa Rica,CRI,2008,7934122
Costa Rica,CRI,2009,7693122
Costa Rica,CRI,2010,7461208
Costa Rica,CRI,2011,7276383
Costa Rica,CRI,2012,7216786
Costa Rica,CRI,2013,7583546
Costa Rica,CRI,2014,7701873
Costa Rica,CRI,2015,7352825
Costa Rica,CRI,2016,7828942
Costa Rica,CRI,2017,7986782
Costa Rica,CRI,2018,7966997
Costa Rica,CRI,2019,7660395
Costa Rica,CRI,2020,6754070
Costa Rica,CRI,2021,7665438
Costa Rica,CRI,2022,8010137.5
Costa Rica,CRI,2023,8472529
Costa Rica,CRI,2024,8760451
Cote d'Ivoire,CIV,1990,4781520
Cote d'Ivoire,CIV,1991,4308864
Cote d'Ivoire,CIV,1992,3843536
Cote d'Ivoire,CIV,1993,5092960
Cote d'Ivoire,CIV,1994,4132991.8
Cote d'Ivoire,CIV,1995,6225337
Cote d'Ivoire,CIV,1996,7526009
Cote d'Ivoire,CIV,1997,7211238
Cote d'Ivoire,CIV,1998,6748157
Cote d'Ivoire,CIV,1999,6095407
Cote d'Ivoire,CIV,2000,6630064
Cote d'Ivoire,CIV,2001,7653345
Cote d'Ivoire,CIV,2002,7450165
Cote d'Ivoire,CIV,2003,5300525
Cote d'Ivoire,CIV,2004,7386261
Cote d'Ivoire,CIV,2005,7568019
Cote d'Ivoire,CIV,2006,6887238
Cote d'Ivoire,CIV,2007,6653270
Cote d'Ivoire,CIV,2008,6712605
Cote d'Ivoire,CIV,2009,5659943
Cote d'Ivoire,CIV,2010,6224746
Cote d'Ivoire,CIV,2011,6523170
Cote d'Ivoire,CIV,2012,8540010
Cote d'Ivoire,CIV,2013,9679770
Cote d'Ivoire,CIV,2014,9903225
Cote d'Ivoire,CIV,2015,9554745
Cote d'Ivoire,CIV,2016,11979472
Cote d'Ivoire,CIV,2017,12001905
Cote d'Ivoire,CIV,2018,10415200
Cote d'Ivoire,CIV,2019,10538745
Cote d'Ivoire,CIV,2020,11018607
Cote d'Ivoire,CIV,2021,13665820
Cote d'Ivoire,CIV,2022,14504321
Cote d'Ivoire,CIV,2023,14052436
Cote d'Ivoire,CIV,2024,14828585
Croatia,HRV,1990,22885220
Croatia,HRV,1991,16999432
Croatia,HRV,1992,16379164
Croatia,HRV,1993,16811040
Croatia,HRV,1994,16054554
Croatia,HRV,1995,16814490
Croatia,HRV,1996,17338434
Croatia,HRV,1997,18569168
Croatia,HRV,1998,19040028
Croatia,HRV,1999,20082224
Croatia,HRV,2000,19652682
Croatia,HRV,2001,20775934
Croatia,HRV,2002,21915520
Croatia,HRV,2003,23226188
Croatia,HRV,2004,22852690
Croatia,HRV,2005,23295552
Croatia,HRV,2006,23496198
Croatia,HRV,2007,24801760
Croatia,HRV,2008,23515656
Croatia,HRV,2009,21752318
Croatia,HRV,2010,20978134
Croatia,HRV,2011,20614658
Croatia,HRV,2012,19050020
Croatia,HRV,2013,18401342
Croatia,HRV,2014,17649938
Croatia,HRV,2015,17793892
Croatia,HRV,2016,18079278
Croatia,HRV,2017,18713126
Croatia,HRV,2018,17694512
Croatia,HRV,2019,17820422
Croatia,HRV,2020,16870106
Croatia,HRV,2021,17402972
Croatia,HRV,2022,17585164
Croatia,HRV,2023,18467598
Croatia,HRV,2024,18464850
Cuba,CUB,1990,29637756
Cuba,CUB,1991,26961236
Cuba,CUB,1992,20754494
Cuba,CUB,1993,19789710
Cuba,CUB,1994,21426368
Cuba,CUB,1995,22868304
Cuba,CUB,1996,23303738
Cuba,CUB,1997,24823734
Cuba,CUB,1998,24308508
Cuba,CUB,1999,24489204
Cuba,CUB,2000,25299178
Cuba,CUB,2001,24680938
Cuba,CUB,2002,25179234
Cuba,CUB,2003,25554362
Cuba,CUB,2004,24539812
Cuba,CUB,2005,25706188
Cuba,CUB,2006,26781428
Cuba,CUB,2007,25724220
Cuba,CUB,2008,27738204
Cuba,CUB,2009,28260750
Cuba,CUB,2010,33041988
Cuba,CUB,2011,29075760
Cuba,CUB,2012,29475822
Cuba,CUB,2013,27893984
Cuba,CUB,2014,27366440
Cuba,CUB,2015,29091232
Cuba,CUB,2016,27772246
Cuba,CUB,2017,24559170
Cuba,CUB,2018,23019470
Cuba,CUB,2019,22486916
Cuba,CUB,2020,21280834
Cuba,CUB,2021,22548866
Cuba,CUB,2022,23258538
Cuba,CUB,2023,23470270
Cuba,CUB,2024,24440234
Curacao,CUW,1990,4799065
Curacao,CUW,1991,3829524
Curacao,CUW,1992,3155061
Curacao,CUW,1993,4870403
Curacao,CUW,1994,4669361
Curacao,CUW,1995,4620722
Curacao,CUW,1996,4322401
Curacao,CUW,1997,4523443
Curacao,CUW,1998,249681
Curacao,CUW,1999,1870987
Curacao,CUW,2000,4964438
Curacao,CUW,2001,5055232
Curacao,CUW,2002,4873645
Curacao,CUW,2003,4876888
Curacao,CUW,2004,5116841
Curacao,CUW,2005,5071445
Curacao,CUW,2006,5285457
Curacao,CUW,2007,5950192
Curacao,CUW,2008,5723210
Curacao,CUW,2009,5856157
Curacao,CUW,2010,4033809.2
Curacao,CUW,2011,5146025
Curacao,CUW,2012,6287424
Curacao,CUW,2013,5932016
Curacao,CUW,2014,6796720
Curacao,CUW,2015,7331664
Curacao,CUW,2016,6203152
Curacao,CUW,2017,4968384
Curacao,CUW,2018,4323520
Curacao,CUW,2019,2396256
Curacao,CUW,2020,2007872.1
Curacao,CUW,2021,2139776
Curacao,CUW,2022,2209392
Curacao,CUW,2023,2204923
Curacao,CUW,2024,2289628
Cyprus,CYP,1990,4647757
Cyprus,CYP,1991,5136100
Cyprus,CYP,1992,5508841
Cyprus,CYP,1993,5752779
Cyprus,CYP,1994,5994995
Cyprus,CYP,1995,5865764
Cyprus,CYP,1996,6215677
Cyprus,CYP,1997,6302385
Cyprus,CYP,1998,6596848
Cyprus,CYP,1999,6863432
Cyprus,CYP,2000,7106901
Cyprus,CYP,2001,6979659
Cyprus,CYP,2002,7171937
Cyprus,CYP,2003,7560774
Cyprus,CYP,2004,7787102
Cyprus,CYP,2005,7951671
Cyprus,CYP,2006,8183131
Cyprus,CYP,2007,8475067
Cyprus,CYP,2008,8691636
Cyprus,CYP,2009,8437988
Cyprus,CYP,2010,8071821
Cyprus,CYP,2011,7792363
Cyprus,CYP,2012,7261668
Cyprus,CYP,2013,6578171
Cyprus,CYP,2014,6929789
Cyprus,CYP,2015,6952477
Cyprus,CYP,2016,7349926
Cyprus,CYP,2017,7469282
Cyprus,CYP,2018,7324203
Cyprus,CYP,2019,7324482
Cyprus,CYP,2020,6903173
Cyprus,CYP,2021,6950782
Cyprus,CYP,2022,7070778
Cyprus,CYP,2023,7188089
Cyprus,CYP,2024,7299328
Czechia,CZE,1990,164252300
Czechia,CZE,1991,148886190
Czechia,CZE,1992,145708180
Czechia,CZE,1993,140126130
Czechia,CZE,1994,132670150
Czechia,CZE,1995,131623810
Czechia,CZE,1996,135019230
Czechia,CZE,1997,130942000
Czechia,CZE,1998,125716776
Czechia,CZE,1999,116668900
Czechia,CZE,2000,127233490
Czechia,CZE,2001,127165210
Czechia,CZE,2002,123988120
Czechia,CZE,2003,127591670
Czechia,CZE,2004,128313656
Czechia,CZE,2005,125713460
Czechia,CZE,2006,126532560
Czechia,CZE,2007,128363630
Czechia,CZE,2008,122927730
Czechia,CZE,2009,114972080
Czechia,CZE,2010,117464090
Czechia,CZE,2011,115178136
Czechia,CZE,2012,111275540
Czechia,CZE,2013,106710090
Czechia,CZE,2014,104232570
Czechia,CZE,2015,104989704
Czechia,CZE,2016,106636424
Czechia,CZE,2017,107735540
Czechia,CZE,2018,106322056
Czechia,CZE,2019,100997496
Czechia,CZE,2020,91661460
Czechia,CZE,2021,96629410
Czechia,CZE,2022,95039670
Czechia,CZE,2023,83232250
Czechia,CZE,2024,75623000
Democratic Republic of Congo,COD,1990,4248965
Democratic Republic of Congo,COD,1991,3132604
Democratic Republic of Congo,COD,1992,2808223
Democratic Republic of Congo,COD,1993,2662330
Democratic Republic of Congo,COD,1994,2750982
Democratic Republic of Congo,COD,1995,3096173
Democratic Republic of Congo,COD,1996,3472628
Democratic Republic of Congo,COD,1997,3089412
Democratic Republic of Congo,COD,1998,2733258
Democratic Republic of Congo,COD,1999,2199437
Democratic Republic of Congo,COD,2000,1704731
Democratic Republic of Congo,COD,2001,1647457
Democratic Republic of Congo,COD,2002,1734094
Democratic Republic of Congo,COD,2003,2096084.1
Democratic Republic of Congo,COD,2004,2027893.1
Democratic Republic of Congo,COD,2005,2287396
Democratic Republic of Congo,COD,2006,2351727
Democratic Republic of Congo,COD,2007,2622976
Democratic Republic of Congo,COD,2008,2685120
Democratic Republic of Congo,COD,2009,2445967
Democratic Republic of Congo,COD,2010,2735413
Democratic Republic of Congo,COD,2011,3041045
Democratic Republic of Congo,COD,2012,2797330
Democratic Republic of Congo,COD,2013,3921089
Democratic Republic of Congo,COD,2014,5065957
Democratic Republic of Congo,COD,2015,3274380
Democratic Republic of Congo,COD,2016,2659404
Democratic Republic of Congo,COD,2017,2920246
Democratic Republic of Congo,COD,2018,3774205
Democratic Republic of Congo,COD,2019,4118092
Democratic Republic of Congo,COD,2020,4304789
Democratic Republic of Congo,COD,2021,4292237
Democratic Republic of Congo,COD,2022,5892366
Democratic Republic of Congo,COD,2023,5881086
Democratic Republic of Congo,COD,2024,5904451
Denmark,DNK,1990,53476972
Denmark,DNK,1991,64104610
Denmark,DNK,1992,58326548
Denmark,DNK,1993,60573716
Denmark,DNK,1994,64673270
Denmark,DNK,1995,61653396
Denmark,DNK,1996,74899650
Denmark,DNK,1997,65437820
Denmark,DNK,1998,61238296
Denmark,DNK,1999,58652804
Denmark,DNK,2000,54306576
Denmark,DNK,2001,55896748
Denmark,DNK,2002,55554384
Denmark,DNK,2003,60645450
Denmark,DNK,2004,55100010
Denmark,DNK,2005,51534924
Denmark,DNK,2006,59500240
Denmark,DNK,2007,54709350
Denmark,DNK,2008,51256330
Denmark,DNK,2009,48851416
Denmark,DNK,2010,49189692
Denmark,DNK,2011,44236864
Denmark,DNK,2012,39861260
Denmark,DNK,2013,41763010
Denmark,DNK,2014,37571384
Denmark,DNK,2015,35110572
Denmark,DNK,2016,36916560
Denmark,DNK,2017,34664620
Denmark,DNK,2018,34608956
Denmark,DNK,2019,30950284
Denmark,DNK,2020,28299676
Denmark,DNK,2021,29603524
Denmark,DNK,2022,29094320
Denmark,DNK,2023,28831184
Denmark,DNK,2024,28369162
Djibouti,DJI,1990,296784
Djibouti,DJI,1991,300448
Djibouti,DJI,1992,304112
Djibouti,DJI,1993,304112
Djibouti,DJI,1994,300448
Djibouti,DJI,1995,311440
Djibouti,DJI,1996,304112
Djibouti,DJI,1997,333424
Djibouti,DJI,1998,388384
Djibouti,DJI,1999,388384
Djibouti,DJI,2000,366400
Djibouti,DJI,2001,366400
Djibouti,DJI,2002,399376
Djibouti,DJI,2003,421360
Djibouti,DJI,2004,406704
Djibouti,DJI,2005,414032
Djibouti,DJI,2006,414032
Djibouti,DJI,2007,454336
Djibouti,DJI,2008,494640
Djibouti,DJI,2009,443344
Djibouti,DJI,2010,516623.97
Djibouti,DJI,2011,315104
Djibouti,DJI,2012,293120
Djibouti,DJI,2013,380818
Djibouti,DJI,2014,417618
Djibouti,DJI,2015,504921.03
Djibouti,DJI,2016,427766
Djibouti,DJI,2017,413743
Djibouti,DJI,2018,471518
Djibouti,DJI,2019,540217
Djibouti,DJI,2020,463062
Djibouti,DJI,2021,557615
Djibouti,DJI,2022,550390
Djibouti,DJI,2023,557559
Djibouti,DJI,2024,564084
Dominica,DMA,1990,58624
Dominica,DMA,1991,58624
Dominica,DMA,1992,58624
Dominica,DMA,1993,62288
Dominica,DMA,1994,69616
Dominica,DMA,1995,80608
Dominica,DMA,1996,73280
Dominica,DMA,1997,80608
Dominica,DMA,1998,76944
Dominica,DMA,1999,80608
Dominica,DMA,2000,102592
Dominica,DMA,2001,109920
Dominica,DMA,2002,102592
Dominica,DMA,2003,117248
Dominica,DMA,2004,142896
Dominica,DMA,2005,150224
Dominica,DMA,2006,142896
Dominica,DMA,2007,172208
Dominica,DMA,2008,168544
Dominica,DMA,2009,186864
Dominica,DMA,2010,168544
Dominica,DMA,2011,150224
Dominica,DMA,2012,164880
Dominica,DMA,2013,157552
Dominica,DMA,2014,168544
Dominica,DMA,2015,175872
Dominica,DMA,2016,172208
Dominica,DMA,2017,153888
Dominica,DMA,2018,164880
Dominica,DMA,2019,172208
Dominica,DMA,2020,157552
Dominica,DMA,2021,161216
Dominica,DMA,2022,164871
Dominica,DMA,2023,164537
Dominica,DMA,2024,170858
Dominican Republic,DOM,1990,8929417
Dominican Republic,DOM,1991,9528664
Dominican Republic,DOM,1992,10405416
Dominican Republic,DOM,1993,11194870
Dominican Republic,DOM,1994,11780511
Dominican Republic,DOM,1995,15090067
Dominican Republic,DOM,1996,16458549
Dominican Republic,DOM,1997,17234156
Dominican Republic,DOM,1998,17756338
Dominican Republic,DOM,1999,17774872
Dominican Republic,DOM,2000,18937018
Dominican Republic,DOM,2001,19082666
Dominican Republic,DOM,2002,20870156
Dominican Republic,DOM,2003,21260460
Dominican Republic,DOM,2004,17253610
Dominican Republic,DOM,2005,17851854
Dominican Republic,DOM,2006,19030028
Dominican Republic,DOM,2007,19909170
Dominican Republic,DOM,2008,20234688
Dominican Republic,DOM,2009,19686474
Dominican Republic,DOM,2010,20445240
Dominican Republic,DOM,2011,20922328
Dominican Republic,DOM,2012,20902876
Dominican Republic,DOM,2013,20841604
Dominican Republic,DOM,2014,21264210
Dominican Republic,DOM,2015,22986128
Dominican Republic,DOM,2016,24140366
Dominican Republic,DOM,2017,23455196
Dominican Republic,DOM,2018,25203124
Dominican Republic,DOM,2019,28471104
Dominican Republic,DOM,2020,26227630
Dominican Republic,DOM,2021,29362702
Dominican Republic,DOM,2022,31224796
Dominican Republic,DOM,2023,31828554
Dominican Republic,DOM,2024,33130818
East Timor,TLS,1994,0
East Timor,TLS,1995,0
East Timor,TLS,1996,0
East Timor,TLS,1997,0
East Timor,TLS,1998,60535
East Timor,TLS,1999,152974
East Timor,TLS,2000,219860
East Timor,TLS,2001,118844
East Timor,TLS,2002,261882
East Timor,TLS,2003,248530
East Timor,TLS,2004,496998
East Timor,TLS,2005,321145
East Timor,TLS,2006,316708
East Timor,TLS,2007,288067
East Timor,TLS,2008,285133
East Timor,TLS,2009,321783
East Timor,TLS,2010,313134
East Timor,TLS,2011,433890
East Timor,TLS,2012,591295
East Timor,TLS,2013,619966
East Timor,TLS,2014,627080
East Timor,TLS,2015,590431
East Timor,TLS,2016,642966
East Timor,TLS,2017,692847
East Timor,TLS,2018,617024
East Timor,TLS,2019,675431
East Timor,TLS,2020,646107
East Timor,TLS,2021,620168
East Timor,TLS,2022,669585
East Timor,TLS,2023,636717
East Timor,TLS,2024,668112
Ecuador,ECU,1990,16500732
Ecuador,ECU,1991,16198458
Ecuador,ECU,1992,21997534
Ecuador,ECU,1993,24121470
Ecuador,ECU,1994,14338388
Ecuador,ECU,1995,23533636
Ecuador,ECU,1996,25337244
Ecuador,ECU,1997,19461390
Ecuador,ECU,1998,23116696
Ecuador,ECU,1999,21996848
Ecuador,ECU,2000,20949248
Ecuador,ECU,2001,23435994
Ecuador,ECU,2002,24861360
Ecuador,ECU,2003,27112606
Ecuador,ECU,2004,29310272
Ecuador,ECU,2005,30651712
Ecuador,ECU,2006,29781034
Ecuador,ECU,2007,34392656
Ecuador,ECU,2008,30487722
Ecuador,ECU,2009,33814696
Ecuador,ECU,2010,36469476
Ecuador,ECU,2011,38480370
Ecuador,ECU,2012,37492764
Ecuador,ECU,2013,39684920
Ecuador,ECU,2014,43759816
Ecuador,ECU,2015,41297732
Ecuador,ECU,2016,39374516
Ecuador,ECU,2017,39195870
Ecuador,ECU,2018,38451190
Ecuador,ECU,2019,40082630
Ecuador,ECU,2020,32473266
Ecuador,ECU,2021,38184976
Ecuador,ECU,2022,42065652
Ecuador,ECU,2023,44599590
Ecuador,ECU,2024,45979548
Egypt,EGY,1990,72883700
Egypt,EGY,1991,74446760
Egypt,EGY,1992,77419350
Egypt,EGY,1993,90834730
Egypt,EGY,1994,87482984
Egypt,EGY,1995,97968230
Egypt,EGY,1996,97042340
Egypt,EGY,1997,110934080
Egypt,EGY,1998,124256280
Egypt,EGY,1999,126987200
Egypt,EGY,2000,142836850
Egypt,EGY,2001,126372050
Egypt,EGY,2002,128361896
Egypt,EGY,2003,149954000
Egypt,EGY,2004,151917090
Egypt,EGY,2005,166933900
Egypt,EGY,2006,178389280
Egypt,EGY,2007,189201140
Egypt,EGY,2008,195859780
Egypt,EGY,2009,205242860
Egypt,EGY,2010,202704240
Egypt,EGY,2011,221675060
Egypt,EGY,2012,212524460
Egypt,EGY,2013,219086560
Egypt,EGY,2014,227254100
Egypt,EGY,2015,226653970
Egypt,EGY,2016,245163580
Egypt,EGY,2017,253363890
Egypt,EGY,2018,241903180
Egypt,EGY,2019,234060160
Egypt,EGY,2020,246323300
Egypt,EGY,2021,266838990
Egypt,EGY,2022,249898670
Egypt,EGY,2023,250230190
Egypt,EGY,2024,258367860
El Salvador,SLV,1990,2471080
El Salvador,SLV,1991,3149419
El Salvador,SLV,1992,3312856
El Salvador,SLV,1993,3966190
El Salvador,SLV,1994,4502057
El Salvador,SLV,1995,4985848
El Salvador,SLV,1996,4399683
El Salvador,SLV,1997,5398206
El Salvador,SLV,1998,5711219
El Salvador,SLV,1999,5566913
El Salvador,SLV,2000,5647693
El Salvador,SLV,2001,5829352
El Salvador,SLV,2002,6035627
El Salvador,SLV,2003,6396045
El Salvador,SLV,2004,6215984
El Salvador,SLV,2005,6261618
El Salvador,SLV,2006,6689381
El Salvador,SLV,2007,6818928
El Salvador,SLV,2008,6374697
El Salvador,SLV,2009,6282822
El Salvador,SLV,2010,6286846
El Salvador,SLV,2011,6466690
El Salvador,SLV,2012,6436425
El Salvador,SLV,2013,6058055
El Salvador,SLV,2014,6120198
El Salvador,SLV,2015,6637128
El Salvador,SLV,2016,6572031
El Salvador,SLV,2017,5941629
El Salvador,SLV,2018,6452162
El Salvador,SLV,2019,7634155
El Salvador,SLV,2020,6134854
El Salvador,SLV,2021,6976691
El Salvador,SLV,2022,7912706
El Salvador,SLV,2023,8669882
El Salvador,SLV,2024,8972291
Equatorial Guinea,GNQ,1990,62288
Equatorial Guinea,GNQ,1991,65952
Equatorial Guinea,GNQ,1992,65952
Equatorial Guinea,GNQ,1993,69616
Equatorial Guinea,GNQ,1994,1149252
Equatorial Guinea,GNQ,1995,1223391
Equatorial Guinea,GNQ,1996,1359200
Equatorial Guinea,GNQ,1997,1974754
Equatorial Guinea,GNQ,1998,2295006
Equatorial Guinea,GNQ,1999,2510610
Equatorial Guinea,GNQ,2000,2699265
Equatorial Guinea,GNQ,2001,3091017
Equatorial Guinea,GNQ,2002,2765123
Equatorial Guinea,GNQ,2003,3129772
Equatorial Guinea,GNQ,2004,6137383
Equatorial Guinea,GNQ,2005,6206022
Equatorial Guinea,GNQ,2006,6172399
Equatorial Guinea,GNQ,2007,5711390
Equatorial Guinea,GNQ,2008,5925540
Equatorial Guinea,GNQ,2009,4883218
Equatorial Guinea,GNQ,2010,6376580
Equatorial Guinea,GNQ,2011,6066920
Equatorial Guinea,GNQ,2012,6875031
Equatorial Guinea,GNQ,2013,8168394
Equatorial Guinea,GNQ,2014,7641309
Equatorial Guinea,GNQ,2015,7009905
Equatorial Guinea,GNQ,2016,7537713
Equatorial Guinea,GNQ,2017,6815631
Equatorial Guinea,GNQ,2018,7034368
Equatorial Guinea,GNQ,2019,5513671
Equatorial Guinea,GNQ,2020,6389506
Equatorial Guinea,GNQ,2021,7087588
Equatorial Guinea,GNQ,2022,7496825
Equatorial Guinea,GNQ,2023,6913363
Equatorial Guinea,GNQ,2024,7010352
Eritrea,ERI,1994,707194
Eritrea,ERI,1995,789811
Eritrea,ERI,1996,861839
Eritrea,ERI,1997,768162
Eritrea,ERI,1998,586169
Eritrea,ERI,1999,615453
Eritrea,ERI,2000,604433
Eritrea,ERI,2001,637337
Eritrea,ERI,2002,509024.97
Eritrea,ERI,2003,780089
Eritrea,ERI,2004,633457
Eritrea,ERI,2005,585753
Eritrea,ERI,2006,453682
Eritrea,ERI,2007,424127
Eritrea,ERI,2008,398365
Eritrea,ERI,2009,446018
Eritrea,ERI,2010,468025
Eritrea,ERI,2011,577818
Eritrea,ERI,2012,608229
Eritrea,ERI,2013,569510
Eritrea,ERI,2014,569107
Eritrea,ERI,2015,557483
Eritrea,ERI,2016,554366
Eritrea,ERI,2017,553397
Eritrea,ERI,2018,616135
Eritrea,ERI,2019,644580
Eritrea,ERI,2020,640911
Eritrea,ERI,2021,681637
Eritrea,ERI,2022,718277
Eritrea,ERI,2023,731035
Eritrea,ERI,2024,742647
Estonia,EST,1990,36906188
Estonia,EST,1991,34135428
Estonia,EST,1992,24413122
Estonia,EST,1993,19433166
Estonia,EST,1994,20038918
Estonia,EST,1995,18053452
Estonia,EST,1996,19032882
Estonia,EST,1997,18673228
Estonia,EST,1998,16933114
Estonia,EST,1999,15929513
Estonia,EST,2000,15470973
Estonia,EST,2001,15869932
Estonia,EST,2002,15358015
Estonia,EST,2003,17250750
Estonia,EST,2004,17322094
Estonia,EST,2005,17089780
Estonia,EST,2006,16438181
Estonia,EST,2007,19930490
Estonia,EST,2008,17814804
Estonia,EST,2009,14404987
Estonia,EST,2010,18964736
Estonia,EST,2011,18948026
Estonia,EST,2012,17761414
Estonia,EST,2013,19633820
Estonia,EST,2014,18783952
Estonia,EST,2015,15779627
Estonia,EST,2016,17432910
Estonia,EST,2017,18616038
Estonia,EST,2018,17800688
Estonia,EST,2019,12288094
Estonia,EST,2020,9198245
Estonia,EST,2021,10390915
Estonia,EST,2022,11966227
Estonia,EST,2023,8744257
Estonia,EST,2024,8306777
Eswatini,SWZ,1990,959968
Eswatini,SWZ,1991,872032
Eswatini,SWZ,1992,831728
Eswatini,SWZ,1993,707152
Eswatini,SWZ,1994,1077216
Eswatini,SWZ,1995,1058896
Eswatini,SWZ,1996,787760
Eswatini,SWZ,1997,1139504
Eswatini,SWZ,1998,1161488
Eswatini,SWZ,1999,1242096
Eswatini,SWZ,2000,1205456
Eswatini,SWZ,2001,1099200
Eswatini,SWZ,2002,1080880
Eswatini,SWZ,2003,1003936.06
Eswatini,SWZ,2004,1003936.06
Eswatini,SWZ,2005,1014928
Eswatini,SWZ,2006,1014928
Eswatini,SWZ,2007,1044240
Eswatini,SWZ,2008,1018592
Eswatini,SWZ,2009,1055232
Eswatini,SWZ,2010,996608
Eswatini,SWZ,2011,959968
Eswatini,SWZ,2012,1110192
Eswatini,SWZ,2013,1315376
Eswatini,SWZ,2014,762112
Eswatini,SWZ,2015,850048
Eswatini,SWZ,2016,1022256
Eswatini,SWZ,2017,970960
Eswatini,SWZ,2018,1014928
Eswatini,SWZ,2019,1099200
Eswatini,SWZ,2020,989280
Eswatini,SWZ,2021,989280
Eswatini,SWZ,2022,1028234.94
Eswatini,SWZ,2023,1029613
Eswatini,SWZ,2024,1044644
Ethiopia,ETH,1990,2986507
Ethiopia,ETH,1991,2958472
Ethiopia,ETH,1992,2936737
Ethiopia,ETH,1993,2993623
Ethiopia,ETH,1994,2197201
Ethiopia,ETH,1995,2505953
Ethiopia,ETH,1996,2794189
Ethiopia,ETH,1997,2980158
Ethiopia,ETH,1998,3147422
Ethiopia,ETH,1999,3094276
Ethiopia,ETH,2000,3462855
Ethiopia,ETH,2001,4264586
Ethiopia,ETH,2002,4431687
Ethiopia,ETH,2003,4870232
Ethiopia,ETH,2004,5158551
Ethiopia,ETH,2005,4956129
Ethiopia,ETH,2006,5318177
Ethiopia,ETH,2007,5839596
Ethiopia,ETH,2008,6417597
Ethiopia,ETH,2009,6453445
Ethiopia,ETH,2010,6344199
Ethiopia,ETH,2011,7354848
Ethiopia,ETH,2012,7988425
Ethiopia,ETH,2013,9743711
Ethiopia,ETH,2014,11543205
Ethiopia,ETH,2015,12563614
Ethiopia,ETH,2016,14323219
Ethiopia,ETH,2017,14602656
Ethiopia,ETH,2018,16117197
Ethiopia,ETH,2019,17177142
Ethiopia,ETH,2020,16735016
Ethiopia,ETH,2021,17905590
Ethiopia,ETH,2022,16959748
Ethiopia,ETH,2023,17570662
Ethiopia,ETH,2024,17837292
Europe,OWID_EUR,1990,8038894600
Europe,OWID_EUR,1991,7739830000
Europe,OWID_EUR,1992,7094296000
Europe,OWID_EUR,1993,6806441000
Europe,OWID_EUR,1994,6445869000
Europe,OWID_EUR,1995,6422432000
Europe,OWID_EUR,1996,6472014000
Europe,OWID_EUR,1997,6266619400
Europe,OWID_EUR,1998,6240622600
Europe,OWID_EUR,1999,6156683300
Europe,OWID_EUR,2000,6155514400
Europe,OWID_EUR,2001,6282925000
Europe,OWID_EUR,2002,6249447000
Europe,OWID_EUR,2003,6391066600
Europe,OWID_EUR,2004,6419376000
Europe,OWID_EUR,2005,6427948500
Europe,OWID_EUR,2006,6529225700
Europe,OWID_EUR,2007,6473231400
Europe,OWID_EUR,2008,6407231500
Europe,OWID_EUR,2009,5893126700
Europe,OWID_EUR,2010,6117359600
Europe,OWID_EUR,2011,6044340700
Europe,OWID_EUR,2012,5998598700
Europe,OWID_EUR,2013,5840099000
Europe,OWID_EUR,2014,5609139000
Europe,OWID_EUR,2015,5613445600
Europe,OWID_EUR,2016,5598046700
Europe,OWID_EUR,2017,5632420000
Europe,OWID_EUR,2018,5613847600
Europe,OWID_EUR,2019,5437201400
Europe,OWID_EUR,2020,5025675300
Europe,OWID_EUR,2021,5265446400
Europe,OWID_EUR,2022,5095635000
Europe,OWID_EUR,2023,4887137300
Europe,OWID_EUR,2024,4880514000
Europe (GCP),,1990,8038894600
Europe (GCP),,1991,7739830000
Europe (GCP),,1992,7094296000
Europe (GCP),,1993,6806441500
Europe (GCP),,1994,6445869000
Europe (GCP),,1995,6422432300
Europe (GCP),,1996,6472014000
Europe (GCP),,1997,6266619000
Europe (GCP),,1998,6240622600
Europe (GCP),,1999,6156683000
Europe (GCP),,2000,6155515000
Europe (GCP),,2001,6282925000
Europe (GCP),,2002,6249447000
Europe (GCP),,2003,6391066600
Europe (GCP),,2004,6419376000
Europe (GCP),,2005,6427948500
Europe (GCP),,2006,6529226000
Europe (GCP),,2007,6473231400
Europe (GCP),,2008,6407231500
Europe (GCP),,2009,5893126700
Europe (GCP),,2010,6117359000
Europe (GCP),,2011,6044340700
Europe (GCP),,2012,5998598000
Europe (GCP),,2013,5840099000
Europe (GCP),,2014,5609139700
Europe (GCP),,2015,5613445600
Europe (GCP),,2016,5598046700
Europe (GCP),,2017,5632420000
Europe (GCP),,2018,5613847600
Europe (GCP),,2019,5437201400
Europe (GCP),,2020,5025676000
Europe (GCP),,2021,5265446400
Europe (GCP),,2022,5095634400
Europe (GCP),,2023,4887137300
Europe (GCP),,2024,4880514000
Europe (excl. EU-27),,1990,4168641800
Europe (excl. EU-27),,1991,3935299600
Europe (excl. EU-27),,1992,3416559600
Europe (excl. EU-27),,1993,3198287400
Europe (excl. EU-27),,1994,2856414700
Europe (excl. EU-27),,1995,2786553600
Europe (excl. EU-27),,1996,2751304200
Europe (excl. EU-27),,1997,2612168400
Europe (excl. EU-27),,1998,2595973600
Europe (excl. EU-27),,1999,2567522300
Europe (excl. EU-27),,2000,2555098600
Europe (excl. EU-27),,2001,2625825300
Europe (excl. EU-27),,2002,2592055600
Europe (excl. EU-27),,2003,2654707700
Europe (excl. EU-27),,2004,2675992600
Europe (excl. EU-27),,2005,2693057000
Europe (excl. EU-27),,2006,2777221400
Europe (excl. EU-27),,2007,2771363800
Europe (excl. EU-27),,2008,2781405200
Europe (excl. EU-27),,2009,2562622200
Europe (excl. EU-27),,2010,2693033000
Europe (excl. EU-27),,2011,2717281800
Europe (excl. EU-27),,2012,2739982000
Europe (excl. EU-27),,2013,2663570000
Europe (excl. EU-27),,2014,2570278400
Europe (excl. EU-27),,2015,2518539000
Europe (excl. EU-27),,2016,2503531500
Europe (excl. EU-27),,2017,2513960000
Europe (excl. EU-27),,2018,2564363800
Europe (excl. EU-27),,2019,2532252200
Europe (excl. EU-27),,2020,2398624000
Europe (excl. EU-27),,2021,2463977700
Europe (excl. EU-27),,2022,2358689000
Europe (excl. EU-27),,2023,2402140400
Europe (excl. EU-27),,2024,2454348300
Europe (excl. EU-28),,1990,3566696700
Europe (excl. EU-28),,1991,3325887000
Europe (excl. EU-28),,1992,2822713600
Europe (excl. EU-28),,1993,2618675000
Europe (excl. EU-28),,1994,2282398000
Europe (excl. EU-28),,1995,2220394800
Europe (excl. EU-28),,1996,2164543500
Europe (excl. EU-28),,1997,2049460200
Europe (excl. EU-28),,1998,2027429900
Europe (excl. EU-28),,1999,2005872600
Europe (excl. EU-28),,2000,1986065000
Europe (excl. EU-28),,2001,2047854600
Europe (excl. EU-28),,2002,2031782400
Europe (excl. EU-28),,2003,2083089000
Europe (excl. EU-28),,2004,2102562700
Europe (excl. EU-28),,2005,2122718700
Europe (excl. EU-28),,2006,2209375700
Europe (excl. EU-28),,2007,2211797200
Europe (excl. EU-28),,2008,2236472800
Europe (excl. EU-28),,2009,2068514400
Europe (excl. EU-28),,2010,2181128200
Europe (excl. EU-28),,2011,2247568400
Europe (excl. EU-28),,2012,2252505300
Europe (excl. EU-28),,2013,2185958700
Europe (excl. EU-28),,2014,2131471200
Europe (excl. EU-28),,2015,2096078300
Europe (excl. EU-28),,2016,2104101200
Europe (excl. EU-28),,2017,2126592900
Europe (excl. EU-28),,2018,2184633900
Europe (excl. EU-28),,2019,2167499000
Europe (excl. EU-28),,2020,2072360800
Europe (excl. EU-28),,2021,2121612200
Europe (excl. EU-28),,2022,2047571000
Europe (excl. EU-28),,2023,2094314400
Europe (excl. EU-28),,2024,2141442700
European Union (27),OWID_EU27,1990,3870252800
European Union (27),OWID_EU27,1991,3804530200
European Union (27),OWID_EU27,1992,3677736400
European Union (27),OWID_EU27,1993,3608153900
European Union (27),OWID_EU27,1994,3589454300
European Union (27),OWID_EU27,1995,3635878400
European Union (27),OWID_EU27,1996,3720709600
European Union (27),OWID_EU27,1997,3654451000
European Union (27),OWID_EU27,1998,3644649200
European Union (27),OWID_EU27,1999,3589160700
European Union (27),OWID_EU27,2000,3600416000
European Union (27),OWID_EU27,2001,3657100000
European Union (27),OWID_EU27,2002,3657391400
European Union (27),OWID_EU27,2003,3736359000
European Union (27),OWID_EU27,2004,3743383800
European Union (27),OWID_EU27,2005,3734891500
European Union (27),OWID_EU27,2006,3752004600
European Union (27),OWID_EU27,2007,3701867500
European Union (27),OWID_EU27,2008,3625826000
European Union (27),OWID_EU27,2009,3330504400
European Union (27),OWID_EU27,2010,3424326700
European Union (27),OWID_EU27,2011,3327058700
European Union (27),OWID_EU27,2012,3258616300
European Union (27),OWID_EU27,2013,3176529000
European Union (27),OWID_EU27,2014,3038861300
European Union (27),OWID_EU27,2015,3094906600
European Union (27),OWID_EU27,2016,3094515500
European Union (27),OWID_EU27,2017,3118460000
European Union (27),OWID_EU27,2018,3049483800
European Union (27),OWID_EU27,2019,2904949200
European Union (27),OWID_EU27,2020,2627051300
European Union (27),OWID_EU27,2021,2801469000
European Union (27),OWID_EU27,2022,2736946000
European Union (27),OWID_EU27,2023,2484996600
European Union (27),OWID_EU27,2024,2426166000
European Union (28),,1990,4472198000
European Union (28),,1991,4413943000
European Union (28),,1992,4271582500
European Union (28),,1993,4187766300
European Union (28),,1994,4163471400
European Union (28),,1995,4202037200
European Union (28),,1996,4307470300
European Union (28),,1997,4217159200
European Union (28),,1998,4213193000
European Union (28),,1999,4150810400
European Union (28),,2000,4169449500
European Union (28),,2001,4235070500
European Union (28),,2002,4217664500
European Union (28),,2003,4307977700
European Union (28),,2004,4316813300
European Union (28),,2005,4305230000
European Union (28),,2006,4319850500
European Union (28),,2007,4261434000
European Union (28),,2008,4170758400
European Union (28),,2009,3824612000
European Union (28),,2010,3936231400
European Union (28),,2011,3796772000
European Union (28),,2012,3746093000
European Union (28),,2013,3654140200
European Union (28),,2014,3477668400
European Union (28),,2015,3517367600
European Union (28),,2016,3493945600
European Union (28),,2017,3505827000
European Union (28),,2018,3429213700
European Union (28),,2019,3269702700
European Union (28),,2020,2953314600
European Union (28),,2021,3143834600
European Union (28),,2022,3048064000
European Union (28),,2023,2792822800
European Union (28),,2024,2739071500
Faroe Islands,FRO,1990,703488
Faroe Islands,FRO,1991,659520
Faroe Islands,FRO,1992,648528
Faroe Islands,FRO,1993,582576
Faroe Islands,FRO,1994,575248
Faroe Islands,FRO,1995,571584
Faroe Islands,FRO,1996,597232
Faroe Islands,FRO,1997,586240
Faroe Islands,FRO,1998,622880
Faroe Islands,FRO,1999,633872
Faroe Islands,FRO,2000,688832
Faroe Islands,FRO,2001,762112
Faroe Islands,FRO,2002,729136
Faroe Islands,FRO,2003,732800
Faroe Islands,FRO,2004,747456
Faroe Islands,FRO,2005,721808
Faroe Islands,FRO,2006,677840
Faroe Islands,FRO,2007,692496
Faroe Islands,FRO,2008,633872
Faroe Islands,FRO,2009,575248
Faroe Islands,FRO,2010,626544
Faroe Islands,FRO,2011,564256
Faroe Islands,FRO,2012,593568
Faroe Islands,FRO,2013,648528
Faroe Islands,FRO,2014,597232
Faroe Islands,FRO,2015,608224
Faroe Islands,FRO,2016,626544
Faroe Islands,FRO,2017,703488
Faroe Islands,FRO,2018,725472
Faroe Islands,FRO,2019,740128
Faroe Islands,FRO,2020,758448
Faroe Islands,FRO,2021,784096
Faroe Islands,FRO,2022,722922
Faroe Islands,FRO,2023,713659
Faroe Islands,FRO,2024,725388
Fiji,FJI,1990,801220
Fiji,FJI,1991,655032
Fiji,FJI,1992,730309
Fiji,FJI,1993,728647
Fiji,FJI,1994,723077
Fiji,FJI,1995,736697
Fiji,FJI,1996,792447
Fiji,FJI,1997,764285
Fiji,FJI,1998,743300
Fiji,FJI,1999,756467
Fiji,FJI,2000,814852
Fiji,FJI,2001,1003936.06
Fiji,FJI,2002,835392
Fiji,FJI,2003,992944
Fiji,FJI,2004,1300581
Fiji,FJI,2005,1022256
Fiji,FJI,2006,1150496
Fiji,FJI,2007,1084544
Fiji,FJI,2008,791424
Fiji,FJI,2009,703488
Fiji,FJI,2010,1029584.06
Fiji,FJI,2011,930656
Fiji,FJI,2012,908672
Fiji,FJI,2013,1036911.94
Fiji,FJI,2014,1179808
Fiji,FJI,2015,1461936
Fiji,FJI,2016,1344688
Fiji,FJI,2017,1454608
Fiji,FJI,2018,1480256
Fiji,FJI,2019,1509456
Fiji,FJI,2020,1370240
Fiji,FJI,2021,1088327
Fiji,FJI,2022,1388656
Fiji,FJI,2023,1382096
Fiji,FJI,2024,1445316
Finland,FIN,1990,56921000
Finland,FIN,1991,55195000
Finland,FIN,1992,54272000
Finland,FIN,1993,56320000
Finland,FIN,1994,61739000
Finland,FIN,1995,58122000
Finland,FIN,1996,64040000
Finland,FIN,1997,62703000
Finland,FIN,1998,59358000
Finland,FIN,1999,58874000
Finland,FIN,2000,57017000
Finland,FIN,2001,62520000
Finland,FIN,2002,65049004
Finland,FIN,2003,72658000
Finland,FIN,2004,68946000
Finland,FIN,2005,57064000
Finland,FIN,2006,68374000
Finland,FIN,2007,66764000
Finland,FIN,2008,58625000
Finland,FIN,2009,55921000
Finland,FIN,2010,64092004
Finland,FIN,2011,56646000
Finland,FIN,2012,51154000
Finland,FIN,2013,51719000
Finland,FIN,2014,47622000
Finland,FIN,2015,44192000
Finland,FIN,2016,47252000
Finland,FIN,2017,44657000
Finland,FIN,2018,45736000
Finland,FIN,2019,42444000
Finland,FIN,2020,37720000
Finland,FIN,2021,37820000
Finland,FIN,2022,36337000
Finland,FIN,2023,31799000
Finland,FIN,2024,29775000
France,FRA,1990,394904320
France,FRA,1991,419118720
France,FRA,1992,408433000
France,FRA,1993,388889700
France,FRA,1994,381903100
France,FRA,1995,386958820
France,FRA,1996,403351940
France,FRA,1997,396023140
France,FRA,1998,414357000
France,FRA,1999,413070240
France,FRA,2000,407444640
France,FRA,2001,411591650
France,FRA,2002,407026600
France,FRA,2003,412989100
France,FRA,2004,414073000
France,FRA,2005,416342900
France,FRA,2006,406669020
France,FRA,2007,396461200
France,FRA,2008,389794300
France,FRA,2009,371404200
France,FRA,2010,377079400
France,FRA,2011,355126820
France,FRA,2012,358100260
France,FRA,2013,360013340
France,FRA,2014,327808770
France,FRA,2015,332131000
France,FRA,2016,335496400
France,FRA,2017,338368030
France,FRA,2018,323101730
France,FRA,2019,316320800
France,FRA,2020,281515500
France,FRA,2021,307271840
France,FRA,2022,295303800
France,FRA,2023,270262660
France,FRA,2024,264155620
French Polynesia,PYF,1990,523952
French Polynesia,PYF,1991,527616
French Polynesia,PYF,1992,498304
French Polynesia,PYF,1993,520288
French Polynesia,PYF,1994,534944
French Polynesia,PYF,1995,523952
French Polynesia,PYF,1996,523952
French Polynesia,PYF,1997,542272
French Polynesia,PYF,1998,534944
French Polynesia,PYF,1999,593568
French Polynesia,PYF,2000,685168
French Polynesia,PYF,2001,769440
French Polynesia,PYF,2002,806080
French Polynesia,PYF,2003,835392
French Polynesia,PYF,2004,842720
French Polynesia,PYF,2005,831728
French Polynesia,PYF,2006,839056
French Polynesia,PYF,2007,857376
French Polynesia,PYF,2008,868368
French Polynesia,PYF,2009,861040
French Polynesia,PYF,2010,923328
French Polynesia,PYF,2011,883024
French Polynesia,PYF,2012,875696
French Polynesia,PYF,2013,883024
French Polynesia,PYF,2014,850048
French Polynesia,PYF,2015,846384
French Polynesia,PYF,2016,868368
French Polynesia,PYF,2017,875696
French Polynesia,PYF,2018,879360
French Polynesia,PYF,2019,890352
French Polynesia,PYF,2020,831728
French Polynesia,PYF,2021,868368
French Polynesia,PYF,2022,886688
French Polynesia,PYF,2023,882500
French Polynesia,PYF,2024,922867
Gabon,GAB,1990,4484725
Gabon,GAB,1991,4521703
Gabon,GAB,1992,4916933
Gabon,GAB,1993,4974695
Gabon,GAB,1994,4541731
Gabon,GAB,1995,5220396
Gabon,GAB,1996,5885637
Gabon,GAB,1997,5526934
Gabon,GAB,1998,6452915
Gabon,GAB,1999,6014019
Gabon,GAB,2000,6128187
Gabon,GAB,2001,6480018
Gabon,GAB,2002,6250311
Gabon,GAB,2003,6746069
Gabon,GAB,2004,6386339
Gabon,GAB,2005,6223081
Gabon,GAB,2006,5542535
Gabon,GAB,2007,5037635
Gabon,GAB,2008,5378889
Gabon,GAB,2009,5304448
Gabon,GAB,2010,5528293
Gabon,GAB,2011,5446851
Gabon,GAB,2012,5016169
Gabon,GAB,2013,5190347
Gabon,GAB,2014,5663490
Gabon,GAB,2015,5772070
Gabon,GAB,2016,5613028
Gabon,GAB,2017,5500517
Gabon,GAB,2018,5563362
Gabon,GAB,2019,5607272
Gabon,GAB,2020,5636101
Gabon,GAB,2021,5545125
Gabon,GAB,2022,5783253
Gabon,GAB,2023,5320944
Gabon,GAB,2024,5398794
Gambia,GMB,1990,197856
Gambia,GMB,1991,197856
Gambia,GMB,1992,197856
Gambia,GMB,1993,208848
Gambia,GMB,1994,208848
Gambia,GMB,1995,216176
Gambia,GMB,1996,219840
Gambia,GMB,1997,223504
Gambia,GMB,1998,241824
Gambia,GMB,1999,274800
Gambia,GMB,2000,274800
Gambia,GMB,2001,300448
Gambia,GMB,2002,300448
Gambia,GMB,2003,300448
Gambia,GMB,2004,318768
Gambia,GMB,2005,318768
Gambia,GMB,2006,348080
Gambia,GMB,2007,348080
Gambia,GMB,2008,362736
Gambia,GMB,2009,373728
Gambia,GMB,2010,432352
Gambia,GMB,2011,443344
Gambia,GMB,2012,450672
Gambia,GMB,2013,428688
Gambia,GMB,2014,505631.97
Gambia,GMB,2015,582576
Gambia,GMB,2016,589904
Gambia,GMB,2017,597232
Gambia,GMB,2018,648528
Gambia,GMB,2019,710816
Gambia,GMB,2020,699824
Gambia,GMB,2021,725472
Gambia,GMB,2022,807998
Gambia,GMB,2023,772635
Gambia,GMB,2024,802774
Georgia,GEO,1990,14850285
Georgia,GEO,1991,14601507
Georgia,GEO,1992,14126711
Georgia,GEO,1993,9883731
Georgia,GEO,1994,5897420
Georgia,GEO,1995,2265662
Georgia,GEO,1996,4045672
Georgia,GEO,1997,4412001
Georgia,GEO,1998,4863530
Georgia,GEO,1999,4245797
Georgia,GEO,2000,4497437
Georgia,GEO,2001,3722914
Georgia,GEO,2002,3346546
Georgia,GEO,2003,3730516
Georgia,GEO,2004,4277990
Georgia,GEO,2005,5045534
Georgia,GEO,2006,6272766
Georgia,GEO,2007,6609306
Georgia,GEO,2008,5746696
Georgia,GEO,2009,6170558
Georgia,GEO,2010,6289892
Georgia,GEO,2011,7814204
Georgia,GEO,2012,8293624
Georgia,GEO,2013,8028035
Georgia,GEO,2014,9058119
Georgia,GEO,2015,9790616
Georgia,GEO,2016,10042935
Georgia,GEO,2017,10059788
Georgia,GEO,2018,9888335
Georgia,GEO,2019,10517087
Georgia,GEO,2020,10377979
Georgia,GEO,2021,10749759
Georgia,GEO,2022,11999864
Georgia,GEO,2023,11922203
Georgia,GEO,2024,11784258
Germany,DEU,1990,1054795900
Germany,DEU,1991,1016929540
Germany,DEU,1992,969464450
Germany,DEU,1993,959385860
Germany,DEU,1994,943227650
Germany,DEU,1995,939933600
Germany,DEU,1996,959690100
Germany,DEU,1997,931508100
Germany,DEU,1998,923498700
Germany,DEU,1999,895442050
Germany,DEU,2000,898975740
Germany,DEU,2001,915254800
Germany,DEU,2002,898834300
Germany,DEU,2003,894501100
Germany,DEU,2004,876569860
Germany,DEU,2005,867880500
Germany,DEU,2006,886434300
Germany,DEU,2007,846152960
Germany,DEU,2008,856642500
Germany,DEU,2009,789983940
Germany,DEU,2010,826704700
Germany,DEU,2011,804541600
Germany,DEU,2012,814093000
Germany,DEU,2013,831745540
Germany,DEU,2014,792583600
Germany,DEU,2015,800822500
Germany,DEU,2016,797988300
Germany,DEU,2017,784595140
Germany,DEU,2018,758771400
Germany,DEU,2019,708648960
Germany,DEU,2020,647176800
Germany,DEU,2021,677997700
Germany,DEU,2022,667843000
Germany,DEU,2023,593766000
Germany,DEU,2024,572319170
Ghana,GHA,1990,3513776
Ghana,GHA,1991,3901860
Ghana,GHA,1992,3242640
Ghana,GHA,1993,3817888
Ghana,GHA,1994,4539696
Ghana,GHA,1995,4623968
Ghana,GHA,1996,4858464
Ghana,GHA,1997,5514320
Ghana,GHA,1998,5583936
Ghana,GHA,1999,5613248
Ghana,GHA,2000,5312800
Ghana,GHA,2001,5968656
Ghana,GHA,2002,6483251
Ghana,GHA,2003,6684573
Ghana,GHA,2004,6450628
Ghana,GHA,2005,6113072
Ghana,GHA,2006,8523184
Ghana,GHA,2007,8981875
Ghana,GHA,2008,8324322.5
Ghana,GHA,2009,6867658
Ghana,GHA,2010,8942513
Ghana,GHA,2011,10328553
Ghana,GHA,2012,12640586
Ghana,GHA,2013,12609988
Ghana,GHA,2014,13256576
Ghana,GHA,2015,14568119
Ghana,GHA,2016,13913649
Ghana,GHA,2017,12437270
Ghana,GHA,2018,15189658
Ghana,GHA,2019,16415195
Ghana,GHA,2020,19164054
Ghana,GHA,2021,20556058
Ghana,GHA,2022,20745210
Ghana,GHA,2023,20135648
Ghana,GHA,2024,21021874
Greece,GRC,1990,83436790
Greece,GRC,1991,83406250
Greece,GRC,1992,84973990
Greece,GRC,1993,84283290
Greece,GRC,1994,86429010
Greece,GRC,1995,86962370
Greece,GRC,1996,89114104
Greece,GRC,1997,93801120
Greece,GRC,1998,98621380
Greece,GRC,1999,97934380
Greece,GRC,2000,102972760
Greece,GRC,2001,105361460
Greece,GRC,2002,105000264
Greece,GRC,2003,109066560
Greece,GRC,2004,109484850
Greece,GRC,2005,113888810
Greece,GRC,2006,112419370
Greece,GRC,2007,114545450
Greece,GRC,2008,111080040
Greece,GRC,2009,104319480
Greece,GRC,2010,97354140
Greece,GRC,2011,94505224
Greece,GRC,2012,91392590
Greece,GRC,2013,81713256
Greece,GRC,2014,78635700
Greece,GRC,2015,74926664
Greece,GRC,2016,71359610
Greece,GRC,2017,74841750
Greece,GRC,2018,71778090
Greece,GRC,2019,65736330
Greece,GRC,2020,55576930
Greece,GRC,2021,57527910
Greece,GRC,2022,57609050
Greece,GRC,2023,51988224
Greece,GRC,2024,53360840
Greenland,GRL,1990,624200
Greenland,GRL,1991,609400
Greenland,GRL,1992,595300
Greenland,GRL,1993,545400
Greenland,GRL,1994,495400
Greenland,GRL,1995,533800
Greenland,GRL,1996,596500
Greenland,GRL,1997,617300
Greenland,GRL,1998,596500
Greenland,GRL,1999,594100
Greenland,GRL,2000,667204
Greenland,GRL,2001,617803
Greenland,GRL,2002,579401
Greenland,GRL,2003,649303
Greenland,GRL,2004,622602
Greenland,GRL,2005,626700
Greenland,GRL,2006,643700
Greenland,GRL,2007,635201
Greenland,GRL,2008,653603
Greenland,GRL,2009,577200
Greenland,GRL,2010,660705
Greenland,GRL,2011,705100
Greenland,GRL,2012,547020
Greenland,GRL,2013,562200
Greenland,GRL,2014,502506.97
Greenland,GRL,2015,547600
Greenland,GRL,2016,509199.97
Greenland,GRL,2017,535903
Greenland,GRL,2018,523740
Greenland,GRL,2019,526130
Greenland,GRL,2020,549509
Greenland,GRL,2021,546354
Greenland,GRL,2022,587201
Greenland,GRL,2023,608955
Greenland,GRL,2024,618963
Grenada,GRD,1990,106256
Grenada,GRD,1991,109920
Grenada,GRD,1992,117248
Grenada,GRD,1993,124576
Grenada,GRD,1994,142896
Grenada,GRD,1995,150224
Grenada,GRD,1996,153888
Grenada,GRD,1997,168544
Grenada,GRD,1998,175872
Grenada,GRD,1999,190528
Grenada,GRD,2000,186864
Grenada,GRD,2001,194192
Grenada,GRD,2002,201520
Grenada,GRD,2003,212512
Grenada,GRD,2004,205184
Grenada,GRD,2005,216176
Grenada,GRD,2006,223504
Grenada,GRD,2007,238160
Grenada,GRD,2008,260144
Grenada,GRD,2009,249152
Grenada,GRD,2010,256480.02
Grenada,GRD,2011,249152
Grenada,GRD,2012,267472
Grenada,GRD,2013,300448
Grenada,GRD,2014,241824
Grenada,GRD,2015,260144
Grenada,GRD,2016,274800
Grenada,GRD,2017,293120
Grenada,GRD,2018,307776
Grenada,GRD,2019,333424
Grenada,GRD,2020,289456
Grenada,GRD,2021,311440
Grenada,GRD,2022,342393
Grenada,GRD,2023,362973
Grenada,GRD,2024,376971
Guatemala,GTM,1990,4657699
Guatemala,GTM,1991,4756469
Guatemala,GTM,1992,5791402
Guatemala,GTM,1993,5571562
Guatemala,GTM,1994,6638779
Guatemala,GTM,1995,7085017
Guatemala,GTM,1996,6539781
Guatemala,GTM,1997,7460356
Guatemala,GTM,1998,8620270
Guatemala,GTM,1999,8873891
Guatemala,GTM,2000,9741985
Guatemala,GTM,2001,10147467
Guatemala,GTM,2002,10693539
Guatemala,GTM,2003,10411405
Guatemala,GTM,2004,11055913
Guatemala,GTM,2005,12038359
Guatemala,GTM,2006,12175961
Guatemala,GTM,2007,12117008
Guatemala,GTM,2008,10734758
Guatemala,GTM,2009,11724694
Guatemala,GTM,2010,10817142
Guatemala,GTM,2011,10979266
Guatemala,GTM,2012,11346780
Guatemala,GTM,2013,12493455
Guatemala,GTM,2014,13424808
Guatemala,GTM,2015,15449177
Guatemala,GTM,2016,16523710
Guatemala,GTM,2017,16992724
Guatemala,GTM,2018,18338418
Guatemala,GTM,2019,19258856
Guatemala,GTM,2020,17156898
Guatemala,GTM,2021,19984124
Guatemala,GTM,2022,18913354
Guatemala,GTM,2023,19736068
Guatemala,GTM,2024,19880430
Guinea,GIN,1990,967296
Guinea,GIN,1991,989280
Guinea,GIN,1992,1014928
Guinea,GIN,1993,1044240
Guinea,GIN,1994,1084544
Guinea,GIN,1995,1121184
Guinea,GIN,1996,1183472
Guinea,GIN,1997,1238432
Guinea,GIN,1998,1311712
Guinea,GIN,1999,1384992
Guinea,GIN,2000,1443616
Guinea,GIN,2001,1516896
Guinea,GIN,2002,1579184
Guinea,GIN,2003,1652464
Guinea,GIN,2004,1722080
Guinea,GIN,2005,1784368
Guinea,GIN,2006,1846656
Guinea,GIN,2007,1927264
Guinea,GIN,2008,1963904
Guinea,GIN,2009,2092144
Guinea,GIN,2010,2458544
Guinea,GIN,2011,2557472
Guinea,GIN,2012,2392592
Guinea,GIN,2013,2077488
Guinea,GIN,2014,2370608
Guinea,GIN,2015,2454399
Guinea,GIN,2016,2699814
Guinea,GIN,2017,4847472
Guinea,GIN,2018,3770256
Guinea,GIN,2019,4104165
Guinea,GIN,2020,4430248
Guinea,GIN,2021,4067529.2
Guinea,GIN,2022,4052384
Guinea,GIN,2023,3875027
Guinea,GIN,2024,4026185
Guinea-Bissau,GNB,1990,95264
Guinea-Bissau,GNB,1991,95264
Guinea-Bissau,GNB,1992,95264
Guinea-Bissau,GNB,1993,98928
Guinea-Bissau,GNB,1994,98928
Guinea-Bissau,GNB,1995,102592
Guinea-Bissau,GNB,1996,98928
Guinea-Bissau,GNB,1997,117248
Guinea-Bissau,GNB,1998,87936
Guinea-Bissau,GNB,1999,98928
Guinea-Bissau,GNB,2000,51296
Guinea-Bissau,GNB,2001,47632
Guinea-Bissau,GNB,2002,62288
Guinea-Bissau,GNB,2003,73280
Guinea-Bissau,GNB,2004,43968
Guinea-Bissau,GNB,2005,91600
Guinea-Bissau,GNB,2006,117248
Guinea-Bissau,GNB,2007,84272
Guinea-Bissau,GNB,2008,117248
Guinea-Bissau,GNB,2009,98928
Guinea-Bissau,GNB,2010,102592
Guinea-Bissau,GNB,2011,109920
Guinea-Bissau,GNB,2012,113584
Guinea-Bissau,GNB,2013,142896
Guinea-Bissau,GNB,2014,142896
Guinea-Bissau,GNB,2015,153888
Guinea-Bissau,GNB,2016,168544
Guinea-Bissau,GNB,2017,183200
Guinea-Bissau,GNB,2018,197856
Guinea-Bissau,GNB,2019,256480.02
Guinea-Bissau,GNB,2020,311440
Guinea-Bissau,GNB,2021,340752
Guinea-Bissau,GNB,2022,344416
Guinea-Bissau,GNB,2023,329342
Guinea-Bissau,GNB,2024,342189
Guyana,GUY,1990,1128512
Guyana,GUY,1991,1106528
Guyana,GUY,1992,1040576
Guyana,GUY,1993,1044240
Guyana,GUY,1994,1458272
Guyana,GUY,1995,1564528
Guyana,GUY,1996,1656128
Guyana,GUY,1997,1806352
Guyana,GUY,1998,1828336
Guyana,GUY,1999,1835664
Guyana,GUY,2000,1747728
Guyana,GUY,2001,1740400
Guyana,GUY,2002,1711088
Guyana,GUY,2003,1868640
Guyana,GUY,2004,1927264
Guyana,GUY,2005,1615824
Guyana,GUY,2006,1509568
Guyana,GUY,2007,1780704
Guyana,GUY,2008,1703760
Guyana,GUY,2009,1905280
Guyana,GUY,2010,1883296
Guyana,GUY,2011,1956576
Guyana,GUY,2012,1956576
Guyana,GUY,2013,1901616
Guyana,GUY,2014,1974896
Guyana,GUY,2015,1963904
Guyana,GUY,2016,2209158
Guyana,GUY,2017,2158096
Guyana,GUY,2018,2319312
Guyana,GUY,2019,2645206
Guyana,GUY,2020,3100269
Guyana,GUY,2021,2932778
Guyana,GUY,2022,4396635
Guyana,GUY,2023,4378933
Guyana,GUY,2024,4510330
Haiti,HTI,1990,993752
Haiti,HTI,1991,974190
Haiti,HTI,1992,886651
Haiti,HTI,1993,683106
Haiti,HTI,1994,183200
Haiti,HTI,1995,875696
Haiti,HTI,1996,1018592
Haiti,HTI,1997,1348352
Haiti,HTI,1998,1234768
Haiti,HTI,1999,1271408
Haiti,HTI,2000,1634144
Haiti,HTI,2001,1466420
Haiti,HTI,2002,1777726
Haiti,HTI,2003,1692084
Haiti,HTI,2004,1643023
Haiti,HTI,2005,1714766
Haiti,HTI,2006,1745753
Haiti,HTI,2007,1766459
Haiti,HTI,2008,1753709
Haiti,HTI,2009,1880965
Haiti,HTI,2010,2129435
Haiti,HTI,2011,2271659
Haiti,HTI,2012,2262254
Haiti,HTI,2013,2703215
Haiti,HTI,2014,2698433
Haiti,HTI,2015,2654465
Haiti,HTI,2016,2976897
Haiti,HTI,2017,3133482
Haiti,HTI,2018,3400954
Haiti,HTI,2019,3118826
Haiti,HTI,2020,3265386
Haiti,HTI,2021,3507210
Haiti,HTI,2022,2870341
Haiti,HTI,2023,2864751
Haiti,HTI,2024,2970693
High-income countries,OWID_HIC,1990,15006093000
High-income countries,OWID_HIC,1991,15335967000
High-income countries,OWID_HIC,1992,14510799000
High-income countries,OWID_HIC,1993,14538071000
High-income countries,OWID_HIC,1994,14511072000
High-income countries,OWID_HIC,1995,14628969000
High-income countries,OWID_HIC,1996,14979279000
High-income countries,OWID_HIC,1997,14900450000
High-income countries,OWID_HIC,1998,14859571000
High-income countries,OWID_HIC,1999,15028272000
High-income countries,OWID_HIC,2000,15461338000
High-income countries,OWID_HIC,2001,15468816000
High-income countries,OWID_HIC,2002,15564075000
High-income countries,OWID_HIC,2003,15852177000
High-income countries,OWID_HIC,2004,16053765000
High-income countries,OWID_HIC,2005,16125542000
High-income countries,OWID_HIC,2006,16189988000
High-income countries,OWID_HIC,2007,16308890000
High-income countries,OWID_HIC,2008,16049811000
High-income countries,OWID_HIC,2009,15093003000
High-income countries,OWID_HIC,2010,15713740000
High-income countries,OWID_HIC,2011,15608247000
High-income countries,OWID_HIC,2012,15520974000
High-income countries,OWID_HIC,2013,15485766000
High-income countries,OWID_HIC,2014,15294128000
High-income countries,OWID_HIC,2015,15215525000
High-income countries,OWID_HIC,2016,15070386000
High-income countries,OWID_HIC,2017,15069183000
High-income countries,OWID_HIC,2018,15204227000
High-income countries,OWID_HIC,2019,14916665000
High-income countries,OWID_HIC,2020,13694959000
High-income countries,OWID_HIC,2021,14370719000
High-income countries,OWID_HIC,2022,14274797000
High-income countries,OWID_HIC,2023,13890804000
High-income countries,OWID_HIC,2024,13867993000
Honduras,HND,1990,2504658
Honduras,HND,1991,2526966
Honduras,HND,1992,2803312
Honduras,HND,1993,2940777
Honduras,HND,1994,3231039
Honduras,HND,1995,3836235
Honduras,HND,1996,3875521
Honduras,HND,1997,4010334
Honduras,HND,1998,4810582
Honduras,HND,1999,4704557
Honduras,HND,2000,5031508
Honduras,HND,2001,5664895
Honduras,HND,2002,5945282
Honduras,HND,2003,6686778
Honduras,HND,2004,7194159
Honduras,HND,2005,6834857
Honduras,HND,2006,7698208
Honduras,HND,2007,8216418.5
Honduras,HND,2008,8532908
Honduras,HND,2009,8030408
Honduras,HND,2010,8106538
Honduras,HND,2011,8856650
Honduras,HND,2012,9108358
Honduras,HND,2013,9328258
Honduras,HND,2014,9503222
Honduras,HND,2015,10897808
Honduras,HND,2016,9938747
Honduras,HND,2017,10197924
Honduras,HND,2018,9876190
Honduras,HND,2019,10962543
Honduras,HND,2020,9976783
Honduras,HND,2021,11059747
Honduras,HND,2022,11742019
Honduras,HND,2023,12404354
Honduras,HND,2024,12854842
Hong Kong,HKG,1990,27147690
Hong Kong,HKG,1991,28463072
Hong Kong,HKG,1992,32922138
Hong Kong,HKG,1993,34777844
Hong Kong,HKG,1994,31079292
Hong Kong,HKG,1995,31270612
Hong Kong,HKG,1996,28908528
Hong Kong,HKG,1997,30496980
Hong Kong,HKG,1998,38924984
Hong Kong,HKG,1999,42549016
Hong Kong,HKG,2000,39765444
Hong Kong,HKG,2001,37288530
Hong Kong,HKG,2002,39003280
Hong Kong,HKG,2003,42733188
Hong Kong,HKG,2004,41157750
Hong Kong,HKG,2005,43334092
Hong Kong,HKG,2006,41914810
Hong Kong,HKG,2007,43572436
Hong Kong,HKG,2008,42794250
Hong Kong,HKG,2009,41583064
Hong Kong,HKG,2010,40062904
Hong Kong,HKG,2011,43149716
Hong Kong,HKG,2012,42738400
Hong Kong,HKG,2013,44310496
Hong Kong,HKG,2014,45491750
Hong Kong,HKG,2015,42403520
Hong Kong,HKG,2016,43365844
Hong Kong,HKG,2017,42431172
Hong Kong,HKG,2018,42597024
Hong Kong,HKG,2019,41896590
Hong Kong,HKG,2020,33512996
Hong Kong,HKG,2021,33636996
Hong Kong,HKG,2022,30763800
Hong Kong,HKG,2023,32957054
Hong Kong,HKG,2024,33323918
Hungary,HUN,1990,73427330
Hungary,HUN,1991,69824900
Hungary,HUN,1992,62280756
Hungary,HUN,1993,62991350
Hungary,HUN,1994,61880370
Hungary,HUN,1995,61464130
Hungary,HUN,1996,63083060
Hungary,HUN,1997,61675956
Hungary,HUN,1998,61255404
Hungary,HUN,1999,61575150
Hungary,HUN,2000,58244410
Hungary,HUN,2001,59827756
Hungary,HUN,2002,58841980
Hungary,HUN,2003,61611250
Hungary,HUN,2004,59984924
Hungary,HUN,2005,60142084
Hungary,HUN,2006,59528564
Hungary,HUN,2007,58448584
Hungary,HUN,2008,57184428
Hungary,HUN,2009,51457530
Hungary,HUN,2010,51992716
Hungary,HUN,2011,50156010
Hungary,HUN,2012,46720180
Hungary,HUN,2013,43486532
Hungary,HUN,2014,43638876
Hungary,HUN,2015,46566910
Hungary,HUN,2016,47039120
Hungary,HUN,2017,49423524
Hungary,HUN,2018,49366230
Hungary,HUN,2019,49158950
Hungary,HUN,2020,47105320
Hungary,HUN,2021,48326284
Hungary,HUN,2022,45267340
Hungary,HUN,2023,40343864
Hungary,HUN,2024,40017292
Iceland,ISL,1990,2221979
Iceland,ISL,1991,2103066
Iceland,ISL,1992,2249322
Iceland,ISL,1993,2400140
Iceland,ISL,1994,2349279
Iceland,ISL,1995,2468948
Iceland,ISL,1996,2523004
Iceland,ISL,1997,2618382
Iceland,ISL,1998,2638281
Iceland,ISL,1999,2840944
Iceland,ISL,2000,2932741
Iceland,ISL,2001,2864992
Iceland,ISL,2002,2991995
Iceland,ISL,2003,2985437
Iceland,ISL,2004,3107170
Iceland,ISL,2005,2976360
Iceland,ISL,2006,3154382
Iceland,ISL,2007,3494320
Iceland,ISL,2008,3811488
Iceland,ISL,2009,3730449
Iceland,ISL,2010,3626637
Iceland,ISL,2011,3503479
Iceland,ISL,2012,3499153
Iceland,ISL,2013,3488797
Iceland,ISL,2014,3445281
Iceland,ISL,2015,3541014
Iceland,ISL,2016,3493663
Iceland,ISL,2017,3610949
Iceland,ISL,2018,3665355
Iceland,ISL,2019,3552640
Iceland,ISL,2020,3338906
Iceland,ISL,2021,3490635
Iceland,ISL,2022,3597685
Iceland,ISL,2023,3508235
Iceland,ISL,2024,3803011
India,IND,1990,577986560
India,IND,1991,615388160
India,IND,1992,655423550
India,IND,1993,677262100
India,IND,1994,714042800
India,IND,1995,760480200
India,IND,1996,823602200
India,IND,1997,857975740
India,IND,1998,875783360
India,IND,1999,961193860
India,IND,2000,987065100
India,IND,2001,1001198400
India,IND,2002,1032750340
India,IND,2003,1068397950
India,IND,2004,1134611000
India,IND,2005,1195393300
India,IND,2006,1293321500
India,IND,2007,1393485200
India,IND,2008,1490366500
India,IND,2009,1613327600
India,IND,2010,1678529500
India,IND,2011,1765694800
India,IND,2012,1926986400
India,IND,2013,1995337200
India,IND,2014,2148052000
India,IND,2015,2231817500
India,IND,2016,2352540200
India,IND,2017,2425721900
India,IND,2018,2595227100
India,IND,2019,2611174700
India,IND,2020,2422732000
India,IND,2021,2675778000
India,IND,2022,2831131600
India,IND,2023,3062756400
India,IND,2024,3193478100
Indonesia,IDN,1990,154990690
Indonesia,IDN,1991,174754220
Indonesia,IDN,1992,199298020
Indonesia,IDN,1993,214962850
Indonesia,IDN,1994,219199950
Indonesia,IDN,1995,222225300
Indonesia,IDN,1996,252855740
Indonesia,IDN,1997,279695600
Indonesia,IDN,1998,244315330
Indonesia,IDN,1999,291770660
Indonesia,IDN,2000,281054430
Indonesia,IDN,2001,316759360
Indonesia,IDN,2002,308201300
Indonesia,IDN,2003,339023900
Indonesia,IDN,2004,342708600
Indonesia,IDN,2005,347361280
Indonesia,IDN,2006,346365760
Indonesia,IDN,2007,387577250
Indonesia,IDN,2008,365384030
Indonesia,IDN,2009,398624420
Indonesia,IDN,2010,445370080
Indonesia,IDN,2011,500457660
Indonesia,IDN,2012,515769600
Indonesia,IDN,2013,493435140
Indonesia,IDN,2014,498028800
Indonesia,IDN,2015,551160060
Indonesia,IDN,2016,547968900
Indonesia,IDN,2017,570928200
Indonesia,IDN,2018,607378370
Indonesia,IDN,2019,665049340
Indonesia,IDN,2020,623304000
Indonesia,IDN,2021,632946050
Indonesia,IDN,2022,758020500
Indonesia,IDN,2023,762357570
Indonesia,IDN,2024,812220200
International aviation,,1990,188996430
International aviation,,1991,197357420
International aviation,,1992,218755220
International aviation,,1993,225994560
International aviation,,1994,240028530
International aviation,,1995,253752050
International aviation,,1996,268669570
International aviation,,1997,287072770
International aviation,,1998,306863140
International aviation,,1999,315129380
International aviation,,2000,320342240
International aviation,,2001,322690240
International aviation,,2002,341556220
International aviation,,2003,355305800
International aviation,,2004,386366460
International aviation,,2005,407805660
International aviation,,2006,421489760
International aviation,,2007,436283500
International aviation,,2008,442281250
International aviation,,2009,425129280
International aviation,,2010,448827100
International aviation,,2011,466315550
International aviation,,2012,480940130
International aviation,,2013,494791970
International aviation,,2014,494140770
International aviation,,2015,514843680
International aviation,,2016,536873700
International aviation,,2017,555844740
International aviation,,2018,593353150
International aviation,,2019,597521500
International aviation,,2020,258859520
International aviation,,2021,281428900
International aviation,,2022,407078460
International aviation,,2023,501515680
International aviation,,2024,569039300
International shipping,,1990,358873180
International shipping,,1991,345312160
International shipping,,1992,335062180
International shipping,,1993,331439870
International shipping,,1994,344800860
International shipping,,1995,363505300
International shipping,,1996,399846080
International shipping,,1997,416210660
International shipping,,1998,439391360
International shipping,,1999,458289900
International shipping,,2000,463177540
International shipping,,2001,454812770
International shipping,,2002,455289500
International shipping,,2003,473953700
International shipping,,2004,517099900
International shipping,,2005,531421630
International shipping,,2006,569105200
International shipping,,2007,611969500
International shipping,,2008,615900000
International shipping,,2009,588920100
International shipping,,2010,623204740
International shipping,,2011,639740500
International shipping,,2012,613153000
International shipping,,2013,615403650
International shipping,,2014,621706050
International shipping,,2015,637774850
International shipping,,2016,632205440
International shipping,,2017,645270700
International shipping,,2018,643022460
International shipping,,2019,642052540
International shipping,,2020,580691200
International shipping,,2021,597654400
International shipping,,2022,558590600
International shipping,,2023,581238100
International shipping,,2024,623424500
Iran,IRN,1990,211074610
Iran,IRN,1991,223042000
Iran,IRN,1992,228193820
Iran,IRN,1993,236992530
Iran,IRN,1994,264821940
Iran,IRN,1995,270875330
Iran,IRN,1996,276620320
Iran,IRN,1997,269262880
Iran,IRN,1998,305641630
Iran,IRN,1999,374452260
Iran,IRN,2000,367213340
Iran,IRN,2001,389912400
Iran,IRN,2002,397031420
Iran,IRN,2003,410966720
Iran,IRN,2004,442119400
Iran,IRN,2005,466795330
Iran,IRN,2006,501014980
Iran,IRN,2007,507771070
Iran,IRN,2008,528528200
Iran,IRN,2009,543405950
Iran,IRN,2010,561496060
Iran,IRN,2011,576365700
Iran,IRN,2012,599278340
Iran,IRN,2013,609996540
Iran,IRN,2014,644227600
Iran,IRN,2015,641958700
Iran,IRN,2016,644680500
Iran,IRN,2017,696407500
Iran,IRN,2018,664523260
Iran,IRN,2019,727268540
Iran,IRN,2020,745595800
Iran,IRN,2021,779525250
Iran,IRN,2022,767178500
Iran,IRN,2023,789675840
Iran,IRN,2024,792631200
Iraq,IRQ,1990,49683310
Iraq,IRQ,1991,45505268
Iraq,IRQ,1992,59019990
Iraq,IRQ,1993,63263100
Iraq,IRQ,1994,76572620
Iraq,IRQ,1995,79841260
Iraq,IRQ,1996,74822970
Iraq,IRQ,1997,76296350
Iraq,IRQ,1998,80983930
Iraq,IRQ,1999,82416240
Iraq,IRQ,2000,83721656
Iraq,IRQ,2001,96802000
Iraq,IRQ,2002,97090500
Iraq,IRQ,2003,101424340
Iraq,IRQ,2004,113015840
Iraq,IRQ,2005,114281864
Iraq,IRQ,2006,98838120
Iraq,IRQ,2007,61361420
Iraq,IRQ,2008,94335400
Iraq,IRQ,2009,105211460
Iraq,IRQ,2010,113983430
Iraq,IRQ,2011,123525610
Iraq,IRQ,2012,134039550
Iraq,IRQ,2013,141704380
Iraq,IRQ,2014,137512700
Iraq,IRQ,2015,142530000
Iraq,IRQ,2016,153132140
Iraq,IRQ,2017,167472350
Iraq,IRQ,2018,186156450
Iraq,IRQ,2019,191777620
Iraq,IRQ,2020,172098030
Iraq,IRQ,2021,193115150
Iraq,IRQ,2022,217643900
Iraq,IRQ,2023,227909700
Iraq,IRQ,2024,233635500
Ireland,IRL,1990,32945302
Ireland,IRL,1991,33675164
Ireland,IRL,1992,33496132
Ireland,IRL,1993,33717148
Ireland,IRL,1994,34838990
Ireland,IRL,1995,35853360
Ireland,IRL,1996,37469464
Ireland,IRL,1997,38804936
Ireland,IRL,1998,40708444
Ireland,IRL,1999,42440316
Ireland,IRL,2000,45249516
Ireland,IRL,2001,47607710
Ireland,IRL,2002,46081388
Ireland,IRL,2003,45683964
Ireland,IRL,2004,46166736
Ireland,IRL,2005,48152990
Ireland,IRL,2006,47597384
Ireland,IRL,2007,47658190
Ireland,IRL,2008,47361076
Ireland,IRL,2009,42177070
Ireland,IRL,2010,41790900
Ireland,IRL,2011,38054388
Ireland,IRL,2012,38223920
Ireland,IRL,2013,37278704
Ireland,IRL,2014,36849876
Ireland,IRL,2015,38715396
Ireland,IRL,2016,40369024
Ireland,IRL,2017,39040450
Ireland,IRL,2018,38922364
Ireland,IRL,2019,37199836
Ireland,IRL,2020,35052570
Ireland,IRL,2021,37473684
Ireland,IRL,2022,36675670
Ireland,IRL,2023,33567940
Ireland,IRL,2024,33310624
Israel,ISR,1990,35824360
Israel,ISR,1991,36148456
Israel,ISR,1992,42082496
Israel,ISR,1993,44234508
Israel,ISR,1994,47474584
Israel,ISR,1995,49865530
Israel,ISR,1996,51935750
Israel,ISR,1997,54865704
Israel,ISR,1998,56009770
Israel,ISR,1999,54756052
Israel,ISR,2000,59519380
Israel,ISR,2001,63023570
Israel,ISR,2002,59304900
Israel,ISR,2003,62414676
Israel,ISR,2004,58679230
Israel,ISR,2005,56527670
Israel,ISR,2006,62148964
Israel,ISR,2007,62799790
Israel,ISR,2008,67980280
Israel,ISR,2009,63860948
Israel,ISR,2010,68286904
Israel,ISR,2011,68594740
Israel,ISR,2012,74781190
Israel,ISR,2013,63095308
Israel,ISR,2014,60278816
Israel,ISR,2015,62935624
Israel,ISR,2016,61164350
Israel,ISR,2017,58849100
Israel,ISR,2018,59985932
Israel,ISR,2019,58950148
Israel,ISR,2020,59285372
Israel,ISR,2021,58950084
Israel,ISR,2022,62267304
Israel,ISR,2023,55381996
Israel,ISR,2024,52637136
Italy,ITA,1990,438208030
Italy,ITA,1991,437741820
Italy,ITA,1992,437936500
Italy,ITA,1993,430267780
Italy,ITA,1994,424506720
Italy,ITA,1995,448595840
Italy,ITA,1996,442842900
Italy,ITA,1997,448570940
Italy,ITA,1998,460824400
Italy,ITA,1999,465507840
Italy,ITA,2000,469598270
Italy,ITA,2001,469679260
Italy,ITA,2002,477136320
Italy,ITA,2003,495093800
Italy,ITA,2004,500687230
Italy,ITA,2005,501365470
Italy,ITA,2006,496074620
Italy,ITA,2007,489793630
Italy,ITA,2008,478131970
Italy,ITA,2009,424032030
Italy,ITA,2010,435672030
Italy,ITA,2011,423897120
Italy,ITA,2012,403443520
Italy,ITA,2013,369460540
Italy,ITA,2014,349388960
Italy,ITA,2015,361243700
Italy,ITA,2016,358133150
Italy,ITA,2017,352666240
Italy,ITA,2018,349048350
Italy,ITA,2019,339637950
Italy,ITA,2020,302600100
Italy,ITA,2021,335930430
Italy,ITA,2022,340114720
Italy,ITA,2023,312290660
Italy,ITA,2024,301929760
Jamaica,JAM,1990,7527165
Jamaica,JAM,1991,7750991
Jamaica,JAM,1992,7708731
Jamaica,JAM,1993,8000958.5
Jamaica,JAM,1994,8188610
Jamaica,JAM,1995,9173406
Jamaica,JAM,1996,9687622
Jamaica,JAM,1997,10068187
Jamaica,JAM,1998,9694035
Jamaica,JAM,1999,9958188
Jamaica,JAM,2000,10313990
Jamaica,JAM,2001,10576440
Jamaica,JAM,2002,10202580
Jamaica,JAM,2003,10667060
Jamaica,JAM,2004,10574223
Jamaica,JAM,2005,10412875
Jamaica,JAM,2006,11573642
Jamaica,JAM,2007,10749231
Jamaica,JAM,2008,10775971
Jamaica,JAM,2009,7937452
Jamaica,JAM,2010,7677295
Jamaica,JAM,2011,8226292.5
Jamaica,JAM,2012,7887181
Jamaica,JAM,2013,8466728
Jamaica,JAM,2014,7675470
Jamaica,JAM,2015,7966219
Jamaica,JAM,2016,8134120
Jamaica,JAM,2017,7768234
Jamaica,JAM,2018,8060650
Jamaica,JAM,2019,9439483
Jamaica,JAM,2020,6865834
Jamaica,JAM,2021,7312535
Jamaica,JAM,2022,7907611
Jamaica,JAM,2023,8068915.5
Jamaica,JAM,2024,8401763
Japan,JPN,1990,1154853200
Japan,JPN,1991,1166552400
Japan,JPN,1992,1175454300
Japan,JPN,1993,1169328000
Japan,JPN,1994,1223158300
Japan,JPN,1995,1235873200
Japan,JPN,1996,1248690000
Japan,JPN,1997,1240980400
Japan,JPN,1998,1201334400
Japan,JPN,1999,1238121000
Japan,JPN,2000,1260203000
Japan,JPN,2001,1245935200
Japan,JPN,2002,1275420300
Japan,JPN,2003,1283845000
Japan,JPN,2004,1279121500
Japan,JPN,2005,1286412300
Japan,JPN,2006,1263440400
Japan,JPN,2007,1298973600
Japan,JPN,2008,1228686700
Japan,JPN,2009,1160252800
Japan,JPN,2010,1211090300
Japan,JPN,2011,1261180500
Japan,JPN,2012,1302112500
Japan,JPN,2013,1311875600
Japan,JPN,2014,1260272400
Japan,JPN,2015,1219982500
Japan,JPN,2016,1199932900
Japan,JPN,2017,1184391700
Japan,JPN,2018,1138549800
Japan,JPN,2019,1102063000
Japan,JPN,2020,1037284700
Japan,JPN,2021,1058501800
Japan,JPN,2022,1029644900
Japan,JPN,2023,986910140
Japan,JPN,2024,961867300
Jordan,JOR,1990,10590403
Jordan,JOR,1991,9991096
Jordan,JOR,1992,12188864
Jordan,JOR,1993,12008472
Jordan,JOR,1994,13521499
Jordan,JOR,1995,13451244
Jordan,JOR,1996,14073579
Jordan,JOR,1997,14308130
Jordan,JOR,1998,14447417
Jordan,JOR,1999,14467326
Jordan,JOR,2000,15400890
Jordan,JOR,2001,15857936
Jordan,JOR,2002,16707088
Jordan,JOR,2003,17273348
Jordan,JOR,2004,19003282
Jordan,JOR,2005,20790354
Jordan,JOR,2006,20829494
Jordan,JOR,2007,21700136
Jordan,JOR,2008,20987296
Jordan,JOR,2009,21545008
Jordan,JOR,2010,20838342
Jordan,JOR,2011,21409422
Jordan,JOR,2012,24069098
Jordan,JOR,2013,24060996
Jordan,JOR,2014,26164846
Jordan,JOR,2015,25799390
Jordan,JOR,2016,24949460
Jordan,JOR,2017,26079932
Jordan,JOR,2018,25419166
Jordan,JOR,2019,24569784
Jordan,JOR,2020,20621556
Jordan,JOR,2021,21190126
Jordan,JOR,2022,22427682
Jordan,JOR,2023,23119264
Jordan,JOR,2024,23219138
Kazakhstan,KAZ,1990,267405360
Kazakhstan,KAZ,1991,260420500
Kazakhstan,KAZ,1992,233523400
Kazakhstan,KAZ,1993,207558720
Kazakhstan,KAZ,1994,174671120
Kazakhstan,KAZ,1995,168467980
Kazakhstan,KAZ,1996,154715700
Kazakhstan,KAZ,1997,147293120
Kazakhstan,KAZ,1998,145621870
Kazakhstan,KAZ,1999,118761624
Kazakhstan,KAZ,2000,142196980
Kazakhstan,KAZ,2001,138036500
Kazakhstan,KAZ,2002,156768220
Kazakhstan,KAZ,2003,175021970
Kazakhstan,KAZ,2004,185475840
Kazakhstan,KAZ,2005,198448540
Kazakhstan,KAZ,2006,219633150
Kazakhstan,KAZ,2007,225712400
Kazakhstan,KAZ,2008,226102380
Kazakhstan,KAZ,2009,223189230
Kazakhstan,KAZ,2010,248092770
Kazakhstan,KAZ,2011,238156960
Kazakhstan,KAZ,2012,245262910
Kazakhstan,KAZ,2013,253532740
Kazakhstan,KAZ,2014,299137340
Kazakhstan,KAZ,2015,303052300
Kazakhstan,KAZ,2016,301738800
Kazakhstan,KAZ,2017,317720420
Kazakhstan,KAZ,2018,329572130
Kazakhstan,KAZ,2019,296039600
Kazakhstan,KAZ,2020,281789200
Kazakhstan,KAZ,2021,244903710
Kazakhstan,KAZ,2022,274345570
Kazakhstan,KAZ,2023,286174900
Kazakhstan,KAZ,2024,287005950
Kenya,KEN,1990,5788842
Kenya,KEN,1991,4804756
Kenya,KEN,1992,5504709
Kenya,KEN,1993,6311647
Kenya,KEN,1994,6522694
Kenya,KEN,1995,7515300
Kenya,KEN,1996,9283094
Kenya,KEN,1997,8226742
Kenya,KEN,1998,9998502
Kenya,KEN,1999,10020533
Kenya,KEN,2000,10384895
Kenya,KEN,2001,9223600
Kenya,KEN,2002,7819113
Kenya,KEN,2003,6716151
Kenya,KEN,2004,7621342
Kenya,KEN,2005,8454166
Kenya,KEN,2006,9566836
Kenya,KEN,2007,9734023
Kenya,KEN,2008,10098609
Kenya,KEN,2009,12184812
Kenya,KEN,2010,11856819
Kenya,KEN,2011,12217645
Kenya,KEN,2012,11245819
Kenya,KEN,2013,12162930
Kenya,KEN,2014,13214406
Kenya,KEN,2015,15212208
Kenya,KEN,2016,16288698
Kenya,KEN,2017,16181103
Kenya,KEN,2018,17002858
Kenya,KEN,2019,18158882
Kenya,KEN,2020,19989572
Kenya,KEN,2021,20589818
Kenya,KEN,2022,20544366
Kenya,KEN,2023,21185722
Kenya,KEN,2024,21225434
Kiribati,KIR,1990,21984
Kiribati,KIR,1991,21984
Kiribati,KIR,1992,25648
Kiribati,KIR,1993,29312
Kiribati,KIR,1994,29312
Kiribati,KIR,1995,29312
Kiribati,KIR,1996,32976
Kiribati,KIR,1997,29312
Kiribati,KIR,1998,29312
Kiribati,KIR,1999,29312
Kiribati,KIR,2000,36640
Kiribati,KIR,2001,32976
Kiribati,KIR,2002,40304
Kiribati,KIR,2003,40304
Kiribati,KIR,2004,43968
Kiribati,KIR,2005,47632
Kiribati,KIR,2006,51296
Kiribati,KIR,2007,51296
Kiribati,KIR,2008,47632
Kiribati,KIR,2009,47632
Kiribati,KIR,2010,58624
Kiribati,KIR,2011,54960
Kiribati,KIR,2012,54960
Kiribati,KIR,2013,54960
Kiribati,KIR,2014,54960
Kiribati,KIR,2015,58624
Kiribati,KIR,2016,54960
Kiribati,KIR,2017,69616
Kiribati,KIR,2018,69616
Kiribati,KIR,2019,69616
Kiribati,KIR,2020,69616
Kiribati,KIR,2021,69616
Kiribati,KIR,2022,69616
Kiribati,KIR,2023,69287
Kiribati,KIR,2024,72456
Kosovo,OWID_KOS,1994,0
Kosovo,OWID_KOS,1995,0
Kosovo,OWID_KOS,1996,0
Kosovo,OWID_KOS,1997,0
Kosovo,OWID_KOS,1998,0
Kosovo,OWID_KOS,1999,0
Kosovo,OWID_KOS,2000,4807168
Kosovo,OWID_KOS,2001,6093232
Kosovo,OWID_KOS,2002,6060256
Kosovo,OWID_KOS,2003,6437648
Kosovo,OWID_KOS,2004,6616505
Kosovo,OWID_KOS,2005,6435256
Kosovo,OWID_KOS,2006,6488504
Kosovo,OWID_KOS,2007,6801637
Kosovo,OWID_KOS,2008,7358432
Kosovo,OWID_KOS,2009,8109154.5
Kosovo,OWID_KOS,2010,8354617
Kosovo,OWID_KOS,2011,8294393.5
Kosovo,OWID_KOS,2012,7847680
Kosovo,OWID_KOS,2013,7965702
Kosovo,OWID_KOS,2014,7129107
Kosovo,OWID_KOS,2015,8290589.5
Kosovo,OWID_KOS,2016,8793503
Kosovo,OWID_KOS,2017,8022662
Kosovo,OWID_KOS,2018,8044655
Kosovo,OWID_KOS,2019,8385858.5
Kosovo,OWID_KOS,2020,8451526
Kosovo,OWID_KOS,2021,8815831
Kosovo,OWID_KOS,2022,8569356
Kosovo,OWID_KOS,2023,8220213
Kosovo,OWID_KOS,2024,8049940
Kuwait,KWT,1990,37863400
Kuwait,KWT,1991,492979420
Kuwait,KWT,1992,29683202
Kuwait,KWT,1993,49162756
Kuwait,KWT,1994,57264612
Kuwait,KWT,1995,56262870
Kuwait,KWT,1996,51768196
Kuwait,KWT,1997,56764860
Kuwait,KWT,1998,52910390
Kuwait,KWT,1999,55085210
Kuwait,KWT,2000,54979880
Kuwait,KWT,2001,59119360
Kuwait,KWT,2002,60113544
Kuwait,KWT,2003,62490804
Kuwait,KWT,2004,65855196
Kuwait,KWT,2005,74615270
Kuwait,KWT,2006,76221900
Kuwait,KWT,2007,77294950
Kuwait,KWT,2008,84442376
Kuwait,KWT,2009,88832100
Kuwait,KWT,2010,89721000
Kuwait,KWT,2011,87150870
Kuwait,KWT,2012,101200580
Kuwait,KWT,2013,83046690
Kuwait,KWT,2014,74993736
Kuwait,KWT,2015,93317470
Kuwait,KWT,2016,104018830
Kuwait,KWT,2017,100010360
Kuwait,KWT,2018,102453010
Kuwait,KWT,2019,104654216
Kuwait,KWT,2020,90102610
Kuwait,KWT,2021,87868850
Kuwait,KWT,2022,115848890
Kuwait,KWT,2023,123168720
Kuwait,KWT,2024,129518650
Kuwaiti Oil Fires (GCP),,1991,477924830
Kuwaiti Oil Fires (GCP),,1994,0
Kuwaiti Oil Fires (GCP),,1995,0
Kuwaiti Oil Fires (GCP),,1996,0
Kuwaiti Oil Fires (GCP),,1997,0
Kuwaiti Oil Fires (GCP),,1998,0
Kuwaiti Oil Fires (GCP),,1999,0
Kuwaiti Oil Fires (GCP),,2000,0
Kuwaiti Oil Fires (GCP),,2001,0
Kuwaiti Oil Fires (GCP),,2002,0
Kuwaiti Oil Fires (GCP),,2003,0
Kuwaiti Oil Fires (GCP),,2004,0
Kuwaiti Oil Fires (GCP),,2005,0
Kuwaiti Oil Fires (GCP),,2006,0
Kuwaiti Oil Fires (GCP),,2007,0
Kuwaiti Oil Fires (GCP),,2008,0
Kuwaiti Oil Fires (GCP),,2009,0
Kuwaiti Oil Fires (GCP),,2010,0
Kuwaiti Oil Fires (GCP),,2011,0
Kuwaiti Oil Fires (GCP),,2012,0
Kuwaiti Oil Fires (GCP),,2013,0
Kuwaiti Oil Fires (GCP),,2014,0
Kuwaiti Oil Fires (GCP),,2015,0
Kuwaiti Oil Fires (GCP),,2016,0
Kuwaiti Oil Fires (GCP),,2017,0
Kuwaiti Oil Fires (GCP),,2018,0
Kuwaiti Oil Fires (GCP),,2019,0
Kuwaiti Oil Fires (GCP),,2020,0
Kuwaiti Oil Fires (GCP),,2021,0
Kuwaiti Oil Fires (GCP),,2022,0
Kuwaiti Oil Fires (GCP),,2023,0
Kuwaiti Oil Fires (GCP),,2024,0
Kyrgyzstan,KGZ,1990,19204034
Kyrgyzstan,KGZ,1991,15897467
Kyrgyzstan,KGZ,1992,11041681
Kyrgyzstan,KGZ,1993,8468166
Kyrgyzstan,KGZ,1994,6144479
Kyrgyzstan,KGZ,1995,4506950
Kyrgyzstan,KGZ,1996,5651918
Kyrgyzstan,KGZ,1997,5560681
Kyrgyzstan,KGZ,1998,5900999
Kyrgyzstan,KGZ,1999,4642439
Kyrgyzstan,KGZ,2000,4575258
Kyrgyzstan,KGZ,2001,3856740
Kyrgyzstan,KGZ,2002,4917247
Kyrgyzstan,KGZ,2003,5375527
Kyrgyzstan,KGZ,2004,5808160
Kyrgyzstan,KGZ,2005,5519072
Kyrgyzstan,KGZ,2006,5457268
Kyrgyzstan,KGZ,2007,6522285
Kyrgyzstan,KGZ,2008,7480887
Kyrgyzstan,KGZ,2009,6709287
Kyrgyzstan,KGZ,2010,6355656
Kyrgyzstan,KGZ,2011,7620172
Kyrgyzstan,KGZ,2012,10086689
Kyrgyzstan,KGZ,2013,9733813
Kyrgyzstan,KGZ,2014,10236388
Kyrgyzstan,KGZ,2015,10264781
Kyrgyzstan,KGZ,2016,9621676
Kyrgyzstan,KGZ,2017,9364119
Kyrgyzstan,KGZ,2018,11174909
Kyrgyzstan,KGZ,2019,9046661
Kyrgyzstan,KGZ,2020,8348490.5
Kyrgyzstan,KGZ,2021,10338292
Kyrgyzstan,KGZ,2022,11512894
Kyrgyzstan,KGZ,2023,11144427
Kyrgyzstan,KGZ,2024,11770158
Laos,LAO,1990,512960.03
Laos,LAO,1991,545936
Laos,LAO,1992,592750
Laos,LAO,1993,607425
Laos,LAO,1994,630600
Laos,LAO,1995,670880
Laos,LAO,1996,753378
Laos,LAO,1997,792409
Laos,LAO,1998,820068
Laos,LAO,1999,845680
Laos,LAO,2000,960400
Laos,LAO,2001,1059169
Laos,LAO,2002,1165768
Laos,LAO,2003,1220964
Laos,LAO,2004,1282484
Laos,LAO,2005,1337012
Laos,LAO,2006,1757335
Laos,LAO,2007,1835724
Laos,LAO,2008,2131341
Laos,LAO,2009,2667456
Laos,LAO,2010,3000849
Laos,LAO,2011,3096824
Laos,LAO,2012,3328366
Laos,LAO,2013,4198311
Laos,LAO,2014,4383017
Laos,LAO,2015,9184793
Laos,LAO,2016,16406527
Laos,LAO,2017,19624934
Laos,LAO,2018,20481498
Laos,LAO,2019,18339868
Laos,LAO,2020,18293558
Laos,LAO,2021,21836638
Laos,LAO,2022,22548782
Laos,LAO,2023,24157068
Laos,LAO,2024,24399926
Latvia,LVA,1990,19661604
Latvia,LVA,1991,17919586
Latvia,LVA,1992,14193533
Latvia,LVA,1993,11921674
Latvia,LVA,1994,10370181
Latvia,LVA,1995,9133941
Latvia,LVA,1996,9211659
Latvia,LVA,1997,8679916
Latvia,LVA,1998,8306022.5
Latvia,LVA,1999,7717860
Latvia,LVA,2000,7081630
Latvia,LVA,2001,7496506
Latvia,LVA,2002,7520418
Latvia,LVA,2003,7726040
Latvia,LVA,2004,7731198
Latvia,LVA,2005,7810764
Latvia,LVA,2006,8310115
Latvia,LVA,2007,8637233
Latvia,LVA,2008,8198058
Latvia,LVA,2009,7456196
Latvia,LVA,2010,8554521
Latvia,LVA,2011,7808430
Latvia,LVA,2012,7519718
Latvia,LVA,2013,7368746
Latvia,LVA,2014,7172200
Latvia,LVA,2015,7262421
Latvia,LVA,2016,7210682
Latvia,LVA,2017,7215320
Latvia,LVA,2018,7843189
Latvia,LVA,2019,7633452
Latvia,LVA,2020,6999268
Latvia,LVA,2021,7218349
Latvia,LVA,2022,6607997
Latvia,LVA,2023,6589883
Latvia,LVA,2024,6461889
Lebanon,LBN,1990,7868195
Lebanon,LBN,1991,8115152.5
Lebanon,LBN,1992,9726913
Lebanon,LBN,1993,10354905
Lebanon,LBN,1994,11110825
Lebanon,LBN,1995,12254741
Lebanon,LBN,1996,12752780
Lebanon,LBN,1997,15098693
Lebanon,LBN,1998,16286495
Lebanon,LBN,1999,16429672
Lebanon,LBN,2000,15466264
Lebanon,LBN,2001,16406607
Lebanon,LBN,2002,16243744
Lebanon,LBN,2003,18529028
Lebanon,LBN,2004,17208414
Lebanon,LBN,2005,16650190
Lebanon,LBN,2006,14792376
Lebanon,LBN,2007,13746087
Lebanon,LBN,2008,17417774
Lebanon,LBN,2009,20957556
Lebanon,LBN,2010,19996596
Lebanon,LBN,2011,20264128
Lebanon,LBN,2012,22332032
Lebanon,LBN,2013,22163742
Lebanon,LBN,2014,23992028
Lebanon,LBN,2015,25731236
Lebanon,LBN,2016,26437870
Lebanon,LBN,2017,27820720
Lebanon,LBN,2018,25812102
Lebanon,LBN,2019,25141072
Lebanon,LBN,2020,23693950
Lebanon,LBN,2021,19474380
Lebanon,LBN,2022,15360705
Lebanon,LBN,2023,15558805
Lebanon,LBN,2024,15649973
Lesotho,LSO,1990,1472928
Lesotho,LSO,1991,1527888
Lesotho,LSO,1992,1586512
Lesotho,LSO,1993,1630480
Lesotho,LSO,1994,1674448
Lesotho,LSO,1995,1707424
Lesotho,LSO,1996,1736736
Lesotho,LSO,1997,1769712
Lesotho,LSO,1998,1802688
Lesotho,LSO,1999,1824672
Lesotho,LSO,2000,1850320
Lesotho,LSO,2001,1872304
Lesotho,LSO,2002,1905280
Lesotho,LSO,2003,1930928
Lesotho,LSO,2004,1978560
Lesotho,LSO,2005,2011535.9
Lesotho,LSO,2006,2033520
Lesotho,LSO,2007,2073823.9
Lesotho,LSO,2008,2121456
Lesotho,LSO,2009,2216720
Lesotho,LSO,2010,2275344
Lesotho,LSO,2011,2758992
Lesotho,LSO,2012,2791968
Lesotho,LSO,2013,2125120
Lesotho,LSO,2014,2242368
Lesotho,LSO,2015,2044512
Lesotho,LSO,2016,2026192
Lesotho,LSO,2017,2286336
Lesotho,LSO,2018,2165424
Lesotho,LSO,2019,2187408
Lesotho,LSO,2020,1985888
Lesotho,LSO,2021,3096080
Lesotho,LSO,2022,2551344
Lesotho,LSO,2023,2493633
Lesotho,LSO,2024,2571767
Liberia,LBR,1990,456132
Liberia,LBR,1991,374548
Liberia,LBR,1992,391658
Liberia,LBR,1993,417301
Liberia,LBR,1994,415256
Liberia,LBR,1995,416069
Liberia,LBR,1996,427462
Liberia,LBR,1997,446187
Liberia,LBR,1998,473047
Liberia,LBR,1999,376138
Liberia,LBR,2000,402433
Liberia,LBR,2001,413754
Liberia,LBR,2002,432027
Liberia,LBR,2003,460659
Liberia,LBR,2004,542808
Liberia,LBR,2005,650572
Liberia,LBR,2006,669070
Liberia,LBR,2007,628785
Liberia,LBR,2008,530796
Liberia,LBR,2009,521983.03
Liberia,LBR,2010,709268
Liberia,LBR,2011,822404
Liberia,LBR,2012,915015
Liberia,LBR,2013,874265
Liberia,LBR,2014,733526
Liberia,LBR,2015,698691
Liberia,LBR,2016,646650
Liberia,LBR,2017,667364
Liberia,LBR,2018,608632
Liberia,LBR,2019,931662
Liberia,LBR,2020,776749
Liberia,LBR,2021,782557
Liberia,LBR,2022,863766
Liberia,LBR,2023,834001
Liberia,LBR,2024,859369
Libya,LBY,1990,36513784
Libya,LBY,1991,42619850
Libya,LBY,1992,37024420
Libya,LBY,1993,38708330
Libya,LBY,1994,51359944
Libya,LBY,1995,54595650
Libya,LBY,1996,53951944
Libya,LBY,1997,51778956
Libya,LBY,1998,51652640
Libya,LBY,1999,50259920
Libya,LBY,2000,53238540
Libya,LBY,2001,53113610
Libya,LBY,2002,52524996
Libya,LBY,2003,55480620
Libya,LBY,2004,56853804
Libya,LBY,2005,55985500
Libya,LBY,2006,51450012
Libya,LBY,2007,44391884
Libya,LBY,2008,49699240
Libya,LBY,2009,51626750
Libya,LBY,2010,59147924
Libya,LBY,2011,53542210
Libya,LBY,2012,61606492
Libya,LBY,2013,51343916
Libya,LBY,2014,68348400
Libya,LBY,2015,60866180
Libya,LBY,2016,57378880
Libya,LBY,2017,67092250
Libya,LBY,2018,62644524
Libya,LBY,2019,73778310
Libya,LBY,2020,36110628
Libya,LBY,2021,56312464
Libya,LBY,2022,58974004
Libya,LBY,2023,64219084
Libya,LBY,2024,65260070
Liechtenstein,LIE,1990,198971
Liechtenstein,LIE,1991,206329
Liechtenstein,LIE,1992,206950
Liechtenstein,LIE,1993,215034
Liechtenstein,LIE,1994,201111
Liechtenstein,LIE,1995,204202
Liechtenstein,LIE,1996,205960
Liechtenstein,LIE,1997,218373
Liechtenstein,LIE,1998,229235
Liechtenstein,LIE,1999,226562
Liechtenstein,LIE,2000,216857
Liechtenstein,LIE,2001,214668
Liechtenstein,LIE,2002,220015
Liechtenstein,LIE,2003,229349
Liechtenstein,LIE,2004,229383
Liechtenstein,LIE,2005,228962
Liechtenstein,LIE,2006,231089
Liechtenstein,LIE,2007,200734
Liechtenstein,LIE,2008,219470
Liechtenstein,LIE,2009,205338
Liechtenstein,LIE,2010,190783
Liechtenstein,LIE,2011,176727
Liechtenstein,LIE,2012,185263
Liechtenstein,LIE,2013,192493
Liechtenstein,LIE,2014,161186
Liechtenstein,LIE,2015,159668
Liechtenstein,LIE,2016,149653
Liechtenstein,LIE,2017,155476
Liechtenstein,LIE,2018,142573
Liechtenstein,LIE,2019,148655
Liechtenstein,LIE,2020,141605
Liechtenstein,LIE,2021,145595
Liechtenstein,LIE,2022,128336
Liechtenstein,LIE,2023,131221
Liechtenstein,LIE,2024,131624
Lithuania,LTU,1990,35737676
Lithuania,LTU,1991,37820376
Lithuania,LTU,1992,21168442
Lithuania,LTU,1993,16319714
Lithuania,LTU,1994,15767042
Lithuania,LTU,1995,15057343
Lithuania,LTU,1996,15739963
Lithuania,LTU,1997,15162846
Lithuania,LTU,1998,15997053
Lithuania,LTU,1999,13449596
Lithuania,LTU,2000,11843035
Lithuania,LTU,2001,12593737
Lithuania,LTU,2002,12666029
Lithuania,LTU,2003,12659431
Lithuania,LTU,2004,13254143
Lithuania,LTU,2005,13862545
Lithuania,LTU,2006,14195265
Lithuania,LTU,2007,15473504
Lithuania,LTU,2008,14918791
Lithuania,LTU,2009,12829125
Lithuania,LTU,2010,13801892
Lithuania,LTU,2011,13959649
Lithuania,LTU,2012,14054137
Lithuania,LTU,2013,13148174
Lithuania,LTU,2014,12845803
Lithuania,LTU,2015,13045220
Lithuania,LTU,2016,13101518
Lithuania,LTU,2017,13277398
Lithuania,LTU,2018,13414424
Lithuania,LTU,2019,13647340
Lithuania,LTU,2020,13499604
Lithuania,LTU,2021,13778095
Lithuania,LTU,2022,12895064
Lithuania,LTU,2023,12507402
Lithuania,LTU,2024,12541509
Low-income countries,OWID_LIC,1990,188086860
Low-income countries,OWID_LIC,1991,185691840
Low-income countries,OWID_LIC,1992,170456100
Low-income countries,OWID_LIC,1993,162430850
Low-income countries,OWID_LIC,1994,157370980
Low-income countries,OWID_LIC,1995,154566540
Low-income countries,OWID_LIC,1996,147266350
Low-income countries,OWID_LIC,1997,148891900
Low-income countries,OWID_LIC,1998,147930110
Low-income countries,OWID_LIC,1999,157285020
Low-income countries,OWID_LIC,2000,163158660
Low-income countries,OWID_LIC,2001,165770220
Low-income countries,OWID_LIC,2002,153650740
Low-income countries,OWID_LIC,2003,175482980
Low-income countries,OWID_LIC,2004,177657230
Low-income countries,OWID_LIC,2005,182625970
Low-income countries,OWID_LIC,2006,191339100
Low-income countries,OWID_LIC,2007,196373220
Low-income countries,OWID_LIC,2008,208385260
Low-income countries,OWID_LIC,2009,206816830
Low-income countries,OWID_LIC,2010,206652670
Low-income countries,OWID_LIC,2011,189330540
Low-income countries,OWID_LIC,2012,175241600
Low-income countries,OWID_LIC,2013,165524880
Low-income countries,OWID_LIC,2014,173109600
Low-income countries,OWID_LIC,2015,150537730
Low-income countries,OWID_LIC,2016,156837140
Low-income countries,OWID_LIC,2017,199331540
Low-income countries,OWID_LIC,2018,197054480
Low-income countries,OWID_LIC,2019,212130430
Low-income countries,OWID_LIC,2020,204479200
Low-income countries,OWID_LIC,2021,196969970
Low-income countries,OWID_LIC,2022,199960980
Low-income countries,OWID_LIC,2023,206501470
Low-income countries,OWID_LIC,2024,208199410
Lower-middle-income countries,OWID_LMC,1990,1149566300
Lower-middle-income countries,OWID_LMC,1991,1183862800
Lower-middle-income countries,OWID_LMC,1992,1233317800
Lower-middle-income countries,OWID_LMC,1993,1299579400
Lower-middle-income countries,OWID_LMC,1994,1374831900
Lower-middle-income countries,OWID_LMC,1995,1444201500
Lower-middle-income countries,OWID_LMC,1996,1540169100
Lower-middle-income countries,OWID_LMC,1997,1606478300
Lower-middle-income countries,OWID_LMC,1998,1656030000
Lower-middle-income countries,OWID_LMC,1999,1761490200
Lower-middle-income countries,OWID_LMC,2000,1820024400
Lower-middle-income countries,OWID_LMC,2001,1822959600
Lower-middle-income countries,OWID_LMC,2002,1893883100
Lower-middle-income countries,OWID_LMC,2003,1958896800
Lower-middle-income countries,OWID_LMC,2004,2037126300
Lower-middle-income countries,OWID_LMC,2005,2130420700
Lower-middle-income countries,OWID_LMC,2006,2258598000
Lower-middle-income countries,OWID_LMC,2007,2381909500
Lower-middle-income countries,OWID_LMC,2008,2502963700
Lower-middle-income countries,OWID_LMC,2009,2617886200
Lower-middle-income countries,OWID_LMC,2010,2775721000
Lower-middle-income countries,OWID_LMC,2011,2900200700
Lower-middle-income countries,OWID_LMC,2012,3066869500
Lower-middle-income countries,OWID_LMC,2013,3175028000
Lower-middle-income countries,OWID_LMC,2014,3341492700
Lower-middle-income countries,OWID_LMC,2015,3430742000
Lower-middle-income countries,OWID_LMC,2016,3621248800
Lower-middle-income countries,OWID_LMC,2017,3740908500
Lower-middle-income countries,OWID_LMC,2018,3874261000
Lower-middle-income countries,OWID_LMC,2019,3909786600
Lower-middle-income countries,OWID_LMC,2020,3722722000
Lower-middle-income countries,OWID_LMC,2021,4101157600
Lower-middle-income countries,OWID_LMC,2022,4222639400
Lower-middle-income countries,OWID_LMC,2023,4451222000
Lower-middle-income countries,OWID_LMC,2024,4617956000
Luxembourg,LUX,1990,11809167
Luxembourg,LUX,1991,12420411
Luxembourg,LUX,1992,12189432
Luxembourg,LUX,1993,12338294
Luxembourg,LUX,1994,11523991
Luxembourg,LUX,1995,9134483
Luxembourg,LUX,1996,9185693
Luxembourg,LUX,1997,8547978
Luxembourg,LUX,1998,7656827
Luxembourg,LUX,1999,8119314
Luxembourg,LUX,2000,8702319
Luxembourg,LUX,2001,9205365
Luxembourg,LUX,2002,9978491
Luxembourg,LUX,2003,10450939
Luxembourg,LUX,2004,11815994
Luxembourg,LUX,2005,12075892
Luxembourg,LUX,2006,11905623
Luxembourg,LUX,2007,11302203
Luxembourg,LUX,2008,11166763
Luxembourg,LUX,2009,10619787
Luxembourg,LUX,2010,11190507
Luxembourg,LUX,2011,11089509
Luxembourg,LUX,2012,10857971
Luxembourg,LUX,2013,10323408
Luxembourg,LUX,2014,9806854
Luxembourg,LUX,2015,9333977
Luxembourg,LUX,2016,9077205
Luxembourg,LUX,2017,9251006
Luxembourg,LUX,2018,9556162
Luxembourg,LUX,2019,9749969
Luxembourg,LUX,2020,8069083
Luxembourg,LUX,2021,8409505
Luxembourg,LUX,2022,7274379
Luxembourg,LUX,2023,6840733
Luxembourg,LUX,2024,7039783
Macao,MAC,1990,901344
Macao,MAC,1991,967296
Macao,MAC,1992,978288
Macao,MAC,1993,1102864
Macao,MAC,1994,1179808
Macao,MAC,1995,1124848
Macao,MAC,1996,1300720
Macao,MAC,1997,1366672
Macao,MAC,1998,1443616
Macao,MAC,1999,1425296
Macao,MAC,2000,1527888
Macao,MAC,2001,1560864
Macao,MAC,2002,1388656
Macao,MAC,2003,1421632
Macao,MAC,2004,1582848
Macao,MAC,2005,1681776
Macao,MAC,2006,1454608
Macao,MAC,2007,1363008
Macao,MAC,2008,1128512
Macao,MAC,2009,1894288
Macao,MAC,2010,1234768
Macao,MAC,2011,1293392
Macao,MAC,2012,1132176
Macao,MAC,2013,989280
Macao,MAC,2014,1293392
Macao,MAC,2015,1773376
Macao,MAC,2016,1780704
Macao,MAC,2017,1927264
Macao,MAC,2018,1242096
Macao,MAC,2019,1212784
Macao,MAC,2020,1033247.94
Macao,MAC,2021,1029584.06
Macao,MAC,2022,1048775
Macao,MAC,2023,1042865.06
Macao,MAC,2024,1056328
Madagascar,MDG,1990,944296
Madagascar,MDG,1991,1024866
Madagascar,MDG,1992,1002845.06
Madagascar,MDG,1993,1028456
Madagascar,MDG,1994,1152219
Madagascar,MDG,1995,1192441
Madagascar,MDG,1996,1249003
Madagascar,MDG,1997,1535182
Madagascar,MDG,1998,1619053
Madagascar,MDG,1999,1766354
Madagascar,MDG,2000,1955170
Madagascar,MDG,2001,1746684
Madagascar,MDG,2002,1232145
Madagascar,MDG,2003,1699386
Madagascar,MDG,2004,1804376
Madagascar,MDG,2005,1741218
Madagascar,MDG,2006,1674711
Madagascar,MDG,2007,1727691
Madagascar,MDG,2008,1787286
Madagascar,MDG,2009,1699051
Madagascar,MDG,2010,1871714
Madagascar,MDG,2011,2329853
Madagascar,MDG,2012,2660200
Madagascar,MDG,2013,3060920
Madagascar,MDG,2014,2971004
Madagascar,MDG,2015,3121228
Madagascar,MDG,2016,3256796
Madagascar,MDG,2017,3803787
Madagascar,MDG,2018,3604454
Madagascar,MDG,2019,4146515
Madagascar,MDG,2020,3788076
Madagascar,MDG,2021,4246076
Madagascar,MDG,2022,4209640
Madagascar,MDG,2023,4446771
Madagascar,MDG,2024,4528381
Malawi,MWI,1990,736906
Malawi,MWI,1991,787355
Malawi,MWI,1992,787089
Malawi,MWI,1993,878576
Malawi,MWI,1994,901750
Malawi,MWI,1995,903090
Malawi,MWI,1996,919530
Malawi,MWI,1997,918222
Malawi,MWI,1998,901754
Malawi,MWI,1999,893264
Malawi,MWI,2000,853982
Malawi,MWI,2001,777288
Malawi,MWI,2002,856235
Malawi,MWI,2003,914835
Malawi,MWI,2004,901678
Malawi,MWI,2005,845319
Malawi,MWI,2006,851328
Malawi,MWI,2007,919179
Malawi,MWI,2008,998705
Malawi,MWI,2009,1017604.94
Malawi,MWI,2010,972162
Malawi,MWI,2011,1033844
Malawi,MWI,2012,1040751
Malawi,MWI,2013,1120229
Malawi,MWI,2014,1015111
Malawi,MWI,2015,1049909
Malawi,MWI,2016,1172440
Malawi,MWI,2017,1193033
Malawi,MWI,2018,1690049
Malawi,MWI,2019,1695354
Malawi,MWI,2020,1868050
Malawi,MWI,2021,1682495
Malawi,MWI,2022,1801388
Malawi,MWI,2023,1852568
Malawi,MWI,2024,1881479
Malaysia,MYS,1990,54269364
Malaysia,MYS,1991,65785132
Malaysia,MYS,1992,72961016
Malaysia,MYS,1993,86612380
Malaysia,MYS,1994,87497430
Malaysia,MYS,1995,109595210
Malaysia,MYS,1996,110108470
Malaysia,MYS,1997,118471340
Malaysia,MYS,1998,109781690
Malaysia,MYS,1999,103986550
Malaysia,MYS,2000,122881384
Malaysia,MYS,2001,130890050
Malaysia,MYS,2002,132035230
Malaysia,MYS,2003,153384340
Malaysia,MYS,2004,169674400
Malaysia,MYS,2005,169978320
Malaysia,MYS,2006,170166450
Malaysia,MYS,2007,175454450
Malaysia,MYS,2008,192847060
Malaysia,MYS,2009,192122740
Malaysia,MYS,2010,199346400
Malaysia,MYS,2011,203452770
Malaysia,MYS,2012,212993630
Malaysia,MYS,2013,241671090
Malaysia,MYS,2014,245053380
Malaysia,MYS,2015,235941760
Malaysia,MYS,2016,237293890
Malaysia,MYS,2017,244457090
Malaysia,MYS,2018,262647070
Malaysia,MYS,2019,277672900
Malaysia,MYS,2020,262158820
Malaysia,MYS,2021,273332160
Malaysia,MYS,2022,281883800
Malaysia,MYS,2023,276296770
Malaysia,MYS,2024,290223840
Maldives,MDV,1990,168544
Maldives,MDV,1991,153888
Maldives,MDV,1992,230832
Maldives,MDV,1993,194192
Maldives,MDV,1994,197856
Maldives,MDV,1995,249152
Maldives,MDV,1996,289456
Maldives,MDV,1997,329760
Maldives,MDV,1998,300448
Maldives,MDV,1999,421360
Maldives,MDV,2000,450672
Maldives,MDV,2001,461664
Maldives,MDV,2002,589904
Maldives,MDV,2003,509296
Maldives,MDV,2004,663184
Maldives,MDV,2005,600896
Maldives,MDV,2006,743792
Maldives,MDV,2007,780432
Maldives,MDV,2008,839056
Maldives,MDV,2009,883024
Maldives,MDV,2010,930656
Maldives,MDV,2011,985616
Maldives,MDV,2012,1110192
Maldives,MDV,2013,1095536
Maldives,MDV,2014,1319040
Maldives,MDV,2015,1282400
Maldives,MDV,2016,1432624
Maldives,MDV,2017,1513232
Maldives,MDV,2018,1736736
Maldives,MDV,2019,1993216
Maldives,MDV,2020,1678112
Maldives,MDV,2021,1996880
Maldives,MDV,2022,2215800
Maldives,MDV,2023,2205334
Maldives,MDV,2024,2306210
Mali,MLI,1990,422243
Mali,MLI,1991,425894
Mali,MLI,1992,462522
Mali,MLI,1993,502812.97
Mali,MLI,1994,548393
Mali,MLI,1995,595200
Mali,MLI,1996,646081
Mali,MLI,1997,723001
Mali,MLI,1998,930656
Mali,MLI,1999,970960
Mali,MLI,2000,1066224
Mali,MLI,2001,1161488
Mali,MLI,2002,1209120
Mali,MLI,2003,1245760
Mali,MLI,2004,1414304
Mali,MLI,2005,1458272
Mali,MLI,2006,1535216
Mali,MLI,2007,1784368
Mali,MLI,2008,1956576
Mali,MLI,2009,1886960
Mali,MLI,2010,2088480
Mali,MLI,2011,2279008
Mali,MLI,2012,2436560
Mali,MLI,2013,2743394
Mali,MLI,2014,3139313
Mali,MLI,2015,3399103
Mali,MLI,2016,4286165
Mali,MLI,2017,4766551
Mali,MLI,2018,5198325
Mali,MLI,2019,5594037
Mali,MLI,2020,6330056
Mali,MLI,2021,7393170
Mali,MLI,2022,7019715
Mali,MLI,2023,6743016
Mali,MLI,2024,6978840
Malta,MLT,1990,2427410
Malta,MLT,1991,2271858
Malta,MLT,1992,2293611
Malta,MLT,1993,2885604
Malta,MLT,1994,2658364
Malta,MLT,1995,2452147
Malta,MLT,1996,2533966
Malta,MLT,1997,2556266
Malta,MLT,1998,2524950
Malta,MLT,1999,2572876
Malta,MLT,2000,2468170
Malta,MLT,2001,2736578
Malta,MLT,2002,2747250
Malta,MLT,2003,2960865
Malta,MLT,2004,2849102
Malta,MLT,2005,2649810
Malta,MLT,2006,2655351
Malta,MLT,2007,2727800
Malta,MLT,2008,2721287
Malta,MLT,2009,2560864
Malta,MLT,2010,2619259
Malta,MLT,2011,2608196
Malta,MLT,2012,2749059
Malta,MLT,2013,2429647
Malta,MLT,2014,2417320
Malta,MLT,2015,1697468
Malta,MLT,2016,1375879
Malta,MLT,2017,1537206
Malta,MLT,2018,1547703
Malta,MLT,2019,1649196
Malta,MLT,2020,1600889
Malta,MLT,2021,1611409
Malta,MLT,2022,1774245
Malta,MLT,2023,1768002
Malta,MLT,2024,1728766
Marshall Islands,MHL,1992,76944
Marshall Islands,MHL,1993,80608
Marshall Islands,MHL,1994,84272
Marshall Islands,MHL,1995,87936
Marshall Islands,MHL,1996,91600
Marshall Islands,MHL,1997,91600
Marshall Islands,MHL,1998,91600
Marshall Islands,MHL,1999,91600
Marshall Islands,MHL,2000,98928
Marshall Islands,MHL,2001,102592
Marshall Islands,MHL,2002,109920
Marshall Islands,MHL,2003,109920
Marshall Islands,MHL,2004,113584
Marshall Islands,MHL,2005,113584
Marshall Islands,MHL,2006,120912
Marshall Islands,MHL,2007,128240.01
Marshall Islands,MHL,2008,128240.01
Marshall Islands,MHL,2009,131904
Marshall Islands,MHL,2010,135568
Marshall Islands,MHL,2011,135568
Marshall Islands,MHL,2012,135568
Marshall Islands,MHL,2013,139232
Marshall Islands,MHL,2014,139232
Marshall Islands,MHL,2015,142896
Marshall Islands,MHL,2016,142896
Marshall Islands,MHL,2017,146560
Marshall Islands,MHL,2018,146560
Marshall Islands,MHL,2019,146560
Marshall Islands,MHL,2020,146560
Marshall Islands,MHL,2021,146560
Marshall Islands,MHL,2022,148424
Marshall Islands,MHL,2023,147722
Marshall Islands,MHL,2024,154480
Mauritania,MRT,1990,853518
Mauritania,MRT,1991,868368
Mauritania,MRT,1992,905008
Mauritania,MRT,1993,926799
Mauritania,MRT,1994,959409
Mauritania,MRT,1995,1014928
Mauritania,MRT,1996,1062560
Mauritania,MRT,1997,1077216
Mauritania,MRT,1998,1073552
Mauritania,MRT,1999,1095536
Mauritania,MRT,2000,1113856
Mauritania,MRT,2001,1172480
Mauritania,MRT,2002,1249424
Mauritania,MRT,2003,1286064
Mauritania,MRT,2004,1384992
Mauritania,MRT,2005,1433674
Mauritania,MRT,2006,1550078
Mauritania,MRT,2007,1757602
Mauritania,MRT,2008,1830772
Mauritania,MRT,2009,2012298.1
Mauritania,MRT,2010,2093519.9
Mauritania,MRT,2011,2226577
Mauritania,MRT,2012,2447571
Mauritania,MRT,2013,2168855
Mauritania,MRT,2014,2562746
Mauritania,MRT,2015,3002486
Mauritania,MRT,2016,2623861
Mauritania,MRT,2017,3581137
Mauritania,MRT,2018,4444432
Mauritania,MRT,2019,4613280
Mauritania,MRT,2020,4781520
Mauritania,MRT,2021,4499685
Mauritania,MRT,2022,5267432
Mauritania,MRT,2023,5036898
Mauritania,MRT,2024,5238679
Mauritius,MUS,1990,1461936
Mauritius,MUS,1991,1520560
Mauritius,MUS,1992,1707424
Mauritius,MUS,1993,1773376
Mauritius,MUS,1994,1623152
Mauritius,MUS,1995,1828336
Mauritius,MUS,1996,1949248
Mauritius,MUS,1997,1996880
Mauritius,MUS,1998,2169088
Mauritius,MUS,1999,2425568
Mauritius,MUS,2000,2689376
Mauritius,MUS,2001,2861584
Mauritius,MUS,2002,2883568
Mauritius,MUS,2003,3059440
Mauritius,MUS,2004,3088752
Mauritius,MUS,2005,3293936
Mauritius,MUS,2006,3627360
Mauritius,MUS,2007,3685984
Mauritius,MUS,2008,3766592
Mauritius,MUS,2009,3707968
Mauritius,MUS,2010,3913152
Mauritius,MUS,2011,3916816
Mauritius,MUS,2012,3964448
Mauritius,MUS,2013,4067040
Mauritius,MUS,2014,4206272
Mauritius,MUS,2015,4209936
Mauritius,MUS,2016,4341840
Mauritius,MUS,2017,4539696
Mauritius,MUS,2018,4455424
Mauritius,MUS,2019,4525040
Mauritius,MUS,2020,3799568
Mauritius,MUS,2021,3968112
Mauritius,MUS,2022,4316741
Mauritius,MUS,2023,4587621
Mauritius,MUS,2024,4673616
Mexico,MEX,1990,316745800
Mexico,MEX,1991,329831040
Mexico,MEX,1992,332453400
Mexico,MEX,1993,337721920
Mexico,MEX,1994,351533920
Mexico,MEX,1995,330905300
Mexico,MEX,1996,341543740
Mexico,MEX,1997,362465900
Mexico,MEX,1998,381101800
Mexico,MEX,1999,386036350
Mexico,MEX,2000,391435260
Mexico,MEX,2001,407484670
Mexico,MEX,2002,410301060
Mexico,MEX,2003,435968700
Mexico,MEX,2004,438588450
Mexico,MEX,2005,463435520
Mexico,MEX,2006,474522560
Mexico,MEX,2007,473595230
Mexico,MEX,2008,472981280
Mexico,MEX,2009,460290180
Mexico,MEX,2010,456408960
Mexico,MEX,2011,483301600
Mexico,MEX,2012,501492300
Mexico,MEX,2013,495411550
Mexico,MEX,2014,484044500
Mexico,MEX,2015,479433730
Mexico,MEX,2016,478827740
Mexico,MEX,2017,464406620
Mexico,MEX,2018,468420600
Mexico,MEX,2019,468235840
Mexico,MEX,2020,428936830
Mexico,MEX,2021,446837570
Mexico,MEX,2022,453799100
Mexico,MEX,2023,458253860
Mexico,MEX,2024,460987650
Micronesia (country),FSM,1992,135568
Micronesia (country),FSM,1993,142896
Micronesia (country),FSM,1994,153888
Micronesia (country),FSM,1995,175872
Micronesia (country),FSM,1996,183200
Micronesia (country),FSM,1997,194192
Micronesia (country),FSM,1998,205184
Micronesia (country),FSM,1999,190528
Micronesia (country),FSM,2000,179536
Micronesia (country),FSM,2001,164880
Micronesia (country),FSM,2002,150224
Micronesia (country),FSM,2003,161216
Micronesia (country),FSM,2004,142896
Micronesia (country),FSM,2005,113584
Micronesia (country),FSM,2006,113584
Micronesia (country),FSM,2007,128240.01
Micronesia (country),FSM,2008,113584
Micronesia (country),FSM,2009,146560
Micronesia (country),FSM,2010,102592
Micronesia (country),FSM,2011,117248
Micronesia (country),FSM,2012,128240.01
Micronesia (country),FSM,2013,135568
Micronesia (country),FSM,2014,139232
Micronesia (country),FSM,2015,142896
Micronesia (country),FSM,2016,142896
Micronesia (country),FSM,2017,142896
Micronesia (country),FSM,2018,142896
Micronesia (country),FSM,2019,142896
Micronesia (country),FSM,2020,142896
Micronesia (country),FSM,2021,142896
Micronesia (country),FSM,2022,144721
Micronesia (country),FSM,2023,144037
Micronesia (country),FSM,2024,150626
Middle East (GCP),,1990,823259970
Middle East (GCP),,1991,893303230
Middle East (GCP),,1992,984961400
Middle East (GCP),,1993,1069788600
Middle East (GCP),,1994,1128994700
Middle East (GCP),,1995,1139909500
Middle East (GCP),,1996,1158875600
Middle East (GCP),,1997,1142882000
Middle East (GCP),,1998,1183069600
Middle East (GCP),,1999,1272757100
Middle East (GCP),,2000,1406759800
Middle East (GCP),,2001,1442250800
Middle East (GCP),,2002,1453808100
Middle East (GCP),,2003,1548713300
Middle East (GCP),,2004,1655777300
Middle East (GCP),,2005,1724578600
Middle East (GCP),,2006,1831428200
Middle East (GCP),,2007,1843028200
Middle East (GCP),,2008,1984284300
Middle East (GCP),,2009,2065631900
Middle East (GCP),,2010,2178652200
Middle East (GCP),,2011,2231887000
Middle East (GCP),,2012,2381427500
Middle East (GCP),,2013,2344290000
Middle East (GCP),,2014,2387180800
Middle East (GCP),,2015,2471521500
Middle East (GCP),,2016,2520702000
Middle East (GCP),,2017,2600109800
Middle East (GCP),,2018,2596707000
Middle East (GCP),,2019,2710946600
Middle East (GCP),,2020,2653588200
Middle East (GCP),,2021,2787511800
Middle East (GCP),,2022,2790370800
Middle East (GCP),,2023,2894337800
Middle East (GCP),,2024,2968607000
Moldova,MDA,1990,36505456
Moldova,MDA,1991,29617870
Moldova,MDA,1992,20978112
Moldova,MDA,1993,15845813
Moldova,MDA,1994,12426964
Moldova,MDA,1995,11405406
Moldova,MDA,1996,11687090
Moldova,MDA,1997,7301343
Moldova,MDA,1998,6443838
Moldova,MDA,1999,4684538
Moldova,MDA,2000,3572952
Moldova,MDA,2001,3786589
Moldova,MDA,2002,4051736
Moldova,MDA,2003,4404268
Moldova,MDA,2004,4613424
Moldova,MDA,2005,4937548
Moldova,MDA,2006,5029747
Moldova,MDA,2007,4978554
Moldova,MDA,2008,5190380
Moldova,MDA,2009,4539512
Moldova,MDA,2010,4830905
Moldova,MDA,2011,4944974
Moldova,MDA,2012,4765682
Moldova,MDA,2013,4899358
Moldova,MDA,2014,4755152
Moldova,MDA,2015,4785084
Moldova,MDA,2016,4907333
Moldova,MDA,2017,5090404
Moldova,MDA,2018,5351240
Moldova,MDA,2019,5378353
Moldova,MDA,2020,5113134
Moldova,MDA,2021,5760043
Moldova,MDA,2022,5173479
Moldova,MDA,2023,5329303
Moldova,MDA,2024,5326843
Mongolia,MNG,1990,9791058
Mongolia,MNG,1991,11959794
Mongolia,MNG,1992,10942613
Mongolia,MNG,1993,9193024
Mongolia,MNG,1994,7864772
Mongolia,MNG,1995,7837062
Mongolia,MNG,1996,7935414
Mongolia,MNG,1997,7615103
Mongolia,MNG,1998,7621516
Mongolia,MNG,1999,7487592
Mongolia,MNG,2000,7431864
Mongolia,MNG,2001,7803958
Mongolia,MNG,2002,8196567.5
Mongolia,MNG,2003,7934596
Mongolia,MNG,2004,8501100
Mongolia,MNG,2005,8515106
Mongolia,MNG,2006,9281176
Mongolia,MNG,2007,11957832
Mongolia,MNG,2008,11917791
Mongolia,MNG,2009,13030046
Mongolia,MNG,2010,13772353
Mongolia,MNG,2011,21367836
Mongolia,MNG,2012,34996204
Mongolia,MNG,2013,43478044
Mongolia,MNG,2014,29629786
Mongolia,MNG,2015,23278636
Mongolia,MNG,2016,25629114
Mongolia,MNG,2017,34138988
Mongolia,MNG,2018,45319308
Mongolia,MNG,2019,47118988
Mongolia,MNG,2020,42477500
Mongolia,MNG,2021,35971700
Mongolia,MNG,2022,40443170
Mongolia,MNG,2023,44183664
Mongolia,MNG,2024,44693890
Montenegro,MNE,1990,2209123
Montenegro,MNE,1991,1562945
Montenegro,MNE,1992,1671268
Montenegro,MNE,1993,1457577
Montenegro,MNE,1994,1416060
Montenegro,MNE,1995,1495702
Montenegro,MNE,1996,1749554
Montenegro,MNE,1997,1881161
Montenegro,MNE,1998,1980069
Montenegro,MNE,1999,1365453
Montenegro,MNE,2000,1515511
Montenegro,MNE,2001,1627038
Montenegro,MNE,2002,1740464
Montenegro,MNE,2003,1863251
Montenegro,MNE,2004,2034068.1
Montenegro,MNE,2005,1934177
Montenegro,MNE,2006,2062832.1
Montenegro,MNE,2007,2055504.1
Montenegro,MNE,2008,2605104
Montenegro,MNE,2009,1681776
Montenegro,MNE,2010,2421904
Montenegro,MNE,2011,2407248
Montenegro,MNE,2012,2213056
Montenegro,MNE,2013,2150768
Montenegro,MNE,2014,2106800
Montenegro,MNE,2015,2238704
Montenegro,MNE,2016,2015199.9
Montenegro,MNE,2017,2103136
Montenegro,MNE,2018,2403584
Montenegro,MNE,2019,2476864
Montenegro,MNE,2020,2403584
Montenegro,MNE,2021,2410912
Montenegro,MNE,2022,2495184
Montenegro,MNE,2023,2406849
Montenegro,MNE,2024,2376258
Montserrat,MSR,1990,29312
Montserrat,MSR,1991,29312
Montserrat,MSR,1992,29312
Montserrat,MSR,1993,29312
Montserrat,MSR,1994,32976
Montserrat,MSR,1995,32976
Montserrat,MSR,1996,36640
Montserrat,MSR,1997,32976
Montserrat,MSR,1998,29312
Montserrat,MSR,1999,36640
Montserrat,MSR,2000,25648
Montserrat,MSR,2001,25648
Montserrat,MSR,2002,43968
Montserrat,MSR,2003,36640
Montserrat,MSR,2004,47632
Montserrat,MSR,2005,40304
Montserrat,MSR,2006,40304
Montserrat,MSR,2007,40304
Montserrat,MSR,2008,43968
Montserrat,MSR,2009,43968
Montserrat,MSR,2010,58624
Montserrat,MSR,2011,36640
Montserrat,MSR,2012,40304
Montserrat,MSR,2013,51296
Montserrat,MSR,2014,43968
Montserrat,MSR,2015,51296
Montserrat,MSR,2016,29312
Montserrat,MSR,2017,25648
Montserrat,MSR,2018,29312
Montserrat,MSR,2019,25648
Montserrat,MSR,2020,21984
Montserrat,MSR,2021,21984
Montserrat,MSR,2022,25648
Montserrat,MSR,2023,25596
Montserrat,MSR,2024,26579
Morocco,MAR,1990,22297998
Morocco,MAR,1991,23688164
Morocco,MAR,1992,24736784
Morocco,MAR,1993,26782156
Morocco,MAR,1994,28123800
Morocco,MAR,1995,28750270
Morocco,MAR,1996,29524522
Morocco,MAR,1997,29977578
Morocco,MAR,1998,30881156
Morocco,MAR,1999,31989332
Morocco,MAR,2000,33199036
Morocco,MAR,2001,36808930
Morocco,MAR,2002,37309516
Morocco,MAR,2003,36570124
Morocco,MAR,2004,42225556
Morocco,MAR,2005,44660772
Morocco,MAR,2006,46249416
Morocco,MAR,2007,48912716
Morocco,MAR,2008,51372324
Morocco,MAR,2009,50859732
Morocco,MAR,2010,54365200
Morocco,MAR,2011,54867636
Morocco,MAR,2012,56953540
Morocco,MAR,2013,56606420
Morocco,MAR,2014,57174916
Morocco,MAR,2015,58498840
Morocco,MAR,2016,58457476
Morocco,MAR,2017,61103764
Morocco,MAR,2018,62314932
Morocco,MAR,2019,68743490
Morocco,MAR,2020,64541824
Morocco,MAR,2021,70275310
Morocco,MAR,2022,69779460
Morocco,MAR,2023,68961176
Morocco,MAR,2024,69062344
Mozambique,MOZ,1990,1025375.94
Mozambique,MOZ,1991,941464
Mozambique,MOZ,1992,1027205.94
Mozambique,MOZ,1993,1140326
Mozambique,MOZ,1994,1098034
Mozambique,MOZ,1995,1130973
Mozambique,MOZ,1996,1091814
Mozambique,MOZ,1997,1170237
Mozambique,MOZ,1998,1111895
Mozambique,MOZ,1999,1168343
Mozambique,MOZ,2000,1321945
Mozambique,MOZ,2001,1553994
Mozambique,MOZ,2002,1537057
Mozambique,MOZ,2003,1855517
Mozambique,MOZ,2004,1863973
Mozambique,MOZ,2005,1769698
Mozambique,MOZ,2006,1915622
Mozambique,MOZ,2007,2188943
Mozambique,MOZ,2008,2179852
Mozambique,MOZ,2009,2439006
Mozambique,MOZ,2010,2637635
Mozambique,MOZ,2011,3106628
Mozambique,MOZ,2012,3051742
Mozambique,MOZ,2013,3578664
Mozambique,MOZ,2014,8118426.5
Mozambique,MOZ,2015,6730549
Mozambique,MOZ,2016,8547749
Mozambique,MOZ,2017,6905362
Mozambique,MOZ,2018,7010116
Mozambique,MOZ,2019,7097435
Mozambique,MOZ,2020,6340353
Mozambique,MOZ,2021,7722039
Mozambique,MOZ,2022,9295686
Mozambique,MOZ,2023,9093456
Mozambique,MOZ,2024,8612630
Myanmar,MMR,1990,4235719
Myanmar,MMR,1991,4137416
Myanmar,MMR,1992,4841915
Myanmar,MMR,1993,5303029
Myanmar,MMR,1994,6173965
Myanmar,MMR,1995,6892622
Myanmar,MMR,1996,7187982
Myanmar,MMR,1997,7419640
Myanmar,MMR,1998,8046166.5
Myanmar,MMR,1999,8933607
Myanmar,MMR,2000,10219368
Myanmar,MMR,2001,8855704
Myanmar,MMR,2002,9328067
Myanmar,MMR,2003,9997118
Myanmar,MMR,2004,12565488
Myanmar,MMR,2005,11547761
Myanmar,MMR,2006,12817119
Myanmar,MMR,2007,12844723
Myanmar,MMR,2008,9772056
Myanmar,MMR,2009,10210863
Myanmar,MMR,2010,13125187
Myanmar,MMR,2011,15122017
Myanmar,MMR,2012,11825691
Myanmar,MMR,2013,12714823
Myanmar,MMR,2014,15849346
Myanmar,MMR,2015,21879816
Myanmar,MMR,2016,21144082
Myanmar,MMR,2017,23633410
Myanmar,MMR,2018,34016840
Myanmar,MMR,2019,33616924
Myanmar,MMR,2020,34587800
Myanmar,MMR,2021,29284832
Myanmar,MMR,2022,31638664
Myanmar,MMR,2023,31792970
Myanmar,MMR,2024,31603438
Namibia,NAM,1991,1044240
Namibia,NAM,1992,1139504
Namibia,NAM,1993,1374000
Namibia,NAM,1994,1557183
Namibia,NAM,1995,1619488
Namibia,NAM,1996,1718416
Namibia,NAM,1997,1813724
Namibia,NAM,1998,1864976
Namibia,NAM,1999,1740400
Namibia,NAM,2000,1718416
Namibia,NAM,2001,2231376
Namibia,NAM,2002,1971232
Namibia,NAM,2003,2092144
Namibia,NAM,2004,2238704
Namibia,NAM,2005,2531824
Namibia,NAM,2006,2524496
Namibia,NAM,2007,2326640
Namibia,NAM,2008,2857920
Namibia,NAM,2009,2660064
Namibia,NAM,2010,2788304
Namibia,NAM,2011,2785549
Namibia,NAM,2012,3194064
Namibia,NAM,2013,3003744
Namibia,NAM,2014,3099139
Namibia,NAM,2015,3393660
Namibia,NAM,2016,3582204
Namibia,NAM,2017,3589609
Namibia,NAM,2018,3635037
Namibia,NAM,2019,3730077
Namibia,NAM,2020,3440421
Namibia,NAM,2021,3607799
Namibia,NAM,2022,3413848
Namibia,NAM,2023,3442664
Namibia,NAM,2024,3469112
Nauru,NRU,1990,124576
Nauru,NRU,1991,124576
Nauru,NRU,1992,120912
Nauru,NRU,1993,113584
Nauru,NRU,1994,109920
Nauru,NRU,1995,106256
Nauru,NRU,1996,102592
Nauru,NRU,1997,102592
Nauru,NRU,1998,98928
Nauru,NRU,1999,91600
Nauru,NRU,2000,87936
Nauru,NRU,2001,80608
Nauru,NRU,2002,76944
Nauru,NRU,2003,65952
Nauru,NRU,2004,62288
Nauru,NRU,2005,62288
Nauru,NRU,2006,43968
Nauru,NRU,2007,40304
Nauru,NRU,2008,40304
Nauru,NRU,2009,40304
Nauru,NRU,2010,43968
Nauru,NRU,2011,40304
Nauru,NRU,2012,40304
Nauru,NRU,2013,47632
Nauru,NRU,2014,51296
Nauru,NRU,2015,54960
Nauru,NRU,2016,51296
Nauru,NRU,2017,54960
Nauru,NRU,2018,54960
Nauru,NRU,2019,51296
Nauru,NRU,2020,54960
Nauru,NRU,2021,54960
Nauru,NRU,2022,58984
Nauru,NRU,2023,58705
Nauru,NRU,2024,61390
Nepal,NPL,1990,721436
Nepal,NPL,1991,1026311.06
Nepal,NPL,1992,1232929
Nepal,NPL,1993,1397333
Nepal,NPL,1994,1619432
Nepal,NPL,1995,2308915
Nepal,NPL,1996,2352779
Nepal,NPL,1997,2641111
Nepal,NPL,1998,2223327
Nepal,NPL,1999,3191083
Nepal,NPL,2000,3037431
Nepal,NPL,2001,3236078
Nepal,NPL,2002,2596383
Nepal,NPL,2003,2810383
Nepal,NPL,2004,2582410
Nepal,NPL,2005,2986772
Nepal,NPL,2006,2456469
Nepal,NPL,2007,2570341
Nepal,NPL,2008,3355316
Nepal,NPL,2009,4126129.2
Nepal,NPL,2010,4827968
Nepal,NPL,2011,5216765
Nepal,NPL,2012,5470253
Nepal,NPL,2013,6217840
Nepal,NPL,2014,7587670
Nepal,NPL,2015,6904651
Nepal,NPL,2016,10088048
Nepal,NPL,2017,12421580
Nepal,NPL,2018,14038992
Nepal,NPL,2019,12750490
Nepal,NPL,2020,15630800
Nepal,NPL,2021,15486231
Nepal,NPL,2022,17608968
Nepal,NPL,2023,18347820
Nepal,NPL,2024,18776082
Netherlands,NLD,1990,163032750
Netherlands,NLD,1991,171469150
Netherlands,NLD,1992,171277390
Netherlands,NLD,1993,171185020
Netherlands,NLD,1994,171951920
Netherlands,NLD,1995,173482380
Netherlands,NLD,1996,182542600
Netherlands,NLD,1997,175466190
Netherlands,NLD,1998,176396200
Netherlands,NLD,1999,171053000
Netherlands,NLD,2000,172153890
Netherlands,NLD,2001,177464220
Netherlands,NLD,2002,176738240
Netherlands,NLD,2003,180168660
Netherlands,NLD,2004,182090420
Netherlands,NLD,2005,178129760
Netherlands,NLD,2006,173279360
Netherlands,NLD,2007,173028180
Netherlands,NLD,2008,175903660
Netherlands,NLD,2009,170433400
Netherlands,NLD,2010,182478750
Netherlands,NLD,2011,169346110
Netherlands,NLD,2012,165751870
Netherlands,NLD,2013,164925380
Netherlands,NLD,2014,157502820
Netherlands,NLD,2015,163958100
Netherlands,NLD,2016,164811760
Netherlands,NLD,2017,162295740
Netherlands,NLD,2018,158264260
Netherlands,NLD,2019,152727100
Netherlands,NLD,2020,136974140
Netherlands,NLD,2021,139885680
Netherlands,NLD,2022,127503144
Netherlands,NLD,2023,117016380
Netherlands,NLD,2024,114784730
New Caledonia,NCL,1990,1576355
New Caledonia,NCL,1991,1758709
New Caledonia,NCL,1992,1575469
New Caledonia,NCL,1993,1831821
New Caledonia,NCL,1994,1974764
New Caledonia,NCL,1995,2066711.9
New Caledonia,NCL,1996,2183915
New Caledonia,NCL,1997,1817470
New Caledonia,NCL,1998,1810016
New Caledonia,NCL,1999,2055504.1
New Caledonia,NCL,2000,2224040
New Caledonia,NCL,2001,1876642
New Caledonia,NCL,2002,2392238
New Caledonia,NCL,2003,2725557
New Caledonia,NCL,2004,2514913
New Caledonia,NCL,2005,2806102
New Caledonia,NCL,2006,2710306
New Caledonia,NCL,2007,2926788
New Caledonia,NCL,2008,2847959
New Caledonia,NCL,2009,3035808
New Caledonia,NCL,2010,3657625
New Caledonia,NCL,2011,3694428
New Caledonia,NCL,2012,3705562
New Caledonia,NCL,2013,3970129
New Caledonia,NCL,2014,5009068
New Caledonia,NCL,2015,4876909
New Caledonia,NCL,2016,5481737
New Caledonia,NCL,2017,5583765
New Caledonia,NCL,2018,5913008
New Caledonia,NCL,2019,5672867
New Caledonia,NCL,2020,5109173
New Caledonia,NCL,2021,4536780
New Caledonia,NCL,2022,5115597
New Caledonia,NCL,2023,5068005
New Caledonia,NCL,2024,5286637
New Zealand,NZL,1990,25490110
New Zealand,NZL,1991,26169858
New Zealand,NZL,1992,28153966
New Zealand,NZL,1993,27745960
New Zealand,NZL,1994,27885176
New Zealand,NZL,1995,27989446
New Zealand,NZL,1996,29287784
New Zealand,NZL,1997,31261426
New Zealand,NZL,1998,29837288
New Zealand,NZL,1999,31442578
New Zealand,NZL,2000,32221126
New Zealand,NZL,2001,34356280
New Zealand,NZL,2002,34519210
New Zealand,NZL,2003,36219564
New Zealand,NZL,2004,35805760
New Zealand,NZL,2005,37401250
New Zealand,NZL,2006,37304428
New Zealand,NZL,2007,36382660
New Zealand,NZL,2008,37485452
New Zealand,NZL,2009,34594220
New Zealand,NZL,2010,34786920
New Zealand,NZL,2011,34241144
New Zealand,NZL,2012,35918250
New Zealand,NZL,2013,35219212
New Zealand,NZL,2014,35399336
New Zealand,NZL,2015,35805096
New Zealand,NZL,2016,34134956
New Zealand,NZL,2017,35661264
New Zealand,NZL,2018,35686796
New Zealand,NZL,2019,36710612
New Zealand,NZL,2020,34108960
New Zealand,NZL,2021,34596516
New Zealand,NZL,2022,31965866
New Zealand,NZL,2023,31559814
New Zealand,NZL,2024,32479432
Nicaragua,NIC,1990,2042579.9
Nicaragua,NIC,1991,1984461
Nicaragua,NIC,1992,2370025
Nicaragua,NIC,1993,2279613
Nicaragua,NIC,1994,2514102
Nicaragua,NIC,1995,2750504
Nicaragua,NIC,1996,2841622
Nicaragua,NIC,1997,3107987
Nicaragua,NIC,1998,3385655
Nicaragua,NIC,1999,3590062
Nicaragua,NIC,2000,3709726
Nicaragua,NIC,2001,3909472
Nicaragua,NIC,2002,3975589
Nicaragua,NIC,2003,4310426
Nicaragua,NIC,2004,4362256
Nicaragua,NIC,2005,4253188
Nicaragua,NIC,2006,4406583
Nicaragua,NIC,2007,4539816
Nicaragua,NIC,2008,4353261
Nicaragua,NIC,2009,4432131
Nicaragua,NIC,2010,4453063
Nicaragua,NIC,2011,4788554
Nicaragua,NIC,2012,4533836
Nicaragua,NIC,2013,4585682
Nicaragua,NIC,2014,4719788
Nicaragua,NIC,2015,5408233
Nicaragua,NIC,2016,5378534
Nicaragua,NIC,2017,5440822
Nicaragua,NIC,2018,5177981
Nicaragua,NIC,2019,5208109
Nicaragua,NIC,2020,4641018
Nicaragua,NIC,2021,5132574
Nicaragua,NIC,2022,5131236
Nicaragua,NIC,2023,5428299
Nicaragua,NIC,2024,5630346
Niger,NER,1990,598802
Niger,NER,1991,566288
Niger,NER,1992,520943
Niger,NER,1993,602075
Niger,NER,1994,577108
Niger,NER,1995,558041
Niger,NER,1996,638863
Niger,NER,1997,647858
Niger,NER,1998,696173
Niger,NER,1999,681637
Niger,NER,2000,683499
Niger,NER,2001,646167
Niger,NER,2002,684661
Niger,NER,2003,743704
Niger,NER,2004,795380
Niger,NER,2005,691319
Niger,NER,2006,670964
Niger,NER,2007,705882
Niger,NER,2008,792046
Niger,NER,2009,952182
Niger,NER,2010,1159981
Niger,NER,2011,1313027
Niger,NER,2012,1851814
Niger,NER,2013,2078361
Niger,NER,2014,2256260
Niger,NER,2015,2198770
Niger,NER,2016,2141519
Niger,NER,2017,2242503
Niger,NER,2018,1803409
Niger,NER,2019,2513365
Niger,NER,2020,3040036
Niger,NER,2021,2588205
Niger,NER,2022,3200732
Niger,NER,2023,3133399
Niger,NER,2024,3169958
Nigeria,NGA,1990,38785600
Nigeria,NGA,1991,41841452
Nigeria,NGA,1992,46161516
Nigeria,NGA,1993,44704576
Nigeria,NGA,1994,80360184
Nigeria,NGA,1995,84230400
Nigeria,NGA,1996,97767470
Nigeria,NGA,1997,95648950
Nigeria,NGA,1998,86338210
Nigeria,NGA,1999,84837704
Nigeria,NGA,2000,96831040
Nigeria,NGA,2001,100218150
Nigeria,NGA,2002,89906310
Nigeria,NGA,2003,100029690
Nigeria,NGA,2004,94961840
Nigeria,NGA,2005,101666030
Nigeria,NGA,2006,90097150
Nigeria,NGA,2007,82170030
Nigeria,NGA,2008,86488856
Nigeria,NGA,2009,77031380
Nigeria,NGA,2010,112049800
Nigeria,NGA,2011,126115480
Nigeria,NGA,2012,110124550
Nigeria,NGA,2013,117400790
Nigeria,NGA,2014,123971240
Nigeria,NGA,2015,110524590
Nigeria,NGA,2016,116396000
Nigeria,NGA,2017,112540370
Nigeria,NGA,2018,106785730
Nigeria,NGA,2019,127859300
Nigeria,NGA,2020,124899300
Nigeria,NGA,2021,147776620
Nigeria,NGA,2022,131440936
Nigeria,NGA,2023,129376100
Nigeria,NGA,2024,135824000
Niue,NIU,1990,7328
Niue,NIU,1991,7328
Niue,NIU,1992,7328
Niue,NIU,1993,7328
Niue,NIU,1994,7328
Niue,NIU,1995,3664
Niue,NIU,1996,3664
Niue,NIU,1997,3664
Niue,NIU,1998,7328
Niue,NIU,1999,7328
Niue,NIU,2000,7328
Niue,NIU,2001,7328
Niue,NIU,2002,7328
Niue,NIU,2003,3664
Niue,NIU,2004,3664
Niue,NIU,2005,3664
Niue,NIU,2006,3664
Niue,NIU,2007,3664
Niue,NIU,2008,7328
Niue,NIU,2009,3664
Niue,NIU,2010,3664
Niue,NIU,2011,3664
Niue,NIU,2012,3664
Niue,NIU,2013,7328
Niue,NIU,2014,7328
Niue,NIU,2015,7328
Niue,NIU,2016,7328
Niue,NIU,2017,7328
Niue,NIU,2018,7328
Niue,NIU,2019,7328
Niue,NIU,2020,7328
Niue,NIU,2021,7328
Niue,NIU,2022,7328
Niue,NIU,2023,7293
Niue,NIU,2024,7627
Non-OECD (GCP),,1990,10130485000
Non-OECD (GCP),,1991,10619170000
Non-OECD (GCP),,1992,9857377000
Non-OECD (GCP),,1993,10007537000
Non-OECD (GCP),,1994,10023255000
Non-OECD (GCP),,1995,10369266000
Non-OECD (GCP),,1996,10643441000
Non-OECD (GCP),,1997,10676362000
Non-OECD (GCP),,1998,10538351000
Non-OECD (GCP),,1999,10928062000
Non-OECD (GCP),,2000,11242157000
Non-OECD (GCP),,2001,11491049000
Non-OECD (GCP),,2002,11949756000
Non-OECD (GCP),,2003,13075206000
Non-OECD (GCP),,2004,13823908000
Non-OECD (GCP),,2005,14716296000
Non-OECD (GCP),,2006,15710910000
Non-OECD (GCP),,2007,16430569000
Non-OECD (GCP),,2008,17325910000
Non-OECD (GCP),,2009,17695033000
Non-OECD (GCP),,2010,19017867000
Non-OECD (GCP),,2011,20287478000
Non-OECD (GCP),,2012,20934554000
Non-OECD (GCP),,2013,21177151000
Non-OECD (GCP),,2014,21552882000
Non-OECD (GCP),,2015,21584740000
Non-OECD (GCP),,2016,21700915000
Non-OECD (GCP),,2017,22268627000
Non-OECD (GCP),,2018,22922353000
Non-OECD (GCP),,2019,23620557000
Non-OECD (GCP),,2020,23176333000
Non-OECD (GCP),,2021,24228293000
Non-OECD (GCP),,2022,24901667000
Non-OECD (GCP),,2023,25758966000
Non-OECD (GCP),,2024,26233051000
North America,OWID_NAM,1990,5999264000
North America,OWID_NAM,1991,5947688000
North America,OWID_NAM,1992,6065276000
North America,OWID_NAM,1993,6172271600
North America,OWID_NAM,1994,6286338600
North America,OWID_NAM,1995,6349420000
North America,OWID_NAM,1996,6557365000
North America,OWID_NAM,1997,6671063000
North America,OWID_NAM,1998,6760881000
North America,OWID_NAM,1999,6849317000
North America,OWID_NAM,2000,7111529000
North America,OWID_NAM,2001,7005433000
North America,OWID_NAM,2002,7062446000
North America,OWID_NAM,2003,7170593000
North America,OWID_NAM,2004,7269825500
North America,OWID_NAM,2005,7313038300
North America,OWID_NAM,2006,7249320400
North America,OWID_NAM,2007,7352746500
North America,OWID_NAM,2008,7133121500
North America,OWID_NAM,2009,6653199400
North America,OWID_NAM,2010,6851848700
North America,OWID_NAM,2011,6757270500
North America,OWID_NAM,2012,6565685000
North America,OWID_NAM,2013,6708860000
North America,OWID_NAM,2014,6754714000
North America,OWID_NAM,2015,6592755700
North America,OWID_NAM,2016,6453526000
North America,OWID_NAM,2017,6397038600
North America,OWID_NAM,2018,6576287000
North America,OWID_NAM,2019,6463362000
North America,OWID_NAM,2020,5798350000
North America,OWID_NAM,2021,6176851500
North America,OWID_NAM,2022,6236024000
North America,OWID_NAM,2023,6104680400
North America,OWID_NAM,2024,6084276000
North America (GCP),,1990,5907240000
North America (GCP),,1991,5856732000
North America (GCP),,1992,5975305700
North America (GCP),,1993,6081933000
North America (GCP),,1994,6192430000
North America (GCP),,1995,6248651300
North America (GCP),,1996,6451079000
North America (GCP),,1997,6558293500
North America (GCP),,1998,6647728000
North America (GCP),,1999,6730827000
North America (GCP),,2000,6981995000
North America (GCP),,2001,6870700000
North America (GCP),,2002,6923014000
North America (GCP),,2003,7024311000
North America (GCP),,2004,7127101000
North America (GCP),,2005,7161424000
North America (GCP),,2006,7086870000
North America (GCP),,2007,7185791500
North America (GCP),,2008,6967132700
North America (GCP),,2009,6488163300
North America (GCP),,2010,6680689700
North America (GCP),,2011,6585878000
North America (GCP),,2012,6395342000
North America (GCP),,2013,6538066000
North America (GCP),,2014,6580936000
North America (GCP),,2015,6411546600
North America (GCP),,2016,6278471700
North America (GCP),,2017,6227086300
North America (GCP),,2018,6405330000
North America (GCP),,2019,6283747000
North America (GCP),,2020,5643710500
North America (GCP),,2021,6005028400
North America (GCP),,2022,6057500000
North America (GCP),,2023,5922801700
North America (GCP),,2024,5899121700
North America (excl. USA),,1990,867502850
North America (excl. USA),,1991,871275700
North America (excl. USA),,1992,886506240
North America (excl. USA),,1993,892751170
North America (excl. USA),,1994,924475200
North America (excl. USA),,1995,923582340
North America (excl. USA),,1996,956270900
North America (excl. USA),,1997,997919040
North America (excl. USA),,1998,1024521300
North America (excl. USA),,1999,1049035800
North America (excl. USA),,2000,1088371300
North America (excl. USA),,2001,1101870300
North America (excl. USA),,2002,1114626300
North America (excl. USA),,2003,1164152600
North America (excl. USA),,2004,1158280800
North America (excl. USA),,2005,1186135300
North America (excl. USA),,2006,1203994100
North America (excl. USA),,2007,1231203700
North America (excl. USA),,2008,1213900500
North America (excl. USA),,2009,1167095000
North America (excl. USA),,2010,1182598700
North America (excl. USA),,2011,1218297600
North America (excl. USA),,2012,1234218200
North America (excl. USA),,2013,1235423700
North America (excl. USA),,2014,1223328900
North America (excl. USA),,2015,1224259300
North America (excl. USA),,2016,1208164500
North America (excl. USA),,2017,1201621200
North America (excl. USA),,2018,1215050900
North America (excl. USA),,2019,1227450100
North America (excl. USA),,2020,1108396000
North America (excl. USA),,2021,1156740700
North America (excl. USA),,2022,1180621000
North America (excl. USA),,2023,1186273900
North America (excl. USA),,2024,1180156500
North Korea,PRK,1990,118382584
North Korea,PRK,1991,112818820
North Korea,PRK,1992,97985270
North Korea,PRK,1993,89585224
North Korea,PRK,1994,81584010
North Korea,PRK,1995,76085464
North Korea,PRK,1996,66291536
North Korea,PRK,1997,63678850
North Korea,PRK,1998,58749300
North Korea,PRK,1999,64143470
North Korea,PRK,2000,69165050
North Korea,PRK,2001,71668020
North Korea,PRK,2002,68641730
North Korea,PRK,2003,70142750
North Korea,PRK,2004,71721960
North Korea,PRK,2005,75010104
North Korea,PRK,2006,76170210
North Korea,PRK,2007,63478052
North Korea,PRK,2008,70325970
North Korea,PRK,2009,67660150
North Korea,PRK,2010,65355172
North Korea,PRK,2011,47866716
North Korea,PRK,2012,46754656
North Korea,PRK,2013,36144310
North Korea,PRK,2014,39824550
North Korea,PRK,2015,31277754
North Korea,PRK,2016,34236420
North Korea,PRK,2017,69707920
North Korea,PRK,2018,62608284
North Korea,PRK,2019,69512190
North Korea,PRK,2020,65576750
North Korea,PRK,2021,53969788
North Korea,PRK,2022,56289484
North Korea,PRK,2023,62024996
North Korea,PRK,2024,62550270
North Macedonia,MKD,1990,11098236
North Macedonia,MKD,1991,7788779
North Macedonia,MKD,1992,8394224
North Macedonia,MKD,1993,7599232
North Macedonia,MKD,1994,7903248
North Macedonia,MKD,1995,7925232
North Macedonia,MKD,1996,9416480
North Macedonia,MKD,1997,8445520
North Macedonia,MKD,1998,9647242
North Macedonia,MKD,1999,8782695
North Macedonia,MKD,2000,8467603
North Macedonia,MKD,2001,8291524
North Macedonia,MKD,2002,7837296
North Macedonia,MKD,2003,8533328
North Macedonia,MKD,2004,8229344.5
North Macedonia,MKD,2005,8595744
North Macedonia,MKD,2006,8650704
North Macedonia,MKD,2007,9013295
North Macedonia,MKD,2008,8936496
North Macedonia,MKD,2009,8247513
North Macedonia,MKD,2010,8181847.5
North Macedonia,MKD,2011,8822912
North Macedonia,MKD,2012,8456512
North Macedonia,MKD,2013,7452442
North Macedonia,MKD,2014,7166784
North Macedonia,MKD,2015,6719776
North Macedonia,MKD,2016,6606192
North Macedonia,MKD,2017,7090023
North Macedonia,MKD,2018,6653824
North Macedonia,MKD,2019,7624613
North Macedonia,MKD,2020,6979920
North Macedonia,MKD,2021,6518256
North Macedonia,MKD,2022,7352171
North Macedonia,MKD,2023,7338385
North Macedonia,MKD,2024,6619636
Norway,NOR,1990,35009000
Norway,NOR,1991,33466000
Norway,NOR,1992,34402000
Norway,NOR,1993,35948000
Norway,NOR,1994,37863000
Norway,NOR,1995,38469000
Norway,NOR,1996,41540000
Norway,NOR,1997,41644000
Norway,NOR,1998,41838000
Norway,NOR,1999,42609000
Norway,NOR,2000,42131000
Norway,NOR,2001,43519000
Norway,NOR,2002,42571000
Norway,NOR,2003,43919000
Norway,NOR,2004,44257000
Norway,NOR,2005,43279000
Norway,NOR,2006,43859000
Norway,NOR,2007,45605000
Norway,NOR,2008,44692000
Norway,NOR,2009,43098000
Norway,NOR,2010,45659000
Norway,NOR,2011,44775000
Norway,NOR,2012,44258000
Norway,NOR,2013,44539000
Norway,NOR,2014,44975000
Norway,NOR,2015,45523000
Norway,NOR,2016,44708000
Norway,NOR,2017,44197000
Norway,NOR,2018,44472000
Norway,NOR,2019,42866000
Norway,NOR,2020,41275000
Norway,NOR,2021,41058000
Norway,NOR,2022,40833000
Norway,NOR,2023,38869000
Norway,NOR,2024,37183000
OECD (GCP),,1990,12053789000
OECD (GCP),,1991,12043750000
OECD (GCP),,1992,12109229000
OECD (GCP),,1993,12184902000
OECD (GCP),,1994,12366514000
OECD (GCP),,1995,12530115000
OECD (GCP),,1996,12921521000
OECD (GCP),,1997,13000676000
OECD (GCP),,1998,13011107000
OECD (GCP),,1999,13136289000
OECD (GCP),,2000,13485808000
OECD (GCP),,2001,13424440000
OECD (GCP),,2002,13518729000
OECD (GCP),,2003,13748225000
OECD (GCP),,2004,13882650000
OECD (GCP),,2005,13943427000
OECD (GCP),,2006,13892647000
OECD (GCP),,2007,14020433000
OECD (GCP),,2008,13665571000
OECD (GCP),,2009,12803931000
OECD (GCP),,2010,13227774000
OECD (GCP),,2011,13086457000
OECD (GCP),,2012,12926088000
OECD (GCP),,2013,12988471000
OECD (GCP),,2014,12796966000
OECD (GCP),,2015,12666168000
OECD (GCP),,2016,12522836000
OECD (GCP),,2017,12504867000
OECD (GCP),,2018,12575275000
OECD (GCP),,2019,12226434000
OECD (GCP),,2020,11142346000
OECD (GCP),,2021,11759488000
OECD (GCP),,2022,11660434000
OECD (GCP),,2023,11252323000
OECD (GCP),,2024,11173063000
Oceania,OWID_OCE,1990,309442460
Oceania,OWID_OCE,1991,311575040
Oceania,OWID_OCE,1992,318601150
Oceania,OWID_OCE,1993,322868100
Oceania,OWID_OCE,1994,328001730
Oceania,OWID_OCE,1995,339459460
Oceania,OWID_OCE,1996,347997860
Oceania,OWID_OCE,1997,358440900
Oceania,OWID_OCE,1998,371734300
Oceania,OWID_OCE,1999,382514900
Oceania,OWID_OCE,2000,390033800
Oceania,OWID_OCE,2001,400263140
Oceania,OWID_OCE,2002,405900700
Oceania,OWID_OCE,2003,416901060
Oceania,OWID_OCE,2004,428453020
Oceania,OWID_OCE,2005,433427400
Oceania,OWID_OCE,2006,439754140
Oceania,OWID_OCE,2007,448106370
Oceania,OWID_OCE,2008,453125120
Oceania,OWID_OCE,2009,452832260
Oceania,OWID_OCE,2010,451559740
Oceania,OWID_OCE,2011,450376670
Oceania,OWID_OCE,2012,452247680
Oceania,OWID_OCE,2013,445004350
Oceania,OWID_OCE,2014,442693300
Oceania,OWID_OCE,2015,451376030
Oceania,OWID_OCE,2016,460059040
Oceania,OWID_OCE,2017,465086850
Oceania,OWID_OCE,2018,467918750
Oceania,OWID_OCE,2019,468925470
Oceania,OWID_OCE,2020,449486300
Oceania,OWID_OCE,2021,439095170
Oceania,OWID_OCE,2022,433489800
Oceania,OWID_OCE,2023,433177120
Oceania,OWID_OCE,2024,436896640
Oceania (GCP),,1990,307288030
Oceania (GCP),,1991,309402300
Oceania (GCP),,1992,316410100
Oceania (GCP),,1993,320673380
Oceania (GCP),,1994,325815780
Oceania (GCP),,1995,337407600
Oceania (GCP),,1996,345800480
Oceania (GCP),,1997,355829760
Oceania (GCP),,1998,368198080
Oceania (GCP),,1999,379966400
Oceania (GCP),,2000,387095940
Oceania (GCP),,2001,396927200
Oceania (GCP),,2002,402234620
Oceania (GCP),,2003,412847580
Oceania (GCP),,2004,423765920
Oceania (GCP),,2005,428443550
Oceania (GCP),,2006,434703200
Oceania (GCP),,2007,441525300
Oceania (GCP),,2008,447580500
Oceania (GCP),,2009,447567650
Oceania (GCP),,2010,446845020
Oceania (GCP),,2011,445078240
Oceania (GCP),,2012,447875260
Oceania (GCP),,2013,440472400
Oceania (GCP),,2014,436568420
Oceania (GCP),,2015,445059740
Oceania (GCP),,2016,453034980
Oceania (GCP),,2017,458536700
Oceania (GCP),,2018,460322850
Oceania (GCP),,2019,461342750
Oceania (GCP),,2020,441575520
Oceania (GCP),,2021,431222080
Oceania (GCP),,2022,425053730
Oceania (GCP),,2023,424819360
Oceania (GCP),,2024,428551200
Oman,OMN,1990,11285067
Oman,OMN,1991,11658472
Oman,OMN,1992,11956003
Oman,OMN,1993,13291398
Oman,OMN,1994,17465970
Oman,OMN,1995,18816350
Oman,OMN,1996,18197204
Oman,OMN,1997,18144510
Oman,OMN,1998,18543088
Oman,OMN,1999,22076124
Oman,OMN,2000,23984356
Oman,OMN,2001,22511740
Oman,OMN,2002,26978980
Oman,OMN,2003,34563364
Oman,OMN,2004,29247372
Oman,OMN,2005,31835340
Oman,OMN,2006,40449716
Oman,OMN,2007,45308412
Oman,OMN,2008,47435624
Oman,OMN,2009,44503908
Oman,OMN,2010,51429150
Oman,OMN,2011,57305132
Oman,OMN,2012,63104910
Oman,OMN,2013,65586984
Oman,OMN,2014,66190040
Oman,OMN,2015,67883224
Oman,OMN,2016,66239816
Oman,OMN,2017,66343720
Oman,OMN,2018,70677940
Oman,OMN,2019,72034904
Oman,OMN,2020,71845150
Oman,OMN,2021,75041400
Oman,OMN,2022,77993790
Oman,OMN,2023,79810640
Oman,OMN,2024,82661976
Pakistan,PAK,1990,67827370
Pakistan,PAK,1991,67477100
Pakistan,PAK,1992,72014920
Pakistan,PAK,1993,77175720
Pakistan,PAK,1994,84018296
Pakistan,PAK,1995,83614360
Pakistan,PAK,1996,93542460
Pakistan,PAK,1997,93788160
Pakistan,PAK,1998,96740740
Pakistan,PAK,1999,99389330
Pakistan,PAK,2000,103939720
Pakistan,PAK,2001,105400680
Pakistan,PAK,2002,110566250
Pakistan,PAK,2003,113141820
Pakistan,PAK,2004,124636830
Pakistan,PAK,2005,129947430
Pakistan,PAK,2006,137911580
Pakistan,PAK,2007,148349010
Pakistan,PAK,2008,147901400
Pakistan,PAK,2009,148354980
Pakistan,PAK,2010,147503980
Pakistan,PAK,2011,149488300
Pakistan,PAK,2012,150555070
Pakistan,PAK,2013,148183040
Pakistan,PAK,2014,150809500
Pakistan,PAK,2015,144895550
Pakistan,PAK,2016,176740980
Pakistan,PAK,2017,211980740
Pakistan,PAK,2018,203499680
Pakistan,PAK,2019,190825870
Pakistan,PAK,2020,215509550
Pakistan,PAK,2021,243552350
Pakistan,PAK,2022,211969710
Pakistan,PAK,2023,186860880
Pakistan,PAK,2024,179800380
Palau,PLW,1990,234496
Palau,PLW,1991,234496
Palau,PLW,1992,194192
Palau,PLW,1993,194192
Palau,PLW,1994,197856
Palau,PLW,1995,194192
Palau,PLW,1996,197856
Palau,PLW,1997,197856
Palau,PLW,1998,201520
Palau,PLW,1999,201520
Palau,PLW,2000,208848
Palau,PLW,2001,212512
Palau,PLW,2002,212512
Palau,PLW,2003,212512
Palau,PLW,2004,212512
Palau,PLW,2005,223504
Palau,PLW,2006,227168
Palau,PLW,2007,252815.98
Palau,PLW,2008,205184
Palau,PLW,2009,194192
Palau,PLW,2010,208848
Palau,PLW,2011,212512
Palau,PLW,2012,223504
Palau,PLW,2013,227168
Palau,PLW,2014,219840
Palau,PLW,2015,201520
Palau,PLW,2016,208848
Palau,PLW,2017,216176
Palau,PLW,2018,212512
Palau,PLW,2019,216176
Palau,PLW,2020,208848
Palau,PLW,2021,212512
Palau,PLW,2022,217235
Palau,PLW,2023,216209
Palau,PLW,2024,226099
Palestine,PSE,1990,861040
Palestine,PSE,1991,883024
Palestine,PSE,1992,912336
Palestine,PSE,1993,934320
Palestine,PSE,1994,963632
Palestine,PSE,1995,945312
Palestine,PSE,1996,1036911.94
Palestine,PSE,1997,864704
Palestine,PSE,1998,1458272
Palestine,PSE,1999,1366672
Palestine,PSE,2000,1659792
Palestine,PSE,2001,1344688
Palestine,PSE,2002,1154160
Palestine,PSE,2003,1275072
Palestine,PSE,2004,2191072
Palestine,PSE,2005,2737008
Palestine,PSE,2006,2268016
Palestine,PSE,2007,2326640
Palestine,PSE,2008,2051840.1
Palestine,PSE,2009,2088480
Palestine,PSE,2010,2033520
Palestine,PSE,2011,2246032
Palestine,PSE,2012,2194736
Palestine,PSE,2013,2436560
Palestine,PSE,2014,2835936
Palestine,PSE,2015,3000816
Palestine,PSE,2016,3235312
Palestine,PSE,2017,3264624
Palestine,PSE,2018,2956848
Palestine,PSE,2019,3264624
Palestine,PSE,2020,3326912
Palestine,PSE,2021,3634688
Palestine,PSE,2022,4702034
Palestine,PSE,2023,4755358
Palestine,PSE,2024,4780046
Panama,PAN,1990,2617690
Panama,PAN,1991,3088691
Panama,PAN,1992,4097877
Panama,PAN,1993,3749194
Panama,PAN,1994,4135693
Panama,PAN,1995,3608348
Panama,PAN,1996,4396612
Panama,PAN,1997,4572321
Panama,PAN,1998,5835110
Panama,PAN,1999,5551975
Panama,PAN,2000,5635844
Panama,PAN,2001,6909412
Panama,PAN,2002,5710004
Panama,PAN,2003,5928724
Panama,PAN,2004,5504644
Panama,PAN,2005,6741980
Panama,PAN,2006,7281958
Panama,PAN,2007,7133544
Panama,PAN,2008,6809098
Panama,PAN,2009,8051362
Panama,PAN,2010,9059720
Panama,PAN,2011,9899392
Panama,PAN,2012,9540322
Panama,PAN,2013,10273632
Panama,PAN,2014,10688621
Panama,PAN,2015,10652060
Panama,PAN,2016,10333790
Panama,PAN,2017,9567928
Panama,PAN,2018,9121047
Panama,PAN,2019,12448774
Panama,PAN,2020,6557340
Panama,PAN,2021,10144616
Panama,PAN,2022,11707350
Panama,PAN,2023,13002121
Panama,PAN,2024,12664428
Papua New Guinea,PNG,1990,2154432
Papua New Guinea,PNG,1991,2172752
Papua New Guinea,PNG,1992,2191072
Papua New Guinea,PNG,1993,2194736
Papua New Guinea,PNG,1994,2185931
Papua New Guinea,PNG,1995,2051840.1
Papua New Guinea,PNG,1996,2197386
Papua New Guinea,PNG,1997,2611134
Papua New Guinea,PNG,1998,3536205
Papua New Guinea,PNG,1999,2548491
Papua New Guinea,PNG,2000,2937897
Papua New Guinea,PNG,2001,3335971
Papua New Guinea,PNG,2002,3666106
Papua New Guinea,PNG,2003,4053443
Papua New Guinea,PNG,2004,4687092
Papua New Guinea,PNG,2005,4983829
Papua New Guinea,PNG,2006,5050944
Papua New Guinea,PNG,2007,6581091
Papua New Guinea,PNG,2008,5544582
Papua New Guinea,PNG,2009,5264624
Papua New Guinea,PNG,2010,4714717
Papua New Guinea,PNG,2011,5298421
Papua New Guinea,PNG,2012,4372445
Papua New Guinea,PNG,2013,4531958
Papua New Guinea,PNG,2014,6124890
Papua New Guinea,PNG,2015,6316259
Papua New Guinea,PNG,2016,7024071
Papua New Guinea,PNG,2017,6550140
Papua New Guinea,PNG,2018,7595904
Papua New Guinea,PNG,2019,7582732
Papua New Guinea,PNG,2020,7910788
Papua New Guinea,PNG,2021,7873085
Papua New Guinea,PNG,2022,8436025
Papua New Guinea,PNG,2023,8357750
Papua New Guinea,PNG,2024,8345442
Paraguay,PRY,1990,2129776
Paraguay,PRY,1991,2097850
Paraguay,PRY,1992,2570868
Paraguay,PRY,1993,2905452
Paraguay,PRY,1994,3393407
Paraguay,PRY,1995,3925149
Paraguay,PRY,1996,3706345
Paraguay,PRY,1997,4091602.8
Paraguay,PRY,1998,4373731
Paraguay,PRY,1999,4362408
Paraguay,PRY,2000,3592481
Paraguay,PRY,2001,3687271
Paraguay,PRY,2002,3853273
Paraguay,PRY,2003,4025905.2
Paraguay,PRY,2004,4057538
Paraguay,PRY,2005,3772472
Paraguay,PRY,2006,3900522
Paraguay,PRY,2007,4041216.8
Paraguay,PRY,2008,4269575
Paraguay,PRY,2009,4524971
Paraguay,PRY,2010,5010840
Paraguay,PRY,2011,5191523
Paraguay,PRY,2012,5159120
Paraguay,PRY,2013,5169061
Paraguay,PRY,2014,5451217
Paraguay,PRY,2015,6045473
Paraguay,PRY,2016,7186516
Paraguay,PRY,2017,7939465
Paraguay,PRY,2018,8503592
Paraguay,PRY,2019,8268412.5
Paraguay,PRY,2020,7443761
Paraguay,PRY,2021,8186967
Paraguay,PRY,2022,7533381
Paraguay,PRY,2023,7645687
Paraguay,PRY,2024,7936718
Peru,PER,1990,21400794
Peru,PER,1991,20757894
Peru,PER,1992,20985784
Peru,PER,1993,23884756
Peru,PER,1994,24176558
Peru,PER,1995,25143060
Peru,PER,1996,24717086
Peru,PER,1997,27747166
Peru,PER,1998,28065826
Peru,PER,1999,29562408
Peru,PER,2000,28677526
Peru,PER,2001,25260150
Peru,PER,2002,25591744
Peru,PER,2003,24914172
Peru,PER,2004,28503630
Peru,PER,2005,30321106
Peru,PER,2006,28299266
Peru,PER,2007,34566920
Peru,PER,2008,35572416
Peru,PER,2009,39423844
Peru,PER,2010,42505100
Peru,PER,2011,42326790
Peru,PER,2012,45508680
Peru,PER,2013,42717744
Peru,PER,2014,49388020
Peru,PER,2015,49204056
Peru,PER,2016,52697668
Peru,PER,2017,54726350
Peru,PER,2018,56013570
Peru,PER,2019,58668280
Peru,PER,2020,47236736
Peru,PER,2021,59961856
Peru,PER,2022,64784804
Peru,PER,2023,66064750
Peru,PER,2024,70246650
Philippines,PHL,1990,40774044
Philippines,PHL,1991,42874456
Philippines,PHL,1992,47771740
Philippines,PHL,1993,48341996
Philippines,PHL,1994,53478676
Philippines,PHL,1995,59219920
Philippines,PHL,1996,60436716
Philippines,PHL,1997,69147080
Philippines,PHL,1998,67378680
Philippines,PHL,1999,67295010
Philippines,PHL,2000,71466690
Philippines,PHL,2001,69798890
Philippines,PHL,2002,69491704
Philippines,PHL,2003,69500720
Philippines,PHL,2004,71998710
Philippines,PHL,2005,72333944
Philippines,PHL,2006,65645516
Philippines,PHL,2007,70009960
Philippines,PHL,2008,76605016
Philippines,PHL,2009,75580700
Philippines,PHL,2010,82245890
Philippines,PHL,2011,82980290
Philippines,PHL,2012,87476270
Philippines,PHL,2013,94825430
Philippines,PHL,2014,100073816
Philippines,PHL,2015,111046296
Philippines,PHL,2016,120215624
Philippines,PHL,2017,133575610
Philippines,PHL,2018,139856770
Philippines,PHL,2019,142601220
Philippines,PHL,2020,131457416
Philippines,PHL,2021,140269500
Philippines,PHL,2022,150963020
Philippines,PHL,2023,160980460
Philippines,PHL,2024,174878000
Poland,POL,1990,376341540
Poland,POL,1991,373366000
Poland,POL,1992,364282660
Poland,POL,1993,364957820
Poland,POL,1994,359990980
Poland,POL,1995,362482900
Poland,POL,1996,377118620
Poland,POL,1997,367199100
Poland,POL,1998,338980030
Poland,POL,1999,329204300
Poland,POL,2000,317306200
Poland,POL,2001,313267100
Poland,POL,2002,305852400
Poland,POL,2003,318732700
Poland,POL,2004,323620770
Poland,POL,2005,322576860
Poland,POL,2006,336387230
Poland,POL,2007,335734660
Poland,POL,2008,329428450
Poland,POL,2009,315886300
Poland,POL,2010,334027520
Poland,POL,2011,333406080
Poland,POL,2012,325777700
Poland,POL,2013,321757150
Poland,POL,2014,309415360
Poland,POL,2015,312548860
Poland,POL,2016,323300480
Poland,POL,2017,336505100
Poland,POL,2018,335718620
Poland,POL,2019,317444060
Poland,POL,2020,302102430
Poland,POL,2021,330693730
Poland,POL,2022,314891970
Poland,POL,2023,283243460
Poland,POL,2024,272861820
Portugal,PRT,1990,45310736
Portugal,PRT,1991,46879396
Portugal,PRT,1992,50956710
Portugal,PRT,1993,49468972
Portugal,PRT,1994,50242740
Portugal,PRT,1995,54502868
Portugal,PRT,1996,51799536
Portugal,PRT,1997,54669410
Portugal,PRT,1998,59210880
Portugal,PRT,1999,66878196
Portugal,PRT,2000,65503640
Portugal,PRT,2001,65187332
Portugal,PRT,2002,69582590
Portugal,PRT,2003,64482050
Portugal,PRT,2004,67302350
Portugal,PRT,2005,69639784
Portugal,PRT,2006,64856124
Portugal,PRT,2007,62380100
Portugal,PRT,2008,60009650
Portugal,PRT,2009,57147000
Portugal,PRT,2010,52889936
Portugal,PRT,2011,51783668
Portugal,PRT,2012,49931980
Portugal,PRT,2013,48146200
Portugal,PRT,2014,47942332
Portugal,PRT,2015,52233050
Portugal,PRT,2016,50310916
Portugal,PRT,2017,55165156
Portugal,PRT,2018,51340276
Portugal,PRT,2019,47583050
Portugal,PRT,2020,41738144
Portugal,PRT,2021,40299850
Portugal,PRT,2022,40722496
Portugal,PRT,2023,37622040
Portugal,PRT,2024,35538852
Qatar,QAT,1990,11427918
Qatar,QAT,1991,17414184
Qatar,QAT,1992,26815866
Qatar,QAT,1993,30720746
Qatar,QAT,1994,32375302
Qatar,QAT,1995,33170074
Qatar,QAT,1996,34472460
Qatar,QAT,1997,42232244
Qatar,QAT,1998,36960010
Qatar,QAT,1999,36324616
Qatar,QAT,2000,40406484
Qatar,QAT,2001,45914396
Qatar,QAT,2002,45174640
Qatar,QAT,2003,46630932
Qatar,QAT,2004,47439570
Qatar,QAT,2005,47681828
Qatar,QAT,2006,59752804
Qatar,QAT,2007,59529844
Qatar,QAT,2008,61870850
Qatar,QAT,2009,65305370
Qatar,QAT,2010,73651180
Qatar,QAT,2011,81809440
Qatar,QAT,2012,93738040
Qatar,QAT,2013,91433490
Qatar,QAT,2014,91641640
Qatar,QAT,2015,93310370
Qatar,QAT,2016,91378344
Qatar,QAT,2017,105656584
Qatar,QAT,2018,102621410
Qatar,QAT,2019,101429576
Qatar,QAT,2020,101329230
Qatar,QAT,2021,104385690
Qatar,QAT,2022,109594410
Qatar,QAT,2023,119544360
Qatar,QAT,2024,125812260
Romania,ROU,1990,176535100
Romania,ROU,1991,142258080
Romania,ROU,1992,132002824
Romania,ROU,1993,122709180
Romania,ROU,1994,120868470
Romania,ROU,1995,125675384
Romania,ROU,1996,129117050
Romania,ROU,1997,118114570
Romania,ROU,1998,104783420
Romania,ROU,1999,88898600
Romania,ROU,2000,93206264
Romania,ROU,2001,98928060
Romania,ROU,2002,99068890
Romania,ROU,2003,103707360
Romania,ROU,2004,103232620
Romania,ROU,2005,101336590
Romania,ROU,2006,104290000
Romania,ROU,2007,108496600
Romania,ROU,2008,106997310
Romania,ROU,2009,87805750
Romania,ROU,2010,84487900
Romania,ROU,2011,92390700
Romania,ROU,2012,89847710
Romania,ROU,2013,78795464
Romania,ROU,2014,79335350
Romania,ROU,2015,78045990
Romania,ROU,2016,76586910
Romania,ROU,2017,79432344
Romania,ROU,2018,79874424
Romania,ROU,2019,76690350
Romania,ROU,2020,73946380
Romania,ROU,2021,77501260
Romania,ROU,2022,73186024
Romania,ROU,2023,67866024
Romania,ROU,2024,68551400
Russia,RUS,1990,2536283600
Russia,RUS,1991,2407641600
Russia,RUS,1992,1963458400
Russia,RUS,1993,1866524800
Russia,RUS,1994,1646876200
Russia,RUS,1995,1618286200
Russia,RUS,1996,1586632700
Russia,RUS,1997,1481963500
Russia,RUS,1998,1465858700
Russia,RUS,1999,1494087800
Russia,RUS,2000,1480576400
Russia,RUS,2001,1518081400
Russia,RUS,2002,1508329900
Russia,RUS,2003,1539006300
Russia,RUS,2004,1545353200
Russia,RUS,2005,1563980400
Russia,RUS,2006,1623428500
Russia,RUS,2007,1624315400
Russia,RUS,2008,1652731400
Russia,RUS,2009,1545236500
Russia,RUS,2010,1633147500
Russia,RUS,2011,1684989000
Russia,RUS,2012,1700104100
Russia,RUS,2013,1637547000
Russia,RUS,2014,1637311200
Russia,RUS,2015,1635243500
Russia,RUS,2016,1629328400
Russia,RUS,2017,1661012200
Russia,RUS,2018,1709909600
Russia,RUS,2019,1704458600
Russia,RUS,2020,1631901600
Russia,RUS,2021,1674524300
Russia,RUS,2022,1675460900
Russia,RUS,2023,1733134600
Russia,RUS,2024,1780524400
Rwanda,RWA,1990,523863.97
Rwanda,RWA,1991,472136
Rwanda,RWA,1992,479486
Rwanda,RWA,1993,482945
Rwanda,RWA,1994,462123
Rwanda,RWA,1995,451097
Rwanda,RWA,1996,464039
Rwanda,RWA,1997,482528
Rwanda,RWA,1998,481522
Rwanda,RWA,1999,502407
Rwanda,RWA,2000,515133.03
Rwanda,RWA,2001,518995
Rwanda,RWA,2002,511542.97
Rwanda,RWA,2003,505436
Rwanda,RWA,2004,515760
Rwanda,RWA,2005,513908.03
Rwanda,RWA,2006,514105.97
Rwanda,RWA,2007,542177
Rwanda,RWA,2008,531483
Rwanda,RWA,2009,554835
Rwanda,RWA,2010,580977
Rwanda,RWA,2011,643356
Rwanda,RWA,2012,718466
Rwanda,RWA,2013,778846
Rwanda,RWA,2014,829804
Rwanda,RWA,2015,966782
Rwanda,RWA,2016,1051997
Rwanda,RWA,2017,1169724
Rwanda,RWA,2018,1313075
Rwanda,RWA,2019,1413492
Rwanda,RWA,2020,1394311
Rwanda,RWA,2021,1699049
Rwanda,RWA,2022,1957226
Rwanda,RWA,2023,2016015
Rwanda,RWA,2024,2033550
Ryukyu Islands (GCP),,1994,0
Ryukyu Islands (GCP),,1995,0
Ryukyu Islands (GCP),,1996,0
Ryukyu Islands (GCP),,1997,0
Ryukyu Islands (GCP),,1998,0
Ryukyu Islands (GCP),,1999,0
Ryukyu Islands (GCP),,2000,0
Ryukyu Islands (GCP),,2001,0
Ryukyu Islands (GCP),,2002,0
Ryukyu Islands (GCP),,2003,0
Ryukyu Islands (GCP),,2004,0
Ryukyu Islands (GCP),,2005,0
Ryukyu Islands (GCP),,2006,0
Ryukyu Islands (GCP),,2007,0
Ryukyu Islands (GCP),,2008,0
Ryukyu Islands (GCP),,2009,0
Ryukyu Islands (GCP),,2010,0
Ryukyu Islands (GCP),,2011,0
Ryukyu Islands (GCP),,2012,0
Ryukyu Islands (GCP),,2013,0
Ryukyu Islands (GCP),,2014,0
Ryukyu Islands (GCP),,2015,0
Ryukyu Islands (GCP),,2016,0
Ryukyu Islands (GCP),,2017,0
Ryukyu Islands (GCP),,2018,0
Ryukyu Islands (GCP),,2019,0
Ryukyu Islands (GCP),,2020,0
Ryukyu Islands (GCP),,2021,0
Ryukyu Islands (GCP),,2022,0
Ryukyu Islands (GCP),,2023,0
Ryukyu Islands (GCP),,2024,0
Saint Helena,SHN,1990,7328
Saint Helena,SHN,1991,7328
Saint Helena,SHN,1992,7328
Saint Helena,SHN,1993,10992
Saint Helena,SHN,1994,10992
Saint Helena,SHN,1995,10992
Saint Helena,SHN,1996,10992
Saint Helena,SHN,1997,10992
Saint Helena,SHN,1998,10992
Saint Helena,SHN,1999,10992
Saint Helena,SHN,2000,10992
Saint Helena,SHN,2001,10992
Saint Helena,SHN,2002,10992
Saint Helena,SHN,2003,10992
Saint Helena,SHN,2004,7328
Saint Helena,SHN,2005,10992
Saint Helena,SHN,2006,10992
Saint Helena,SHN,2007,10992
Saint Helena,SHN,2008,10992
Saint Helena,SHN,2009,10992
Saint Helena,SHN,2010,10992
Saint Helena,SHN,2011,10992
Saint Helena,SHN,2012,10992
Saint Helena,SHN,2013,10992
Saint Helena,SHN,2014,10992
Saint Helena,SHN,2015,10992
Saint Helena,SHN,2016,14656
Saint Helena,SHN,2017,10992
Saint Helena,SHN,2018,10992
Saint Helena,SHN,2019,14656
Saint Helena,SHN,2020,10992
Saint Helena,SHN,2021,7328
Saint Helena,SHN,2022,10992
Saint Helena,SHN,2023,10970
Saint Helena,SHN,2024,11391
Saint Kitts and Nevis,KNA,1990,106256
Saint Kitts and Nevis,KNA,1991,106256
Saint Kitts and Nevis,KNA,1992,109920
Saint Kitts and Nevis,KNA,1993,113584
Saint Kitts and Nevis,KNA,1994,120912
Saint Kitts and Nevis,KNA,1995,124576
Saint Kitts and Nevis,KNA,1996,131904
Saint Kitts and Nevis,KNA,1997,139232
Saint Kitts and Nevis,KNA,1998,150224
Saint Kitts and Nevis,KNA,1999,157552
Saint Kitts and Nevis,KNA,2000,172208
Saint Kitts and Nevis,KNA,2001,175872
Saint Kitts and Nevis,KNA,2002,194192
Saint Kitts and Nevis,KNA,2003,194192
Saint Kitts and Nevis,KNA,2004,208848
Saint Kitts and Nevis,KNA,2005,194192
Saint Kitts and Nevis,KNA,2006,201520
Saint Kitts and Nevis,KNA,2007,216176
Saint Kitts and Nevis,KNA,2008,216176
Saint Kitts and Nevis,KNA,2009,219840
Saint Kitts and Nevis,KNA,2010,219840
Saint Kitts and Nevis,KNA,2011,227168
Saint Kitts and Nevis,KNA,2012,223504
Saint Kitts and Nevis,KNA,2013,223504
Saint Kitts and Nevis,KNA,2014,227168
Saint Kitts and Nevis,KNA,2015,230832
Saint Kitts and Nevis,KNA,2016,238160
Saint Kitts and Nevis,KNA,2017,241824
Saint Kitts and Nevis,KNA,2018,249152
Saint Kitts and Nevis,KNA,2019,260144
Saint Kitts and Nevis,KNA,2020,241824
Saint Kitts and Nevis,KNA,2021,234496
Saint Kitts and Nevis,KNA,2022,250654.02
Saint Kitts and Nevis,KNA,2023,250147.02
Saint Kitts and Nevis,KNA,2024,259757.02
Saint Lucia,LCA,1990,179536
Saint Lucia,LCA,1991,186864
Saint Lucia,LCA,1992,212512
Saint Lucia,LCA,1993,234496
Saint Lucia,LCA,1994,260144
Saint Lucia,LCA,1995,274800
Saint Lucia,LCA,1996,293120
Saint Lucia,LCA,1997,293120
Saint Lucia,LCA,1998,322432
Saint Lucia,LCA,1999,337088
Saint Lucia,LCA,2000,340752
Saint Lucia,LCA,2001,359072
Saint Lucia,LCA,2002,355408
Saint Lucia,LCA,2003,377392
Saint Lucia,LCA,2004,399376
Saint Lucia,LCA,2005,392048
Saint Lucia,LCA,2006,414032
Saint Lucia,LCA,2007,421360
Saint Lucia,LCA,2008,425024
Saint Lucia,LCA,2009,425024
Saint Lucia,LCA,2010,483648
Saint Lucia,LCA,2011,483648
Saint Lucia,LCA,2012,487312
Saint Lucia,LCA,2013,487312
Saint Lucia,LCA,2014,487312
Saint Lucia,LCA,2015,479984
Saint Lucia,LCA,2016,472656
Saint Lucia,LCA,2017,494640
Saint Lucia,LCA,2018,509296
Saint Lucia,LCA,2019,501968.03
Saint Lucia,LCA,2020,487312
Saint Lucia,LCA,2021,505631.97
Saint Lucia,LCA,2022,518094
Saint Lucia,LCA,2023,517045.97
Saint Lucia,LCA,2024,536909
Saint Pierre and Miquelon,SPM,1990,91600
Saint Pierre and Miquelon,SPM,1991,102592
Saint Pierre and Miquelon,SPM,1992,95264
Saint Pierre and Miquelon,SPM,1993,73280
Saint Pierre and Miquelon,SPM,1994,69616
Saint Pierre and Miquelon,SPM,1995,69616
Saint Pierre and Miquelon,SPM,1996,69616
Saint Pierre and Miquelon,SPM,1997,47632
Saint Pierre and Miquelon,SPM,1998,54960
Saint Pierre and Miquelon,SPM,1999,54960
Saint Pierre and Miquelon,SPM,2000,54960
Saint Pierre and Miquelon,SPM,2001,54960
Saint Pierre and Miquelon,SPM,2002,58624
Saint Pierre and Miquelon,SPM,2003,62288
Saint Pierre and Miquelon,SPM,2004,58624
Saint Pierre and Miquelon,SPM,2005,62288
Saint Pierre and Miquelon,SPM,2006,62288
Saint Pierre and Miquelon,SPM,2007,62288
Saint Pierre and Miquelon,SPM,2008,62288
Saint Pierre and Miquelon,SPM,2009,62288
Saint Pierre and Miquelon,SPM,2010,62288
Saint Pierre and Miquelon,SPM,2011,65952
Saint Pierre and Miquelon,SPM,2012,65952
Saint Pierre and Miquelon,SPM,2013,65952
Saint Pierre and Miquelon,SPM,2014,65952
Saint Pierre and Miquelon,SPM,2015,65952
Saint Pierre and Miquelon,SPM,2016,65952
Saint Pierre and Miquelon,SPM,2017,65952
Saint Pierre and Miquelon,SPM,2018,58624
Saint Pierre and Miquelon,SPM,2019,65952
Saint Pierre and Miquelon,SPM,2020,62288
Saint Pierre and Miquelon,SPM,2021,54960
Saint Pierre and Miquelon,SPM,2022,53383
Saint Pierre and Miquelon,SPM,2023,53275
Saint Pierre and Miquelon,SPM,2024,55322
Saint Vincent and the Grenadines,VCT,1990,80608
Saint Vincent and the Grenadines,VCT,1991,84272
Saint Vincent and the Grenadines,VCT,1992,84272
Saint Vincent and the Grenadines,VCT,1993,102592
Saint Vincent and the Grenadines,VCT,1994,120912
Saint Vincent and the Grenadines,VCT,1995,128240.01
Saint Vincent and the Grenadines,VCT,1996,131904
Saint Vincent and the Grenadines,VCT,1997,131904
Saint Vincent and the Grenadines,VCT,1998,161216
Saint Vincent and the Grenadines,VCT,1999,164880
Saint Vincent and the Grenadines,VCT,2000,142896
Saint Vincent and the Grenadines,VCT,2001,175872
Saint Vincent and the Grenadines,VCT,2002,186864
Saint Vincent and the Grenadines,VCT,2003,201520
Saint Vincent and the Grenadines,VCT,2004,219840
Saint Vincent and the Grenadines,VCT,2005,219840
Saint Vincent and the Grenadines,VCT,2006,219840
Saint Vincent and the Grenadines,VCT,2007,238160
Saint Vincent and the Grenadines,VCT,2008,219840
Saint Vincent and the Grenadines,VCT,2009,278464
Saint Vincent and the Grenadines,VCT,2010,223504
Saint Vincent and the Grenadines,VCT,2011,216176
Saint Vincent and the Grenadines,VCT,2012,230832
Saint Vincent and the Grenadines,VCT,2013,216176
Saint Vincent and the Grenadines,VCT,2014,256480.02
Saint Vincent and the Grenadines,VCT,2015,234496
Saint Vincent and the Grenadines,VCT,2016,241824
Saint Vincent and the Grenadines,VCT,2017,212512
Saint Vincent and the Grenadines,VCT,2018,241824
Saint Vincent and the Grenadines,VCT,2019,219840
Saint Vincent and the Grenadines,VCT,2020,238160
Saint Vincent and the Grenadines,VCT,2021,234496
Saint Vincent and the Grenadines,VCT,2022,246698
Saint Vincent and the Grenadines,VCT,2023,246199
Saint Vincent and the Grenadines,VCT,2024,255656.98
Samoa,WSM,1990,91600
Samoa,WSM,1991,95264
Samoa,WSM,1992,98928
Samoa,WSM,1993,106256
Samoa,WSM,1994,98928
Samoa,WSM,1995,109920
Samoa,WSM,1996,124576
Samoa,WSM,1997,124576
Samoa,WSM,1998,139232
Samoa,WSM,1999,139232
Samoa,WSM,2000,142896
Samoa,WSM,2001,153888
Samoa,WSM,2002,161216
Samoa,WSM,2003,161216
Samoa,WSM,2004,168544
Samoa,WSM,2005,172208
Samoa,WSM,2006,168544
Samoa,WSM,2007,179536
Samoa,WSM,2008,161216
Samoa,WSM,2009,168544
Samoa,WSM,2010,186864
Samoa,WSM,2011,190528
Samoa,WSM,2012,190528
Samoa,WSM,2013,190528
Samoa,WSM,2014,201520
Samoa,WSM,2015,227168
Samoa,WSM,2016,238160
Samoa,WSM,2017,234496
Samoa,WSM,2018,234496
Samoa,WSM,2019,260144
Samoa,WSM,2020,234496
Samoa,WSM,2021,267472
Samoa,WSM,2022,235959
Samoa,WSM,2023,234845
Samoa,WSM,2024,245587
Sao Tome and Principe,STP,1990,47632
Sao Tome and Principe,STP,1991,47632
Sao Tome and Principe,STP,1992,47632
Sao Tome and Principe,STP,1993,47632
Sao Tome and Principe,STP,1994,47632
Sao Tome and Principe,STP,1995,47632
Sao Tome and Principe,STP,1996,47632
Sao Tome and Principe,STP,1997,47632
Sao Tome and Principe,STP,1998,47632
Sao Tome and Principe,STP,1999,47632
Sao Tome and Principe,STP,2000,51296
Sao Tome and Principe,STP,2001,51296
Sao Tome and Principe,STP,2002,54960
Sao Tome and Principe,STP,2003,62288
Sao Tome and Principe,STP,2004,73280
Sao Tome and Principe,STP,2005,76944
Sao Tome and Principe,STP,2006,80608
Sao Tome and Principe,STP,2007,80608
Sao Tome and Principe,STP,2008,84272
Sao Tome and Principe,STP,2009,91600
Sao Tome and Principe,STP,2010,106256
Sao Tome and Principe,STP,2011,98928
Sao Tome and Principe,STP,2012,109920
Sao Tome and Principe,STP,2013,109920
Sao Tome and Principe,STP,2014,128240.01
Sao Tome and Principe,STP,2015,135568
Sao Tome and Principe,STP,2016,146560
Sao Tome and Principe,STP,2017,139232
Sao Tome and Principe,STP,2018,139232
Sao Tome and Principe,STP,2019,146560
Sao Tome and Principe,STP,2020,142896
Sao Tome and Principe,STP,2021,142896
Sao Tome and Principe,STP,2022,135568
Sao Tome and Principe,STP,2023,139838
Sao Tome and Principe,STP,2024,141779
Saudi Arabia,SAU,1990,181971100
Saudi Arabia,SAU,1991,244533900
Saudi Arabia,SAU,1992,276011360
Saudi Arabia,SAU,1993,297754200
Saudi Arabia,SAU,1994,291208500
Saudi Arabia,SAU,1995,274604480
Saudi Arabia,SAU,1996,269498400
Saudi Arabia,SAU,1997,227148660
Saudi Arabia,SAU,1998,218914960
Saudi Arabia,SAU,1999,237716380
Saudi Arabia,SAU,2000,309639140
Saudi Arabia,SAU,2001,324373630
Saudi Arabia,SAU,2002,346930500
Saudi Arabia,SAU,2003,351227680
Saudi Arabia,SAU,2004,407702300
Saudi Arabia,SAU,2005,412234430
Saudi Arabia,SAU,2006,444977280
Saudi Arabia,SAU,2007,423314080
Saudi Arabia,SAU,2008,469430400
Saudi Arabia,SAU,2009,503969660
Saudi Arabia,SAU,2010,555639740
Saudi Arabia,SAU,2011,540235840
Saudi Arabia,SAU,2012,605712260
Saudi Arabia,SAU,2013,583177900
Saudi Arabia,SAU,2014,585109100
Saudi Arabia,SAU,2015,624547000
Saudi Arabia,SAU,2016,641174200
Saudi Arabia,SAU,2017,644486500
Saudi Arabia,SAU,2018,652204160
Saudi Arabia,SAU,2019,708334700
Saudi Arabia,SAU,2020,653564700
Saudi Arabia,SAU,2021,695394500
Saudi Arabia,SAU,2022,666993540
Saudi Arabia,SAU,2023,677441900
Saudi Arabia,SAU,2024,692133500
Senegal,SEN,1990,2929956
Senegal,SEN,1991,3108070
Senegal,SEN,1992,3165871
Senegal,SEN,1993,3286192
Senegal,SEN,1994,3635729
Senegal,SEN,1995,2990441
Senegal,SEN,1996,3242787
Senegal,SEN,1997,3182368
Senegal,SEN,1998,3333565
Senegal,SEN,1999,3603593
Senegal,SEN,2000,3902052
Senegal,SEN,2001,4258100
Senegal,SEN,2002,4436925
Senegal,SEN,2003,4927512
Senegal,SEN,2004,5238223
Senegal,SEN,2005,5538919
Senegal,SEN,2006,4429718
Senegal,SEN,2007,5195955
Senegal,SEN,2008,4740295
Senegal,SEN,2009,5257668
Senegal,SEN,2010,6862391
Senegal,SEN,2011,7818837
Senegal,SEN,2012,7362129
Senegal,SEN,2013,7852669
Senegal,SEN,2014,8724360
Senegal,SEN,2015,9845416
Senegal,SEN,2016,10012805
Senegal,SEN,2017,10757183
Senegal,SEN,2018,11330392
Senegal,SEN,2019,12711456
Senegal,SEN,2020,10819990
Senegal,SEN,2021,12319014
Senegal,SEN,2022,14132717
Senegal,SEN,2023,14081857
Senegal,SEN,2024,14091846
Serbia,SRB,1990,57537920
Serbia,SRB,1991,40577030
Serbia,SRB,1992,43635704
Serbia,SRB,1993,37996972
Serbia,SRB,1994,36967044
Serbia,SRB,1995,39046988
Serbia,SRB,1996,45695570
Serbia,SRB,1997,49097884
Serbia,SRB,1998,51690776
Serbia,SRB,1999,35651524
Serbia,SRB,2000,39606468
Serbia,SRB,2001,42540980
Serbia,SRB,2002,45486444
Serbia,SRB,2003,48648700
Serbia,SRB,2004,52942084
Serbia,SRB,2005,50058260
Serbia,SRB,2006,53721016
Serbia,SRB,2007,52159944
Serbia,SRB,2008,51736810
Serbia,SRB,2009,45919810
Serbia,SRB,2010,45694396
Serbia,SRB,2011,48956180
Serbia,SRB,2012,43763544
Serbia,SRB,2013,44576068
Serbia,SRB,2014,37331040
Serbia,SRB,2015,43896996
Serbia,SRB,2016,45192630
Serbia,SRB,2017,45672508
Serbia,SRB,2018,44478060
Serbia,SRB,2019,44444510
Serbia,SRB,2020,45356156
Serbia,SRB,2021,43886132
Serbia,SRB,2022,44462404
Serbia,SRB,2023,42907320
Serbia,SRB,2024,42019440
Seychelles,SYC,1990,150224
Seychelles,SYC,1991,172208
Seychelles,SYC,1992,172208
Seychelles,SYC,1993,183200
Seychelles,SYC,1994,201520
Seychelles,SYC,1995,197856
Seychelles,SYC,1996,234496
Seychelles,SYC,1997,271136
Seychelles,SYC,1998,289456
Seychelles,SYC,1999,304112
Seychelles,SYC,2000,318768
Seychelles,SYC,2001,340752
Seychelles,SYC,2002,348080
Seychelles,SYC,2003,340752
Seychelles,SYC,2004,377392
Seychelles,SYC,2005,381056
Seychelles,SYC,2006,384720
Seychelles,SYC,2007,403040
Seychelles,SYC,2008,414032
Seychelles,SYC,2009,443344
Seychelles,SYC,2010,439680
Seychelles,SYC,2011,403040
Seychelles,SYC,2012,417696
Seychelles,SYC,2013,414032
Seychelles,SYC,2014,458000
Seychelles,SYC,2015,498304
Seychelles,SYC,2016,553264
Seychelles,SYC,2017,575248
Seychelles,SYC,2018,597232
Seychelles,SYC,2019,589904
Seychelles,SYC,2020,597232
Seychelles,SYC,2021,611888
Seychelles,SYC,2022,628936
Seychelles,SYC,2023,641309
Seychelles,SYC,2024,652571
Sierra Leone,SLE,1990,498304
Sierra Leone,SLE,1991,556928
Sierra Leone,SLE,1992,282128
Sierra Leone,SLE,1993,263808
Sierra Leone,SLE,1994,274800
Sierra Leone,SLE,1995,223504
Sierra Leone,SLE,1996,230832
Sierra Leone,SLE,1997,205184
Sierra Leone,SLE,1998,219840
Sierra Leone,SLE,1999,175872
Sierra Leone,SLE,2000,271136
Sierra Leone,SLE,2001,373728
Sierra Leone,SLE,2002,501968.03
Sierra Leone,SLE,2003,538608
Sierra Leone,SLE,2004,520288
Sierra Leone,SLE,2005,432352
Sierra Leone,SLE,2006,575248
Sierra Leone,SLE,2007,487312
Sierra Leone,SLE,2008,505631.97
Sierra Leone,SLE,2009,501968.03
Sierra Leone,SLE,2010,545936
Sierra Leone,SLE,2011,714480
Sierra Leone,SLE,2012,831728
Sierra Leone,SLE,2013,1051568
Sierra Leone,SLE,2014,1128512
Sierra Leone,SLE,2015,1084145
Sierra Leone,SLE,2016,1139504
Sierra Leone,SLE,2017,1095536
Sierra Leone,SLE,2018,1036911.94
Sierra Leone,SLE,2019,1117520
Sierra Leone,SLE,2020,1187136
Sierra Leone,SLE,2021,1483613
Sierra Leone,SLE,2022,1443616
Sierra Leone,SLE,2023,1380435
Sierra Leone,SLE,2024,1434283
Singapore,SGP,1990,43535576
Singapore,SGP,1991,44235470
Singapore,SGP,1992,47441470
Singapore,SGP,1993,49661856
Singapore,SGP,1994,60085936
Singapore,SGP,1995,40545824
Singapore,SGP,1996,48012940
Singapore,SGP,1997,56737040
Singapore,SGP,1998,47412160
Singapore,SGP,1999,49200190
Singapore,SGP,2000,37368720
Singapore,SGP,2001,38525220
Singapore,SGP,2002,40208400
Singapore,SGP,2003,39534044
Singapore,SGP,2004,41000000
Singapore,SGP,2005,39600000
Singapore,SGP,2006,40600000
Singapore,SGP,2007,41100000
Singapore,SGP,2008,40200000
Singapore,SGP,2009,40800000
Singapore,SGP,2010,44400000
Singapore,SGP,2011,47000000
Singapore,SGP,2012,46100000
Singapore,SGP,2013,47000000
Singapore,SGP,2014,47600000
Singapore,SGP,2015,49400000
Singapore,SGP,2016,49100000
Singapore,SGP,2017,50100000
Singapore,SGP,2018,50300000
Singapore,SGP,2019,49000000
Singapore,SGP,2020,46700000
Singapore,SGP,2021,50100000
Singapore,SGP,2022,48933884
Singapore,SGP,2023,51067616
Singapore,SGP,2024,53919460
Sint Maarten (Dutch part),SXM,1990,534162
Sint Maarten (Dutch part),SXM,1991,426247
Sint Maarten (Dutch part),SXM,1992,351175
Sint Maarten (Dutch part),SXM,1993,542102
Sint Maarten (Dutch part),SXM,1994,519725.03
Sint Maarten (Dutch part),SXM,1995,514311
Sint Maarten (Dutch part),SXM,1996,481106
Sint Maarten (Dutch part),SXM,1997,503483
Sint Maarten (Dutch part),SXM,1998,27791
Sint Maarten (Dutch part),SXM,1999,208251
Sint Maarten (Dutch part),SXM,2000,552569
Sint Maarten (Dutch part),SXM,2001,562674
Sint Maarten (Dutch part),SXM,2002,542463
Sint Maarten (Dutch part),SXM,2003,542824
Sint Maarten (Dutch part),SXM,2004,569532
Sint Maarten (Dutch part),SXM,2005,564479
Sint Maarten (Dutch part),SXM,2006,588300
Sint Maarten (Dutch part),SXM,2007,662288
Sint Maarten (Dutch part),SXM,2008,637024
Sint Maarten (Dutch part),SXM,2009,651822
Sint Maarten (Dutch part),SXM,2010,448985
Sint Maarten (Dutch part),SXM,2011,572780
Sint Maarten (Dutch part),SXM,2012,699824
Sint Maarten (Dutch part),SXM,2013,714480
Sint Maarten (Dutch part),SXM,2014,725472
Sint Maarten (Dutch part),SXM,2015,743792
Sint Maarten (Dutch part),SXM,2016,747456
Sint Maarten (Dutch part),SXM,2017,703488
Sint Maarten (Dutch part),SXM,2018,685168
Sint Maarten (Dutch part),SXM,2019,688832
Sint Maarten (Dutch part),SXM,2020,652192
Sint Maarten (Dutch part),SXM,2021,681504
Sint Maarten (Dutch part),SXM,2022,692496
Sint Maarten (Dutch part),SXM,2023,691095
Sint Maarten (Dutch part),SXM,2024,717645
Slovakia,SVK,1990,61528540
Slovakia,SVK,1991,53333930
Slovakia,SVK,1992,48930976
Slovakia,SVK,1993,46394332
Slovakia,SVK,1994,43803520
Slovakia,SVK,1995,44194172
Slovakia,SVK,1996,44075516
Slovakia,SVK,1997,44147080
Slovakia,SVK,1998,43877524
Slovakia,SVK,1999,43088350
Slovakia,SVK,2000,41187040
Slovakia,SVK,2001,43272724
Slovakia,SVK,2002,42033700
Slovakia,SVK,2003,42359228
Slovakia,SVK,2004,42856560
Slovakia,SVK,2005,42857268
Slovakia,SVK,2006,42639350
Slovakia,SVK,2007,41031852
Slovakia,SVK,2008,41425300
Slovakia,SVK,2009,37681124
Slovakia,SVK,2010,38464356
Slovakia,SVK,2011,38045108
Slovakia,SVK,2012,35961410
Slovakia,SVK,2013,35621708
Slovakia,SVK,2014,33708172
Slovakia,SVK,2015,34527856
Slovakia,SVK,2016,34977550
Slovakia,SVK,2017,36183944
Slovakia,SVK,2018,36184068
Slovakia,SVK,2019,33853190
Slovakia,SVK,2020,31176160
Slovakia,SVK,2021,35251324
Slovakia,SVK,2022,31589464
Slovakia,SVK,2023,30766244
Slovakia,SVK,2024,29090958
Slovenia,SVN,1990,15097327
Slovenia,SVN,1991,13976541
Slovenia,SVN,1992,13885939
Slovenia,SVN,1993,14254250
Slovenia,SVN,1994,14639140
Slovenia,SVN,1995,15356992
Slovenia,SVN,1996,16002613
Slovenia,SVN,1997,16512503
Slovenia,SVN,1998,16044565
Slovenia,SVN,1999,15418648
Slovenia,SVN,2000,15059753
Slovenia,SVN,2001,16309183
Slovenia,SVN,2002,16570911
Slovenia,SVN,2003,16278082
Slovenia,SVN,2004,16710709
Slovenia,SVN,2005,16941976
Slovenia,SVN,2006,17184160
Slovenia,SVN,2007,17349082
Slovenia,SVN,2008,18284604
Slovenia,SVN,2009,16209410
Slovenia,SVN,2010,16465506
Slovenia,SVN,2011,16364208
Slovenia,SVN,2012,15765101
Slovenia,SVN,2013,15136785
Slovenia,SVN,2014,13568340
Slovenia,SVN,2015,13658673
Slovenia,SVN,2016,14468012
Slovenia,SVN,2017,14637193
Slovenia,SVN,2018,14563352
Slovenia,SVN,2019,14053007
Slovenia,SVN,2020,12872991
Slovenia,SVN,2021,13076158
Slovenia,SVN,2022,12727840
Slovenia,SVN,2023,12012164
Slovenia,SVN,2024,12751194
Solomon Islands,SLB,1990,146560
Solomon Islands,SLB,1991,153888
Solomon Islands,SLB,1992,161216
Solomon Islands,SLB,1993,172208
Solomon Islands,SLB,1994,183200
Solomon Islands,SLB,1995,190528
Solomon Islands,SLB,1996,197856
Solomon Islands,SLB,1997,205184
Solomon Islands,SLB,1998,212512
Solomon Islands,SLB,1999,219840
Solomon Islands,SLB,2000,227168
Solomon Islands,SLB,2001,238160
Solomon Islands,SLB,2002,245488
Solomon Islands,SLB,2003,256480.02
Solomon Islands,SLB,2004,274800
Solomon Islands,SLB,2005,282128
Solomon Islands,SLB,2006,293120
Solomon Islands,SLB,2007,300448
Solomon Islands,SLB,2008,311440
Solomon Islands,SLB,2009,322432
Solomon Islands,SLB,2010,333424
Solomon Islands,SLB,2011,348080
Solomon Islands,SLB,2012,344416
Solomon Islands,SLB,2013,377392
Solomon Islands,SLB,2014,329760
Solomon Islands,SLB,2015,296784
Solomon Islands,SLB,2016,293120
Solomon Islands,SLB,2017,289456
Solomon Islands,SLB,2018,293120
Solomon Islands,SLB,2019,296784
Solomon Islands,SLB,2020,293120
Solomon Islands,SLB,2021,289456
Solomon Islands,SLB,2022,283097
Solomon Islands,SLB,2023,281760
Solomon Islands,SLB,2024,294648
Somalia,SOM,1990,782197
Somalia,SOM,1991,707587
Somalia,SOM,1992,666088
Somalia,SOM,1993,625768
Somalia,SOM,1994,618425
Somalia,SOM,1995,585433
Somalia,SOM,1996,575248
Somalia,SOM,1997,534944
Somalia,SOM,1998,505631.97
Somalia,SOM,1999,487312
Somalia,SOM,2000,509296
Somalia,SOM,2001,542272
Somalia,SOM,2002,575248
Somalia,SOM,2003,604560
Somalia,SOM,2004,626544
Somalia,SOM,2005,648528
Somalia,SOM,2006,670512
Somalia,SOM,2007,692496
Somalia,SOM,2008,721808
Somalia,SOM,2009,743792
Somalia,SOM,2010,776768
Somalia,SOM,2011,809744
Somalia,SOM,2012,831728
Somalia,SOM,2013,857376
Somalia,SOM,2014,886688
Somalia,SOM,2015,923328
Somalia,SOM,2016,956304
Somalia,SOM,2017,992944
Somalia,SOM,2018,1033247.94
Somalia,SOM,2019,1069888
Somalia,SOM,2020,1139504
Somalia,SOM,2021,1154160
Somalia,SOM,2022,1271408
Somalia,SOM,2023,1296419
Somalia,SOM,2024,1319185
South Africa,ZAF,1990,312933900
South Africa,ZAF,1991,326030370
South Africa,ZAF,1992,301329060
South Africa,ZAF,1993,320352640
South Africa,ZAF,1994,338701250
South Africa,ZAF,1995,361711940
South Africa,ZAF,1996,363732320
South Africa,ZAF,1997,385215420
South Africa,ZAF,1998,377273440
South Africa,ZAF,1999,374869020
South Africa,ZAF,2000,378332500
South Africa,ZAF,2001,371602000
South Africa,ZAF,2002,356501150
South Africa,ZAF,2003,404406050
South Africa,ZAF,2004,449321630
South Africa,ZAF,2005,416204860
South Africa,ZAF,2006,446744320
South Africa,ZAF,2007,465033730
South Africa,ZAF,2008,494672540
South Africa,ZAF,2009,474512260
South Africa,ZAF,2010,467352500
South Africa,ZAF,2011,474272770
South Africa,ZAF,2012,461438400
South Africa,ZAF,2013,456188000
South Africa,ZAF,2014,481637860
South Africa,ZAF,2015,457473250
South Africa,ZAF,2016,457049760
South Africa,ZAF,2017,440010270
South Africa,ZAF,2018,453765980
South Africa,ZAF,2019,470727420
South Africa,ZAF,2020,435297660
South Africa,ZAF,2021,439464400
South Africa,ZAF,2022,428782180
South Africa,ZAF,2023,436604200
South Africa,ZAF,2024,439830500
South America,OWID_SAM,1990,598367400
South America,OWID_SAM,1991,606069060
South America,OWID_SAM,1992,617997500
South America,OWID_SAM,1993,652739200
South America,OWID_SAM,1994,655626000
South America,OWID_SAM,1995,689657540
South America,OWID_SAM,1996,719898600
South America,OWID_SAM,1997,766825300
South America,OWID_SAM,1998,791080640
South America,OWID_SAM,1999,812940160
South America,OWID_SAM,2000,812034600
South America,OWID_SAM,2001,791451000
South America,OWID_SAM,2002,819742700
South America,OWID_SAM,2003,820543900
South America,OWID_SAM,2004,857033500
South America,OWID_SAM,2005,881900700
South America,OWID_SAM,2006,909777900
South America,OWID_SAM,2007,944882940
South America,OWID_SAM,2008,988742600
South America,OWID_SAM,2009,961341500
South America,OWID_SAM,2010,1072125250
South America,OWID_SAM,2011,1088221400
South America,OWID_SAM,2012,1142113800
South America,OWID_SAM,2013,1205617700
South America,OWID_SAM,2014,1221043200
South America,OWID_SAM,2015,1186978400
South America,OWID_SAM,2016,1142483500
South America,OWID_SAM,2017,1125791900
South America,OWID_SAM,2018,1082037000
South America,OWID_SAM,2019,1094835500
South America,OWID_SAM,2020,983969540
South America,OWID_SAM,2021,1110534700
South America,OWID_SAM,2022,1100027800
South America,OWID_SAM,2023,1107388300
South America,OWID_SAM,2024,1109841200
South America (GCP),,1990,598367400
South America (GCP),,1991,606069000
South America (GCP),,1992,617997500
South America (GCP),,1993,652739200
South America (GCP),,1994,655626000
South America (GCP),,1995,689657540
South America (GCP),,1996,719898600
South America (GCP),,1997,766825300
South America (GCP),,1998,791080640
South America (GCP),,1999,812940100
South America (GCP),,2000,812034600
South America (GCP),,2001,791451100
South America (GCP),,2002,819742700
South America (GCP),,2003,820543900
South America (GCP),,2004,857033500
South America (GCP),,2005,881900740
South America (GCP),,2006,909777860
South America (GCP),,2007,944882940
South America (GCP),,2008,988742600
South America (GCP),,2009,961341600
South America (GCP),,2010,1072125250
South America (GCP),,2011,1088221400
South America (GCP),,2012,1142113800
South America (GCP),,2013,1205617700
South America (GCP),,2014,1221043200
South America (GCP),,2015,1186978400
South America (GCP),,2016,1142483600
South America (GCP),,2017,1125791900
South America (GCP),,2018,1082037000
South America (GCP),,2019,1094835500
South America (GCP),,2020,983969500
South America (GCP),,2021,1110534700
South America (GCP),,2022,1100027800
South America (GCP),,2023,1107388300
South America (GCP),,2024,1109841200
South Korea,KOR,1990,250510830
South Korea,KOR,1991,275688220
South Korea,KOR,1992,299905440
South Korea,KOR,1993,330173950
South Korea,KOR,1994,355694820
South Korea,KOR,1995,383665470
South Korea,KOR,1996,420996060
South Korea,KOR,1997,444967600
South Korea,KOR,1998,378037800
South Korea,KOR,1999,410518800
South Korea,KOR,2000,439980670
South Korea,KOR,2001,455630660
South Korea,KOR,2002,476064900
South Korea,KOR,2003,485212800
South Korea,KOR,2004,491389440
South Korea,KOR,2005,498688300
South Korea,KOR,2006,503478180
South Korea,KOR,2007,521708740
South Korea,KOR,2008,532650750
South Korea,KOR,2009,537819840
South Korea,KOR,2010,594339140
South Korea,KOR,2011,623442800
South Korea,KOR,2012,627943040
South Korea,KOR,2013,634580700
South Korea,KOR,2014,629366460
South Korea,KOR,2015,634177300
South Korea,KOR,2016,637914050
South Korea,KOR,2017,654537300
South Korea,KOR,2018,670168700
South Korea,KOR,2019,646102200
South Korea,KOR,2020,597634300
South Korea,KOR,2021,616075000
South Korea,KOR,2022,606877250
South Korea,KOR,2023,589178500
South Korea,KOR,2024,583679170
South Sudan,SSD,1990,419451
South Sudan,SSD,1991,392904
South Sudan,SSD,1992,351313
South Sudan,SSD,1993,242173
South Sudan,SSD,1994,333024
South Sudan,SSD,1995,344233
South Sudan,SSD,1996,355147
South Sudan,SSD,1997,434790
South Sudan,SSD,1998,376975
South Sudan,SSD,1999,408832
South Sudan,SSD,2000,444524
South Sudan,SSD,2001,511483
South Sudan,SSD,2002,651890
South Sudan,SSD,2003,728288
South Sudan,SSD,2004,920315
South Sudan,SSD,2005,881673
South Sudan,SSD,2006,965446
South Sudan,SSD,2007,1134170
South Sudan,SSD,2008,1197884
South Sudan,SSD,2009,1247735
South Sudan,SSD,2010,1269563
South Sudan,SSD,2011,1238590
South Sudan,SSD,2012,1330032
South Sudan,SSD,2013,1443616
South Sudan,SSD,2014,1498576
South Sudan,SSD,2015,1912608
South Sudan,SSD,2016,1703760
South Sudan,SSD,2017,1454608
South Sudan,SSD,2018,1736736
South Sudan,SSD,2019,1769712
South Sudan,SSD,2020,1707424
South Sudan,SSD,2021,1740400
South Sudan,SSD,2022,1634144
South Sudan,SSD,2023,1666291
South Sudan,SSD,2024,1695552
Spain,ESP,1990,229382620
Spain,ESP,1991,239290670
Spain,ESP,1992,247686580
Spain,ESP,1993,239099310
Spain,ESP,1994,251388200
Spain,ESP,1995,265068580
Spain,ESP,1996,252561920
Spain,ESP,1997,264899440
Spain,ESP,1998,273649820
Spain,ESP,1999,297024900
Spain,ESP,2000,309259520
Spain,ESP,2001,311031300
Spain,ESP,2002,331028200
Spain,ESP,2003,335538900
Spain,ESP,2004,352139300
Spain,ESP,2005,367447070
Spain,ESP,2006,358869470
Spain,ESP,2007,366468500
Spain,ESP,2008,335284450
Spain,ESP,2009,296159330
Spain,ESP,2010,282585100
Spain,ESP,2011,283275040
Spain,ESP,2012,277432160
Spain,ESP,2013,252109170
Spain,ESP,2014,253657840
Spain,ESP,2015,270248030
Spain,ESP,2016,259554690
Spain,ESP,2017,273483870
Spain,ESP,2018,268520600
Spain,ESP,2019,250673650
Spain,ESP,2020,211764740
Spain,ESP,2021,228805710
Spain,ESP,2022,234223470
Spain,ESP,2023,215460750
Spain,ESP,2024,220341280
Sri Lanka,LKA,1990,3802257
Sri Lanka,LKA,1991,4106687
Sri Lanka,LKA,1992,5035799
Sri Lanka,LKA,1993,4912021
Sri Lanka,LKA,1994,5341534
Sri Lanka,LKA,1995,5717072
Sri Lanka,LKA,1996,6862750
Sri Lanka,LKA,1997,7400961
Sri Lanka,LKA,1998,7621323
Sri Lanka,LKA,1999,8381354.5
Sri Lanka,LKA,2000,9990373
Sri Lanka,LKA,2001,10157687
Sri Lanka,LKA,2002,10786742
Sri Lanka,LKA,2003,10761433
Sri Lanka,LKA,2004,11908245
Sri Lanka,LKA,2005,11669749
Sri Lanka,LKA,2006,11502950
Sri Lanka,LKA,2007,11843646
Sri Lanka,LKA,2008,11648252
Sri Lanka,LKA,2009,12572465
Sri Lanka,LKA,2010,12696774
Sri Lanka,LKA,2011,14476176
Sri Lanka,LKA,2012,15389400
Sri Lanka,LKA,2013,14143107
Sri Lanka,LKA,2014,17076016
Sri Lanka,LKA,2015,19178976
Sri Lanka,LKA,2016,22339186
Sri Lanka,LKA,2017,22167978
Sri Lanka,LKA,2018,20136762
Sri Lanka,LKA,2019,21105576
Sri Lanka,LKA,2020,20412408
Sri Lanka,LKA,2021,20823088
Sri Lanka,LKA,2022,18376960
Sri Lanka,LKA,2023,19166020
Sri Lanka,LKA,2024,20825544
Sudan,SDN,1990,4783365
Sudan,SDN,1991,4480046
Sudan,SDN,1992,4001423
Sudan,SDN,1993,2754720
Sudan,SDN,1994,3837880
Sudan,SDN,1995,3962518
Sudan,SDN,1996,4096000.2
Sudan,SDN,1997,5022669
Sudan,SDN,1998,4372377
Sudan,SDN,1999,4753427
Sudan,SDN,2000,5291619
Sudan,SDN,2001,6017579
Sudan,SDN,2002,7633643
Sudan,SDN,2003,8515383
Sudan,SDN,2004,10866064
Sudan,SDN,2005,10558223
Sudan,SDN,2006,11544718
Sudan,SDN,2007,13563847
Sudan,SDN,2008,14178917
Sudan,SDN,2009,14805259
Sudan,SDN,2010,15070048
Sudan,SDN,2011,14711459
Sudan,SDN,2012,15763022
Sudan,SDN,2013,17374260
Sudan,SDN,2014,13094856
Sudan,SDN,2015,14246501
Sudan,SDN,2016,19737254
Sudan,SDN,2017,20306166
Sudan,SDN,2018,20515954
Sudan,SDN,2019,22007006
Sudan,SDN,2020,19799938
Sudan,SDN,2021,19208158
Sudan,SDN,2022,17528614
Sudan,SDN,2023,17715522
Sudan,SDN,2024,17794800
Suriname,SUR,1990,1738322
Suriname,SUR,1991,2024040
Suriname,SUR,1992,2031292.9
Suriname,SUR,1993,2038547
Suriname,SUR,1994,2043128
Suriname,SUR,1995,2061358.9
Suriname,SUR,1996,2083254.1
Suriname,SUR,1997,2105148
Suriname,SUR,1998,2105059
Suriname,SUR,1999,2123290
Suriname,SUR,2000,2192817
Suriname,SUR,2001,2363459
Suriname,SUR,2002,1560797
Suriname,SUR,2003,1538688
Suriname,SUR,2004,1553159
Suriname,SUR,2005,1585950
Suriname,SUR,2006,1740003
Suriname,SUR,2007,1757999
Suriname,SUR,2008,1940942
Suriname,SUR,2009,1989071
Suriname,SUR,2010,2375395
Suriname,SUR,2011,2757942
Suriname,SUR,2012,2493797
Suriname,SUR,2013,3151425
Suriname,SUR,2014,3200926
Suriname,SUR,2015,2713620
Suriname,SUR,2016,2913528
Suriname,SUR,2017,2430184
Suriname,SUR,2018,2093096
Suriname,SUR,2019,2632313
Suriname,SUR,2020,2921822
Suriname,SUR,2021,2646994
Suriname,SUR,2022,2827580
Suriname,SUR,2023,2868587
Suriname,SUR,2024,2987768
Sweden,SWE,1990,57416508
Sweden,SWE,1991,57663956
Sweden,SWE,1992,57509810
Sweden,SWE,1993,57516756
Sweden,SWE,1994,59997400
Sweden,SWE,1995,59487264
Sweden,SWE,1996,63349024
Sweden,SWE,1997,58355300
Sweden,SWE,1998,58767172
Sweden,SWE,1999,55936620
Sweden,SWE,2000,54892390
Sweden,SWE,2001,55782308
Sweden,SWE,2002,56633796
Sweden,SWE,2003,57220990
Sweden,SWE,2004,56427524
Sweden,SWE,2005,53787480
Sweden,SWE,2006,53650844
Sweden,SWE,2007,52878800
Sweden,SWE,2008,50765440
Sweden,SWE,2009,47143308
Sweden,SWE,2010,53028584
Sweden,SWE,2011,49113770
Sweden,SWE,2012,46606916
Sweden,SWE,2013,45105884
Sweden,SWE,2014,43384748
Sweden,SWE,2015,43310144
Sweden,SWE,2016,43308376
Sweden,SWE,2017,42355424
Sweden,SWE,2018,41856004
Sweden,SWE,2019,40772480
Sweden,SWE,2020,36622220
Sweden,SWE,2021,38567984
Sweden,SWE,2022,36342156
Sweden,SWE,2023,36708596
Sweden,SWE,2024,38096652
Switzerland,CHE,1990,44148692
Switzerland,CHE,1991,46130730
Switzerland,CHE,1992,46018068
Switzerland,CHE,1993,43609670
Switzerland,CHE,1994,42667984
Switzerland,CHE,1995,43413744
Switzerland,CHE,1996,44106828
Switzerland,CHE,1997,43046316
Switzerland,CHE,1998,44622480
Switzerland,CHE,1999,44446548
Switzerland,CHE,2000,43620510
Switzerland,CHE,2001,45084900
Switzerland,CHE,2002,43467076
Switzerland,CHE,2003,44650652
Switzerland,CHE,2004,45231136
Switzerland,CHE,2005,45776116
Switzerland,CHE,2006,45364932
Switzerland,CHE,2007,43359412
Switzerland,CHE,2008,44700870
Switzerland,CHE,2009,43525850
Switzerland,CHE,2010,45033684
Switzerland,CHE,2011,40973228
Switzerland,CHE,2012,42242188
Switzerland,CHE,2013,43182930
Switzerland,CHE,2014,39244148
Switzerland,CHE,2015,38756060
Switzerland,CHE,2016,39224776
Switzerland,CHE,2017,38234000
Switzerland,CHE,2018,36945068
Switzerland,CHE,2019,36822244
Switzerland,CHE,2020,34343256
Switzerland,CHE,2021,35902450
Switzerland,CHE,2022,32950562
Switzerland,CHE,2023,31977486
Switzerland,CHE,2024,32071708
Syria,SYR,1990,37264530
Syria,SYR,1991,42424696
Syria,SYR,1992,42803370
Syria,SYR,1993,45521532
Syria,SYR,1994,45956020
Syria,SYR,1995,46391916
Syria,SYR,1996,47445684
Syria,SYR,1997,49605196
Syria,SYR,1998,53496292
Syria,SYR,1999,55534080
Syria,SYR,2000,54526780
Syria,SYR,2001,51342884
Syria,SYR,2002,40726880
Syria,SYR,2003,55377304
Syria,SYR,2004,51691510
Syria,SYR,2005,51161764
Syria,SYR,2006,54039970
Syria,SYR,2007,66972530
Syria,SYR,2008,68084080
Syria,SYR,2009,63261240
Syria,SYR,2010,62057320
Syria,SYR,2011,59078228
Syria,SYR,2012,46338510
Syria,SYR,2013,34256524
Syria,SYR,2014,34869310
Syria,SYR,2015,31115404
Syria,SYR,2016,29162014
Syria,SYR,2017,34473470
Syria,SYR,2018,31771348
Syria,SYR,2019,33491608
Syria,SYR,2020,32344418
Syria,SYR,2021,32508500
Syria,SYR,2022,31423332
Syria,SYR,2023,31673644
Syria,SYR,2024,31778448
Taiwan,TWN,1990,124258000
Taiwan,TWN,1991,133631000
Taiwan,TWN,1992,142432000
Taiwan,TWN,1993,154046000
Taiwan,TWN,1994,161564000
Taiwan,TWN,1995,170064000
Taiwan,TWN,1996,178059000
Taiwan,TWN,1997,190782000
Taiwan,TWN,1998,200546000
Taiwan,TWN,1999,208022990
Taiwan,TWN,2000,226934000
Taiwan,TWN,2001,231430990
Taiwan,TWN,2002,238567000
Taiwan,TWN,2003,249129000
Taiwan,TWN,2004,259367000
Taiwan,TWN,2005,266888000
Taiwan,TWN,2006,276552000
Taiwan,TWN,2007,280080000
Taiwan,TWN,2008,266975000
Taiwan,TWN,2009,253028000
Taiwan,TWN,2010,270717980
Taiwan,TWN,2011,276771000
Taiwan,TWN,2012,273282020
Taiwan,TWN,2013,274576000
Taiwan,TWN,2014,276959000
Taiwan,TWN,2015,276264000
Taiwan,TWN,2016,280197000
Taiwan,TWN,2017,285736000
Taiwan,TWN,2018,284151000
Taiwan,TWN,2019,274704000
Taiwan,TWN,2020,272464200
Taiwan,TWN,2021,283820930
Taiwan,TWN,2022,273988830
Taiwan,TWN,2023,267126800
Taiwan,TWN,2024,262344820
Tajikistan,TJK,1990,12306644
Tajikistan,TJK,1991,10015058
Tajikistan,TJK,1992,7332642
Tajikistan,TJK,1993,5152616
Tajikistan,TJK,1994,2345055
Tajikistan,TJK,1995,2434788
Tajikistan,TJK,1996,2823650
Tajikistan,TJK,1997,2150430
Tajikistan,TJK,1998,2496600
Tajikistan,TJK,1999,2518913
Tajikistan,TJK,2000,2236463
Tajikistan,TJK,2001,2287397
Tajikistan,TJK,2002,1872401
Tajikistan,TJK,2003,2071703.9
Tajikistan,TJK,2004,2561510
Tajikistan,TJK,2005,2440518
Tajikistan,TJK,2006,2656229
Tajikistan,TJK,2007,3228767
Tajikistan,TJK,2008,2897018
Tajikistan,TJK,2009,2444954
Tajikistan,TJK,2010,2534786
Tajikistan,TJK,2011,2342442
Tajikistan,TJK,2012,2934480
Tajikistan,TJK,2013,2908285
Tajikistan,TJK,2014,4606222
Tajikistan,TJK,2015,5306567
Tajikistan,TJK,2016,6015884
Tajikistan,TJK,2017,6879488
Tajikistan,TJK,2018,8080877.5
Tajikistan,TJK,2019,8714168
Tajikistan,TJK,2020,9423311
Tajikistan,TJK,2021,9384338
Tajikistan,TJK,2022,10520923
Tajikistan,TJK,2023,10264285
Tajikistan,TJK,2024,10739768
Tanzania,TZA,1990,2112309
Tanzania,TZA,1991,2255268
Tanzania,TZA,1992,2177588
Tanzania,TZA,1993,2426036
Tanzania,TZA,1994,2063123
Tanzania,TZA,1995,2433890
Tanzania,TZA,1996,2526706
Tanzania,TZA,1997,2824358
Tanzania,TZA,1998,2480937
Tanzania,TZA,1999,2458755
Tanzania,TZA,2000,2571821
Tanzania,TZA,2001,3040810
Tanzania,TZA,2002,3485616
Tanzania,TZA,2003,3687241
Tanzania,TZA,2004,4221283
Tanzania,TZA,2005,5355817
Tanzania,TZA,2006,5876241
Tanzania,TZA,2007,5706146
Tanzania,TZA,2008,5988669
Tanzania,TZA,2009,5807482
Tanzania,TZA,2010,7194109
Tanzania,TZA,2011,8440309
Tanzania,TZA,2012,10367499
Tanzania,TZA,2013,11251474
Tanzania,TZA,2014,10997434
Tanzania,TZA,2015,12782672
Tanzania,TZA,2016,13529452
Tanzania,TZA,2017,13513487
Tanzania,TZA,2018,14233063
Tanzania,TZA,2019,16190849
Tanzania,TZA,2020,15952437
Tanzania,TZA,2021,17677692
Tanzania,TZA,2022,19702384
Tanzania,TZA,2023,20309608
Tanzania,TZA,2024,20018364
Thailand,THA,1990,86563260
Thailand,THA,1991,95044824
Thailand,THA,1992,105513450
Thailand,THA,1993,121855060
Thailand,THA,1994,136870030
Thailand,THA,1995,153650030
Thailand,THA,1996,173565810
Thailand,THA,1997,181202740
Thailand,THA,1998,159704030
Thailand,THA,1999,167234700
Thailand,THA,2000,167352160
Thailand,THA,2001,172266830
Thailand,THA,2002,184665470
Thailand,THA,2003,191087740
Thailand,THA,2004,207330690
Thailand,THA,2005,214325150
Thailand,THA,2006,215824660
Thailand,THA,2007,224082560
Thailand,THA,2008,224248750
Thailand,THA,2009,228836220
Thailand,THA,2010,241018980
Thailand,THA,2011,244878160
Thailand,THA,2012,262347660
Thailand,THA,2013,263753500
Thailand,THA,2014,272487650
Thailand,THA,2015,277098720
Thailand,THA,2016,284045470
Thailand,THA,2017,283347620
Thailand,THA,2018,288304900
Thailand,THA,2019,281877440
Thailand,THA,2020,271923300
Thailand,THA,2021,267141810
Thailand,THA,2022,272573380
Thailand,THA,2023,264733680
Thailand,THA,2024,267760200
Togo,TGO,1990,977644
Togo,TGO,1991,1049806
Togo,TGO,1992,1030496
Togo,TGO,1993,1068807
Togo,TGO,1994,1006679.06
Togo,TGO,1995,1174741
Togo,TGO,1996,1265171
Togo,TGO,1997,878986
Togo,TGO,1998,1289967
Togo,TGO,1999,1850434
Togo,TGO,2000,1331372
Togo,TGO,2001,1158913
Togo,TGO,2002,1322471
Togo,TGO,2003,1804731
Togo,TGO,2004,1743929
Togo,TGO,2005,1721591
Togo,TGO,2006,1500506
Togo,TGO,2007,1516752
Togo,TGO,2008,1522778
Togo,TGO,2009,2535654
Togo,TGO,2010,2595698
Togo,TGO,2011,2503920
Togo,TGO,2012,2215629
Togo,TGO,2013,1635224
Togo,TGO,2014,1490602
Togo,TGO,2015,1798361
Togo,TGO,2016,2292640
Togo,TGO,2017,1911982
Togo,TGO,2018,2033828
Togo,TGO,2019,2363701
Togo,TGO,2020,2751282
Togo,TGO,2021,2620181
Togo,TGO,2022,2738667
Togo,TGO,2023,2671013
Togo,TGO,2024,2753585
Tonga,TON,1990,80608
Tonga,TON,1991,87936
Tonga,TON,1992,73280
Tonga,TON,1993,84272
Tonga,TON,1994,87936
Tonga,TON,1995,95264
Tonga,TON,1996,76944
Tonga,TON,1997,95264
Tonga,TON,1998,91600
Tonga,TON,1999,109920
Tonga,TON,2000,98928
Tonga,TON,2001,91600
Tonga,TON,2002,95264
Tonga,TON,2003,117248
Tonga,TON,2004,113584
Tonga,TON,2005,113584
Tonga,TON,2006,128240.01
Tonga,TON,2007,113584
Tonga,TON,2008,106256
Tonga,TON,2009,120912
Tonga,TON,2010,117248
Tonga,TON,2011,106256
Tonga,TON,2012,106256
Tonga,TON,2013,109920
Tonga,TON,2014,106256
Tonga,TON,2015,106256
Tonga,TON,2016,139232
Tonga,TON,2017,142896
Tonga,TON,2018,131904
Tonga,TON,2019,161216
Tonga,TON,2020,139232
Tonga,TON,2021,139232
Tonga,TON,2022,146560
Tonga,TON,2023,145868
Tonga,TON,2024,152540
Trinidad and Tobago,TTO,1990,16978436
Trinidad and Tobago,TTO,1991,16964384
Trinidad and Tobago,TTO,1992,19098254
Trinidad and Tobago,TTO,1993,17405424
Trinidad and Tobago,TTO,1994,15342087
Trinidad and Tobago,TTO,1995,14724661
Trinidad and Tobago,TTO,1996,18448690
Trinidad and Tobago,TTO,1997,18899972
Trinidad and Tobago,TTO,1998,19892260
Trinidad and Tobago,TTO,1999,22580384
Trinidad and Tobago,TTO,2000,24350034
Trinidad and Tobago,TTO,2001,26739746
Trinidad and Tobago,TTO,2002,28682532
Trinidad and Tobago,TTO,2003,32369930
Trinidad and Tobago,TTO,2004,32688362
Trinidad and Tobago,TTO,2005,38204892
Trinidad and Tobago,TTO,2006,42707896
Trinidad and Tobago,TTO,2007,45563610
Trinidad and Tobago,TTO,2008,44442504
Trinidad and Tobago,TTO,2009,44417492
Trinidad and Tobago,TTO,2010,47092348
Trinidad and Tobago,TTO,2011,47043404
Trinidad and Tobago,TTO,2012,46159084
Trinidad and Tobago,TTO,2013,45799308
Trinidad and Tobago,TTO,2014,46865816
Trinidad and Tobago,TTO,2015,45533676
Trinidad and Tobago,TTO,2016,39867356
Trinidad and Tobago,TTO,2017,40296896
Trinidad and Tobago,TTO,2018,40307356
Trinidad and Tobago,TTO,2019,40754536
Trinidad and Tobago,TTO,2020,35043070
Trinidad and Tobago,TTO,2021,36388812
Trinidad and Tobago,TTO,2022,37492890
Trinidad and Tobago,TTO,2023,35535900
Trinidad and Tobago,TTO,2024,34576280
Tunisia,TUN,1990,14622028
Tunisia,TUN,1991,16755327
Tunisia,TUN,1992,15843426
Tunisia,TUN,1993,17179850
Tunisia,TUN,1994,16760534
Tunisia,TUN,1995,16623121
Tunisia,TUN,1996,17211026
Tunisia,TUN,1997,17809592
Tunisia,TUN,1998,18292140
Tunisia,TUN,1999,18709196
Tunisia,TUN,2000,19435988
Tunisia,TUN,2001,20260558
Tunisia,TUN,2002,20380038
Tunisia,TUN,2003,21041520
Tunisia,TUN,2004,22144166
Tunisia,TUN,2005,22515908
Tunisia,TUN,2006,22914928
Tunisia,TUN,2007,24725204
Tunisia,TUN,2008,25453210
Tunisia,TUN,2009,25353396
Tunisia,TUN,2010,27899698
Tunisia,TUN,2011,26429208
Tunisia,TUN,2012,28194274
Tunisia,TUN,2013,28773252
Tunisia,TUN,2014,29874574
Tunisia,TUN,2015,31380538
Tunisia,TUN,2016,30971484
Tunisia,TUN,2017,31676916
Tunisia,TUN,2018,31121710
Tunisia,TUN,2019,30578564
Tunisia,TUN,2020,28844812
Tunisia,TUN,2021,31526714
Tunisia,TUN,2022,30784934
Tunisia,TUN,2023,31737824
Tunisia,TUN,2024,32663696
Turkey,TUR,1990,154572100
Turkey,TUR,1991,161125940
Turkey,TUR,1992,167234000
Turkey,TUR,1993,174291140
Turkey,TUR,1994,170592420
Turkey,TUR,1995,184674720
Turkey,TUR,1996,203097950
Turkey,TUR,1997,215511520
Turkey,TUR,1998,215585820
Turkey,TUR,1999,211238080
Turkey,TUR,2000,232933970
Turkey,TUR,2001,216872480
Turkey,TUR,2002,224319760
Turkey,TUR,2003,239848560
Turkey,TUR,2004,247843060
Turkey,TUR,2005,267710690
Turkey,TUR,2006,285429400
Turkey,TUR,2007,316497400
Turkey,TUR,2008,312628200
Turkey,TUR,2009,318567940
Turkey,TUR,2010,318710340
Turkey,TUR,2011,344214820
Turkey,TUR,2012,358644600
Turkey,TUR,2013,350633570
Turkey,TUR,2014,367271650
Turkey,TUR,2015,387703900
Turkey,TUR,2016,405552260
Turkey,TUR,2017,430621660
Turkey,TUR,2018,423818300
Turkey,TUR,2019,406567740
Turkey,TUR,2020,416328060
Turkey,TUR,2021,457377280
Turkey,TUR,2022,443602700
Turkey,TUR,2023,486944580
Turkey,TUR,2024,513034600
Turkmenistan,TKM,1990,33361168
Turkmenistan,TKM,1991,30439246
Turkmenistan,TKM,1992,31994180
Turkmenistan,TKM,1993,27516396
Turkmenistan,TKM,1994,34216140
Turkmenistan,TKM,1995,34569176
Turkmenistan,TKM,1996,31654202
Turkmenistan,TKM,1997,31196074
Turkmenistan,TKM,1998,33445510
Turkmenistan,TKM,1999,39796908
Turkmenistan,TKM,2000,39361496
Turkmenistan,TKM,2001,34034184
Turkmenistan,TKM,2002,30130800
Turkmenistan,TKM,2003,40567560
Turkmenistan,TKM,2004,49355104
Turkmenistan,TKM,2005,47928664
Turkmenistan,TKM,2006,49499596
Turkmenistan,TKM,2007,49182930
Turkmenistan,TKM,2008,59438420
Turkmenistan,TKM,2009,52462364
Turkmenistan,TKM,2010,59184068
Turkmenistan,TKM,2011,65155076
Turkmenistan,TKM,2012,66938636
Turkmenistan,TKM,2013,64339644
Turkmenistan,TKM,2014,62799344
Turkmenistan,TKM,2015,63091676
Turkmenistan,TKM,2016,62090924
Turkmenistan,TKM,2017,62956572
Turkmenistan,TKM,2018,61301660
Turkmenistan,TKM,2019,62254216
Turkmenistan,TKM,2020,62904970
Turkmenistan,TKM,2021,91693640
Turkmenistan,TKM,2022,102062830
Turkmenistan,TKM,2023,95420770
Turkmenistan,TKM,2024,81005550
Turks and Caicos Islands,TCA,1990,58624
Turks and Caicos Islands,TCA,1991,62288
Turks and Caicos Islands,TCA,1992,62288
Turks and Caicos Islands,TCA,1993,65952
Turks and Caicos Islands,TCA,1994,69616
Turks and Caicos Islands,TCA,1995,73280
Turks and Caicos Islands,TCA,1996,73280
Turks and Caicos Islands,TCA,1997,84272
Turks and Caicos Islands,TCA,1998,87936
Turks and Caicos Islands,TCA,1999,98928
Turks and Caicos Islands,TCA,2000,106256
Turks and Caicos Islands,TCA,2001,113584
Turks and Caicos Islands,TCA,2002,150224
Turks and Caicos Islands,TCA,2003,153888
Turks and Caicos Islands,TCA,2004,161216
Turks and Caicos Islands,TCA,2005,186864
Turks and Caicos Islands,TCA,2006,216176
Turks and Caicos Islands,TCA,2007,252815.98
Turks and Caicos Islands,TCA,2008,263808
Turks and Caicos Islands,TCA,2009,274800
Turks and Caicos Islands,TCA,2010,282128
Turks and Caicos Islands,TCA,2011,282128
Turks and Caicos Islands,TCA,2012,282128
Turks and Caicos Islands,TCA,2013,285792
Turks and Caicos Islands,TCA,2014,307776
Turks and Caicos Islands,TCA,2015,315104
Turks and Caicos Islands,TCA,2016,326096
Turks and Caicos Islands,TCA,2017,351744
Turks and Caicos Islands,TCA,2018,359072
Turks and Caicos Islands,TCA,2019,362736
Turks and Caicos Islands,TCA,2020,359072
Turks and Caicos Islands,TCA,2021,366400
Turks and Caicos Islands,TCA,2022,365566
Turks and Caicos Islands,TCA,2023,364827
Turks and Caicos Islands,TCA,2024,378842
Tuvalu,TUV,1990,3664
Tuvalu,TUV,1991,3664
Tuvalu,TUV,1992,3664
Tuvalu,TUV,1993,7328
Tuvalu,TUV,1994,3664
Tuvalu,TUV,1995,3664
Tuvalu,TUV,1996,3664
Tuvalu,TUV,1997,7328
Tuvalu,TUV,1998,7328
Tuvalu,TUV,1999,7328
Tuvalu,TUV,2000,7328
Tuvalu,TUV,2001,7328
Tuvalu,TUV,2002,10992
Tuvalu,TUV,2003,10992
Tuvalu,TUV,2004,10992
Tuvalu,TUV,2005,10992
Tuvalu,TUV,2006,10992
Tuvalu,TUV,2007,10992
Tuvalu,TUV,2008,7328
Tuvalu,TUV,2009,10992
Tuvalu,TUV,2010,10992
Tuvalu,TUV,2011,10992
Tuvalu,TUV,2012,10992
Tuvalu,TUV,2013,7328
Tuvalu,TUV,2014,7328
Tuvalu,TUV,2015,7328
Tuvalu,TUV,2016,7328
Tuvalu,TUV,2017,7328
Tuvalu,TUV,2018,10992
Tuvalu,TUV,2019,10992
Tuvalu,TUV,2020,10992
Tuvalu,TUV,2021,10992
Tuvalu,TUV,2022,10992
Tuvalu,TUV,2023,10940
Tuvalu,TUV,2024,11440
Uganda,UGA,1990,760855
Uganda,UGA,1991,783469
Uganda,UGA,1992,801455
Uganda,UGA,1993,797457
Uganda,UGA,1994,711841
Uganda,UGA,1995,925485
Uganda,UGA,1996,1018092.06
Uganda,UGA,1997,1061946
Uganda,UGA,1998,1208757
Uganda,UGA,1999,1254724
Uganda,UGA,2000,1360870
Uganda,UGA,2001,1417088
Uganda,UGA,2002,1442557
Uganda,UGA,2003,1512745
Uganda,UGA,2004,1607486
Uganda,UGA,2005,2017941
Uganda,UGA,2006,2387050
Uganda,UGA,2007,2706326
Uganda,UGA,2008,2779614
Uganda,UGA,2009,2996134
Uganda,UGA,2010,3569619
Uganda,UGA,2011,3827733
Uganda,UGA,2012,3626987
Uganda,UGA,2013,3754530
Uganda,UGA,2014,4089666
Uganda,UGA,2015,4528549
Uganda,UGA,2016,4817419
Uganda,UGA,2017,5406202
Uganda,UGA,2018,5548649
Uganda,UGA,2019,5761237
Uganda,UGA,2020,5571384
Uganda,UGA,2021,6232327
Uganda,UGA,2022,6128251
Uganda,UGA,2023,6235861
Uganda,UGA,2024,6333810
Ukraine,UKR,1990,706525700
Ukraine,UKR,1991,633193860
Ukraine,UKR,1992,589505200
Ukraine,UKR,1993,510495400
Ukraine,UKR,1994,419630270
Ukraine,UKR,1995,390173470
Ukraine,UKR,1996,351834200
Ukraine,UKR,1997,340586000
Ukraine,UKR,1998,328877980
Ukraine,UKR,1999,298635550
Ukraine,UKR,2000,285663500
Ukraine,UKR,2001,303876030
Ukraine,UKR,2002,295900900
Ukraine,UKR,2003,307245380
Ukraine,UKR,2004,310625760
Ukraine,UKR,2005,313512500
Ukraine,UKR,2006,333054200
Ukraine,UKR,2007,336828770
Ukraine,UKR,2008,325983400
Ukraine,UKR,2009,277593340
Ukraine,UKR,2010,294365800
Ukraine,UKR,2011,308376420
Ukraine,UKR,2012,304429900
Ukraine,UKR,2013,297540220
Ukraine,UKR,2014,257703060
Ukraine,UKR,2015,223849810
Ukraine,UKR,2016,234105650
Ukraine,UKR,2017,223287760
Ukraine,UKR,2018,231899980
Ukraine,UKR,2019,222187900
Ukraine,UKR,2020,207100640
Ukraine,UKR,2021,210636080
Ukraine,UKR,2022,143039870
Ukraine,UKR,2023,139325380
Ukraine,UKR,2024,142497860
United Arab Emirates,ARE,1990,51907936
United Arab Emirates,ARE,1991,56895576
United Arab Emirates,ARE,1992,58005216
United Arab Emirates,ARE,1993,65832140
United Arab Emirates,ARE,1994,75350420
United Arab Emirates,ARE,1995,72873750
United Arab Emirates,ARE,1996,75836120
United Arab Emirates,ARE,1997,73297510
United Arab Emirates,ARE,1998,80624520
United Arab Emirates,ARE,1999,77844060
United Arab Emirates,ARE,2000,112276810
United Arab Emirates,ARE,2001,101895540
United Arab Emirates,ARE,2002,85213030
United Arab Emirates,ARE,2003,107105830
United Arab Emirates,ARE,2004,112468610
United Arab Emirates,ARE,2005,115273290
United Arab Emirates,ARE,2006,122723180
United Arab Emirates,ARE,2007,134103150
United Arab Emirates,ARE,2008,155030380
United Arab Emirates,ARE,2009,169088110
United Arab Emirates,ARE,2010,185848400
United Arab Emirates,ARE,2011,198518190
United Arab Emirates,ARE,2012,208323570
United Arab Emirates,ARE,2013,214188060
United Arab Emirates,ARE,2014,214530340
United Arab Emirates,ARE,2015,225044830
United Arab Emirates,ARE,2016,227897730
United Arab Emirates,ARE,2017,196492830
United Arab Emirates,ARE,2018,204104800
United Arab Emirates,ARE,2019,204058080
United Arab Emirates,ARE,2020,215266180
United Arab Emirates,ARE,2021,212172960
United Arab Emirates,ARE,2022,207103410
United Arab Emirates,ARE,2023,210425100
United Arab Emirates,ARE,2024,221988080
United Kingdom,GBR,1990,601945100
United Kingdom,GBR,1991,609412700
United Kingdom,GBR,1992,593845950
United Kingdom,GBR,1993,579612540
United Kingdom,GBR,1994,574016900
United Kingdom,GBR,1995,566158900
United Kingdom,GBR,1996,586760700
United Kingdom,GBR,1997,562708160
United Kingdom,GBR,1998,568543700
United Kingdom,GBR,1999,561649600
United Kingdom,GBR,2000,569033660
United Kingdom,GBR,2001,577970560
United Kingdom,GBR,2002,560273200
United Kingdom,GBR,2003,571618750
United Kingdom,GBR,2004,573429760
United Kingdom,GBR,2005,570338370
United Kingdom,GBR,2006,567845600
United Kingdom,GBR,2007,559566460
United Kingdom,GBR,2008,544932400
United Kingdom,GBR,2009,494107700
United Kingdom,GBR,2010,511904580
United Kingdom,GBR,2011,469713300
United Kingdom,GBR,2012,487476770
United Kingdom,GBR,2013,477611260
United Kingdom,GBR,2014,438807070
United Kingdom,GBR,2015,422460800
United Kingdom,GBR,2016,399430140
United Kingdom,GBR,2017,387367140
United Kingdom,GBR,2018,379729760
United Kingdom,GBR,2019,364753280
United Kingdom,GBR,2020,326263200
United Kingdom,GBR,2021,342365570
United Kingdom,GBR,2022,311118000
United Kingdom,GBR,2023,307826140
United Kingdom,GBR,2024,312905540
United States,USA,1990,5131760600
United States,USA,1991,5076412400
United States,USA,1992,5178769400
United States,USA,1993,5279520300
United States,USA,1994,5361863000
United States,USA,1995,5425837600
United States,USA,1996,5601094000
United States,USA,1997,5673144000
United States,USA,1998,5736360000
United States,USA,1999,5800281000
United States,USA,2000,6023158000
United States,USA,2001,5903562000
United States,USA,2002,5947819500
United States,USA,2003,6006440000
United States,USA,2004,6111545000
United States,USA,2005,6126903300
United States,USA,2006,6045326300
United States,USA,2007,6121542700
United States,USA,2008,5919221000
United States,USA,2009,5486104000
United States,USA,2010,5669250000
United States,USA,2011,5538973000
United States,USA,2012,5331467300
United States,USA,2013,5473436000
United States,USA,2014,5531385300
United States,USA,2015,5368496600
United States,USA,2016,5245361700
United States,USA,2017,5195417600
United States,USA,2018,5361236500
United States,USA,2019,5235912000
United States,USA,2020,4689954000
United States,USA,2021,5020111000
United States,USA,2022,5055403000
United States,USA,2023,4918406700
United States,USA,2024,4904120000
Upper-middle-income countries,OWID_UMC,1990,5840189000
Upper-middle-income countries,OWID_UMC,1991,5957064700
Upper-middle-income countries,OWID_UMC,1992,6051715600
Upper-middle-income countries,OWID_UMC,1993,6192009000
Upper-middle-income countries,OWID_UMC,1994,6346149400
Upper-middle-income countries,OWID_UMC,1995,6671315500
Upper-middle-income countries,OWID_UMC,1996,6897910300
Upper-middle-income countries,OWID_UMC,1997,7020902400
Upper-middle-income countries,OWID_UMC,1998,6885677600
Upper-middle-income countries,OWID_UMC,1999,7117012500
Upper-middle-income countries,OWID_UMC,2000,7283093500
Upper-middle-income countries,OWID_UMC,2001,7457582000
Upper-middle-income countries,OWID_UMC,2002,7856508400
Upper-middle-income countries,OWID_UMC,2003,8836504000
Upper-middle-income countries,OWID_UMC,2004,9437613000
Upper-middle-income countries,OWID_UMC,2005,10220721000
Upper-middle-income countries,OWID_UMC,2006,10963196000
Upper-middle-income countries,OWID_UMC,2007,11563376000
Upper-middle-income countries,OWID_UMC,2008,12229872000
Upper-middle-income countries,OWID_UMC,2009,12580816000
Upper-middle-income countries,OWID_UMC,2010,13549095000
Upper-middle-income countries,OWID_UMC,2011,14675714000
Upper-middle-income countries,OWID_UMC,2012,15097091000
Upper-middle-income countries,OWID_UMC,2013,15338837000
Upper-middle-income countries,OWID_UMC,2014,15540644000
Upper-middle-income countries,OWID_UMC,2015,15453602000
Upper-middle-income countries,OWID_UMC,2016,15374789000
Upper-middle-income countries,OWID_UMC,2017,15763591000
Upper-middle-income countries,OWID_UMC,2018,16221612000
Upper-middle-income countries,OWID_UMC,2019,16807908000
Upper-middle-income countries,OWID_UMC,2020,16696054000
Upper-middle-income countries,OWID_UMC,2021,17318461000
Upper-middle-income countries,OWID_UMC,2022,17864212000
Upper-middle-income countries,OWID_UMC,2023,18462271000
Upper-middle-income countries,OWID_UMC,2024,18711454000
Uruguay,URY,1990,3976825
Uruguay,URY,1991,4536652
Uruguay,URY,1992,5151301
Uruguay,URY,1993,4447071
Uruguay,URY,1994,4040712
Uruguay,URY,1995,4565265
Uruguay,URY,1996,5413614
Uruguay,URY,1997,5522419
Uruguay,URY,1998,5650996
Uruguay,URY,1999,6689290
Uruguay,URY,2000,5276982
Uruguay,URY,2001,5040513
Uruguay,URY,2002,4569193
Uruguay,URY,2003,4537120
Uruguay,URY,2004,5574142
Uruguay,URY,2005,5737104
Uruguay,URY,2006,6610993
Uruguay,URY,2007,5959754
Uruguay,URY,2008,8217578
Uruguay,URY,2009,7990301
Uruguay,URY,2010,6321844
Uruguay,URY,2011,7686493
Uruguay,URY,2012,8604564
Uruguay,URY,2013,7490970
Uruguay,URY,2014,6683819
Uruguay,URY,2015,6738132
Uruguay,URY,2016,6520387
Uruguay,URY,2017,6151027
Uruguay,URY,2018,6570397
Uruguay,URY,2019,6408476
Uruguay,URY,2020,6476821
Uruguay,URY,2021,7829208
Uruguay,URY,2022,7500855
Uruguay,URY,2023,7626940
Uruguay,URY,2024,7973270
Uzbekistan,UZB,1990,103123460
Uzbekistan,UZB,1991,102324080
Uzbekistan,UZB,1992,110990940
Uzbekistan,UZB,1993,115619100
Uzbekistan,UZB,1994,109786616
Uzbekistan,UZB,1995,104804136
Uzbekistan,UZB,1996,108188860
Uzbekistan,UZB,1997,109029016
Uzbekistan,UZB,1998,120976110
Uzbekistan,UZB,1999,123587700
Uzbekistan,UZB,2000,123478480
Uzbekistan,UZB,2001,126222536
Uzbekistan,UZB,2002,132576550
Uzbekistan,UZB,2003,130295820
Uzbekistan,UZB,2004,129099224
Uzbekistan,UZB,2005,121601640
Uzbekistan,UZB,2006,124898800
Uzbekistan,UZB,2007,123822700
Uzbekistan,UZB,2008,128386856
Uzbekistan,UZB,2009,109229760
Uzbekistan,UZB,2010,107668240
Uzbekistan,UZB,2011,116754600
Uzbekistan,UZB,2012,118860370
Uzbekistan,UZB,2013,112394720
Uzbekistan,UZB,2014,107495624
Uzbekistan,UZB,2015,103373576
Uzbekistan,UZB,2016,109837336
Uzbekistan,UZB,2017,108882870
Uzbekistan,UZB,2018,102330270
Uzbekistan,UZB,2019,107947210
Uzbekistan,UZB,2020,108138824
Uzbekistan,UZB,2021,123161640
Uzbekistan,UZB,2022,119105480
Uzbekistan,UZB,2023,122872020
Uzbekistan,UZB,2024,139234180
Vanuatu,VUT,1990,65952
Vanuatu,VUT,1991,65952
Vanuatu,VUT,1992,62288
Vanuatu,VUT,1993,62288
Vanuatu,VUT,1994,62288
Vanuatu,VUT,1995,65952
Vanuatu,VUT,1996,73280
Vanuatu,VUT,1997,76944
Vanuatu,VUT,1998,76944
Vanuatu,VUT,1999,80608
Vanuatu,VUT,2000,84272
Vanuatu,VUT,2001,80608
Vanuatu,VUT,2002,76944
Vanuatu,VUT,2003,76944
Vanuatu,VUT,2004,73280
Vanuatu,VUT,2005,73280
Vanuatu,VUT,2006,73280
Vanuatu,VUT,2007,76944
Vanuatu,VUT,2008,87936
Vanuatu,VUT,2009,120912
Vanuatu,VUT,2010,124576
Vanuatu,VUT,2011,131904
Vanuatu,VUT,2012,117248
Vanuatu,VUT,2013,109920
Vanuatu,VUT,2014,157552
Vanuatu,VUT,2015,131904
Vanuatu,VUT,2016,150224
Vanuatu,VUT,2017,139232
Vanuatu,VUT,2018,175872
Vanuatu,VUT,2019,164880
Vanuatu,VUT,2020,205184
Vanuatu,VUT,2021,216176
Vanuatu,VUT,2022,189353
Vanuatu,VUT,2023,188458
Vanuatu,VUT,2024,197079
Venezuela,VEN,1990,120863880
Venezuela,VEN,1991,114220530
Venezuela,VEN,1992,104738600
Venezuela,VEN,1993,123051510
Venezuela,VEN,1994,119060250
Venezuela,VEN,1995,124830390
Venezuela,VEN,1996,118346770
Venezuela,VEN,1997,129754620
Venezuela,VEN,1998,134993220
Venezuela,VEN,1999,143125900
Venezuela,VEN,2000,142902340
Venezuela,VEN,2001,130617784
Venezuela,VEN,2002,164232910
Venezuela,VEN,2003,154364060
Venezuela,VEN,2004,142842060
Venezuela,VEN,2005,148408260
Venezuela,VEN,2006,155841230
Venezuela,VEN,2007,154167490
Venezuela,VEN,2008,155758300
Venezuela,VEN,2009,152175700
Venezuela,VEN,2010,189581660
Venezuela,VEN,2011,168712510
Venezuela,VEN,2012,175845070
Venezuela,VEN,2013,198452160
Venezuela,VEN,2014,175991600
Venezuela,VEN,2015,166328370
Venezuela,VEN,2016,152733440
Venezuela,VEN,2017,139093300
Venezuela,VEN,2018,111239580
Venezuela,VEN,2019,105430480
Venezuela,VEN,2020,80901150
Venezuela,VEN,2021,94902500
Venezuela,VEN,2022,108423500
Venezuela,VEN,2023,119587760
Venezuela,VEN,2024,116042424
Vietnam,VNM,1990,21298646
Vietnam,VNM,1991,21375534
Vietnam,VNM,1992,21466460
Vietnam,VNM,1993,22853002
Vietnam,VNM,1994,27362152
Vietnam,VNM,1995,30088472
Vietnam,VNM,1996,35481510
Vietnam,VNM,1997,45502070
Vietnam,VNM,1998,47866350
Vietnam,VNM,1999,48548324
Vietnam,VNM,2000,53935468
Vietnam,VNM,2001,60983388
Vietnam,VNM,2002,69530950
Vietnam,VNM,2003,77261060
Vietnam,VNM,2004,88939180
Vietnam,VNM,2005,95842056
Vietnam,VNM,2006,99655920
Vietnam,VNM,2007,101432630
Vietnam,VNM,2008,114299576
Vietnam,VNM,2009,124493390
Vietnam,VNM,2010,139563840
Vietnam,VNM,2011,152563940
Vietnam,VNM,2012,144287540
Vietnam,VNM,2013,151459360
Vietnam,VNM,2014,180047520
Vietnam,VNM,2015,213391310
Vietnam,VNM,2016,221027000
Vietnam,VNM,2017,227694370
Vietnam,VNM,2018,255468420
Vietnam,VNM,2019,339312350
Vietnam,VNM,2020,362598880
Vietnam,VNM,2021,314196600
Vietnam,VNM,2022,322653150
Vietnam,VNM,2023,347398800
Vietnam,VNM,2024,370931330
Wallis and Futuna,WLF,1990,18320
Wallis and Futuna,WLF,1991,18320
Wallis and Futuna,WLF,1992,18320
Wallis and Futuna,WLF,1993,21984
Wallis and Futuna,WLF,1994,21984
Wallis and Futuna,WLF,1995,21984
Wallis and Futuna,WLF,1996,21984
Wallis and Futuna,WLF,1997,21984
Wallis and Futuna,WLF,1998,21984
Wallis and Futuna,WLF,1999,21984
Wallis and Futuna,WLF,2000,21984
Wallis and Futuna,WLF,2001,25648
Wallis and Futuna,WLF,2002,25648
Wallis and Futuna,WLF,2003,25648
Wallis and Futuna,WLF,2004,25648
Wallis and Futuna,WLF,2005,25648
Wallis and Futuna,WLF,2006,25648
Wallis and Futuna,WLF,2007,25648
Wallis and Futuna,WLF,2008,25648
Wallis and Futuna,WLF,2009,25648
Wallis and Futuna,WLF,2010,25648
Wallis and Futuna,WLF,2011,25648
Wallis and Futuna,WLF,2012,25648
Wallis and Futuna,WLF,2013,25648
Wallis and Futuna,WLF,2014,25648
Wallis and Futuna,WLF,2015,25648
Wallis and Futuna,WLF,2016,25648
Wallis and Futuna,WLF,2017,25648
Wallis and Futuna,WLF,2018,25648
Wallis and Futuna,WLF,2019,25648
Wallis and Futuna,WLF,2020,29312
Wallis and Futuna,WLF,2021,29312
Wallis and Futuna,WLF,2022,29312
Wallis and Futuna,WLF,2023,29174
Wallis and Futuna,WLF,2024,30508
World,OWID_WRL,1990,22732145000
World,OWID_WRL,1991,23205591000
World,OWID_WRL,1992,22520424000
World,OWID_WRL,1993,22749872000
World,OWID_WRL,1994,22974597000
World,OWID_WRL,1995,23516640000
World,OWID_WRL,1996,24233476000
World,OWID_WRL,1997,24380322000
World,OWID_WRL,1998,24295713000
World,OWID_WRL,1999,24837771000
World,OWID_WRL,2000,25511483000
World,OWID_WRL,2001,25692994000
World,OWID_WRL,2002,26265332000
World,OWID_WRL,2003,27652692000
World,OWID_WRL,2004,28610023000
World,OWID_WRL,2005,29598951000
World,OWID_WRL,2006,30594152000
World,OWID_WRL,2007,31499256000
World,OWID_WRL,2008,32049660000
World,OWID_WRL,2009,31513014000
World,OWID_WRL,2010,33317670000
World,OWID_WRL,2011,34479990000
World,OWID_WRL,2012,34954736000
World,OWID_WRL,2013,35275820000
World,OWID_WRL,2014,35465695000
World,OWID_WRL,2015,35403526000
World,OWID_WRL,2016,35392830000
World,OWID_WRL,2017,35974610000
World,OWID_WRL,2018,36734005000
World,OWID_WRL,2019,37086570000
World,OWID_WRL,2020,35158230000
World,OWID_WRL,2021,36866863000
World,OWID_WRL,2022,37527773000
World,OWID_WRL,2023,38094040000
World,OWID_WRL,2024,38598580000
Yemen,YEM,1990,9572039
Yemen,YEM,1991,9181747
Yemen,YEM,1992,9925889
Yemen,YEM,1993,8678741
Yemen,YEM,1994,9964473
Yemen,YEM,1995,11137874
Yemen,YEM,1996,11375245
Yemen,YEM,1997,12260347
Yemen,YEM,1998,12930947
Yemen,YEM,1999,14796267
Yemen,YEM,2000,15831746
Yemen,YEM,2001,17194192
Yemen,YEM,2002,16707197
Yemen,YEM,2003,18609224
Yemen,YEM,2004,20108794
Yemen,YEM,2005,21797008
Yemen,YEM,2006,23906082
Yemen,YEM,2007,23676344
Yemen,YEM,2008,24537038
Yemen,YEM,2009,26896530
Yemen,YEM,2010,25817588
Yemen,YEM,2011,22625090
Yemen,YEM,2012,20467492
Yemen,YEM,2013,27281024
Yemen,YEM,2014,26592206
Yemen,YEM,2015,14122821
Yemen,YEM,2016,10043701
Yemen,YEM,2017,9213895
Yemen,YEM,2018,11503876
Yemen,YEM,2019,11787783
Yemen,YEM,2020,10757014
Yemen,YEM,2021,10607956
Yemen,YEM,2022,10403769
Yemen,YEM,2023,10141169
Yemen,YEM,2024,10123090
Zambia,ZMB,1990,2407113
Zambia,ZMB,1991,2381811
Zambia,ZMB,1992,2424693
Zambia,ZMB,1993,2466007
Zambia,ZMB,1994,2393258
Zambia,ZMB,1995,2142313
Zambia,ZMB,1996,1837995
Zambia,ZMB,1997,2354102
Zambia,ZMB,1998,2278458
Zambia,ZMB,1999,1777604
Zambia,ZMB,2000,1784113
Zambia,ZMB,2001,1885603
Zambia,ZMB,2002,1960891
Zambia,ZMB,2003,2074413
Zambia,ZMB,2004,2104131
Zambia,ZMB,2005,2242543
Zambia,ZMB,2006,2231118
Zambia,ZMB,2007,2297559
Zambia,ZMB,2008,2553028
Zambia,ZMB,2009,2939884
Zambia,ZMB,2010,3120844
Zambia,ZMB,2011,3379164
Zambia,ZMB,2012,4176835
Zambia,ZMB,2013,4426548
Zambia,ZMB,2014,5283261
Zambia,ZMB,2015,5522488
Zambia,ZMB,2016,5977866
Zambia,ZMB,2017,7458888
Zambia,ZMB,2018,8657801
Zambia,ZMB,2019,8846335
Zambia,ZMB,2020,9990585
Zambia,ZMB,2021,9349845
Zambia,ZMB,2022,10938910
Zambia,ZMB,2023,11830727
Zambia,ZMB,2024,12043299
Zimbabwe,ZWE,1990,15537013
Zimbabwe,ZWE,1991,15490552
Zimbabwe,ZWE,1992,16702375
Zimbabwe,ZWE,1993,16031956
Zimbabwe,ZWE,1994,17382598
Zimbabwe,ZWE,1995,15017400
Zimbabwe,ZWE,1996,14894246
Zimbabwe,ZWE,1997,13900992
Zimbabwe,ZWE,1998,14127475
Zimbabwe,ZWE,1999,15724105
Zimbabwe,ZWE,2000,13814538
Zimbabwe,ZWE,2001,12508722
Zimbabwe,ZWE,2002,11895839
Zimbabwe,ZWE,2003,10609583
Zimbabwe,ZWE,2004,9428642
Zimbabwe,ZWE,2005,10698489
Zimbabwe,ZWE,2006,10365461
Zimbabwe,ZWE,2007,9835161
Zimbabwe,ZWE,2008,7720094
Zimbabwe,ZWE,2009,8249769
Zimbabwe,ZWE,2010,8754012
Zimbabwe,ZWE,2011,10363199
Zimbabwe,ZWE,2012,11257433
Zimbabwe,ZWE,2013,11671374
Zimbabwe,ZWE,2014,11946148
Zimbabwe,ZWE,2015,12016794
Zimbabwe,ZWE,2016,10588242
Zimbabwe,ZWE,2017,9830570
Zimbabwe,ZWE,2018,11209238
Zimbabwe,ZWE,2019,10266795
Zimbabwe,ZWE,2020,8490839
Zimbabwe,ZWE,2021,10222778
Zimbabwe,ZWE,2022,12231845
Zimbabwe,ZWE,2023,13443295
Zimbabwe,ZWE,2024,13701154
