{"type": "FeatureCollection", "features": [{"type": "Feature", "properties": {"ADM0_A3": "SDS", "NAME": "S. Sudan"}, "geometry": {"type": "Polygon", "coordinates": [[[33.976074, 4.220215], [33.741602, 3.985254], [33.568457, 3.811719], [33.539551, 3.787109], [33.489355, 3.755078], [33.324316, 3.754346], [33.154102, 3.774707], [32.997266, 3.880176], [32.838086, 3.798486], [32.737109, 3.772705], [32.676953, 3.763184], [32.534766, 3.749951], [32.335742, 3.706201], [32.245508, 3.651318], [32.19668, 3.607812], [32.15625, 3.528027], [32.135938, 3.519727], [32.099414, 3.529199], [32.048242, 3.561182], [31.941797, 3.607568], [31.888281, 3.709082], [31.838672, 3.770459], [31.798047, 3.802637], [31.628906, 3.701465], [31.547168, 3.677588], [31.47998, 3.680469], [31.357422, 3.737598], [31.221973, 3.785937], [31.152344, 3.785596], [31.048047, 3.725], [30.929395, 3.634082], [30.868164, 3.544141], [30.838574, 3.490723], [30.816895, 3.53335], [30.796973, 3.573145], [30.757227, 3.624219], [30.699902, 3.644092], [30.647656, 3.634131], [30.586719, 3.624219], [30.559375, 3.652783], [30.553516, 3.722949], [30.536914, 3.787207], [30.508301, 3.835693], [30.420703, 3.883887], [30.194922, 3.981934], [30.021387, 4.177637], [29.933984, 4.268506], [29.870215, 4.327148], [29.779883, 4.480957], [29.676855, 4.586914], [29.552051, 4.636035], [29.469629, 4.611816], [29.384863, 4.498389], [29.224902, 4.391895], [29.151465, 4.388184], [29.057422, 4.445947], [28.939355, 4.487061], [28.727051, 4.50498], [28.639551, 4.454492], [28.524805, 4.372852], [28.427539, 4.32417], [28.367188, 4.318652], [28.311035, 4.338037], [28.247266, 4.348535], [28.19209, 4.350244], [28.078613, 4.424805], [28.019824, 4.479395], [27.980664, 4.53208], [27.916602, 4.56792], [27.841602, 4.597754], [27.788086, 4.644678], [27.761426, 4.703223], [27.719238, 4.77832], [27.66416, 4.845996], [27.491016, 4.967578], [27.439258, 5.039209], [27.40332, 5.10918], [27.332422, 5.186328], [27.256738, 5.289648], [27.23252, 5.440771], [27.229102, 5.5625], [27.213379, 5.618799], [27.18125, 5.675146], [27.143945, 5.722949], [27.083398, 5.776855], [26.942285, 5.854932], [26.796484, 5.945508], [26.726367, 5.998242], [26.593652, 6.017529], [26.514258, 6.069238], [26.447461, 6.183008], [26.420508, 6.27417], [26.35332, 6.344922], [26.324609, 6.39624], [26.308594, 6.455322], [26.361816, 6.635303], [26.28457, 6.699023], [26.169336, 6.781738], [26.086914, 6.872119], [26.036523, 6.955225], [25.888965, 7.064941], [25.566602, 7.228711], [25.380664, 7.333398], [25.278906, 7.42749], [25.190137, 7.519336], [25.181348, 7.557227], [25.238672, 7.648975], [25.247363, 7.724561], [25.200391, 7.80791], [25.007227, 7.964844], [24.85332, 8.137549], [24.736719, 8.191553], [24.456055, 8.239453], [24.375488, 8.258447], [24.291406, 8.291406], [24.208398, 8.369141], [24.17998, 8.461133], [24.220898, 8.608252], [24.194824, 8.653369], [24.147363, 8.665625], [24.160449, 8.696289], [24.213574, 8.767822], [24.300195, 8.814258], [24.531934, 8.886914], [24.544824, 8.914844], [24.549414, 9.006787], [24.568262, 9.051709], [24.648047, 9.179102], [24.659375, 9.229932], [24.662891, 9.338135], [24.673633, 9.389307], [24.69668, 9.425684], [24.760352, 9.488916], [24.782617, 9.527344], [24.792188, 9.610303], [24.785254, 9.774658], [24.817676, 9.8396], [24.963867, 9.988867], [25.00293, 10.055273], [25.016211, 10.115234], [25.014844, 10.175879], [25.023633, 10.235791], [25.066992, 10.293799], [25.104004, 10.311816], [25.211719, 10.329932], [25.285156, 10.318506], [25.798047, 10.420508], [25.858203, 10.406494], [25.885254, 10.346094], [25.882812, 10.249609], [25.891504, 10.202734], [25.919141, 10.169336], [26.000586, 10.123437], [26.057031, 10.046777], [26.087012, 10.018457], [26.169531, 9.965918], [26.551367, 9.52583], [26.658691, 9.484131], [26.763184, 9.499219], [26.970508, 9.590625], [27.074219, 9.613818], [27.799805, 9.587891], [27.880859, 9.601611], [27.88584, 9.599658], [27.996289, 9.378809], [28.048926, 9.328613], [28.844531, 9.326074], [28.829395, 9.388818], [28.839453, 9.459082], [28.932324, 9.549463], [28.97959, 9.594189], [28.97959, 9.593994], [28.999609, 9.610156], [29.122363, 9.674658], [29.242383, 9.718066], [29.473145, 9.768604], [29.557422, 9.848291], [29.603906, 9.921387], [29.605469, 10.065088], [29.635938, 10.088623], [29.691016, 10.121924], [29.95791, 10.250244], [30.003027, 10.277393], [30.474609, 9.978955], [30.739355, 9.742676], [30.755371, 9.731201], [30.769141, 9.726807], [30.783105, 9.734961], [30.794922, 9.74585], [30.81416, 9.753125], [30.827051, 9.756299], [30.940332, 9.759375], [31.154492, 9.770947], [31.224902, 9.799268], [31.654883, 10.221143], [31.764258, 10.355713], [31.791992, 10.383154], [31.854297, 10.479053], [31.919922, 10.643848], [31.933008, 10.6625], [32.404102, 11.057764], [32.420801, 11.089111], [32.425391, 11.113965], [32.354199, 11.246924], [32.338867, 11.314502], [32.335742, 11.418555], [32.349902, 11.58042], [32.344922, 11.682715], [32.343066, 11.694287], [32.338477, 11.710107], [32.335352, 11.716016], [32.072266, 12.006738], [32.736719, 12.009668], [32.738281, 12.03374], [32.737695, 12.046436], [32.735645, 12.058057], [32.723047, 12.09292], [32.71582, 12.139258], [32.715332, 12.152197], [32.716309, 12.164844], [32.720117, 12.188818], [32.720508, 12.201807], [32.719824, 12.208008], [32.718555, 12.21377], [32.718945, 12.218848], [32.721875, 12.223096], [33.199316, 12.217285], [33.193066, 12.13501], [33.135059, 11.941602], [33.136133, 11.825586], [33.122461, 11.693164], [33.119141, 11.682422], [33.106055, 11.653857], [33.094629, 11.6375], [33.081543, 11.621729], [33.077832, 11.615771], [33.07334, 11.606104], [33.073047, 11.591504], [33.172168, 10.850146], [33.168457, 10.831445], [33.164746, 10.819189], [33.138281, 10.772949], [33.131445, 10.757715], [33.130078, 10.745947], [33.14082, 10.737891], [33.360742, 10.657812], [33.371387, 10.652734], [33.379883, 10.646191], [33.459082, 10.55083], [33.892188, 10.198975], [33.907031, 10.181445], [33.951855, 10.070947], [33.956836, 10.054199], [33.958398, 10.027734], [33.957324, 10.007178], [33.946191, 9.940918], [33.949902, 9.911133], [33.957324, 9.891455], [33.963281, 9.868701], [33.963281, 9.861768], [33.9625, 9.855811], [33.95918, 9.845264], [33.894922, 9.717627], [33.874023, 9.626758], [33.867773, 9.550342], [33.871484, 9.506152], [33.878809, 9.477734], [33.882129, 9.471191], [33.884863, 9.466406], [33.887891, 9.463525], [33.890918, 9.462207], [34.076758, 9.461523], [34.078125, 9.461523], [34.077148, 9.420996], [34.08457, 9.218506], [34.091016, 9.04126], [34.101562, 8.751855], [34.101758, 8.676367], [34.094531, 8.582227], [34.072754, 8.545264], [34.019727, 8.49209], [33.95332, 8.443506], [33.785059, 8.431104], [33.644824, 8.432568], [33.545313, 8.443408], [33.409375, 8.447754], [33.281055, 8.437256], [33.234277, 8.396387], [33.165234, 8.251074], [33.065234, 8.040479], [33.012598, 7.951514], [32.998926, 7.899512], [33.014648, 7.868555], [33.080762, 7.82373], [33.225977, 7.760645], [33.392285, 7.72373], [33.516309, 7.707764], [33.600977, 7.69043], [33.666113, 7.670996], [33.902441, 7.509521], [33.97793, 7.43457], [34.02041, 7.367969], [34.030176, 7.296973], [34.064258, 7.225732], [34.200391, 7.08457], [34.279297, 7.002832], [34.484375, 6.898389], [34.562793, 6.779834], [34.63877, 6.722168], [34.710645, 6.660303], [34.749219, 6.567871], [34.838086, 6.300146], [34.897852, 6.159814], [34.958984, 6.045068], [34.983594, 5.858301], [35.031934, 5.774902], [35.081934, 5.673145], [35.164453, 5.581201], [35.252441, 5.511035], [35.268359, 5.492285], [35.084473, 5.311865], [34.87832, 5.10957], [34.639844, 4.875488], [34.380176, 4.620654], [34.176855, 4.419092], [33.976074, 4.220215]]]}}, {"type": "Feature", "properties": {"ADM0_A3": "SOM", "NAME": "Somalia"}, "geometry": {"type": "Polygon", "coordinates": [[[41.532715, -1.695312], [41.537598, -1.613184], [41.521875, -1.572266], [41.426953, -1.449512], [41.249805, -1.220508], [41.11582, -1.047461], [40.978711, -0.870313], [40.978223, -0.728711], [40.976562, -0.307324], [40.973242, 0.5354], [40.97002, 1.378174], [40.966699, 2.220947], [40.965039, 2.642334], [40.964453, 2.814648], [40.978711, 2.842432], [41.134961, 2.99707], [41.341797, 3.20166], [41.613477, 3.590479], [41.760938, 3.801611], [41.883984, 3.977734], [41.915332, 4.031299], [42.024121, 4.137939], [42.228418, 4.20166], [42.355176, 4.212256], [42.791602, 4.291992], [42.856641, 4.324219], [42.894727, 4.361084], [42.930957, 4.445312], [43.016016, 4.56333], [43.125684, 4.644482], [43.333984, 4.750391], [43.538281, 4.840332], [43.583496, 4.85498], [43.829199, 4.911426], [43.889453, 4.930762], [43.988867, 4.950537], [44.028125, 4.950977], [44.369531, 4.931201], [44.636621, 4.915771], [44.911621, 4.899902], [44.940527, 4.912012], [45.132812, 5.12168], [45.438477, 5.45542], [45.633594, 5.668262], [45.934961, 5.997217], [46.166797, 6.234668], [46.422949, 6.497266], [46.671777, 6.737256], [46.971191, 7.026025], [47.159766, 7.207861], [47.452832, 7.490479], [47.731641, 7.759326], [47.978223, 7.99707], [48.126758, 8.222168], [48.272754, 8.443359], [48.428613, 8.67959], [48.616602, 8.9646], [48.793555, 9.232715], [48.938086, 9.451758], [48.938086, 9.564111], [48.938281, 9.807617], [48.938281, 9.973486], [48.938379, 10.433252], [48.938477, 10.714209], [48.938477, 10.982324], [48.938574, 11.258447], [49.062109, 11.27085], [49.388281, 11.342725], [49.64209, 11.450928], [50.110059, 11.529297], [50.466211, 11.727539], [50.52832, 11.823193], [50.635938, 11.943799], [50.792285, 11.983691], [51.191309, 11.841992], [51.254883, 11.830713], [51.231836, 11.74502], [51.218164, 11.657666], [51.136328, 11.505127], [51.084277, 11.335645], [51.122266, 11.076758], [51.140625, 10.656885], [51.13125, 10.595898], [51.104883, 10.53584], [51.093848, 10.488525], [51.050781, 10.471973], [51.031836, 10.444775], [51.063184, 10.433936], [51.188281, 10.479736], [51.185547, 10.529834], [51.192969, 10.554639], [51.295703, 10.498682], [51.369141, 10.475244], [51.390234, 10.422607], [51.38457, 10.386523], [51.268164, 10.403125], [51.208789, 10.431055], [51.035938, 10.385156], [50.930078, 10.335547], [50.898438, 10.253125], [50.87373, 9.92417], [50.832813, 9.710498], [50.825, 9.428174], [50.685156, 9.241162], [50.637988, 9.109277], [50.429785, 8.845264], [50.321191, 8.61958], [50.285742, 8.509424], [50.102832, 8.199805], [49.852051, 7.962549], [49.76123, 7.659521], [49.671191, 7.469531], [49.57002, 7.296973], [49.348535, 6.990527], [49.234961, 6.777344], [49.092676, 6.407861], [49.049316, 6.173633], [48.649023, 5.494385], [48.233984, 4.952686], [47.975293, 4.497021], [47.511426, 3.968262], [46.878809, 3.285645], [46.051172, 2.475146], [45.82627, 2.309863], [44.920215, 1.810156], [44.332715, 1.390967], [44.032715, 1.105908], [43.717578, 0.857861], [43.467676, 0.621631], [42.712109, -0.175684], [42.63418, -0.250781], [42.560742, -0.321484], [42.465625, -0.456543], [42.399414, -0.510059], [42.218945, -0.737988], [42.10625, -0.856152], [41.979883, -0.973047], [41.92627, -1.055566], [41.888281, -1.150586], [41.846191, -1.203418], [41.732227, -1.430078], [41.632031, -1.578516], [41.532715, -1.695312]]]}}, {"type": "Feature", "properties": {"ADM0_A3": "SOL", "NAME": "Somaliland"}, "geometry": {"type": "Polygon", "coordinates": [[[48.938574, 11.258447], [48.938477, 10.982324], [48.938477, 10.714209], [48.938379, 10.433252], [48.938281, 9.973486], [48.938281, 9.807617], [48.938086, 9.564111], [48.938086, 9.451758], [48.793555, 9.232715], [48.616602, 8.9646], [48.428613, 8.67959], [48.272754, 8.443359], [48.126758, 8.222168], [47.978223, 7.99707], [47.637695, 7.99707], [47.305664, 7.99707], [46.978223, 7.99707], [46.919531, 8.026123], [46.644727, 8.118164], [46.295996, 8.234961], [45.863281, 8.379883], [45.555469, 8.483008], [45.226953, 8.59082], [44.893555, 8.700195], [44.632031, 8.786084], [44.30625, 8.893066], [44.022852, 8.986035], [43.983789, 9.008838], [43.826758, 9.150781], [43.620508, 9.337402], [43.581055, 9.340723], [43.48252, 9.379492], [43.394336, 9.480273], [43.303125, 9.609082], [43.218457, 9.770166], [43.181641, 9.87998], [43.068945, 9.926221], [43.014746, 10.012598], [42.9125, 10.14082], [42.841602, 10.203076], [42.816406, 10.257373], [42.783691, 10.369629], [42.725195, 10.491748], [42.669238, 10.567578], [42.656445, 10.6], [42.65957, 10.621387], [42.763086, 10.786914], [42.809766, 10.845996], [42.862891, 10.903223], [42.906152, 10.960254], [42.922754, 10.999316], [43.048633, 11.194336], [43.159375, 11.365723], [43.245996, 11.499805], [43.441211, 11.346436], [43.631152, 11.035449], [43.852734, 10.784277], [44.158203, 10.550781], [44.279297, 10.471875], [44.386523, 10.430225], [44.942969, 10.436719], [45.337695, 10.649756], [45.695898, 10.803906], [45.816699, 10.835889], [46.024512, 10.793701], [46.253906, 10.781104], [46.460254, 10.73418], [46.565039, 10.745996], [46.973438, 10.925391], [47.230078, 11.099902], [47.40498, 11.174023], [47.473828, 11.174805], [47.7125, 11.112012], [48.019238, 11.139355], [48.438867, 11.290137], [48.572559, 11.320508], [48.674414, 11.322656], [48.903125, 11.254883], [48.938574, 11.258447]]]}}, {"type": "Feature", "properties": {"ADM0_A3": "PER", "NAME": "Peru"}, "geometry": {"type": "Polygon", "coordinates": [[[-69.965918, -4.235938], [-69.972021, -4.301172], [-70.003955, -4.327246], [-70.05332, -4.333105], [-70.128809, -4.286621], [-70.183984, -4.298145], [-70.23916, -4.301172], [-70.316895, -4.246973], [-70.343652, -4.193652], [-70.404639, -4.150098], [-70.530664, -4.167578], [-70.63457, -4.168652], [-70.721582, -4.158887], [-70.799512, -4.17334], [-70.866016, -4.22959], [-70.915625, -4.295313], [-70.973682, -4.350488], [-71.144238, -4.387207], [-71.23501, -4.388184], [-71.316797, -4.424316], [-71.438281, -4.437598], [-71.521338, -4.469727], [-71.668359, -4.487305], [-71.844727, -4.504395], [-71.943164, -4.55332], [-71.982422, -4.574609], [-72.08252, -4.642285], [-72.256787, -4.748926], [-72.352832, -4.786035], [-72.468994, -4.90127], [-72.60835, -5.00957], [-72.69873, -5.067188], [-72.831934, -5.09375], [-72.887061, -5.122754], [-72.907471, -5.157715], [-72.895801, -5.198242], [-72.918262, -5.302539], [-72.958936, -5.495215], [-72.970215, -5.589648], [-72.979883, -5.634863], [-73.068066, -5.789551], [-73.162891, -5.933398], [-73.209375, -6.028711], [-73.235547, -6.098438], [-73.206494, -6.156445], [-73.167725, -6.260645], [-73.135352, -6.344336], [-73.126318, -6.400879], [-73.137354, -6.46582], [-73.177441, -6.525195], [-73.240332, -6.564063], [-73.325488, -6.574707], [-73.499902, -6.679492], [-73.694531, -6.833789], [-73.758105, -6.905762], [-73.77627, -6.973535], [-73.804639, -7.079883], [-73.793018, -7.135059], [-73.758203, -7.172754], [-73.72334, -7.262793], [-73.72041, -7.309277], [-73.749463, -7.335352], [-73.804639, -7.341211], [-73.854004, -7.349902], [-73.891748, -7.373145], [-73.929443, -7.367285], [-73.964307, -7.378906], [-73.964307, -7.416699], [-73.952686, -7.460254], [-73.958496, -7.506641], [-73.981738, -7.535742], [-74.002051, -7.556055], [-73.981738, -7.585059], [-73.946875, -7.61123], [-73.894629, -7.654785], [-73.82207, -7.738965], [-73.766895, -7.753516], [-73.72041, -7.78252], [-73.7146, -7.829004], [-73.732031, -7.875391], [-73.772705, -7.895703], [-73.775586, -7.936426], [-73.72041, -7.985742], [-73.682666, -8.020605], [-73.644922, -8.072852], [-73.610107, -8.14541], [-73.610107, -8.191895], [-73.572363, -8.249902], [-73.549121, -8.299316], [-73.549121, -8.345801], [-73.488135, -8.392188], [-73.435889, -8.427051], [-73.398145, -8.458984], [-73.3604, -8.479297], [-73.351709, -8.51416], [-73.356738, -8.566992], [-73.302441, -8.654004], [-73.203125, -8.719336], [-73.122559, -8.814063], [-73.070508, -8.882812], [-72.974023, -8.993164], [-72.970361, -9.120117], [-73.089844, -9.265723], [-73.209424, -9.411426], [-73.01377, -9.407422], [-72.814258, -9.410352], [-72.605469, -9.452051], [-72.464746, -9.492188], [-72.379053, -9.510156], [-72.318066, -9.556641], [-72.289014, -9.629199], [-72.26582, -9.688477], [-72.259961, -9.774316], [-72.172852, -9.844043], [-72.179102, -9.910156], [-72.181592, -10.003711], [-72.142969, -10.005176], [-71.887451, -10.005566], [-71.608008, -10.006055], [-71.339404, -9.988574], [-71.237939, -9.966016], [-71.115283, -9.852441], [-71.041748, -9.81875], [-70.970752, -9.765723], [-70.884521, -9.669043], [-70.81626, -9.625293], [-70.758496, -9.57168], [-70.672461, -9.517969], [-70.636914, -9.478223], [-70.60791, -9.463672], [-70.541113, -9.4375], [-70.570166, -9.489844], [-70.592236, -9.543457], [-70.59917, -9.620508], [-70.567236, -9.70459], [-70.593799, -9.76748], [-70.636914, -9.82373], [-70.637598, -9.971777], [-70.638525, -10.181543], [-70.639355, -10.361328], [-70.640332, -10.586035], [-70.641553, -10.84082], [-70.642334, -11.010254], [-70.596533, -10.976855], [-70.533252, -10.946875], [-70.450879, -11.024805], [-70.392285, -11.058594], [-70.341992, -11.066699], [-70.290381, -11.064258], [-70.220068, -11.047656], [-70.066309, -10.982422], [-69.960352, -10.929883], [-69.839795, -10.933398], [-69.674023, -10.954102], [-69.578613, -10.951758], [-69.453613, -11.16875], [-69.362012, -11.327539], [-69.257715, -11.508594], [-69.17373, -11.654297], [-69.046191, -11.875684], [-68.936035, -12.066797], [-68.818701, -12.27041], [-68.685254, -12.501953], [-68.728125, -12.560742], [-68.762891, -12.607715], [-68.759082, -12.687207], [-68.811816, -12.72959], [-68.867676, -12.755176], [-68.93374, -12.82207], [-68.978613, -12.880078], [-68.980518, -12.962598], [-68.972266, -13.382324], [-68.983447, -13.496387], [-69.017529, -13.594434], [-69.052832, -13.643945], [-69.074121, -13.682813], [-69.023047, -13.780273], [-68.974268, -13.975977], [-68.937451, -14.014648], [-68.891699, -14.094336], [-68.870898, -14.169727], [-68.880322, -14.198828], [-68.971777, -14.234375], [-69.004492, -14.265039], [-69.013135, -14.377246], [-69.052783, -14.417578], [-69.119727, -14.470313], [-69.162695, -14.530957], [-69.199268, -14.572559], [-69.234912, -14.59707], [-69.252344, -14.671094], [-69.276025, -14.745898], [-69.359473, -14.795313], [-69.37373, -14.8875], [-69.374707, -14.962988], [-69.330713, -15.038965], [-69.187109, -15.19873], [-69.172461, -15.236621], [-69.254297, -15.33291], [-69.301904, -15.399414], [-69.418506, -15.603418], [-69.420898, -15.640625], [-69.391895, -15.736914], [-69.217578, -16.149121], [-69.187988, -16.182813], [-69.13418, -16.221973], [-69.04624, -16.217676], [-68.913477, -16.261914], [-68.848828, -16.312793], [-68.842773, -16.337891], [-68.857812, -16.354785], [-68.928027, -16.389063], [-69.00625, -16.433691], [-69.03291, -16.475977], [-69.038379, -16.542676], [-69.020703, -16.642188], [-69.054541, -16.674316], [-69.13252, -16.713086], [-69.199805, -16.768457], [-69.267236, -16.860938], [-69.381543, -17.001367], [-69.421094, -17.040039], [-69.43833, -17.088379], [-69.50332, -17.104785], [-69.624854, -17.200195], [-69.645703, -17.248535], [-69.625879, -17.294434], [-69.563818, -17.33291], [-69.521924, -17.388965], [-69.510986, -17.460352], [-69.511084, -17.504883], [-69.510937, -17.506055], [-69.586426, -17.573242], [-69.684766, -17.649805], [-69.806104, -17.664941], [-69.8521, -17.703809], [-69.841504, -17.785156], [-69.802441, -17.9], [-69.802588, -17.990234], [-69.839697, -18.093457], [-69.926367, -18.206055], [-70.059082, -18.283496], [-70.183789, -18.325195], [-70.282275, -18.325391], [-70.37749, -18.333594], [-70.418262, -18.345605], [-70.491602, -18.277734], [-70.81748, -18.052539], [-70.941699, -17.932031], [-71.056592, -17.875684], [-71.336963, -17.68252], [-71.364941, -17.620508], [-71.399414, -17.421973], [-71.435889, -17.366016], [-71.532227, -17.294336], [-71.774463, -17.198828], [-71.868359, -17.151074], [-71.966895, -17.064063], [-72.111279, -17.002539], [-72.268604, -16.876172], [-72.3625, -16.775], [-72.467676, -16.708105], [-72.793945, -16.614551], [-72.957715, -16.520898], [-73.26377, -16.388574], [-73.400049, -16.304297], [-73.727686, -16.20166], [-73.824951, -16.152832], [-74.14707, -15.9125], [-74.3729, -15.833984], [-74.554883, -15.699023], [-75.104248, -15.411914], [-75.190527, -15.320117], [-75.274561, -15.178125], [-75.396582, -15.093555], [-75.533643, -14.899219], [-75.737695, -14.784961], [-75.933887, -14.633594], [-76.006299, -14.495801], [-76.136475, -14.320312], [-76.175146, -14.22666], [-76.289014, -14.133105], [-76.297021, -13.948438], [-76.376465, -13.863086], [-76.319482, -13.821484], [-76.259229, -13.802832], [-76.183936, -13.515234], [-76.223633, -13.371191], [-76.427344, -13.109961], [-76.502148, -12.984375], [-76.555225, -12.823438], [-76.637109, -12.728027], [-76.758008, -12.527148], [-76.832129, -12.34873], [-76.994092, -12.219238], [-77.038135, -12.172754], [-77.062695, -12.106836], [-77.152734, -12.060352], [-77.157617, -11.923438], [-77.220312, -11.663379], [-77.309912, -11.532422], [-77.633203, -11.287793], [-77.638574, -11.193555], [-77.664307, -11.02207], [-77.736084, -10.836719], [-78.095459, -10.260645], [-78.185596, -10.089063], [-78.275586, -9.810352], [-78.356494, -9.652051], [-78.445654, -9.370605], [-78.580127, -9.156641], [-78.6646, -8.971094], [-78.75459, -8.74043], [-78.762256, -8.616992], [-78.925391, -8.40459], [-79.012256, -8.210156], [-79.164404, -8.047168], [-79.312842, -7.923242], [-79.377246, -7.835547], [-79.588867, -7.418945], [-79.617725, -7.295605], [-79.761963, -7.066504], [-79.904687, -6.90166], [-79.994971, -6.768945], [-80.110254, -6.649609], [-80.811621, -6.282227], [-81.058447, -6.129395], [-81.142041, -6.056738], [-81.180518, -5.942383], [-81.164307, -5.875293], [-81.091846, -5.812402], [-80.99165, -5.860938], [-80.930664, -5.84082], [-80.882715, -5.758984], [-80.881934, -5.635059], [-80.943115, -5.475391], [-81.167676, -5.16709], [-81.150732, -5.101855], [-81.108496, -5.027832], [-81.195068, -4.879492], [-81.289404, -4.760742], [-81.336621, -4.669531], [-81.283203, -4.322266], [-81.232031, -4.234277], [-80.891943, -3.881641], [-80.798584, -3.731055], [-80.652734, -3.638184], [-80.503662, -3.496094], [-80.324658, -3.387891], [-80.29834, -3.406445], [-80.273535, -3.424609], [-80.271875, -3.461035], [-80.265234, -3.49248], [-80.24541, -3.522168], [-80.24375, -3.576758], [-80.220605, -3.613184], [-80.218945, -3.654492], [-80.217285, -3.710742], [-80.228857, -3.738867], [-80.217578, -3.787695], [-80.179248, -3.877734], [-80.194141, -3.905859], [-80.230518, -3.924023], [-80.266895, -3.948828], [-80.303271, -4.005078], [-80.357861, -4.003418], [-80.437207, -3.978613], [-80.490137, -4.010059], [-80.51001, -4.069531], [-80.493457, -4.119141], [-80.488477, -4.165527], [-80.45376, -4.205176], [-80.352881, -4.208496], [-80.443848, -4.33584], [-80.488477, -4.393652], [-80.478564, -4.430078], [-80.42417, -4.461426], [-80.383496, -4.463672], [-80.293359, -4.416797], [-80.232178, -4.349023], [-80.197461, -4.311035], [-80.139551, -4.296094], [-80.063525, -4.327539], [-79.962891, -4.390332], [-79.845117, -4.445898], [-79.797266, -4.476367], [-79.710986, -4.467578], [-79.638525, -4.454883], [-79.577686, -4.500586], [-79.516162, -4.53916], [-79.501904, -4.670605], [-79.455762, -4.766211], [-79.399414, -4.840039], [-79.330957, -4.927832], [-79.268115, -4.957617], [-79.18667, -4.958203], [-79.07627, -4.990625], [-79.033301, -4.969141], [-78.995264, -4.908008], [-78.975391, -4.873242], [-78.919189, -4.858398], [-78.914209, -4.818652], [-78.925781, -4.770703], [-78.907617, -4.714453], [-78.861523, -4.665039], [-78.743066, -4.592676], [-78.686035, -4.562402], [-78.674463, -4.517676], [-78.65293, -4.458203], [-78.66123, -4.425098], [-78.685156, -4.383984], [-78.679395, -4.325879], [-78.647998, -4.248145], [-78.603369, -4.157324], [-78.565137, -4.041602], [-78.550439, -3.986914], [-78.509082, -3.952148], [-78.493457, -3.902051], [-78.471045, -3.843066], [-78.419775, -3.776855], [-78.421436, -3.705762], [-78.399951, -3.674316], [-78.398047, -3.594824], [-78.347266, -3.43125], [-78.345361, -3.397363], [-78.323047, -3.388281], [-78.28418, -3.399023], [-78.250732, -3.436133], [-78.240381, -3.472559], [-78.226318, -3.48916], [-78.194873, -3.48584], [-78.158496, -3.465137], [-78.160986, -3.432129], [-78.187451, -3.399805], [-78.194629, -3.380469], [-78.183301, -3.350195], [-78.128223, -3.283887], [-78.06792, -3.206836], [-77.938477, -3.046973], [-77.860596, -2.981641], [-77.658984, -2.912402], [-77.506494, -2.859961], [-77.360059, -2.809668], [-77.161475, -2.737695], [-76.880762, -2.635938], [-76.679102, -2.562598], [-76.499365, -2.432324], [-76.360156, -2.331348], [-76.240918, -2.243945], [-76.089795, -2.133105], [-75.885449, -1.893457], [-75.744531, -1.728125], [-75.64165, -1.607324], [-75.570557, -1.53125], [-75.513867, -1.316309], [-75.44917, -1.071191], [-75.42041, -0.962207], [-75.408057, -0.924316], [-75.380127, -0.940234], [-75.348193, -0.966797], [-75.30918, -0.968066], [-75.272412, -0.966797], [-75.249609, -0.951855], [-75.283594, -0.707129], [-75.278711, -0.653906], [-75.259375, -0.590137], [-75.263232, -0.555371], [-75.325244, -0.506543], [-75.424707, -0.408887], [-75.465967, -0.321777], [-75.491064, -0.24834], [-75.560596, -0.200098], [-75.632031, -0.157617], [-75.62627, -0.122852], [-75.58374, -0.122852], [-75.475977, -0.157129], [-75.398389, -0.145996], [-75.340479, -0.142188], [-75.284473, -0.106543], [-75.224609, -0.041748], [-75.184082, -0.041748], [-75.138379, -0.050488], [-75.054688, -0.116699], [-75.00498, -0.155859], [-74.945312, -0.188184], [-74.888818, -0.199414], [-74.8375, -0.20332], [-74.801758, -0.200098], [-74.780469, -0.244531], [-74.755371, -0.298633], [-74.69165, -0.335254], [-74.616357, -0.37002], [-74.555078, -0.429883], [-74.513867, -0.470117], [-74.465186, -0.517676], [-74.417871, -0.580664], [-74.374902, -0.691406], [-74.353125, -0.766602], [-74.328613, -0.808398], [-74.334424, -0.850879], [-74.283887, -0.927832], [-74.246387, -0.970605], [-74.180762, -0.997754], [-74.054395, -1.028613], [-73.986816, -1.098145], [-73.926953, -1.125195], [-73.863184, -1.19668], [-73.807178, -1.217969], [-73.735742, -1.21416], [-73.664307, -1.248828], [-73.610254, -1.316406], [-73.575488, -1.401367], [-73.521387, -1.449707], [-73.494336, -1.536621], [-73.525244, -1.638867], [-73.496289, -1.693066], [-73.440283, -1.737402], [-73.349512, -1.783887], [-73.266455, -1.772266], [-73.223975, -1.787695], [-73.196973, -1.830273], [-73.181494, -1.880371], [-73.145215, -2.00332], [-73.126514, -2.081055], [-73.160205, -2.156348], [-73.172656, -2.208398], [-73.154492, -2.278223], [-73.068164, -2.312012], [-72.989648, -2.339746], [-72.941113, -2.394043], [-72.887158, -2.408496], [-72.81123, -2.405469], [-72.71416, -2.392188], [-72.660156, -2.361035], [-72.625342, -2.35166], [-72.586719, -2.365137], [-72.500684, -2.39502], [-72.395605, -2.428906], [-72.300732, -2.409277], [-72.218457, -2.400488], [-72.136816, -2.380664], [-72.053809, -2.324609], [-71.984277, -2.326563], [-71.932471, -2.288672], [-71.867285, -2.227734], [-71.802734, -2.166309], [-71.752539, -2.152734], [-71.671484, -2.182129], [-71.559473, -2.224219], [-71.496094, -2.279199], [-71.447461, -2.29375], [-71.396973, -2.334082], [-71.300098, -2.334863], [-71.196387, -2.313086], [-71.113379, -2.24541], [-71.027295, -2.225781], [-70.968555, -2.206836], [-70.914551, -2.218555], [-70.705371, -2.341992], [-70.647998, -2.405762], [-70.575879, -2.418262], [-70.516797, -2.453125], [-70.418213, -2.490723], [-70.36416, -2.529297], [-70.294629, -2.552539], [-70.244434, -2.606543], [-70.164746, -2.639844], [-70.09585, -2.658203], [-70.064746, -2.70166], [-70.064453, -2.730762], [-70.074023, -2.750195], [-70.14707, -2.864063], [-70.290137, -3.087305], [-70.418994, -3.288281], [-70.62168, -3.60459], [-70.735107, -3.781543], [-70.706201, -3.788965], [-70.529687, -3.866406], [-70.48584, -3.869336], [-70.421094, -3.849609], [-70.379199, -3.81875], [-70.339502, -3.814355], [-70.298437, -3.844238], [-70.240283, -3.882715], [-70.198389, -3.995117], [-70.167529, -4.050195], [-70.094775, -4.092188], [-70.017187, -4.162012], [-69.965918, -4.235938]]]}}, {"type": "Feature", "properties": {"ADM0_A3": "IDN", "NAME": "Indonesia"}, "geometry": {"type": "MultiPolygon", "coordinates": [[[[97.481543, 1.465088], [97.69834, 1.18374], [97.786426, 1.145898], [97.903223, 1.018262], [97.931934, 0.973926], [97.902051, 0.884229], [97.876465, 0.62832], [97.82041, 0.564453], [97.683984, 0.596094], [97.68252, 0.641064], [97.603906, 0.833887], [97.46123, 0.941406], [97.405371, 0.946973], [97.368848, 1.056934], [97.296875, 1.187354], [97.079199, 1.425488], [97.244238, 1.423633], [97.324414, 1.481641], [97.342773, 1.52793], [97.355957, 1.539746], [97.481543, 1.465088]]], [[[99.163867, -1.77793], [99.071777, -1.783496], [98.874316, -1.663672], [98.827734, -1.609961], [98.816309, -1.538281], [98.626953, -1.261328], [98.601758, -1.197852], [98.676074, -0.970508], [98.869043, -0.915625], [98.932617, -0.954004], [98.954785, -1.05625], [99.065039, -1.240723], [99.101465, -1.340137], [99.128906, -1.38418], [99.14043, -1.418457], [99.130664, -1.442383], [99.210352, -1.559277], [99.267285, -1.627734], [99.271484, -1.738477], [99.163867, -1.77793]]], [[[116.64082, -8.613867], [116.514258, -8.820996], [116.559375, -8.854395], [116.586523, -8.886133], [116.377246, -8.929004], [116.289844, -8.906152], [116.239355, -8.912109], [116.026758, -8.873145], [115.874609, -8.825586], [115.857324, -8.787891], [115.869336, -8.742773], [115.914453, -8.758008], [116.031641, -8.765234], [116.076465, -8.744922], [116.077734, -8.611328], [116.061133, -8.437402], [116.219824, -8.295215], [116.304297, -8.237988], [116.401563, -8.204199], [116.646973, -8.282715], [116.6875, -8.304102], [116.718945, -8.336035], [116.734082, -8.386914], [116.64082, -8.613867]]], [[[115.447852, -8.155176], [115.549414, -8.208301], [115.690918, -8.363574], [115.704297, -8.407129], [115.661426, -8.448242], [115.559961, -8.51416], [115.333789, -8.615723], [115.29502, -8.663672], [115.247168, -8.75752], [115.236133, -8.797559], [115.220215, -8.819531], [115.194238, -8.835449], [115.144922, -8.849023], [115.091504, -8.829395], [115.139746, -8.768945], [115.141602, -8.696875], [115.105664, -8.629492], [115.055078, -8.573047], [114.952051, -8.496387], [114.84209, -8.428516], [114.731348, -8.393945], [114.613184, -8.37832], [114.570898, -8.34541], [114.501758, -8.26084], [114.478906, -8.214746], [114.467578, -8.166309], [114.475293, -8.119434], [114.504297, -8.116602], [114.62002, -8.127734], [114.833008, -8.182617], [114.938477, -8.187109], [114.998145, -8.174414], [115.154004, -8.065723], [115.191016, -8.06748], [115.340234, -8.11543], [115.447852, -8.155176]]], [[[106.045703, -1.669434], [106.080078, -1.738281], [106.127148, -1.800195], [106.161719, -1.866992], [106.208789, -2.188672], [106.365918, -2.464844], [106.818457, -2.57334], [106.744336, -2.617969], [106.706641, -2.658008], [106.678809, -2.704004], [106.612012, -2.895508], [106.618555, -2.936133], [106.657617, -3.001172], [106.667188, -3.071777], [106.610547, -3.071387], [106.546777, -3.055566], [106.496094, -3.029004], [106.44873, -2.994238], [106.397363, -2.966602], [106.341602, -2.94873], [106.250098, -2.894043], [106.125879, -2.855371], [105.99873, -2.824902], [105.937207, -2.743555], [105.908008, -2.643262], [105.939063, -2.493457], [105.907617, -2.451953], [105.862402, -2.41543], [105.806836, -2.307422], [105.78584, -2.181348], [105.705273, -2.132617], [105.599023, -2.103125], [105.552734, -2.079004], [105.342871, -2.125098], [105.292578, -2.114258], [105.247656, -2.079395], [105.133398, -2.042578], [105.137695, -1.972656], [105.191016, -1.916895], [105.316211, -1.860547], [105.374805, -1.813184], [105.386523, -1.750781], [105.364258, -1.705078], [105.373145, -1.657324], [105.412695, -1.611035], [105.45957, -1.574707], [105.585449, -1.526758], [105.64043, -1.610449], [105.667578, -1.680371], [105.700879, -1.731055], [105.754492, -1.658691], [105.72041, -1.533887], [105.816113, -1.506055], [105.910059, -1.50498], [105.980957, -1.53916], [106.027344, -1.593164], [106.045703, -1.669434]]], [[[123.179785, -4.551172], [123.203027, -4.766211], [123.195703, -4.822656], [123.139453, -4.739941], [123.119238, -4.723438], [123.103809, -4.739941], [123.083887, -4.749023], [123.055176, -4.748242], [123.017969, -4.831738], [123.014648, -4.910254], [122.986523, -4.963086], [122.97168, -5.138477], [122.981055, -5.185742], [123.024609, -5.162402], [123.051465, -5.156445], [123.149902, -5.224023], [123.201953, -5.27334], [123.187305, -5.333008], [123.120703, -5.393164], [123.043359, -5.419336], [122.985742, -5.393555], [122.96875, -5.405762], [122.934668, -5.436719], [122.908789, -5.477441], [122.916211, -5.519336], [122.850195, -5.637988], [122.812109, -5.671289], [122.733105, -5.634961], [122.684375, -5.666211], [122.64502, -5.663379], [122.584961, -5.544629], [122.586426, -5.488867], [122.642188, -5.42627], [122.642578, -5.381152], [122.670117, -5.330859], [122.731445, -5.261914], [122.766504, -5.210156], [122.767578, -5.177246], [122.793652, -5.052441], [122.803809, -5.000098], [122.821484, -4.944434], [122.849414, -4.83125], [122.85332, -4.618359], [122.946875, -4.442676], [123.038281, -4.394727], [123.074609, -4.386914], [123.068945, -4.433594], [123.179785, -4.551172]]], [[[122.645117, -5.269434], [122.619336, -5.33584], [122.563867, -5.3875], [122.519727, -5.391211], [122.473633, -5.380664], [122.391992, -5.335449], [122.371289, -5.383105], [122.307031, -5.380957], [122.283105, -5.319531], [122.329004, -5.137695], [122.396289, -5.069824], [122.390039, -4.998535], [122.334473, -4.846582], [122.368945, -4.767188], [122.524414, -4.707129], [122.659961, -4.633887], [122.701953, -4.618652], [122.739746, -4.675], [122.759863, -4.933887], [122.614062, -5.138672], [122.645117, -5.269434]]], [[[108.316016, 3.689648], [108.17959, 3.653076], [108.100391, 3.704541], [108.186133, 3.767969], [108.216406, 3.772168], [108.236133, 3.78457], [108.243262, 3.810352], [108.088477, 3.8521], [108.044531, 3.888965], [108.002344, 3.982861], [108.003516, 4.042578], [108.201953, 4.200488], [108.24834, 4.217139], [108.255566, 4.151758], [108.392871, 3.986182], [108.398828, 3.875977], [108.393555, 3.836182], [108.316016, 3.689648]]], [[[108.207227, -2.997656], [108.191797, -3.103027], [108.167285, -3.142773], [108.083594, -3.194922], [108.055273, -3.226855], [107.977148, -3.221777], [107.967285, -3.166602], [107.941113, -3.129297], [107.858203, -3.086328], [107.836621, -3.09668], [107.821777, -3.160742], [107.65957, -3.205566], [107.614453, -3.209375], [107.636719, -3.124805], [107.594922, -3.058398], [107.591602, -2.976562], [107.583887, -2.940723], [107.563477, -2.920117], [107.604883, -2.863086], [107.598145, -2.799707], [107.641602, -2.731543], [107.666309, -2.566309], [107.837793, -2.530273], [107.874707, -2.559668], [108.074414, -2.596973], [108.215137, -2.696973], [108.290625, -2.82998], [108.207227, -2.997656]]], [[[135.383008, -0.651367], [135.595703, -0.69043], [135.673242, -0.688281], [135.749023, -0.73252], [135.841211, -0.711621], [135.893555, -0.725781], [136.06875, -0.877734], [136.154688, -0.97832], [136.282617, -1.064648], [136.375293, -1.094043], [136.305371, -1.173145], [136.164746, -1.214746], [136.110352, -1.216797], [136.002539, -1.169727], [135.915039, -1.178418], [135.83877, -1.119434], [135.825586, -1.02832], [135.74707, -0.823047], [135.645703, -0.881934], [135.523828, -0.787305], [135.491113, -0.785059], [135.483398, -0.801074], [135.431641, -0.768848], [135.387695, -0.704883], [135.383008, -0.651367]]], [[[135.474219, -1.591797], [135.869141, -1.641992], [135.976172, -1.635547], [136.201563, -1.65498], [136.389648, -1.721582], [136.718555, -1.733984], [136.816699, -1.753809], [136.892578, -1.799707], [136.708594, -1.837695], [136.621875, -1.873047], [136.46084, -1.89043], [136.326074, -1.872461], [136.228125, -1.893652], [136.192578, -1.85918], [136.049219, -1.824121], [135.865723, -1.752148], [135.487598, -1.668359], [135.469727, -1.616211], [135.474219, -1.591797]]], [[[130.813281, -0.004102], [130.986523, -0.046582], [131.025781, -0.039941], [131.276855, -0.149805], [131.316895, -0.204297], [131.302734, -0.241113], [131.339746, -0.290332], [131.25752, -0.365723], [131.217871, -0.374121], [131.177734, -0.345996], [131.097754, -0.330078], [131.005371, -0.360742], [130.946484, -0.337598], [130.89668, -0.268457], [130.808398, -0.226465], [130.683496, -0.080664], [130.622168, -0.085938], [130.638281, -0.142969], [130.691309, -0.180566], [130.761328, -0.291406], [130.801563, -0.302148], [130.843164, -0.29834], [130.899219, -0.344434], [130.896289, -0.416016], [130.750195, -0.443848], [130.699805, -0.391602], [130.688672, -0.296582], [130.606543, -0.328613], [130.574902, -0.361816], [130.550781, -0.366406], [130.496289, -0.267383], [130.340527, -0.262305], [130.236621, -0.209668], [130.287695, -0.154688], [130.294922, -0.101465], [130.3625, -0.072852], [130.430957, -0.098486], [130.499609, -0.060107], [130.54834, -0.069922], [130.584277, -0.04541], [130.722363, -0.029834], [130.813281, -0.004102]]], [[[128.453906, 2.051758], [128.295898, 2.034717], [128.259961, 2.08252], [128.217969, 2.297461], [128.330371, 2.469336], [128.47207, 2.570508], [128.568652, 2.596094], [128.602148, 2.597607], [128.688477, 2.473682], [128.623242, 2.224414], [128.547559, 2.09707], [128.453906, 2.051758]]], [[[128.153027, -1.660547], [128.091797, -1.701172], [128.06123, -1.712402], [127.91377, -1.685156], [127.741016, -1.69082], [127.561621, -1.728516], [127.457617, -1.69668], [127.392188, -1.644824], [127.39502, -1.589844], [127.456738, -1.453711], [127.591797, -1.350781], [127.64668, -1.332422], [127.742969, -1.360254], [127.905078, -1.439063], [128.032813, -1.531641], [128.14873, -1.603711], [128.153027, -1.660547]]], [[[126.055078, -2.45127], [126.037891, -2.469434], [125.97793, -2.41543], [125.937598, -2.262793], [125.903223, -2.222168], [125.862891, -2.077148], [125.873242, -2.035938], [125.922754, -1.974805], [125.962793, -1.975781], [125.992676, -2.011816], [125.975977, -2.168066], [126.065723, -2.36582], [126.055078, -2.45127]]], [[[126.024219, -1.789746], [126.331738, -1.822852], [126.288086, -1.858887], [125.956445, -1.916602], [125.838867, -1.906152], [125.479199, -1.940039], [125.432617, -1.938086], [125.425977, -1.882227], [125.387207, -1.843066], [125.444727, -1.808984], [125.520898, -1.800879], [125.720313, -1.81377], [126.024219, -1.789746]]], [[[124.969531, -1.705469], [125.062988, -1.741016], [125.095898, -1.74082], [125.126758, -1.699316], [125.145801, -1.692578], [125.187891, -1.712891], [125.197656, -1.780273], [125.258203, -1.770898], [125.305371, -1.793945], [125.320215, -1.810059], [125.314063, -1.877148], [125.134766, -1.888965], [125.006738, -1.943066], [124.834473, -1.894434], [124.63916, -1.978223], [124.520605, -2.006934], [124.417773, -2.005176], [124.329688, -1.858887], [124.380859, -1.6875], [124.417578, -1.659277], [124.483008, -1.644336], [124.663965, -1.635938], [124.969531, -1.705469]]], [[[131.325586, -7.999512], [131.30918, -8.01084], [131.184961, -7.997852], [131.11377, -7.997363], [131.123438, -7.921875], [131.086816, -7.865039], [131.136816, -7.781738], [131.137793, -7.684863], [131.190039, -7.671875], [131.197363, -7.616699], [131.260059, -7.470508], [131.296875, -7.438086], [131.349219, -7.425391], [131.411035, -7.340137], [131.446191, -7.315332], [131.482617, -7.250684], [131.535254, -7.220605], [131.530859, -7.165137], [131.560742, -7.135742], [131.643457, -7.112793], [131.700781, -7.140234], [131.736133, -7.19707], [131.643848, -7.266895], [131.691113, -7.438867], [131.624414, -7.626172], [131.580273, -7.682227], [131.498438, -7.730664], [131.473535, -7.77666], [131.377051, -7.869141], [131.347754, -7.948047], [131.343457, -7.981445], [131.325586, -7.999512]]], [[[126.800977, -7.667871], [126.814453, -7.716504], [126.812695, -7.737891], [126.692871, -7.753516], [126.577344, -7.807617], [126.518164, -7.869922], [126.47207, -7.950391], [126.312891, -7.917676], [126.171094, -7.912305], [126.108398, -7.883984], [126.040039, -7.88584], [125.951563, -7.910938], [125.826172, -7.979297], [125.798242, -7.98457], [125.808398, -7.880664], [125.843164, -7.816699], [125.975293, -7.663379], [126.085352, -7.697363], [126.213672, -7.706738], [126.359375, -7.676758], [126.462891, -7.607813], [126.60957, -7.571777], [126.726367, -7.662207], [126.800977, -7.667871]]], [[[124.575586, -8.14082], [124.599609, -8.201758], [124.676855, -8.168066], [124.752246, -8.15957], [124.924121, -8.166016], [125.050293, -8.17959], [125.124609, -8.204785], [125.131738, -8.326465], [125.096777, -8.352832], [124.444238, -8.444629], [124.380664, -8.415137], [124.355566, -8.385938], [124.425977, -8.295801], [124.393555, -8.253027], [124.430664, -8.183203], [124.508594, -8.135449], [124.575586, -8.14082]]], [[[131.001855, -1.315527], [130.966602, -1.343457], [130.845117, -1.317285], [130.782324, -1.255469], [130.739355, -1.172559], [130.712109, -1.104395], [130.704395, -1.050195], [130.667969, -0.983984], [130.672949, -0.959766], [130.897168, -0.890039], [130.939453, -0.915332], [131.033008, -0.917578], [131.073926, -0.968262], [131.046191, -1.188184], [131.001855, -1.315527]]], [[[96.492578, 5.229346], [96.615234, 5.220215], [96.842676, 5.274463], [96.967773, 5.269141], [97.085742, 5.229932], [97.19043, 5.207324], [97.451172, 5.236035], [97.500195, 5.22832], [97.547168, 5.205859], [97.5875, 5.170361], [97.706738, 5.040137], [97.908398, 4.87998], [97.966602, 4.77749], [97.999805, 4.662256], [98.020703, 4.635205], [98.248438, 4.414551], [98.27334, 4.322314], [98.241211, 4.194531], [98.307324, 4.092871], [98.52832, 3.997559], [98.658691, 3.928125], [98.686523, 3.885547], [98.705762, 3.834766], [98.77793, 3.759424], [98.868652, 3.710352], [99.151172, 3.58125], [99.521484, 3.311182], [99.732324, 3.183057], [99.906641, 2.988184], [99.969434, 2.894922], [100.021289, 2.794238], [100.127246, 2.647607], [100.307227, 2.466602], [100.352734, 2.411475], [100.401172, 2.331641], [100.457031, 2.257422], [100.523828, 2.18916], [100.603613, 2.136963], [100.685254, 2.120068], [100.816797, 1.989258], [100.887891, 1.948242], [100.87666, 2.050586], [100.816895, 2.140186], [100.817773, 2.194238], [100.828223, 2.242578], [100.877051, 2.283301], [100.935938, 2.294727], [101.046191, 2.257471], [101.225195, 2.102246], [101.300781, 2.011816], [101.357617, 1.887012], [101.405078, 1.757422], [101.47666, 1.693066], [101.575, 1.670557], [101.684277, 1.66123], [101.784766, 1.621387], [102.019922, 1.442139], [102.098047, 1.35791], [102.157227, 1.258887], [102.197949, 1.141699], [102.22334, 1.018701], [102.239062, 0.990332], [102.389941, 0.841992], [102.469238, 0.779297], [102.566406, 0.748828], [102.849414, 0.715479], [102.949316, 0.664209], [103.031836, 0.578906], [103.066504, 0.491992], [103.00752, 0.415332], [102.786328, 0.297754], [102.55, 0.216455], [102.77959, 0.244482], [102.895898, 0.278613], [103.002832, 0.331982], [103.108691, 0.399805], [103.276563, 0.494531], [103.338965, 0.513721], [103.412305, 0.506934], [103.478906, 0.480176], [103.578711, 0.387061], [103.672656, 0.288916], [103.742773, 0.174414], [103.786719, 0.046973], [103.706445, -0.01958], [103.589453, -0.06875], [103.428516, -0.191797], [103.411621, -0.24043], [103.444434, -0.27168], [103.405176, -0.362207], [103.49541, -0.418066], [103.50918, -0.465527], [103.431152, -0.533594], [103.438574, -0.575586], [103.532715, -0.754688], [103.577539, -0.795703], [103.721094, -0.886719], [103.940039, -0.979102], [104.061133, -1.021387], [104.198535, -1.054297], [104.25752, -1.053418], [104.360547, -1.038379], [104.38125, -1.074219], [104.425684, -1.250684], [104.446875, -1.362402], [104.47832, -1.600098], [104.518555, -1.69873], [104.515918, -1.819434], [104.56875, -1.921777], [104.676367, -1.987207], [104.791016, -2.04082], [104.845215, -2.092969], [104.844531, -2.171777], [104.826074, -2.23418], [104.787305, -2.282715], [104.668457, -2.385547], [104.647266, -2.429883], [104.630566, -2.543359], [104.650781, -2.595215], [104.69834, -2.598145], [104.735742, -2.570898], [104.878418, -2.418848], [104.916992, -2.392188], [104.970801, -2.370898], [105.025879, -2.35752], [105.286523, -2.35625], [105.396973, -2.380176], [105.495313, -2.429688], [105.582031, -2.491992], [105.899121, -2.887793], [106.044336, -3.10625], [106.055762, -3.160645], [106.058398, -3.217188], [106.033691, -3.260938], [105.901465, -3.410059], [105.885059, -3.45127], [105.84375, -3.613672], [105.851562, -3.730566], [105.895508, -3.779688], [105.930469, -3.833008], [105.927734, -3.881348], [105.840625, -4.121777], [105.831445, -4.162891], [105.886523, -4.553906], [105.890527, -4.659766], [105.879297, -4.793652], [105.887207, -5.00957], [105.816113, -5.676563], [105.802734, -5.716406], [105.74834, -5.818262], [105.676562, -5.817578], [105.618555, -5.799609], [105.57793, -5.760645], [105.555566, -5.712305], [105.522656, -5.672754], [105.349414, -5.549512], [105.304004, -5.57002], [105.128125, -5.722852], [105.081348, -5.745508], [105.022656, -5.726855], [104.930273, -5.681152], [104.639551, -5.52041], [104.62168, -5.571777], [104.618164, -5.641504], [104.675977, -5.816211], [104.683984, -5.892676], [104.631055, -5.90791], [104.601562, -5.90459], [104.480859, -5.803125], [104.369531, -5.690723], [104.242969, -5.538867], [104.150488, -5.466602], [104.066797, -5.385938], [103.831445, -5.07959], [103.770312, -5.032813], [103.405664, -4.816406], [103.332129, -4.765234], [103.238867, -4.675684], [103.138672, -4.596191], [102.918945, -4.470703], [102.537695, -4.152148], [102.371973, -3.969238], [102.187695, -3.674512], [102.127539, -3.599219], [101.817871, -3.378027], [101.649023, -3.244043], [101.578613, -3.166992], [101.414258, -2.898828], [101.366211, -2.808496], [101.305664, -2.728711], [101.20625, -2.663965], [101.118555, -2.587793], [100.944434, -2.345215], [100.889551, -2.248535], [100.848047, -2.143945], [100.855273, -1.93418], [100.486523, -1.299121], [100.393945, -1.10127], [100.308203, -0.82666], [100.289062, -0.798828], [100.087891, -0.55293], [100.016699, -0.474219], [99.930664, -0.400195], [99.860059, -0.31377], [99.721289, -0.032959], [99.669824, 0.045068], [99.597656, 0.102441], [99.33457, 0.208594], [99.236426, 0.267773], [99.15918, 0.351758], [99.111719, 0.458936], [99.05957, 0.686377], [98.935547, 1.031934], [98.796387, 1.494629], [98.702539, 1.701953], [98.595313, 1.8646], [98.564258, 1.902148], [98.086523, 2.195068], [98.005078, 2.238184], [97.918555, 2.264209], [97.79502, 2.282861], [97.700781, 2.358545], [97.662012, 2.494287], [97.640625, 2.676416], [97.616797, 2.785107], [97.59082, 2.846582], [97.391309, 2.975293], [97.313184, 3.077051], [97.247949, 3.189014], [97.188379, 3.275732], [96.968945, 3.575146], [96.893945, 3.653711], [96.800977, 3.708545], [96.525391, 3.766602], [96.444727, 3.816309], [96.31084, 3.986328], [96.230078, 4.072754], [95.987988, 4.263281], [95.578613, 4.661963], [95.494727, 4.761377], [95.431934, 4.865039], [95.38125, 4.976172], [95.206641, 5.284033], [95.220703, 5.34624], [95.24707, 5.410791], [95.242969, 5.464307], [95.223828, 5.51709], [95.227832, 5.564795], [95.27959, 5.592871], [95.396094, 5.628809], [95.516992, 5.624609], [95.628906, 5.609082], [95.737305, 5.579297], [95.841309, 5.514502], [96.027344, 5.351172], [96.133301, 5.294287], [96.250879, 5.266992], [96.492578, 5.229346]]], [[[122.78291, -8.611719], [122.641504, -8.647266], [122.553809, -8.680957], [122.470215, -8.725488], [122.417285, -8.734668], [122.321484, -8.738281], [122.185742, -8.730273], [122.094141, -8.744727], [121.838672, -8.860352], [121.738281, -8.87041], [121.651367, -8.89873], [121.621289, -8.853809], [121.58457, -8.820605], [121.499609, -8.812207], [121.414648, -8.814844], [121.32832, -8.916895], [121.19082, -8.895508], [121.1375, -8.904492], [121.086133, -8.925977], [121.035254, -8.935449], [120.981836, -8.92832], [120.780957, -8.848828], [120.550488, -8.801855], [120.319531, -8.820312], [120.120898, -8.776953], [120.012109, -8.810156], [119.909375, -8.857617], [119.879102, -8.807617], [119.841406, -8.763574], [119.80791, -8.697656], [119.807031, -8.622949], [119.818164, -8.570508], [119.847656, -8.522852], [119.866113, -8.473145], [119.874805, -8.419824], [119.918262, -8.445117], [119.96377, -8.435547], [120.099219, -8.377539], [120.231152, -8.289844], [120.354102, -8.257812], [120.424902, -8.248926], [120.485547, -8.266113], [120.547168, -8.259863], [120.610254, -8.24043], [120.70957, -8.307813], [120.751367, -8.321484], [120.886133, -8.32666], [121.008691, -8.365527], [121.118164, -8.423535], [121.27666, -8.47793], [121.371973, -8.550879], [121.444531, -8.577832], [121.498438, -8.585156], [121.547949, -8.575293], [121.610352, -8.526172], [121.683398, -8.505859], [121.74707, -8.506641], [121.862891, -8.493945], [121.911719, -8.482129], [121.966504, -8.455176], [122.020117, -8.471875], [122.06709, -8.49668], [122.263086, -8.624902], [122.323242, -8.62832], [122.433496, -8.600781], [122.466602, -8.566406], [122.483594, -8.513574], [122.51377, -8.469629], [122.555859, -8.431543], [122.603516, -8.402441], [122.75, -8.353125], [122.850488, -8.304395], [122.919141, -8.221875], [122.758594, -8.185938], [122.792383, -8.126563], [122.845703, -8.093262], [122.916992, -8.105566], [122.97832, -8.151953], [123.005957, -8.329102], [122.955469, -8.354102], [122.923633, -8.380957], [122.902148, -8.416309], [122.811133, -8.481152], [122.846777, -8.562207], [122.82002, -8.595703], [122.78291, -8.611719]]], [[[120.0125, -9.374707], [120.057617, -9.419727], [120.221094, -9.506348], [120.248047, -9.542871], [120.258301, -9.603125], [120.291113, -9.647852], [120.364746, -9.654688], [120.443652, -9.645605], [120.503711, -9.674023], [120.555566, -9.719043], [120.632617, -9.806445], [120.700391, -9.903125], [120.784473, -9.957031], [120.832617, -10.0375], [120.804199, -10.108496], [120.698047, -10.206641], [120.64043, -10.22793], [120.561719, -10.235645], [120.43916, -10.294043], [120.394531, -10.263477], [120.255469, -10.242285], [120.144824, -10.200098], [120.051953, -10.122852], [119.998438, -10.039746], [119.930664, -9.966504], [119.812793, -9.91748], [119.601074, -9.773535], [119.470313, -9.760547], [119.416504, -9.771094], [119.362598, -9.771777], [119.085449, -9.706934], [119.042383, -9.669043], [119.008398, -9.620508], [118.977344, -9.572852], [118.958789, -9.519336], [118.994141, -9.47207], [119.031445, -9.440234], [119.185645, -9.384473], [119.295898, -9.367188], [119.423926, -9.369824], [119.614746, -9.352441], [119.795117, -9.380469], [119.850781, -9.35957], [119.94209, -9.301465], [119.973828, -9.321582], [120.0125, -9.374707]]], [[[118.242383, -8.317773], [118.292383, -8.357227], [118.337891, -8.353516], [118.433203, -8.293262], [118.490625, -8.271484], [118.552148, -8.27041], [118.611914, -8.280664], [118.670605, -8.323438], [118.691797, -8.393457], [118.713867, -8.414941], [118.74834, -8.331152], [118.794238, -8.305859], [118.845703, -8.293066], [118.926172, -8.297656], [118.987793, -8.337695], [119.043848, -8.456738], [119.04209, -8.560938], [119.0625, -8.599805], [119.101074, -8.628223], [119.129687, -8.668164], [119.104199, -8.709961], [119.078906, -8.730469], [119.00625, -8.749609], [118.971484, -8.741211], [118.939355, -8.713086], [118.90332, -8.702734], [118.821191, -8.712109], [118.745898, -8.735449], [118.75625, -8.773633], [118.818066, -8.79082], [118.836719, -8.808887], [118.832617, -8.833398], [118.808301, -8.838281], [118.72793, -8.805273], [118.673633, -8.811914], [118.478613, -8.856445], [118.426953, -8.855469], [118.397852, -8.813379], [118.399902, -8.703711], [118.378906, -8.674609], [118.233984, -8.807813], [118.189941, -8.840527], [118.131543, -8.855957], [118.070703, -8.850586], [117.86123, -8.931445], [117.79541, -8.920117], [117.731641, -8.919922], [117.50791, -9.00752], [117.387891, -9.031934], [117.326367, -9.033691], [117.265039, -9.026172], [117.210254, -9.034082], [117.16123, -9.069238], [117.061328, -9.099023], [116.958203, -9.076367], [116.871094, -9.046191], [116.788477, -9.006348], [116.767969, -8.955469], [116.77207, -8.894336], [116.806934, -8.810938], [116.783105, -8.664648], [116.80127, -8.597949], [116.835059, -8.532422], [116.88623, -8.508301], [116.953125, -8.503418], [117.063672, -8.444434], [117.164844, -8.367188], [117.223633, -8.374512], [117.356641, -8.428516], [117.43457, -8.434961], [117.56709, -8.426367], [117.621777, -8.45957], [117.643359, -8.535547], [117.672852, -8.563281], [117.712109, -8.582617], [117.806055, -8.711133], [117.893164, -8.704395], [117.969531, -8.728027], [118.104102, -8.650293], [118.205957, -8.652148], [118.234863, -8.591895], [118.174023, -8.527539], [118.100488, -8.475195], [118.061035, -8.464258], [118.017871, -8.467383], [117.979102, -8.458887], [117.814844, -8.34209], [117.766406, -8.279004], [117.738379, -8.20459], [117.755273, -8.149512], [117.868262, -8.100879], [117.920996, -8.089063], [118.11748, -8.122266], [118.150684, -8.15], [118.202832, -8.267285], [118.242383, -8.317773]]], [[[124.888867, 0.995312], [124.698145, 0.825586], [124.639844, 0.743555], [124.589063, 0.655273], [124.514063, 0.557129], [124.427539, 0.470605], [124.384375, 0.444971], [124.278027, 0.398438], [124.216797, 0.380371], [124.101367, 0.374561], [123.753809, 0.305518], [123.639648, 0.297461], [123.525977, 0.300342], [123.310449, 0.317578], [123.26543, 0.326611], [123.179492, 0.415527], [123.08252, 0.48584], [122.996875, 0.493506], [122.90957, 0.485986], [122.280762, 0.481055], [122.060938, 0.468018], [121.841992, 0.436572], [121.722754, 0.450879], [121.60459, 0.486133], [121.515723, 0.498437], [121.425781, 0.494824], [121.012988, 0.441699], [120.90918, 0.446777], [120.700391, 0.514697], [120.579004, 0.52832], [120.459961, 0.510303], [120.349023, 0.449219], [120.307031, 0.408252], [120.192285, 0.268506], [120.127344, 0.166553], [120.07832, 0.039746], [120.036035, -0.089941], [120.013281, -0.196191], [120.012109, -0.307129], [120.031738, -0.432031], [120.062891, -0.555566], [120.097461, -0.649902], [120.240625, -0.868262], [120.269824, -0.899219], [120.425391, -0.960645], [120.517578, -1.039453], [120.605078, -1.258496], [120.667383, -1.370117], [120.728613, -1.371484], [120.796973, -1.363672], [120.91582, -1.377832], [121.033691, -1.406543], [121.148535, -1.339453], [121.212598, -1.2125], [121.276855, -1.118164], [121.431348, -0.938574], [121.519336, -0.855566], [121.575586, -0.828516], [121.632715, -0.840332], [121.681152, -0.887891], [121.737695, -0.925684], [121.853125, -0.945996], [121.969629, -0.933301], [122.093652, -0.875], [122.138086, -0.839258], [122.174902, -0.79375], [122.27998, -0.757031], [122.529688, -0.756641], [122.658789, -0.769824], [122.88877, -0.755176], [122.885547, -0.72207], [122.841113, -0.687012], [122.829492, -0.658887], [122.872266, -0.640723], [123.02041, -0.599805], [123.171484, -0.570703], [123.281445, -0.591504], [123.379687, -0.648535], [123.417383, -0.707422], [123.43418, -0.778223], [123.396289, -0.961621], [123.37793, -1.004102], [123.299609, -1.026074], [123.225781, -1.001758], [123.152734, -0.907031], [123.049414, -0.872363], [122.902832, -0.900977], [122.852539, -0.928125], [122.807422, -0.966016], [122.724609, -1.064258], [122.655664, -1.175195], [122.506641, -1.347852], [122.33418, -1.497852], [122.250684, -1.555273], [122.157617, -1.593945], [121.858594, -1.693262], [121.779883, -1.766992], [121.71875, -1.862793], [121.650977, -1.89541], [121.572656, -1.905762], [121.513867, -1.887793], [121.394727, -1.833789], [121.355469, -1.878223], [121.348828, -1.945996], [121.40752, -1.970117], [121.501953, -2.04502], [121.575, -2.150879], [121.621875, -2.173633], [121.725977, -2.208008], [121.769727, -2.240918], [121.848242, -2.331543], [121.971875, -2.542383], [122.013965, -2.656445], [122.082617, -2.749512], [122.291699, -2.907617], [122.30332, -2.952246], [122.29043, -3.004199], [122.306543, -3.051563], [122.38125, -3.142383], [122.399023, -3.200879], [122.317285, -3.275098], [122.312793, -3.382715], [122.262695, -3.527441], [122.251367, -3.57627], [122.25293, -3.62041], [122.288086, -3.661621], [122.329102, -3.694238], [122.385352, -3.711426], [122.43457, -3.739844], [122.529199, -3.852637], [122.578613, -3.882324], [122.609961, -3.923438], [122.606738, -3.984668], [122.649902, -4.020508], [122.689648, -4.084473], [122.750391, -4.1], [122.778809, -4.081641], [122.798242, -4.054199], [122.847949, -4.064551], [122.877344, -4.109082], [122.894336, -4.166309], [122.899805, -4.229395], [122.897363, -4.349121], [122.872266, -4.391992], [122.817578, -4.389941], [122.719727, -4.340723], [122.715039, -4.37627], [122.72168, -4.410742], [122.671875, -4.422168], [122.614746, -4.417383], [122.471387, -4.42207], [122.207129, -4.496387], [122.114258, -4.540234], [122.054199, -4.620117], [122.05, -4.675293], [122.073242, -4.791699], [122.038086, -4.832422], [121.916992, -4.847949], [121.748047, -4.816699], [121.645703, -4.785645], [121.588672, -4.75957], [121.514355, -4.68125], [121.486523, -4.581055], [121.541211, -4.28291], [121.556738, -4.244629], [121.583398, -4.210547], [121.611523, -4.156348], [121.618066, -4.092676], [121.537402, -4.014844], [121.41582, -3.984277], [121.312695, -3.919434], [120.914258, -3.555762], [120.891797, -3.520605], [120.890918, -3.460352], [120.906934, -3.404004], [121.037891, -3.205176], [121.054297, -3.16709], [121.070312, -3.010156], [121.066797, -2.880957], [121.052148, -2.75166], [120.990137, -2.670313], [120.879395, -2.645605], [120.765039, -2.641602], [120.653613, -2.667578], [120.543945, -2.732617], [120.341406, -2.869629], [120.261035, -2.949316], [120.254102, -3.052832], [120.300488, -3.154297], [120.360449, -3.246875], [120.392383, -3.348145], [120.436621, -3.707324], [120.435156, -3.747852], [120.383008, -3.852344], [120.3625, -4.085742], [120.38457, -4.415137], [120.420117, -4.617383], [120.40498, -4.727246], [120.310156, -4.963184], [120.281445, -5.092676], [120.279297, -5.146094], [120.390918, -5.392578], [120.416602, -5.490039], [120.430371, -5.591016], [120.311621, -5.541602], [120.256445, -5.544141], [120.200781, -5.559375], [120.077051, -5.575488], [119.951563, -5.577637], [119.907617, -5.596289], [119.818457, -5.661816], [119.764453, -5.688281], [119.717285, -5.693359], [119.557422, -5.611035], [119.463086, -5.52168], [119.376172, -5.424805], [119.360352, -5.31416], [119.390625, -5.200586], [119.433594, -5.079199], [119.519531, -4.877344], [119.515527, -4.741895], [119.544922, -4.630859], [119.594043, -4.523145], [119.611719, -4.423535], [119.623633, -4.034375], [119.611426, -3.999805], [119.493652, -3.768555], [119.480078, -3.729785], [119.479297, -3.667383], [119.491992, -3.607813], [119.494531, -3.554102], [119.46748, -3.512988], [119.419824, -3.475391], [119.362109, -3.458984], [119.240039, -3.475293], [118.994629, -3.537598], [118.922168, -3.482715], [118.867676, -3.398047], [118.832812, -3.280176], [118.8125, -3.156641], [118.821875, -3.040625], [118.858105, -2.928516], [118.828906, -2.850098], [118.783691, -2.764746], [118.783301, -2.720801], [118.808984, -2.682324], [118.85332, -2.650195], [118.90752, -2.631445], [118.958203, -2.597461], [119.092188, -2.48291], [119.135352, -2.382324], [119.138184, -2.258496], [119.172266, -2.140039], [119.24082, -2.030957], [119.321875, -1.929688], [119.348242, -1.825293], [119.308301, -1.659668], [119.324121, -1.584277], [119.310352, -1.495703], [119.308984, -1.408203], [119.35918, -1.243457], [119.508203, -0.906738], [119.653516, -0.72793], [119.711328, -0.680762], [119.786719, -0.763965], [119.844336, -0.861914], [119.845215, -0.773242], [119.829883, -0.686328], [119.77168, -0.483594], [119.721875, -0.088477], [119.73584, -0.051025], [119.786523, -0.056982], [119.838281, -0.022119], [119.865625, 0.040088], [119.811719, 0.186914], [119.809277, 0.238672], [119.913281, 0.445068], [119.998047, 0.520215], [120.035156, 0.566602], [120.056445, 0.692529], [120.100586, 0.740137], [120.156543, 0.77417], [120.229785, 0.86123], [120.269531, 0.970801], [120.293848, 0.97915], [120.322461, 0.983154], [120.366504, 0.887549], [120.416016, 0.848682], [120.516602, 0.817529], [120.602539, 0.854395], [120.626465, 0.902393], [120.658887, 0.943652], [120.711035, 0.98667], [120.754883, 1.035645], [120.803613, 1.149268], [120.867969, 1.252832], [120.912109, 1.288965], [120.96543, 1.311816], [121.024609, 1.325781], [121.081738, 1.327637], [121.208398, 1.2625], [121.281738, 1.249805], [121.356738, 1.254541], [121.404102, 1.243604], [121.440039, 1.214404], [121.472754, 1.155518], [121.513281, 1.104736], [121.550684, 1.079687], [121.591797, 1.067969], [121.867383, 1.088525], [122.108203, 1.031152], [122.436621, 1.018066], [122.549316, 0.984473], [122.657422, 0.940576], [122.789844, 0.862891], [122.838281, 0.845703], [122.89248, 0.85], [122.960059, 0.922998], [123.012793, 0.938965], [123.066504, 0.941797], [123.278125, 0.928076], [123.84668, 0.838184], [123.930762, 0.850439], [124.273633, 1.022266], [124.41084, 1.185107], [124.533691, 1.230469], [124.575391, 1.304053], [124.600195, 1.392432], [124.64375, 1.416162], [124.74668, 1.441406], [124.787695, 1.467578], [124.860645, 1.576025], [124.94707, 1.672168], [124.989258, 1.701025], [125.110938, 1.685693], [125.164844, 1.643652], [125.233789, 1.502295], [125.22168, 1.478711], [125.140918, 1.408398], [125.11748, 1.378906], [125.028027, 1.180225], [124.966797, 1.082617], [124.888867, 0.995312]]], [[[107.373926, -6.007617], [107.474707, -6.121777], [107.562988, -6.182715], [107.666797, -6.21582], [107.776074, -6.218945], [107.883789, -6.233301], [108.008789, -6.276953], [108.137598, -6.29668], [108.197461, -6.289062], [108.254492, -6.266602], [108.29502, -6.265039], [108.330176, -6.286035], [108.419141, -6.382812], [108.515918, -6.471191], [108.537988, -6.516211], [108.603613, -6.729199], [108.677832, -6.790527], [108.779688, -6.808301], [108.899414, -6.808398], [109.018359, -6.817285], [109.294238, -6.866992], [109.403711, -6.860156], [109.500586, -6.810156], [109.586914, -6.842578], [109.820996, -6.902441], [109.93623, -6.91582], [110.06709, -6.89873], [110.198438, -6.895117], [110.260938, -6.912402], [110.321094, -6.938379], [110.372754, -6.947754], [110.42627, -6.947266], [110.520898, -6.897266], [110.583594, -6.805664], [110.634277, -6.690137], [110.674023, -6.569824], [110.700781, -6.518066], [110.736914, -6.472363], [110.78418, -6.442676], [110.834766, -6.424219], [110.972266, -6.435645], [111.000684, -6.464746], [111.154395, -6.669043], [111.181543, -6.686719], [111.34209, -6.699512], [111.386523, -6.692871], [111.484473, -6.651855], [111.540332, -6.648242], [111.643555, -6.69873], [111.688086, -6.741699], [111.737598, -6.773438], [111.989844, -6.805957], [112.087305, -6.893359], [112.136719, -6.905078], [112.312305, -6.894434], [112.433594, -6.903027], [112.539258, -6.926465], [112.586914, -7.050586], [112.625977, -7.178027], [112.64873, -7.221289], [112.751953, -7.265039], [112.794336, -7.304492], [112.78291, -7.431641], [112.794531, -7.552441], [113.013574, -7.657715], [113.248438, -7.718164], [113.497656, -7.723828], [113.747461, -7.703027], [113.87627, -7.677246], [114.037305, -7.632129], [114.070703, -7.633008], [114.382715, -7.771094], [114.409277, -7.79248], [114.444238, -7.895605], [114.443262, -8.00459], [114.384961, -8.263281], [114.381348, -8.334277], [114.386914, -8.405176], [114.448828, -8.559277], [114.481738, -8.603809], [114.59502, -8.684766], [114.599219, -8.727246], [114.583789, -8.769629], [114.45918, -8.740527], [114.383203, -8.705371], [114.339258, -8.647363], [114.276953, -8.614648], [114.159668, -8.626465], [113.940332, -8.568359], [113.692578, -8.478027], [113.25332, -8.286719], [113.133691, -8.288281], [113.018945, -8.312695], [112.897754, -8.361426], [112.77168, -8.396094], [112.678809, -8.40918], [112.586035, -8.399609], [112.351562, -8.353613], [112.115137, -8.323926], [111.509961, -8.305078], [111.338574, -8.261719], [111.055371, -8.239551], [110.830176, -8.201953], [110.607227, -8.149414], [110.038672, -7.890527], [109.852637, -7.828418], [109.281641, -7.704883], [109.193555, -7.694922], [108.986719, -7.704102], [108.85625, -7.667871], [108.741211, -7.66709], [108.570508, -7.707227], [108.517969, -7.736035], [108.451758, -7.796973], [108.335547, -7.794043], [108.220508, -7.782324], [107.91748, -7.724121], [107.804395, -7.688379], [107.695801, -7.635547], [107.597852, -7.566699], [107.546875, -7.541895], [107.284961, -7.47168], [107.071191, -7.447461], [106.631445, -7.415527], [106.535352, -7.394238], [106.455273, -7.368652], [106.411328, -7.311719], [106.416895, -7.239355], [106.448438, -7.176758], [106.491504, -7.113867], [106.519727, -7.053711], [106.198242, -6.927832], [105.944336, -6.858984], [105.834766, -6.845801], [105.724805, -6.846094], [105.600977, -6.860352], [105.478418, -6.853711], [105.420801, -6.833203], [105.361914, -6.826172], [105.30293, -6.841016], [105.255469, -6.835254], [105.243164, -6.778027], [105.273438, -6.729395], [105.335645, -6.674121], [105.370898, -6.664355], [105.387012, -6.750781], [105.404688, -6.767969], [105.459766, -6.786914], [105.483691, -6.781543], [105.580859, -6.670996], [105.608008, -6.616699], [105.655078, -6.469531], [105.706055, -6.497949], [105.757422, -6.480371], [105.786914, -6.456934], [105.868262, -6.116406], [105.936133, -6.016992], [106.028809, -5.934277], [106.075, -5.91416], [106.16582, -5.964746], [106.349707, -5.984082], [106.459082, -6.017578], [106.56875, -6.021875], [106.675879, -6.038379], [106.825195, -6.098242], [106.87793, -6.091992], [106.931641, -6.073438], [107.011621, -6.008496], [107.046289, -5.904199], [107.162109, -5.957129], [107.331836, -5.978125], [107.373926, -6.007617]]], [[[109.628906, 2.027539], [109.538965, 1.896191], [109.548926, 1.84834], [109.570801, 1.806299], [109.63584, 1.77666], [109.654004, 1.614893], [109.735742, 1.522949], [109.818066, 1.438965], [109.878516, 1.397852], [109.944922, 1.338037], [109.991699, 1.282568], [110.04082, 1.235742], [110.114746, 1.190137], [110.315234, 0.995996], [110.399023, 0.939062], [110.461426, 0.88208], [110.505762, 0.861963], [110.614746, 0.878125], [110.938086, 1.017334], [110.996094, 1.026367], [111.101367, 1.050537], [111.286719, 1.043213], [111.483203, 0.995752], [111.54668, 0.994336], [111.607422, 1.022607], [111.691309, 1.014209], [111.769727, 0.999463], [111.808984, 1.01167], [111.923145, 1.113281], [112.078516, 1.143359], [112.128613, 1.243604], [112.167383, 1.338184], [112.185742, 1.439062], [112.250684, 1.479639], [112.341602, 1.514746], [112.476172, 1.559082], [112.942969, 1.566992], [112.988281, 1.547559], [112.998047, 1.49624], [112.988281, 1.457129], [113.006543, 1.433887], [113.068652, 1.431787], [113.12627, 1.408105], [113.358984, 1.327148], [113.458203, 1.302148], [113.513184, 1.308398], [113.622266, 1.235937], [113.681641, 1.260596], [113.760352, 1.311377], [113.835254, 1.379883], [113.902344, 1.434277], [114, 1.455273], [114.125977, 1.452344], [114.274707, 1.470898], [114.387109, 1.500049], [114.5125, 1.452002], [114.545898, 1.467139], [114.56748, 1.51416], [114.632227, 1.617041], [114.660937, 1.686279], [114.686133, 1.819043], [114.703516, 1.850781], [114.751074, 1.868994], [114.8, 1.893945], [114.812695, 1.933789], [114.830566, 1.980029], [114.81582, 2.018945], [114.787988, 2.051611], [114.758691, 2.162402], [114.768359, 2.212939], [114.786426, 2.250488], [114.836328, 2.269385], [114.969141, 2.35083], [115.086523, 2.446143], [115.150781, 2.49292], [115.179102, 2.523193], [115.180859, 2.566895], [115.129883, 2.612402], [115.080762, 2.634229], [115.077051, 2.687012], [115.078906, 2.723437], [115.093652, 2.757812], [115.086523, 2.791211], [115.086328, 2.841113], [115.117578, 2.894873], [115.189941, 2.974463], [115.246973, 3.025928], [115.310156, 2.993945], [115.38418, 3.00874], [115.454395, 3.034326], [115.493164, 3.128125], [115.499121, 3.173145], [115.489746, 3.208643], [115.514258, 3.342383], [115.519922, 3.36167], [115.566113, 3.445752], [115.570703, 3.502295], [115.544531, 3.633691], [115.560938, 3.733057], [115.568457, 3.93877], [115.596094, 3.975537], [115.627539, 4.081982], [115.678809, 4.193018], [115.782422, 4.25376], [115.836816, 4.333301], [115.860742, 4.348047], [115.896191, 4.348682], [116.021582, 4.290674], [116.134473, 4.355176], [116.23623, 4.362549], [116.320312, 4.353711], [116.367676, 4.327344], [116.414551, 4.308203], [116.514746, 4.370801], [116.553125, 4.359863], [116.589063, 4.338428], [116.638672, 4.339111], [116.697852, 4.35498], [116.843555, 4.340137], [117.100586, 4.337061], [117.277539, 4.299316], [117.450879, 4.192871], [117.537305, 4.171387], [117.574414, 4.170605], [117.566211, 4.162305], [117.497461, 4.133398], [117.465332, 4.076074], [117.559375, 3.98833], [117.566016, 3.929932], [117.639063, 3.877979], [117.728223, 3.796729], [117.731738, 3.770264], [117.762012, 3.733887], [117.777246, 3.689258], [117.714453, 3.644824], [117.629883, 3.636328], [117.567383, 3.678271], [117.509668, 3.730371], [117.494922, 3.665576], [117.450391, 3.628516], [117.287891, 3.639307], [117.171582, 3.638965], [117.055957, 3.622656], [117.113867, 3.612646], [117.166406, 3.591992], [117.346289, 3.426611], [117.384668, 3.365381], [117.321875, 3.243555], [117.352441, 3.19375], [117.42207, 3.165186], [117.506836, 3.10459], [117.567187, 3.098486], [117.610645, 3.064355], [117.612402, 3.004883], [117.637891, 2.95083], [117.569141, 2.929297], [117.637207, 2.914941], [117.697656, 2.887305], [117.664551, 2.859277], [117.638867, 2.825293], [117.666797, 2.806934], [117.749707, 2.775586], [117.785937, 2.746777], [117.804883, 2.668945], [117.885742, 2.541748], [118.03418, 2.377637], [118.066602, 2.317822], [118.066309, 2.262744], [118.041602, 2.21543], [117.957031, 2.159961], [117.889258, 2.087012], [117.881055, 2.060645], [117.789258, 2.026855], [117.83125, 2.002002], [117.864648, 1.968408], [117.928418, 1.866797], [118.080371, 1.701855], [118.156836, 1.640332], [118.47168, 1.416455], [118.638965, 1.318994], [118.852539, 1.09585], [118.963477, 1.044287], [118.984961, 0.982129], [118.892383, 0.886865], [118.757422, 0.839209], [118.534766, 0.813525], [118.311523, 0.84707], [118.196094, 0.874365], [118.095508, 0.92915], [118.016309, 1.03916], [117.911621, 1.098682], [117.951953, 1.031982], [117.977344, 0.963818], [117.964258, 0.889551], [117.923047, 0.831348], [117.852539, 0.788672], [117.776953, 0.754004], [117.745117, 0.729639], [117.55332, 0.341016], [117.522168, 0.235889], [117.46377, -0.200488], [117.462891, -0.32373], [117.548926, -0.554395], [117.556836, -0.675293], [117.573828, -0.727539], [117.5625, -0.770898], [117.521777, -0.79668], [117.357129, -0.867188], [117.240723, -0.925684], [117.146484, -1.008984], [117.070215, -1.112695], [117.003223, -1.187695], [116.913965, -1.223633], [116.849414, -1.218262], [116.79707, -1.183789], [116.760547, -1.117188], [116.739844, -1.044238], [116.726172, -1.098145], [116.728711, -1.150781], [116.759277, -1.207129], [116.770996, -1.266602], [116.753418, -1.327344], [116.715234, -1.375781], [116.611621, -1.428613], [116.554492, -1.473926], [116.545117, -1.553125], [116.517578, -1.598047], [116.47793, -1.632812], [116.332129, -1.7125], [116.299609, -1.744336], [116.275488, -1.784863], [116.353223, -1.778613], [116.424316, -1.784863], [116.42959, -1.86416], [116.451953, -1.923145], [116.423535, -2.052539], [116.313965, -2.139844], [116.368652, -2.158203], [116.418164, -2.186719], [116.528125, -2.20791], [116.56543, -2.299707], [116.549219, -2.41084], [116.529297, -2.510547], [116.450391, -2.538281], [116.40127, -2.519824], [116.352539, -2.521582], [116.316797, -2.551855], [116.307227, -2.60332], [116.375488, -2.578027], [116.37168, -2.706836], [116.353223, -2.832715], [116.330664, -2.902148], [116.288867, -2.958789], [116.225781, -2.976953], [116.166309, -2.93457], [116.154102, -2.983789], [116.172266, -3.025293], [116.257227, -3.126367], [116.205078, -3.148535], [116.16709, -3.183008], [116.15, -3.233203], [116.05752, -3.348242], [116.016699, -3.432813], [115.999414, -3.52334], [115.956152, -3.59502], [115.258203, -3.906836], [114.693555, -4.169727], [114.652539, -4.151855], [114.625293, -4.111719], [114.605957, -3.70332], [114.536133, -3.494434], [114.525586, -3.37666], [114.445996, -3.481836], [114.397168, -3.471191], [114.344336, -3.444434], [114.30459, -3.410059], [114.30166, -3.364746], [114.344336, -3.235156], [114.292676, -3.30625], [114.236328, -3.361133], [114.17793, -3.354395], [114.127637, -3.327246], [114.108984, -3.285156], [114.082227, -3.278906], [113.958789, -3.394336], [113.795801, -3.45625], [113.705078, -3.455273], [113.633594, -3.419922], [113.637305, -3.332031], [113.630078, -3.246094], [113.610059, -3.195703], [113.566309, -3.177734], [113.525977, -3.184082], [113.408984, -3.228906], [113.367188, -3.223633], [113.343164, -3.246484], [113.033984, -2.933496], [112.971484, -3.187109], [112.758008, -3.322168], [112.600293, -3.400488], [112.443945, -3.371094], [112.284961, -3.320996], [112.12666, -3.381445], [111.954883, -3.529688], [111.907422, -3.552539], [111.858105, -3.551855], [111.82207, -3.53252], [111.834375, -3.420117], [111.835938, -3.307715], [111.823047, -3.057227], [111.809375, -3.008008], [111.760156, -2.93916], [111.694727, -2.889453], [111.658301, -2.925781], [111.625488, -2.975488], [111.494922, -2.97334], [111.367578, -2.933691], [111.25918, -2.956445], [111.044336, -3.055762], [110.930078, -3.071094], [110.86875, -3.04873], [110.829688, -2.995117], [110.852051, -2.946191], [110.899316, -2.908594], [110.811133, -2.938477], [110.73584, -2.988672], [110.703125, -3.020898], [110.668164, -3.004785], [110.574023, -2.891406], [110.377539, -2.933789], [110.350977, -2.946777], [110.302539, -2.985352], [110.256055, -2.966113], [110.232617, -2.925098], [110.224316, -2.688672], [110.124414, -2.233887], [110.096582, -2.001367], [110.075, -1.946387], [109.959863, -1.862793], [109.96377, -1.742871], [110.023438, -1.642578], [110.036133, -1.525684], [110.019238, -1.398828], [109.983301, -1.274805], [109.938086, -1.181152], [109.873438, -1.101074], [109.787402, -1.011328], [109.681738, -0.944238], [109.453809, -0.86875], [109.333496, -0.875391], [109.288867, -0.845801], [109.258789, -0.807422], [109.270996, -0.732031], [109.311719, -0.680176], [109.366309, -0.667383], [109.372754, -0.638184], [109.257031, -0.577441], [109.160547, -0.494922], [109.130273, -0.44541], [109.121094, -0.390918], [109.121777, -0.265039], [109.149609, -0.185547], [109.164746, -0.14248], [109.194629, -0.009424], [109.25752, 0.031152], [109.247266, 0.055762], [109.220215, 0.073828], [109.180762, 0.11748], [109.148535, 0.167676], [109.074805, 0.252832], [108.944531, 0.355664], [108.922754, 0.532812], [108.905859, 0.793945], [108.916797, 0.912646], [108.958594, 1.134619], [109.030859, 1.204492], [109.088477, 1.223926], [109.131543, 1.253857], [109.096094, 1.258154], [109.06543, 1.247168], [109.010254, 1.239648], [109.055469, 1.438477], [109.075879, 1.495898], [109.166699, 1.60708], [109.273145, 1.705469], [109.318164, 1.821094], [109.378516, 1.922705], [109.628906, 2.027539]]], [[[127.732715, 0.848145], [127.805371, 0.825928], [127.881055, 0.832129], [127.918652, 0.876807], [127.929102, 0.934717], [127.967285, 1.042578], [128.055273, 1.115625], [128.116992, 1.127051], [128.160742, 1.157812], [128.153125, 1.237891], [128.157422, 1.316602], [128.222461, 1.400635], [128.424121, 1.517529], [128.539258, 1.559229], [128.688379, 1.572559], [128.705176, 1.527734], [128.688086, 1.463721], [128.716895, 1.367285], [128.702637, 1.106396], [128.66875, 1.069434], [128.514551, 0.979248], [128.345996, 0.907129], [128.298828, 0.876807], [128.257227, 0.80498], [128.260645, 0.733789], [128.397949, 0.638818], [128.61123, 0.549951], [128.655273, 0.508252], [128.683789, 0.438477], [128.691602, 0.360352], [128.743262, 0.323242], [128.81543, 0.305371], [128.863281, 0.268359], [128.899609, 0.21626], [128.54043, 0.337891], [128.446484, 0.391553], [128.332813, 0.397949], [128.220605, 0.414258], [128.106055, 0.460889], [127.983105, 0.471875], [127.924414, 0.438086], [127.901367, 0.372266], [127.887402, 0.29834], [127.914648, 0.206299], [127.912207, 0.150537], [127.888965, 0.049512], [127.977832, -0.24834], [128.089453, -0.485254], [128.253516, -0.731641], [128.33457, -0.816309], [128.425488, -0.892676], [128.278125, -0.87002], [128.233398, -0.787695], [128.046387, -0.706055], [128.01084, -0.657324], [127.888965, -0.423535], [127.85332, -0.379883], [127.74082, -0.300391], [127.691602, -0.241895], [127.674805, -0.162891], [127.687402, -0.079932], [127.681348, 0.034863], [127.685449, 0.149023], [127.708691, 0.288086], [127.668652, 0.336768], [127.616211, 0.38291], [127.555371, 0.489648], [127.537109, 0.610889], [127.541797, 0.680664], [127.566992, 0.742529], [127.600684, 0.796045], [127.608008, 0.848242], [127.52041, 0.924023], [127.428516, 1.13999], [127.420313, 1.251953], [127.537109, 1.46748], [127.534668, 1.57207], [127.55791, 1.634229], [127.570703, 1.700146], [127.631738, 1.843701], [127.731445, 1.966113], [127.899902, 2.137354], [127.964258, 2.174707], [128.036426, 2.199023], [128.042773, 2.15708], [128.03125, 2.119873], [127.906738, 1.945654], [127.890137, 1.906299], [127.886816, 1.832959], [127.946484, 1.789648], [128.010938, 1.701221], [128.02373, 1.583496], [128.025879, 1.458105], [128.011719, 1.331738], [127.987695, 1.2896], [127.885352, 1.162793], [127.652832, 1.013867], [127.633008, 0.977197], [127.634375, 0.936133], [127.677441, 0.886572], [127.732715, 0.848145]]], [[[129.754688, -2.86582], [129.984375, -2.97666], [130.103418, -2.992969], [130.303613, -2.978516], [130.379102, -2.989355], [130.569922, -3.130859], [130.625586, -3.228027], [130.641699, -3.311914], [130.671094, -3.391504], [130.718066, -3.411328], [130.773438, -3.41875], [130.845605, -3.533301], [130.859961, -3.570312], [130.805078, -3.857715], [130.580371, -3.748828], [130.363086, -3.625195], [130.269727, -3.579297], [130.019531, -3.474707], [129.981152, -3.438867], [129.953125, -3.391602], [129.844141, -3.327148], [129.62666, -3.317188], [129.54502, -3.318848], [129.511719, -3.328516], [129.52041, -3.363184], [129.52168, -3.433691], [129.467676, -3.453223], [129.332813, -3.408691], [129.212109, -3.392676], [129.107617, -3.349219], [128.96748, -3.326074], [128.952051, -3.304199], [128.964063, -3.27168], [128.957813, -3.241113], [128.925391, -3.229297], [128.8625, -3.234961], [128.801758, -3.265625], [128.75127, -3.300488], [128.676953, -3.396582], [128.638965, -3.433398], [128.516602, -3.449121], [128.465918, -3.439844], [128.419238, -3.416016], [128.27998, -3.240527], [128.233008, -3.202637], [128.180664, -3.17168], [128.132031, -3.157422], [128.082129, -3.184082], [128.055762, -3.238574], [128.043945, -3.30332], [128.030078, -3.340527], [127.97002, -3.444336], [127.92041, -3.506055], [127.902344, -3.496289], [127.927832, -3.397266], [127.92793, -3.341406], [127.897168, -3.282324], [127.87793, -3.22207], [128.113379, -2.93457], [128.198535, -2.865918], [128.569824, -2.842188], [128.790527, -2.856641], [128.910742, -2.849609], [128.991113, -2.828516], [129.057715, -2.838477], [129.074316, -2.895117], [129.116309, -2.937012], [129.174414, -2.933496], [129.27959, -2.889063], [129.371094, -2.820508], [129.427344, -2.790723], [129.48418, -2.785742], [129.542969, -2.790332], [129.600488, -2.806152], [129.754688, -2.86582]]], [[[126.861133, -3.087891], [127.025488, -3.166016], [127.062891, -3.216992], [127.092383, -3.277539], [127.124707, -3.31084], [127.163477, -3.338086], [127.227344, -3.391016], [127.244238, -3.471094], [127.22959, -3.633008], [127.155176, -3.647266], [127.085059, -3.670898], [126.940918, -3.764551], [126.869922, -3.78291], [126.794141, -3.78916], [126.740332, -3.813672], [126.686328, -3.823633], [126.54668, -3.77168], [126.411133, -3.710645], [126.214551, -3.605176], [126.17832, -3.579395], [126.14668, -3.522754], [126.056543, -3.420996], [126.033984, -3.355859], [126.026465, -3.170508], [126.050098, -3.128125], [126.088281, -3.105469], [126.219629, -3.148145], [126.30625, -3.103223], [126.555078, -3.065234], [126.808301, -3.069141], [126.861133, -3.087891]]], [[[124.922266, -8.94248], [124.915039, -9.031543], [124.936816, -9.053418], [124.973242, -9.064258], [125.100391, -9.004004], [125.124414, -9.01543], [125.149023, -9.042578], [125.149414, -9.122949], [125.100488, -9.189844], [124.977539, -9.194922], [124.960156, -9.21377], [124.958594, -9.254688], [124.968262, -9.294238], [124.996973, -9.325977], [125.033594, -9.381836], [125.068164, -9.511914], [124.997949, -9.565332], [124.963086, -9.665625], [124.841797, -9.759766], [124.708398, -9.91416], [124.601855, -9.992969], [124.508203, -10.086133], [124.427539, -10.148633], [124.326758, -10.169824], [124.175977, -10.183301], [123.971094, -10.294824], [123.857617, -10.343555], [123.747266, -10.347168], [123.644141, -10.310938], [123.604785, -10.270117], [123.614062, -10.215039], [123.648242, -10.167773], [123.690137, -10.128809], [123.716406, -10.078613], [123.599414, -10.015137], [123.589258, -9.966797], [123.635742, -9.838086], [123.66582, -9.705273], [123.709375, -9.614844], [123.876758, -9.453125], [123.977148, -9.372949], [124.036328, -9.341602], [124.052441, -9.375391], [124.090137, -9.416406], [124.115527, -9.423145], [124.13457, -9.413867], [124.282324, -9.42793], [124.319336, -9.41377], [124.375684, -9.349902], [124.412988, -9.314355], [124.438281, -9.238574], [124.444434, -9.190332], [124.575488, -9.155371], [124.645898, -9.116699], [124.708203, -9.061816], [124.889746, -8.968457], [124.922266, -8.94248]]], [[[134.746973, -5.707031], [134.739063, -5.745605], [134.738379, -5.816797], [134.75498, -5.882715], [134.712207, -5.949707], [134.752148, -6.050098], [134.758105, -6.1], [134.755859, -6.170605], [134.744434, -6.202344], [134.71416, -6.295117], [134.683887, -6.328125], [134.661133, -6.337305], [134.637598, -6.365332], [134.441113, -6.334863], [134.356152, -6.270508], [134.280469, -6.200781], [134.264453, -6.17168], [134.175391, -6.090332], [134.154883, -6.062891], [134.153125, -6.019531], [134.225098, -6.008496], [134.301953, -6.009766], [134.298633, -5.970703], [134.343066, -5.833008], [134.226172, -5.744434], [134.205371, -5.707227], [134.247266, -5.681934], [134.341309, -5.712891], [134.456348, -5.55752], [134.490332, -5.525098], [134.506445, -5.438477], [134.570801, -5.427344], [134.616504, -5.438574], [134.646094, -5.492383], [134.657813, -5.539258], [134.645508, -5.581348], [134.700781, -5.603027], [134.746973, -5.707031]]], [[[134.536816, -6.442285], [134.52041, -6.512695], [134.504297, -6.591406], [134.4125, -6.679688], [134.355957, -6.814844], [134.322754, -6.84873], [134.2, -6.908789], [134.09082, -6.833789], [134.05918, -6.769336], [134.107031, -6.471582], [134.154199, -6.481445], [134.184766, -6.479297], [134.194629, -6.459766], [134.124609, -6.426465], [134.11123, -6.255371], [134.114648, -6.19082], [134.168066, -6.17627], [134.23418, -6.226367], [134.317773, -6.316113], [134.415039, -6.386719], [134.536816, -6.442285]]], [[[138.535352, -8.273633], [138.296289, -8.405176], [137.982813, -8.381934], [137.871875, -8.379688], [137.687695, -8.411719], [137.650391, -8.386133], [137.685156, -8.262207], [137.83252, -7.932227], [138.00752, -7.641602], [138.081836, -7.566211], [138.185352, -7.495313], [138.295508, -7.438477], [138.543848, -7.37959], [138.769824, -7.39043], [138.801953, -7.414648], [138.899414, -7.511621], [138.962598, -7.587988], [138.989063, -7.696094], [138.892969, -7.882129], [138.785938, -8.059082], [138.611719, -8.19834], [138.535352, -8.273633]]], [[[140.973438, -2.609766], [140.973438, -2.613574], [140.973438, -2.681055], [140.973535, -2.803418], [140.973633, -3.006641], [140.97373, -3.209961], [140.973828, -3.413281], [140.973926, -3.616602], [140.974023, -3.819824], [140.974023, -4.023145], [140.974219, -4.226465], [140.974219, -4.429785], [140.974316, -4.633008], [140.974414, -4.836328], [140.974512, -5.039648], [140.974609, -5.242969], [140.974609, -5.446191], [140.974707, -5.649512], [140.974805, -5.852832], [140.974902, -6.056152], [140.975, -6.259375], [140.975, -6.346094], [140.944043, -6.452246], [140.874609, -6.611523], [140.862305, -6.740039], [140.919531, -6.840039], [140.975195, -6.905371], [140.975195, -7.072559], [140.975293, -7.275879], [140.975391, -7.479199], [140.975488, -7.68252], [140.975586, -7.885742], [140.975586, -8.089063], [140.975684, -8.292383], [140.975781, -8.495703], [140.975879, -8.698926], [140.975977, -8.902246], [140.975977, -9.105566], [140.976172, -9.11875], [140.924609, -9.085059], [140.786523, -8.97373], [140.661523, -8.846777], [140.581055, -8.72832], [140.489746, -8.62041], [140.10166, -8.300586], [140.00293, -8.195508], [139.983301, -8.166504], [139.992578, -8.139355], [140.037402, -8.083984], [140.116992, -7.92373], [140.033789, -8.022754], [139.934766, -8.101172], [139.79082, -8.106348], [139.649414, -8.125391], [139.518555, -8.172754], [139.385645, -8.189063], [139.319141, -8.16582], [139.279102, -8.106934], [139.258301, -8.046582], [139.248828, -7.982422], [139.192969, -8.086133], [139.083203, -8.142871], [138.933496, -8.262402], [138.890625, -8.237793], [138.864746, -8.192285], [138.856152, -8.145117], [138.885059, -8.094727], [138.905469, -8.041211], [138.935938, -7.913086], [139.003027, -7.837598], [139.045703, -7.691406], [139.073633, -7.639258], [139.087988, -7.587207], [139.048926, -7.52832], [138.983008, -7.508203], [138.937891, -7.472461], [138.885547, -7.373242], [138.853125, -7.339648], [138.793652, -7.298926], [138.747949, -7.251465], [138.798438, -7.215723], [138.864844, -7.201367], [138.919336, -7.203613], [139.017969, -7.225879], [139.0625, -7.227148], [139.176855, -7.19043], [139.112598, -7.201758], [139.049023, -7.200586], [138.845703, -7.136328], [138.72002, -7.069824], [138.601367, -6.936523], [138.600195, -6.910742], [138.683789, -6.886523], [138.864551, -6.858398], [138.808496, -6.79043], [138.72666, -6.731152], [138.698145, -6.625684], [138.642188, -6.560449], [138.521582, -6.453809], [138.438672, -6.343359], [138.368359, -6.118555], [138.296289, -5.949023], [138.313867, -5.8875], [138.374609, -5.843652], [138.282813, -5.838574], [138.199609, -5.807031], [138.243555, -5.724414], [138.339648, -5.675684], [138.252148, -5.688184], [138.166504, -5.712012], [138.127441, -5.716504], [138.087109, -5.70918], [138.065918, -5.675977], [138.063086, -5.628906], [138.075586, -5.545801], [138.06084, -5.465234], [137.984961, -5.427637], [137.922266, -5.370117], [137.886816, -5.348828], [137.840332, -5.350488], [137.795215, -5.312012], [137.759082, -5.256152], [137.306641, -5.014355], [137.279785, -4.94541], [137.237891, -4.975684], [137.195898, -4.99043], [137.14375, -4.950781], [137.089258, -4.924414], [137.029688, -4.928711], [136.974609, -4.907324], [136.916992, -4.895117], [136.856836, -4.893164], [136.618848, -4.81875], [136.39375, -4.70127], [136.210645, -4.650684], [136.097461, -4.584766], [135.979688, -4.530859], [135.716602, -4.478418], [135.450195, -4.443066], [135.353906, -4.441797], [135.273145, -4.453125], [135.195605, -4.450684], [134.754199, -4.19541], [134.679688, -4.079102], [134.686914, -4.011133], [134.706543, -3.954785], [134.886523, -3.938477], [134.759766, -3.922168], [134.707617, -3.929883], [134.603418, -3.976074], [134.546875, -3.979297], [134.467188, -3.948633], [134.391016, -3.909961], [134.266211, -3.945801], [134.202344, -3.887012], [134.180469, -3.825098], [134.14707, -3.796777], [134.1, -3.799707], [134.036914, -3.821973], [133.973828, -3.817969], [133.933203, -3.775586], [133.904004, -3.720117], [133.860742, -3.680371], [133.808496, -3.65], [133.723047, -3.57793], [133.67832, -3.479492], [133.683398, -3.30918], [133.697168, -3.248145], [133.781641, -3.148926], [133.841504, -3.054785], [133.767383, -3.044336], [133.700391, -3.0875], [133.671973, -3.131836], [133.660742, -3.185547], [133.653125, -3.364355], [133.599414, -3.416113], [133.518164, -3.411914], [133.542285, -3.516406], [133.50918, -3.615527], [133.415137, -3.732129], [133.407227, -3.785156], [133.422266, -3.842578], [133.400879, -3.899023], [133.24873, -4.062305], [133.198047, -4.070117], [133.085156, -4.069043], [132.968555, -4.094922], [132.914453, -4.056934], [132.870117, -4.007422], [132.837109, -3.948926], [132.790918, -3.828125], [132.753906, -3.703613], [132.869727, -3.550977], [132.829785, -3.412988], [132.751367, -3.294629], [132.553516, -3.130664], [132.348242, -2.975098], [132.25498, -2.943457], [132.102051, -2.92959], [132.053906, -2.914551], [132.006348, -2.856055], [131.971191, -2.788574], [132.066895, -2.75957], [132.230664, -2.680371], [132.32334, -2.68418], [132.575488, -2.727148], [132.65293, -2.766211], [132.725, -2.789062], [132.897266, -2.658203], [133.033789, -2.487402], [133.118848, -2.450293], [133.191016, -2.437793], [133.264941, -2.454297], [133.411426, -2.513965], [133.526563, -2.541699], [133.608691, -2.547168], [133.651563, -2.600586], [133.700098, -2.624609], [133.710938, -2.544043], [133.75332, -2.450684], [133.834668, -2.42168], [133.877637, -2.415039], [133.904883, -2.390918], [133.898926, -2.304492], [133.791016, -2.293652], [133.849707, -2.219629], [133.902441, -2.183594], [133.920508, -2.147461], [133.921582, -2.102051], [133.710352, -2.18916], [133.487793, -2.225586], [133.35625, -2.215723], [133.224902, -2.214453], [132.962793, -2.272559], [132.863281, -2.270215], [132.631055, -2.24668], [132.502637, -2.218457], [132.40332, -2.24043], [132.307617, -2.242285], [132.207422, -2.175781], [132.122168, -2.092383], [132.079883, -2.033203], [132.023438, -1.990332], [131.998438, -1.93252], [131.936133, -1.714941], [131.930371, -1.559668], [131.829785, -1.556543], [131.731445, -1.541211], [131.29375, -1.393457], [131.24082, -1.429688], [131.179199, -1.44834], [131.117773, -1.455273], [131.056738, -1.447656], [130.995898, -1.424707], [131.000977, -1.383984], [131.046191, -1.284082], [131.090527, -1.247266], [131.151855, -1.218848], [131.19082, -1.16582], [131.254102, -1.006934], [131.258984, -0.952637], [131.252051, -0.897168], [131.257227, -0.855469], [131.296387, -0.833594], [131.461523, -0.781836], [131.804297, -0.703809], [131.890918, -0.657129], [131.962402, -0.582422], [132.045996, -0.537012], [132.084473, -0.491113], [132.128418, -0.454102], [132.39375, -0.355469], [132.508008, -0.347461], [132.625098, -0.358887], [132.856445, -0.417383], [133.077148, -0.511816], [133.268457, -0.635742], [133.472656, -0.726172], [133.723633, -0.741406], [133.850293, -0.731445], [133.974512, -0.744336], [134.024902, -0.769727], [134.111523, -0.846777], [134.086719, -0.897363], [134.071973, -1.001855], [134.116211, -1.102441], [134.188281, -1.203125], [134.247168, -1.310547], [134.25957, -1.362988], [134.237207, -1.474121], [134.216992, -1.529102], [134.14541, -1.620801], [134.105859, -1.720996], [134.13125, -1.844531], [134.14541, -1.96875], [134.142773, -2.08291], [134.155664, -2.195215], [134.194824, -2.309082], [134.362109, -2.620996], [134.459961, -2.832324], [134.491211, -2.714258], [134.483301, -2.583008], [134.517969, -2.535645], [134.566895, -2.510449], [134.627441, -2.536719], [134.644727, -2.589844], [134.649023, -2.705859], [134.702148, -2.933594], [134.769824, -2.944043], [134.843359, -2.90918], [134.855371, -2.978809], [134.852734, -3.107617], [134.886816, -3.209863], [134.917188, -3.249902], [135.037402, -3.333105], [135.092188, -3.348535], [135.251563, -3.368555], [135.371582, -3.374902], [135.486621, -3.345117], [135.560742, -3.26875], [135.627734, -3.186035], [135.85918, -2.995313], [135.926172, -2.904102], [135.990723, -2.764258], [136.012988, -2.734277], [136.243262, -2.583105], [136.269531, -2.529492], [136.302539, -2.425684], [136.352441, -2.325195], [136.389941, -2.27334], [136.612305, -2.224316], [136.843262, -2.197656], [137.07207, -2.105078], [137.171094, -2.025488], [137.175781, -1.973145], [137.125488, -1.88125], [137.123438, -1.840918], [137.176465, -1.802148], [137.380566, -1.685645], [137.616602, -1.56582], [137.80625, -1.483203], [137.911133, -1.483789], [138.007812, -1.556543], [138.110938, -1.615918], [138.649805, -1.791113], [138.736133, -1.845508], [138.811426, -1.917773], [138.919141, -1.967871], [139.039453, -1.99209], [139.148828, -2.038867], [139.252637, -2.099219], [139.481836, -2.211816], [139.789551, -2.348242], [139.868359, -2.356445], [140.15459, -2.35], [140.204004, -2.375684], [140.250977, -2.412012], [140.294629, -2.42041], [140.622559, -2.445801], [140.673047, -2.47207], [140.720508, -2.508105], [140.747461, -2.607129], [140.973438, -2.609766]]], [[[138.895117, -8.388672], [138.845508, -8.401758], [138.594238, -8.371484], [138.567188, -8.330273], [138.563379, -8.309082], [138.620996, -8.268457], [138.67666, -8.199219], [138.762695, -8.173438], [138.796191, -8.173633], [138.897656, -8.3375], [138.895117, -8.388672]]], [[[101.708105, 2.078418], [101.762305, 1.996533], [101.773535, 1.943457], [101.734082, 1.882568], [101.719434, 1.78916], [101.602734, 1.715723], [101.500781, 1.733203], [101.467773, 1.759375], [101.403418, 1.901318], [101.409668, 2.02168], [101.450293, 2.067822], [101.544727, 2.060742], [101.640723, 2.126709], [101.708105, 2.078418]]], [[[102.427148, 0.990137], [102.380859, 0.959766], [102.325293, 1.007031], [102.27959, 1.075684], [102.255469, 1.147168], [102.23418, 1.263965], [102.228613, 1.347852], [102.256348, 1.39707], [102.276465, 1.395264], [102.358594, 1.345654], [102.412891, 1.260791], [102.442871, 1.234229], [102.448828, 1.15625], [102.428906, 1.067285], [102.427148, 0.990137]]], [[[102.491895, 1.45918], [102.499414, 1.330908], [102.425195, 1.364453], [102.366895, 1.415479], [102.274219, 1.453125], [102.161328, 1.46543], [102.078711, 1.498584], [102.020898, 1.558203], [102.018359, 1.585645], [102.024023, 1.607959], [102.042188, 1.625391], [102.469531, 1.510059], [102.491895, 1.45918]]], [[[103.027539, 0.746631], [103.008789, 0.708105], [102.971484, 0.736523], [102.77627, 0.77959], [102.710547, 0.784375], [102.541602, 0.831592], [102.49043, 0.856641], [102.453906, 0.889502], [102.466406, 0.950342], [102.491406, 0.986865], [102.506641, 1.08877], [102.549219, 1.130225], [102.633203, 1.054395], [102.726172, 0.989209], [102.780078, 0.959375], [102.944141, 0.892725], [103.002441, 0.859277], [103.027539, 0.746631]]], [[[103.166406, 0.870166], [103.137207, 0.84165], [103.086719, 0.848145], [103.033398, 0.882031], [102.963965, 0.942676], [102.886328, 0.996777], [102.787988, 1.030957], [102.726465, 1.04126], [102.701855, 1.053711], [102.725586, 1.158838], [102.790137, 1.165479], [102.999414, 1.067773], [103.067578, 1.014746], [103.166406, 0.870166]]], [[[103.284473, 0.541943], [103.172168, 0.536182], [103.139551, 0.549072], [103.15332, 0.643115], [103.187402, 0.699756], [103.238184, 0.698633], [103.295117, 0.613965], [103.284473, 0.541943]]], [[[103.450195, 0.664453], [103.429688, 0.650879], [103.344434, 0.777881], [103.365723, 0.851123], [103.386133, 0.86958], [103.433105, 0.825], [103.470313, 0.778125], [103.497461, 0.722705], [103.450195, 0.664453]]], [[[104.024805, 1.180566], [104.088086, 1.137012], [104.139844, 1.165576], [104.137793, 1.128223], [104.127344, 1.092383], [104.066113, 0.989551], [103.963574, 1.013232], [103.939844, 1.046484], [103.932227, 1.071387], [103.946973, 1.087012], [103.955371, 1.137451], [103.999805, 1.137256], [104.024805, 1.180566]]], [[[104.585352, 1.216113], [104.591016, 1.141064], [104.648145, 1.10459], [104.662891, 1.049512], [104.652832, 0.961035], [104.599121, 0.858984], [104.575195, 0.831934], [104.504297, 0.852637], [104.480664, 0.886768], [104.471191, 0.913477], [104.481055, 0.93252], [104.428613, 0.956494], [104.462402, 0.995557], [104.439258, 1.050439], [104.293945, 1.016113], [104.251953, 1.014893], [104.244238, 1.077393], [104.250195, 1.102637], [104.361816, 1.181494], [104.428418, 1.196045], [104.500098, 1.180225], [104.585352, 1.216113]]], [[[104.778613, -0.175977], [104.80752, -0.19248], [104.843164, -0.140625], [104.908984, -0.211719], [104.949707, -0.247266], [105.005371, -0.282813], [104.950586, -0.284473], [104.928516, -0.316992], [104.914258, -0.32334], [104.702246, -0.208691], [104.566602, -0.245605], [104.473535, -0.212109], [104.44707, -0.18916], [104.49707, -0.126367], [104.542676, 0.017725], [104.635645, -0.018457], [104.658398, -0.062842], [104.652734, -0.076025], [104.713477, -0.103027], [104.778613, -0.175977]]], [[[104.474219, -0.334668], [104.567773, -0.431836], [104.590137, -0.466602], [104.543945, -0.520508], [104.506543, -0.59668], [104.485352, -0.612891], [104.413867, -0.583691], [104.363184, -0.658594], [104.329785, -0.539062], [104.257129, -0.463281], [104.302344, -0.385742], [104.31875, -0.380176], [104.340723, -0.382617], [104.363574, -0.402832], [104.474219, -0.334668]]], [[[103.736523, -0.347949], [103.606348, -0.38291], [103.461328, -0.357617], [103.479004, -0.297461], [103.548926, -0.227539], [103.610938, -0.230566], [103.723926, -0.27666], [103.764258, -0.317773], [103.736523, -0.347949]]], [[[109.710254, -1.180664], [109.51084, -1.282813], [109.463672, -1.277539], [109.428125, -1.241211], [109.450293, -1.044141], [109.475977, -0.985352], [109.614648, -0.979102], [109.699512, -1.007324], [109.743359, -1.039355], [109.760547, -1.105176], [109.750781, -1.14502], [109.710254, -1.180664]]], [[[113.844531, -7.105371], [113.825586, -7.119922], [113.655859, -7.111719], [113.546387, -7.193359], [113.470703, -7.218457], [113.198438, -7.218359], [113.166016, -7.207324], [113.141895, -7.207617], [113.126953, -7.224121], [113.04043, -7.211816], [112.76377, -7.139648], [112.725879, -7.072754], [112.76875, -7.00127], [112.868066, -6.899902], [113.067383, -6.87998], [113.974707, -6.873047], [114.073633, -6.960156], [114.083008, -6.989355], [113.885352, -7.049023], [113.844531, -7.105371]]], [[[134.965332, -1.116016], [134.917383, -1.134277], [134.861719, -1.11416], [134.808887, -1.037598], [134.82793, -0.978809], [134.889258, -0.938477], [134.94082, -0.978906], [134.956738, -1.030566], [134.996289, -1.034082], [134.965332, -1.116016]]], [[[127.249902, -0.495313], [127.187305, -0.521191], [127.119141, -0.520508], [127.104395, -0.413867], [127.126465, -0.278613], [127.189648, -0.255762], [127.290039, -0.284375], [127.253027, -0.318652], [127.280566, -0.391016], [127.249902, -0.495313]]], [[[127.566992, -0.318945], [127.682422, -0.468359], [127.60498, -0.610156], [127.658594, -0.689453], [127.804297, -0.694434], [127.837891, -0.724121], [127.863281, -0.759863], [127.880176, -0.808691], [127.842285, -0.847754], [127.761133, -0.883691], [127.667578, -0.832031], [127.642871, -0.783984], [127.623828, -0.766016], [127.497852, -0.802441], [127.462695, -0.805957], [127.438281, -0.739063], [127.468652, -0.642969], [127.380566, -0.599609], [127.3, -0.500293], [127.29707, -0.460254], [127.329492, -0.390918], [127.325098, -0.33584], [127.371191, -0.331641], [127.455176, -0.406348], [127.491699, -0.335938], [127.527344, -0.306641], [127.566992, -0.318945]]], [[[132.92627, -5.902051], [132.84502, -5.987988], [132.92168, -5.785254], [132.937695, -5.682617], [133.008789, -5.621387], [133.114648, -5.310645], [133.138477, -5.317871], [133.172852, -5.348145], [133.119629, -5.575977], [132.971094, -5.73584], [132.92627, -5.902051]]], [[[132.807129, -5.850781], [132.746289, -5.94707], [132.704883, -5.913086], [132.681445, -5.912598], [132.667285, -5.856055], [132.681348, -5.738867], [132.630176, -5.607031], [132.697852, -5.608984], [132.716504, -5.64834], [132.737793, -5.661719], [132.804297, -5.788867], [132.807129, -5.850781]]], [[[128.275586, -3.674609], [128.249902, -3.711133], [128.191797, -3.735254], [128.143164, -3.732715], [128.158984, -3.697656], [128.146875, -3.677148], [128.11084, -3.686426], [128.052246, -3.714551], [127.978027, -3.770996], [127.934375, -3.743066], [127.925, -3.699316], [127.927539, -3.679395], [128.016211, -3.600879], [128.119141, -3.5875], [128.264355, -3.512305], [128.329102, -3.515918], [128.313672, -3.563672], [128.291016, -3.597656], [128.277441, -3.633203], [128.275586, -3.674609]]], [[[126.816602, 4.033496], [126.77627, 4.012598], [126.71123, 4.020264], [126.704492, 4.070996], [126.770117, 4.162207], [126.813574, 4.258496], [126.767285, 4.282568], [126.72207, 4.344189], [126.720508, 4.41582], [126.757324, 4.5479], [126.8125, 4.537207], [126.865137, 4.479834], [126.886719, 4.37251], [126.921094, 4.291016], [126.847656, 4.17998], [126.816602, 4.033496]]], [[[125.658105, 3.436035], [125.633203, 3.40542], [125.511523, 3.461133], [125.517578, 3.549609], [125.501172, 3.593213], [125.468555, 3.639111], [125.455273, 3.68418], [125.468848, 3.733252], [125.543457, 3.67041], [125.585645, 3.571094], [125.643555, 3.476514], [125.658105, 3.436035]]], [[[130.862207, -8.31875], [130.775195, -8.349902], [130.833398, -8.270801], [131.020117, -8.091309], [131.087402, -8.124512], [131.176367, -8.130762], [131.04375, -8.212012], [130.908105, -8.245703], [130.862207, -8.31875]]], [[[129.838867, -7.95459], [129.779785, -8.046484], [129.713477, -8.040723], [129.591895, -7.917383], [129.59873, -7.831348], [129.608984, -7.803418], [129.655469, -7.794824], [129.812988, -7.819727], [129.843555, -7.889355], [129.838867, -7.95459]]], [[[127.823438, -8.098828], [127.998438, -8.139063], [128.098828, -8.134863], [128.119238, -8.170703], [128.023535, -8.255371], [127.820898, -8.190234], [127.78623, -8.120313], [127.823438, -8.098828]]], [[[130.35332, -1.690527], [130.36543, -1.749805], [130.425, -1.80459], [130.404297, -1.889844], [130.380566, -1.902637], [130.393359, -1.941602], [130.418848, -1.971289], [130.372656, -1.991895], [130.338965, -1.981836], [130.28418, -2.009375], [130.248047, -2.047754], [130.133496, -2.063867], [130.093359, -2.02832], [129.886523, -1.986426], [129.754395, -1.894434], [129.737695, -1.866895], [129.993652, -1.758887], [130.105762, -1.730469], [130.199609, -1.732227], [130.317969, -1.691992], [130.35332, -1.690527]]], [[[102.367188, -5.478711], [102.285937, -5.483496], [102.135547, -5.360547], [102.110742, -5.322559], [102.153516, -5.28623], [102.198438, -5.288867], [102.371777, -5.366406], [102.405469, -5.404785], [102.367188, -5.478711]]], [[[100.425098, -3.18291], [100.465137, -3.328516], [100.346094, -3.229199], [100.348437, -3.158789], [100.332031, -3.113086], [100.259961, -3.056934], [100.204297, -2.986816], [100.179297, -2.820215], [100.198535, -2.785547], [100.245605, -2.783203], [100.45459, -3.001953], [100.468848, -3.038965], [100.464258, -3.116895], [100.433887, -3.141309], [100.425098, -3.18291]]], [[[100.204102, -2.741016], [100.132715, -2.821387], [100.014941, -2.819727], [99.991895, -2.769824], [99.996875, -2.649316], [99.968164, -2.609766], [99.969336, -2.594141], [99.987891, -2.525391], [100.011914, -2.510254], [100.201953, -2.679688], [100.204102, -2.741016]]], [[[99.843066, -2.343066], [99.847852, -2.369727], [99.685156, -2.281738], [99.607031, -2.25752], [99.537402, -2.161523], [99.558887, -2.11543], [99.561816, -2.051172], [99.572168, -2.025781], [99.62207, -2.016602], [99.686426, -2.063379], [99.734766, -2.177734], [99.815723, -2.284375], [99.843066, -2.343066]]], [[[98.459277, -0.530469], [98.399707, -0.576855], [98.309668, -0.531836], [98.339941, -0.467871], [98.354785, -0.379297], [98.408789, -0.308984], [98.427148, -0.226465], [98.322949, -0.000781], [98.374512, 0.00708], [98.41543, -0.017529], [98.484375, -0.167676], [98.544141, -0.257617], [98.520117, -0.379688], [98.459277, -0.530469]]], [[[96.463672, 2.36001], [96.400977, 2.350684], [96.340625, 2.37207], [96.29043, 2.42959], [96.021973, 2.595752], [95.938477, 2.598437], [95.879785, 2.640918], [95.808594, 2.655615], [95.733008, 2.766504], [95.717188, 2.825977], [95.772168, 2.85498], [95.80625, 2.916016], [95.895801, 2.889062], [95.997852, 2.781396], [96.101562, 2.741211], [96.129785, 2.720898], [96.17998, 2.661328], [96.417285, 2.515186], [96.443066, 2.465625], [96.459375, 2.41582], [96.463672, 2.36001]]], [[[122.042969, -5.437988], [121.97959, -5.464746], [121.859375, -5.350293], [121.808496, -5.256152], [121.820703, -5.20293], [121.856641, -5.15625], [121.87373, -5.144629], [121.866309, -5.095996], [121.913672, -5.072266], [121.965723, -5.075586], [121.999902, -5.14082], [122.041016, -5.158789], [122.061816, -5.221289], [122.042969, -5.437988]]], [[[123.212305, -1.171289], [123.234277, -1.233691], [123.198047, -1.287695], [123.237793, -1.389355], [123.338574, -1.254004], [123.434766, -1.236816], [123.489355, -1.259277], [123.526855, -1.286035], [123.547266, -1.337402], [123.511914, -1.447363], [123.44873, -1.498828], [123.366992, -1.507129], [123.328613, -1.443066], [123.274902, -1.437207], [123.237402, -1.576953], [123.220508, -1.59834], [123.172949, -1.616016], [123.130371, -1.577441], [123.122949, -1.556055], [123.18291, -1.492773], [123.150391, -1.304492], [123.105176, -1.339844], [122.984375, -1.510645], [122.89043, -1.587207], [122.858496, -1.548242], [122.81084, -1.432129], [122.832227, -1.283008], [122.908008, -1.182227], [122.972461, -1.18916], [123.158301, -1.15752], [123.212305, -1.171289]]], [[[121.864355, -0.406836], [121.906836, -0.45127], [121.88125, -0.502637], [121.846875, -0.489844], [121.756055, -0.49082], [121.721777, -0.494727], [121.680957, -0.525], [121.655273, -0.526172], [121.672363, -0.478809], [121.749316, -0.407031], [121.797363, -0.417676], [121.864355, -0.406836]]], [[[120.52832, -6.298438], [120.487305, -6.464844], [120.467969, -6.406152], [120.460742, -6.254004], [120.435547, -6.180176], [120.451563, -6.094922], [120.446484, -5.87627], [120.477344, -5.775293], [120.53418, -5.903809], [120.549219, -5.969238], [120.52832, -6.298438]]], [[[115.377051, -6.970801], [115.295801, -6.987793], [115.220313, -6.952539], [115.222168, -6.905176], [115.240527, -6.86123], [115.353711, -6.838477], [115.414453, -6.839746], [115.479199, -6.870215], [115.524219, -6.901855], [115.546094, -6.938672], [115.424121, -6.940625], [115.377051, -6.970801]]], [[[116.30332, -3.868164], [116.093359, -4.054102], [116.058789, -4.006934], [116.076953, -3.81748], [116.018359, -3.699902], [116.022461, -3.612402], [116.063574, -3.45791], [116.117383, -3.339551], [116.239355, -3.260352], [116.269727, -3.251074], [116.262109, -3.394824], [116.286523, -3.448828], [116.295117, -3.49502], [116.282031, -3.534766], [116.305176, -3.718555], [116.318652, -3.762988], [116.289258, -3.820898], [116.30332, -3.868164]]], [[[122.948926, -10.909277], [122.855859, -10.909668], [122.826172, -10.899121], [122.818457, -10.811035], [122.845703, -10.761816], [123.061426, -10.698438], [123.145801, -10.639941], [123.26543, -10.518164], [123.339648, -10.48623], [123.358496, -10.472461], [123.371094, -10.474902], [123.383105, -10.567578], [123.412891, -10.622656], [123.418164, -10.65127], [123.310742, -10.698438], [123.214844, -10.806152], [123.005273, -10.876367], [122.948926, -10.909277]]], [[[124.286621, -8.329492], [124.225781, -8.391309], [124.184375, -8.49873], [124.14668, -8.531445], [124.065723, -8.55166], [124.017285, -8.443848], [123.927734, -8.448926], [123.971484, -8.354102], [124.01377, -8.318652], [124.06875, -8.317773], [124.095801, -8.356152], [124.110547, -8.364258], [124.239551, -8.203418], [124.265625, -8.201758], [124.287109, -8.208691], [124.304492, -8.228809], [124.286621, -8.329492]]], [[[123.924805, -8.272461], [123.783887, -8.299609], [123.697852, -8.424414], [123.629199, -8.422461], [123.591602, -8.47793], [123.582617, -8.50166], [123.587891, -8.523828], [123.580176, -8.544922], [123.553027, -8.566797], [123.488672, -8.532324], [123.433789, -8.576074], [123.410742, -8.586621], [123.32998, -8.535645], [123.25332, -8.538574], [123.230078, -8.530664], [123.325, -8.439063], [123.45459, -8.353711], [123.475879, -8.322266], [123.425195, -8.313379], [123.394922, -8.300586], [123.391211, -8.280469], [123.473242, -8.26709], [123.52998, -8.265234], [123.573145, -8.291504], [123.600586, -8.291309], [123.775977, -8.19043], [123.845508, -8.213379], [123.896094, -8.239258], [123.924805, -8.272461]]], [[[123.31748, -8.354785], [123.297266, -8.398633], [123.025, -8.395508], [123.032617, -8.337793], [123.108301, -8.274805], [123.133496, -8.253809], [123.21709, -8.235449], [123.336035, -8.269043], [123.31748, -8.354785]]], [[[134.716113, -6.549414], [134.66084, -6.558887], [134.633691, -6.477246], [134.679102, -6.456055], [134.728516, -6.505859], [134.716113, -6.549414]]], [[[103.423926, 1.04834], [103.429688, 0.993359], [103.363281, 1.006836], [103.31543, 1.071289], [103.35498, 1.117236], [103.37998, 1.133643], [103.404883, 1.072559], [103.423926, 1.04834]]], [[[103.828613, 0.801025], [103.833984, 0.772217], [103.742383, 0.82998], [103.740039, 0.871826], [103.751953, 0.891357], [103.806641, 0.846338], [103.828613, 0.801025]]], [[[104.239355, 0.833984], [104.176758, 0.804883], [104.098145, 0.89624], [104.101074, 0.91748], [104.108301, 0.933545], [104.122754, 0.943994], [104.170508, 0.896729], [104.227051, 0.879883], [104.239355, 0.833984]]], [[[104.689258, 0.059521], [104.698145, 0.034668], [104.650879, 0.062695], [104.622363, 0.079639], [104.603516, 0.095215], [104.499219, 0.23208], [104.543848, 0.223291], [104.659863, 0.103076], [104.689258, 0.059521]]], [[[106.285254, 3.157129], [106.283691, 3.088232], [106.214551, 3.128564], [106.200977, 3.204883], [106.22373, 3.22959], [106.271191, 3.216309], [106.285254, 3.157129]]], [[[105.760352, 2.863037], [105.718555, 2.85918], [105.706152, 2.888867], [105.70791, 2.940088], [105.704199, 2.980908], [105.692187, 3.011328], [105.692187, 3.0625], [105.730664, 3.036963], [105.760352, 3.013037], [105.794531, 2.995947], [105.822168, 2.984375], [105.836719, 2.976514], [105.809375, 2.903955], [105.760352, 2.863037]]], [[[108.8875, 2.90542], [108.838867, 2.853027], [108.786523, 2.885645], [108.86709, 2.991895], [108.885742, 2.998975], [108.8875, 2.90542]]], [[[108.953125, -1.619629], [108.837891, -1.661621], [108.803711, -1.567773], [108.877246, -1.539844], [108.956836, -1.564063], [108.953125, -1.619629]]], [[[107.47334, -2.899512], [107.432813, -2.925293], [107.409277, -2.900586], [107.402441, -2.872949], [107.419336, -2.838086], [107.474414, -2.834668], [107.499707, -2.84502], [107.47334, -2.899512]]], [[[106.886426, -3.005273], [106.869727, -3.025293], [106.814258, -3.014453], [106.774316, -2.986816], [106.749219, -2.960449], [106.742871, -2.932813], [106.796875, -2.898926], [106.910645, -2.933984], [106.886426, -3.005273]]], [[[114.412598, -7.133496], [114.397656, -7.173145], [114.346875, -7.163281], [114.298828, -7.097559], [114.322168, -7.080371], [114.348926, -7.073438], [114.383594, -7.080664], [114.412598, -7.133496]]], [[[112.719434, -5.811035], [112.697949, -5.846484], [112.602148, -5.843652], [112.586035, -5.803613], [112.648535, -5.730859], [112.690039, -5.726172], [112.727344, -5.752734], [112.719434, -5.811035]]], [[[105.252832, -6.64043], [105.19043, -6.6625], [105.142773, -6.643066], [105.121387, -6.614941], [105.192285, -6.545605], [105.225684, -6.529102], [105.260547, -6.523926], [105.277441, -6.561426], [105.252832, -6.64043]]], [[[97.33418, 2.075635], [97.32832, 2.053271], [97.225098, 2.158496], [97.108301, 2.216895], [97.156641, 2.232227], [97.252832, 2.216016], [97.291406, 2.20083], [97.328711, 2.148535], [97.33418, 2.075635]]], [[[95.362109, 5.812402], [95.342578, 5.784131], [95.283203, 5.798535], [95.217676, 5.889502], [95.241992, 5.907031], [95.28252, 5.897754], [95.35918, 5.876758], [95.366016, 5.842676], [95.362109, 5.812402]]], [[[123.597559, -1.704297], [123.528613, -1.71084], [123.48252, -1.681445], [123.486621, -1.534863], [123.528516, -1.502832], [123.548535, -1.508203], [123.561328, -1.551855], [123.582031, -1.590918], [123.616406, -1.627441], [123.597559, -1.704297]]], [[[123.242383, -4.112988], [123.144531, -4.233301], [123.076172, -4.227148], [122.994727, -4.148047], [122.970898, -4.061328], [122.969043, -4.02998], [123.024902, -3.980957], [123.211914, -3.997559], [123.246973, -4.040918], [123.242383, -4.112988]]], [[[123.848242, -1.955469], [123.866016, -1.995703], [123.803516, -1.994336], [123.777246, -1.918652], [123.783496, -1.87832], [123.848242, -1.955469]]], [[[123.152539, -1.816504], [123.078809, -1.898926], [123.070898, -1.854883], [123.08584, -1.814844], [123.106445, -1.786719], [123.1375, -1.772656], [123.152539, -1.816504]]], [[[119.464063, -8.741016], [119.424902, -8.750488], [119.385547, -8.736035], [119.40166, -8.64707], [119.378906, -8.586523], [119.419922, -8.539062], [119.430176, -8.45498], [119.446484, -8.429199], [119.470508, -8.455664], [119.481738, -8.472949], [119.502148, -8.481055], [119.546973, -8.482617], [119.557227, -8.518848], [119.555469, -8.553418], [119.536328, -8.589355], [119.482813, -8.628223], [119.444043, -8.671777], [119.464063, -8.741016]]], [[[119.073828, -8.238867], [119.02998, -8.240039], [119.020898, -8.199902], [119.036621, -8.157813], [119.078711, -8.140234], [119.097754, -8.13916], [119.12832, -8.177148], [119.134863, -8.19707], [119.106738, -8.223438], [119.073828, -8.238867]]], [[[115.609961, -8.769824], [115.581934, -8.804199], [115.500879, -8.742871], [115.480469, -8.71543], [115.540625, -8.675391], [115.561426, -8.669922], [115.613281, -8.713184], [115.609961, -8.769824]]], [[[117.649023, 4.168994], [117.74541, 4.166943], [117.884766, 4.186133], [117.917871, 4.090527], [117.922852, 4.054297], [117.736816, 4.004004], [117.625098, 4.121484], [117.649023, 4.168994]]], [[[117.658398, 3.280518], [117.645801, 3.247754], [117.560352, 3.328223], [117.5375, 3.386377], [117.547852, 3.431982], [117.636719, 3.436084], [117.680859, 3.40752], [117.658398, 3.280518]]], [[[124.05127, -5.97373], [124.04209, -6.021582], [124.005664, -5.966699], [123.972266, -5.939355], [123.975781, -5.880176], [124.022949, -5.902148], [124.05127, -5.97373]]], [[[123.626758, -5.271582], [123.622754, -5.373047], [123.582617, -5.367383], [123.550098, -5.331836], [123.540918, -5.29834], [123.542773, -5.271094], [123.560645, -5.249805], [123.626758, -5.271582]]], [[[120.774414, -7.118945], [120.672363, -7.124707], [120.64082, -7.11582], [120.633398, -7.018262], [120.745508, -7.060156], [120.781738, -7.063086], [120.774414, -7.118945]]], [[[117.556348, -8.367285], [117.533594, -8.367969], [117.49043, -8.34873], [117.505957, -8.307031], [117.482129, -8.239258], [117.490527, -8.183398], [117.546094, -8.151953], [117.665039, -8.148242], [117.669238, -8.189258], [117.556348, -8.367285]]], [[[116.424121, -3.464453], [116.387793, -3.636719], [116.326563, -3.539062], [116.395312, -3.42334], [116.426953, -3.399902], [116.424121, -3.464453]]], [[[127.372656, 0.791309], [127.338379, 0.758447], [127.306055, 0.769434], [127.286426, 0.811914], [127.292773, 0.84248], [127.319824, 0.862012], [127.353809, 0.847461], [127.372656, 0.791309]]], [[[134.374219, -2.123535], [134.345215, -2.13877], [134.335059, -2.095215], [134.350781, -2.036914], [134.369531, -2.027637], [134.391016, -2.030762], [134.419043, -2.051758], [134.374219, -2.123535]]], [[[133.570801, -4.245898], [133.621875, -4.299316], [133.50293, -4.257422], [133.333008, -4.169629], [133.320898, -4.111035], [133.464355, -4.199805], [133.570801, -4.245898]]], [[[130.905273, -0.777441], [130.879785, -0.828418], [130.832422, -0.862891], [130.402441, -0.923926], [130.439063, -0.887402], [130.457324, -0.851172], [130.484277, -0.83252], [130.526953, -0.837305], [130.548145, -0.82627], [130.569531, -0.821875], [130.59375, -0.82666], [130.635449, -0.811621], [130.723242, -0.822461], [130.813477, -0.813867], [130.807031, -0.765039], [130.905273, -0.777441]]], [[[130.62666, -0.528711], [130.569141, -0.52998], [130.46543, -0.486523], [130.525879, -0.44873], [130.56416, -0.440918], [130.597461, -0.418262], [130.615918, -0.417285], [130.656934, -0.436523], [130.684277, -0.469141], [130.62666, -0.528711]]], [[[129.548926, -0.187012], [129.505664, -0.189844], [129.469238, -0.131445], [129.370117, -0.066406], [129.308789, 0.04541], [129.541992, -0.139258], [129.548926, -0.187012]]], [[[127.453418, -0.005859], [127.448633, -0.036621], [127.417871, 0.006348], [127.396777, 0.016602], [127.419531, 0.124414], [127.431348, 0.142578], [127.449414, 0.068994], [127.453418, -0.005859]]], [[[127.419727, 0.64209], [127.383984, 0.631006], [127.373633, 0.634863], [127.362891, 0.675146], [127.382617, 0.743555], [127.424805, 0.744385], [127.442578, 0.733447], [127.445898, 0.683301], [127.419727, 0.64209]]], [[[127.300391, -0.780957], [127.289062, -0.801563], [127.18457, -0.775293], [127.156445, -0.760938], [127.209082, -0.619336], [127.258203, -0.623438], [127.30127, -0.758398], [127.300391, -0.780957]]], [[[128.722461, -3.546875], [128.720117, -3.58916], [128.713281, -3.602539], [128.658789, -3.587793], [128.619531, -3.588574], [128.585156, -3.512207], [128.594922, -3.494824], [128.666504, -3.516699], [128.693555, -3.524512], [128.722461, -3.546875]]], [[[128.562598, -3.585449], [128.391602, -3.637891], [128.42832, -3.54043], [128.451563, -3.514746], [128.536328, -3.541309], [128.562598, -3.585449]]], [[[126.719336, 3.874658], [126.721777, 3.83252], [126.66123, 3.928418], [126.6375, 4.041943], [126.685547, 4.001416], [126.739648, 3.917725], [126.719336, 3.874658]]], [[[126.851855, 3.768457], [126.835547, 3.756934], [126.799609, 3.783887], [126.777539, 3.813428], [126.778906, 3.843164], [126.804492, 3.85791], [126.857031, 3.812402], [126.857813, 3.787207], [126.851855, 3.768457]]], [[[125.407422, 2.651611], [125.397266, 2.629541], [125.360059, 2.746826], [125.39082, 2.805371], [125.435254, 2.783887], [125.446484, 2.762988], [125.403906, 2.707031], [125.407422, 2.651611]]], [[[131.982031, -7.202051], [131.969531, -7.251367], [131.926855, -7.225], [131.884473, -7.16748], [131.822852, -7.15918], [131.777539, -7.143945], [131.750781, -7.116797], [131.922266, -7.104492], [131.982031, -7.202051]]], [[[128.670117, -7.183301], [128.625, -7.208594], [128.550195, -7.156348], [128.529785, -7.13457], [128.577344, -7.083203], [128.627734, -7.06875], [128.658301, -7.091113], [128.673242, -7.113379], [128.666895, -7.137988], [128.670117, -7.183301]]], [[[127.419434, -7.623047], [127.355273, -7.646484], [127.375, -7.572461], [127.370703, -7.512793], [127.475195, -7.531055], [127.474023, -7.578516], [127.463965, -7.596875], [127.419434, -7.623047]]], [[[123.416211, -10.302637], [123.325977, -10.3375], [123.325586, -10.26416], [123.395312, -10.171387], [123.458789, -10.139941], [123.493945, -10.176953], [123.496777, -10.193945], [123.405078, -10.227148], [123.416211, -10.302637]]], [[[121.883008, -10.590332], [121.833105, -10.602148], [121.726172, -10.573145], [121.704688, -10.555664], [121.796289, -10.507422], [121.866992, -10.438867], [121.949512, -10.433008], [121.99834, -10.446973], [121.981348, -10.528418], [121.883008, -10.590332]]], [[[134.819531, -6.43418], [134.795117, -6.442383], [134.795313, -6.393066], [134.822949, -6.349609], [134.851855, -6.324609], [134.88584, -6.323535], [134.819531, -6.43418]]], [[[134.674414, -6.749805], [134.657422, -6.765332], [134.631445, -6.73291], [134.629102, -6.712793], [134.663477, -6.657715], [134.697656, -6.625684], [134.735742, -6.62334], [134.726074, -6.668652], [134.674414, -6.749805]]], [[[127.987891, -2.936523], [127.937695, -3.02002], [127.849609, -3.016309], [127.834277, -3.004395], [127.938379, -2.952344], [127.987891, -2.936523]]], [[[127.60625, -3.315137], [127.629297, -3.35918], [127.531055, -3.331348], [127.487695, -3.288184], [127.530469, -3.261523], [127.554492, -3.254297], [127.60625, -3.315137]]], [[[122.977344, -8.545215], [122.945508, -8.604004], [122.887793, -8.587305], [122.903516, -8.530664], [122.932813, -8.49707], [123.010547, -8.44834], [123.089453, -8.439844], [123.137891, -8.456934], [123.153125, -8.475781], [123.030078, -8.494824], [122.977344, -8.545215]]]]}}, {"type": "Feature", "properties": {"ADM0_A3": "COD", "NAME": "Dem. Rep. Congo"}, "geometry": {"type": "Polygon", "coordinates": [[[30.751172, -8.193652], [30.57793, -8.22002], [30.327539, -8.258203], [30.051367, -8.300293], [29.766211, -8.34375], [29.483789, -8.386914], [29.215625, -8.427832], [28.972266, -8.464941], [28.898145, -8.485449], [28.934473, -8.590234], [28.917773, -8.700586], [28.869531, -8.78584], [28.793555, -8.891016], [28.758789, -8.932617], [28.68125, -9.014648], [28.616504, -9.072266], [28.484277, -9.169434], [28.400684, -9.224805], [28.400195, -9.275], [28.540527, -9.510059], [28.604199, -9.678809], [28.630078, -9.83125], [28.628906, -9.91875], [28.623535, -10.098828], [28.617188, -10.312988], [28.607422, -10.397363], [28.645508, -10.550195], [28.638867, -10.669238], [28.544238, -10.802344], [28.517969, -10.933203], [28.470313, -11.10957], [28.404199, -11.354395], [28.357227, -11.483008], [28.383398, -11.566699], [28.407031, -11.622852], [28.431836, -11.69834], [28.48252, -11.812109], [28.541602, -11.879199], [28.574609, -11.908105], [28.769434, -12.05127], [28.85, -12.120508], [28.973438, -12.257812], [29.064355, -12.348828], [29.191211, -12.370215], [29.34375, -12.404785], [29.427539, -12.43125], [29.485547, -12.418457], [29.504883, -12.386133], [29.502246, -12.317578], [29.491992, -12.266895], [29.508203, -12.228223], [29.559766, -12.202441], [29.691992, -12.19834], [29.749609, -12.164062], [29.795117, -12.155469], [29.795313, -12.306152], [29.795508, -12.450586], [29.795605, -12.625879], [29.795801, -12.827051], [29.796094, -12.99209], [29.796289, -13.16748], [29.796484, -13.369727], [29.795313, -13.392773], [29.775195, -13.438086], [29.722656, -13.453809], [29.651758, -13.414355], [29.647656, -13.372949], [29.630273, -13.298535], [29.597168, -13.260547], [29.554199, -13.248926], [29.481445, -13.267969], [29.381836, -13.322852], [29.253711, -13.370801], [29.201855, -13.39834], [29.111621, -13.395117], [29.014258, -13.368848], [28.942285, -13.307129], [28.92168, -13.214648], [28.858789, -13.119434], [28.773145, -12.981934], [28.730078, -12.925488], [28.672949, -12.861328], [28.61543, -12.854102], [28.550879, -12.836133], [28.51123, -12.742188], [28.474414, -12.62334], [28.451465, -12.577441], [28.412891, -12.518066], [28.357715, -12.482031], [28.237305, -12.43457], [28.068848, -12.368164], [27.857422, -12.284863], [27.756836, -12.280859], [27.644336, -12.266797], [27.573828, -12.227051], [27.533398, -12.195312], [27.487012, -12.079688], [27.423633, -11.944531], [27.238086, -11.783496], [27.196387, -11.605078], [27.15918, -11.579199], [27.09541, -11.59375], [27.046094, -11.615918], [27.02666, -11.66377], [26.976855, -11.824609], [26.949609, -11.898828], [26.930859, -11.919336], [26.89043, -11.943555], [26.824023, -11.965234], [26.729688, -11.975977], [26.596387, -11.97207], [26.429688, -11.947852], [26.339648, -11.929883], [26.096387, -11.903223], [26.025977, -11.890137], [25.926563, -11.855273], [25.854883, -11.820117], [25.618848, -11.744141], [25.511914, -11.753418], [25.459961, -11.699805], [25.413379, -11.673535], [25.349414, -11.623047], [25.320703, -11.553516], [25.282617, -11.40498], [25.291797, -11.325488], [25.319336, -11.236914], [25.28877, -11.212402], [25.245996, -11.212402], [25.184863, -11.242969], [25.075977, -11.260059], [24.876855, -11.299121], [24.806348, -11.321191], [24.728125, -11.337793], [24.668262, -11.35293], [24.518555, -11.438477], [24.466602, -11.447656], [24.37793, -11.41709], [24.335156, -11.371289], [24.37793, -11.319336], [24.396289, -11.255176], [24.365723, -11.129883], [24.319922, -11.071777], [24.187207, -11.02998], [24.136523, -11.025977], [24.115137, -10.955664], [24.078418, -10.891504], [24.002734, -10.879102], [23.966504, -10.871777], [23.928711, -10.891504], [23.907324, -10.943457], [23.901172, -10.983203], [23.833887, -11.013672], [23.696387, -11.007617], [23.559961, -10.978613], [23.463965, -10.969336], [23.400195, -10.976465], [23.156738, -11.074805], [23.07627, -11.087891], [22.814746, -11.080273], [22.666504, -11.059766], [22.561035, -11.055859], [22.486133, -11.086719], [22.392969, -11.159473], [22.314941, -11.198633], [22.278809, -11.194141], [22.256641, -11.163672], [22.226172, -11.121973], [22.216699, -11.012695], [22.17793, -10.892285], [22.203516, -10.829492], [22.280469, -10.783984], [22.307031, -10.691309], [22.283203, -10.551563], [22.281641, -10.45332], [22.302441, -10.39668], [22.274512, -10.259082], [22.197754, -10.040625], [22.08916, -9.862793], [21.948633, -9.725586], [21.856641, -9.594238], [21.813184, -9.46875], [21.829492, -9.168457], [21.871875, -8.903516], [21.905371, -8.693359], [21.895898, -8.341113], [21.800879, -8.111914], [21.780078, -7.86543], [21.833594, -7.60166], [21.841602, -7.420996], [21.806055, -7.328613], [21.781641, -7.314648], [21.751074, -7.305469], [21.51084, -7.29668], [21.190332, -7.284961], [20.910938, -7.281445], [20.607813, -7.277734], [20.558398, -7.244434], [20.53584, -7.182813], [20.536914, -7.121777], [20.59873, -6.935156], [20.590039, -6.919922], [20.482227, -6.91582], [20.190039, -6.946289], [19.997461, -6.976465], [19.875195, -6.986328], [19.660352, -7.037109], [19.527637, -7.144434], [19.483789, -7.279492], [19.487402, -7.390723], [19.479883, -7.472168], [19.419336, -7.557324], [19.37168, -7.655078], [19.369922, -7.706543], [19.34082, -7.966602], [19.142676, -8.001465], [18.944434, -8.001465], [18.89834, -7.998145], [18.653418, -7.936035], [18.562695, -7.935938], [18.484668, -7.968555], [18.334863, -8.000293], [18.191504, -8.023828], [18.047168, -8.100781], [18.008789, -8.107617], [17.913086, -8.067676], [17.778809, -8.071387], [17.643359, -8.090723], [17.57959, -8.099023], [17.536035, -8.075879], [17.411328, -7.881934], [17.24502, -7.62334], [17.155078, -7.461328], [17.121582, -7.419043], [17.06377, -7.363086], [16.984766, -7.257422], [16.952051, -7.157031], [16.96582, -7.062109], [16.919434, -6.933984], [16.813086, -6.772559], [16.742969, -6.618457], [16.709375, -6.47168], [16.700977, -6.345996], [16.717773, -6.241406], [16.697266, -6.164258], [16.639551, -6.114551], [16.608008, -6.051563], [16.585156, -6.025293], [16.537109, -5.96582], [16.431445, -5.900195], [16.315234, -5.865625], [16.060156, -5.864941], [15.726953, -5.863867], [15.425, -5.868848], [15.089355, -5.874512], [14.749414, -5.880078], [14.65791, -5.888867], [14.398633, -5.892676], [14.19082, -5.875977], [14.11377, -5.865137], [13.978516, -5.857227], [13.764551, -5.855176], [13.649023, -5.861719], [13.371484, -5.861816], [13.346484, -5.863379], [13.302637, -5.881836], [13.184375, -5.85625], [13.068164, -5.864844], [13.00332, -5.836133], [12.86084, -5.854102], [12.791602, -5.877734], [12.680664, -5.96084], [12.514551, -6.004199], [12.45293, -6.000488], [12.411719, -5.986328], [12.315039, -5.895313], [12.24043, -5.807324], [12.213672, -5.758691], [12.255273, -5.746484], [12.386035, -5.727734], [12.48457, -5.71875], [12.503711, -5.695801], [12.518945, -5.424609], [12.522363, -5.148926], [12.487402, -5.112695], [12.453223, -5.090625], [12.451465, -5.071484], [12.502734, -5.036914], [12.573535, -4.996582], [12.596191, -4.978418], [12.674805, -4.905371], [12.829688, -4.736621], [12.947461, -4.695312], [13.057324, -4.651074], [13.072754, -4.634766], [13.087402, -4.601953], [13.136621, -4.604297], [13.152344, -4.620313], [13.176465, -4.655859], [13.219629, -4.705859], [13.297266, -4.765234], [13.375781, -4.829395], [13.414941, -4.837402], [13.478418, -4.80498], [13.55166, -4.756738], [13.65957, -4.721484], [13.685352, -4.688672], [13.699414, -4.618359], [13.707617, -4.543262], [13.71709, -4.454492], [13.739063, -4.44248], [13.778027, -4.433887], [13.849512, -4.458887], [13.882324, -4.484668], [13.940918, -4.484668], [13.978418, -4.46123], [14.046875, -4.41748], [14.133887, -4.4], [14.227051, -4.358105], [14.316211, -4.304102], [14.358301, -4.299414], [14.40293, -4.369727], [14.442773, -4.419043], [14.449805, -4.449512], [14.409961, -4.508105], [14.36543, -4.585547], [14.40293, -4.681641], [14.411914, -4.775], [14.410742, -4.83125], [14.440918, -4.854102], [14.461621, -4.864941], [14.493945, -4.85166], [14.557617, -4.855762], [14.633984, -4.885059], [14.70791, -4.881738], [14.779297, -4.845703], [14.912109, -4.705566], [15.10625, -4.461035], [15.267188, -4.307617], [15.394629, -4.244922], [15.480957, -4.171777], [15.525977, -4.087988], [15.600098, -4.030957], [15.75459, -3.985547], [15.872461, -3.934277], [15.990039, -3.766211], [16.146777, -3.46416], [16.190625, -3.194434], [16.217383, -3.030273], [16.201855, -2.464746], [16.191602, -2.279102], [16.215332, -2.177832], [16.273926, -2.108203], [16.433594, -1.96084], [16.540723, -1.840137], [16.622461, -1.698926], [16.780078, -1.376367], [16.849121, -1.272461], [16.879883, -1.225879], [16.974707, -1.139941], [17.107617, -1.064453], [17.278809, -0.999609], [17.542871, -0.775], [17.752832, -0.549023], [17.724121, -0.277539], [17.773145, -0.052393], [17.887695, 0.234131], [17.925195, 0.537305], [17.885742, 0.856885], [17.902441, 1.118066], [18.011719, 1.422119], [18.057813, 1.534863], [18.072852, 1.719385], [18.072168, 2.013281], [18.211621, 2.414941], [18.343457, 2.65542], [18.490918, 2.924414], [18.54707, 3.087012], [18.622168, 3.304053], [18.610352, 3.478418], [18.59668, 3.678711], [18.633691, 3.954297], [18.619922, 4.116602], [18.56748, 4.257568], [18.594141, 4.34624], [18.699902, 4.382617], [18.831738, 4.523438], [19.068555, 4.891406], [19.323438, 5.070752], [19.500977, 5.12749], [19.686035, 5.121387], [19.806543, 5.089307], [19.8625, 5.031299], [20.002344, 4.944727], [20.226367, 4.829639], [20.393555, 4.686182], [20.486523, 4.541553], [20.558105, 4.462695], [20.647461, 4.435645], [20.792969, 4.447314], [20.955762, 4.413135], [21.125586, 4.332178], [21.229785, 4.302197], [21.268359, 4.323096], [21.350195, 4.311377], [21.537598, 4.244824], [21.687012, 4.281396], [21.908203, 4.253906], [22.422168, 4.134961], [22.449707, 4.155127], [22.461816, 4.159766], [22.505664, 4.207666], [22.617188, 4.445557], [22.711719, 4.591748], [22.755762, 4.64668], [22.864551, 4.723877], [22.992871, 4.743848], [23.115918, 4.736914], [23.218848, 4.702979], [23.312891, 4.663525], [23.417188, 4.663135], [23.523633, 4.70127], [23.681836, 4.770801], [23.848438, 4.816357], [23.991699, 4.86626], [24.227734, 4.953857], [24.319824, 4.994141], [24.437109, 5.009961], [24.765527, 4.930078], [24.978418, 4.982959], [25.065234, 4.967432], [25.249316, 5.024561], [25.283105, 5.062695], [25.400195, 5.255908], [25.525098, 5.312109], [25.713867, 5.283691], [25.819922, 5.253711], [26.173535, 5.171143], [26.632617, 5.085205], [26.767578, 5.071924], [26.82207, 5.062402], [26.870117, 5.075684], [27.020605, 5.184375], [27.071875, 5.199756], [27.114941, 5.197852], [27.40332, 5.10918], [27.439258, 5.039209], [27.491016, 4.967578], [27.66416, 4.845996], [27.719238, 4.77832], [27.761426, 4.703223], [27.788086, 4.644678], [27.841602, 4.597754], [27.916602, 4.56792], [27.980664, 4.53208], [28.019824, 4.479395], [28.078613, 4.424805], [28.19209, 4.350244], [28.247266, 4.348535], [28.311035, 4.338037], [28.367188, 4.318652], [28.427539, 4.32417], [28.524805, 4.372852], [28.639551, 4.454492], [28.727051, 4.50498], [28.939355, 4.487061], [29.057422, 4.445947], [29.151465, 4.388184], [29.224902, 4.391895], [29.384863, 4.498389], [29.469629, 4.611816], [29.552051, 4.636035], [29.676855, 4.586914], [29.779883, 4.480957], [29.870215, 4.327148], [29.933984, 4.268506], [30.021387, 4.177637], [30.194922, 3.981934], [30.420703, 3.883887], [30.508301, 3.835693], [30.536914, 3.787207], [30.553516, 3.722949], [30.559375, 3.652783], [30.586719, 3.624219], [30.647656, 3.634131], [30.699902, 3.644092], [30.757227, 3.624219], [30.796973, 3.573145], [30.816895, 3.53335], [30.838574, 3.490723], [30.895313, 3.463672], [30.906445, 3.408936], [30.867578, 3.342139], [30.827832, 3.282617], [30.779297, 3.163379], [30.754004, 3.041797], [30.786523, 3.001367], [30.821387, 2.967578], [30.839941, 2.933496], [30.850781, 2.893652], [30.84668, 2.847021], [30.769531, 2.677979], [30.729883, 2.530273], [30.728613, 2.455371], [30.830078, 2.400439], [30.961914, 2.403271], [31.003613, 2.369385], [31.045313, 2.315527], [31.082129, 2.288086], [31.137598, 2.288867], [31.176367, 2.270068], [31.191406, 2.232275], [31.236328, 2.191357], [31.274023, 2.146289], [31.256055, 2.088477], [31.252734, 2.04458], [31.158789, 1.922021], [30.942578, 1.682812], [30.478125, 1.239062], [30.477832, 1.238818], [30.321094, 1.185303], [30.240137, 1.102783], [30.18291, 0.973486], [30.047363, 0.863525], [29.942871, 0.819238], [29.931641, 0.792871], [29.923828, 0.673926], [29.934473, 0.499023], [29.885449, 0.418945], [29.814648, 0.263623], [29.777832, 0.166357], [29.749707, 0.147217], [29.717676, 0.09834], [29.697852, -0.060205], [29.684375, -0.113574], [29.633203, -0.441699], [29.647852, -0.535254], [29.608203, -0.691309], [29.606445, -0.783105], [29.590039, -0.887109], [29.561914, -0.977344], [29.564063, -1.121387], [29.57998, -1.356738], [29.576953, -1.387891], [29.537793, -1.409766], [29.467969, -1.468066], [29.401953, -1.507422], [29.35166, -1.517578], [29.268164, -1.621582], [29.196582, -1.719922], [29.143262, -1.816016], [29.129395, -1.860254], [29.140625, -1.98457], [29.148047, -2.131836], [29.131543, -2.195117], [29.106445, -2.233203], [28.989551, -2.312793], [28.912695, -2.370313], [28.876367, -2.400293], [28.857617, -2.44668], [28.891406, -2.555566], [28.893945, -2.635059], [28.921777, -2.682031], [29.014355, -2.720215], [29.01416, -2.758301], [29.016602, -2.799609], [29.064746, -2.850781], [29.153223, -2.955273], [29.224414, -3.053516], [29.226074, -3.138672], [29.212305, -3.28125], [29.210059, -3.363281], [29.217188, -3.475684], [29.216797, -3.684961], [29.211816, -3.833789], [29.223242, -3.91084], [29.331348, -4.09541], [29.379199, -4.299707], [29.403223, -4.449316], [29.404199, -4.49668], [29.367578, -4.668848], [29.325684, -4.835645], [29.323438, -4.898828], [29.342773, -4.983105], [29.420117, -5.176172], [29.476465, -5.316602], [29.503711, -5.400977], [29.542383, -5.499805], [29.594141, -5.650781], [29.607031, -5.722656], [29.596387, -5.775977], [29.49082, -5.96543], [29.480078, -6.025], [29.50625, -6.17207], [29.54082, -6.313867], [29.590625, -6.394434], [29.709668, -6.616895], [29.798145, -6.691895], [29.961816, -6.803125], [30.10625, -6.915039], [30.161816, -6.973047], [30.212695, -7.037891], [30.313184, -7.203711], [30.374512, -7.338672], [30.406738, -7.460645], [30.485645, -7.627148], [30.558887, -7.781934], [30.653809, -7.970898], [30.720898, -8.104395], [30.751172, -8.193652]]]}}, {"type": "Feature", "properties": {"ADM0_A3": "BRA", "NAME": "Brazil"}, "geometry": {"type": "MultiPolygon", "coordinates": [[[[-66.876025, 1.223047], [-66.619043, 0.992139], [-66.429248, 0.82168], [-66.347119, 0.767187], [-66.30166, 0.751953], [-66.191211, 0.763281], [-66.060059, 0.785352], [-65.996338, 0.809766], [-65.925879, 0.863135], [-65.811328, 0.937256], [-65.718115, 0.978027], [-65.681445, 0.983447], [-65.644678, 0.970361], [-65.566016, 0.926074], [-65.522998, 0.843408], [-65.562695, 0.74751], [-65.556055, 0.687988], [-65.473389, 0.69126], [-65.407227, 0.790479], [-65.36084, 0.868652], [-65.263965, 0.931885], [-65.169629, 1.022217], [-65.10376, 1.108105], [-65.026562, 1.158447], [-64.910107, 1.219727], [-64.817969, 1.257129], [-64.731543, 1.25332], [-64.667432, 1.293848], [-64.584375, 1.369873], [-64.52627, 1.431006], [-64.486035, 1.452783], [-64.405127, 1.446875], [-64.304199, 1.455273], [-64.205029, 1.529492], [-64.114844, 1.619287], [-64.067041, 1.770508], [-64.035449, 1.904443], [-64.008496, 1.931592], [-63.975781, 1.953027], [-63.937158, 1.966992], [-63.844482, 1.976709], [-63.682129, 2.048145], [-63.570264, 2.120508], [-63.463916, 2.136035], [-63.43252, 2.155566], [-63.393945, 2.22251], [-63.374854, 2.34043], [-63.389258, 2.411914], [-63.584619, 2.433936], [-63.712549, 2.434033], [-63.92417, 2.452441], [-64.024902, 2.481885], [-64.046582, 2.502393], [-64.048828, 2.525098], [-64.028711, 2.576074], [-64.009033, 2.671875], [-64.037793, 2.801514], [-64.143555, 3.004883], [-64.218848, 3.204687], [-64.22876, 3.343994], [-64.227051, 3.491211], [-64.221094, 3.587402], [-64.275293, 3.662695], [-64.56792, 3.899805], [-64.668994, 4.011816], [-64.702588, 4.089307], [-64.817871, 4.232275], [-64.788672, 4.276025], [-64.722266, 4.274414], [-64.665527, 4.237109], [-64.613672, 4.157715], [-64.576367, 4.139893], [-64.525537, 4.13999], [-64.255664, 4.140332], [-64.19248, 4.126855], [-64.154297, 4.100146], [-64.121729, 4.066992], [-64.073389, 3.974414], [-64.021484, 3.929102], [-63.914648, 3.930664], [-63.746973, 3.932568], [-63.65293, 3.94082], [-63.596631, 3.915039], [-63.526807, 3.893701], [-63.379785, 3.942871], [-63.338672, 3.943896], [-63.294727, 3.922266], [-63.13623, 3.756445], [-63.045312, 3.686475], [-62.968652, 3.593945], [-62.856982, 3.593457], [-62.7646, 3.672949], [-62.739941, 3.940332], [-62.712109, 4.01792], [-62.665332, 4.039648], [-62.609766, 4.042285], [-62.543945, 4.084326], [-62.472559, 4.138525], [-62.410645, 4.156738], [-62.153125, 4.098389], [-62.081592, 4.126318], [-61.82085, 4.197021], [-61.554248, 4.287793], [-61.479395, 4.402246], [-61.367529, 4.433008], [-61.280078, 4.516895], [-61.209424, 4.508057], [-61.102441, 4.504687], [-61.036279, 4.519336], [-61.002832, 4.535254], [-60.966406, 4.574707], [-60.90625, 4.686816], [-60.833398, 4.729199], [-60.741748, 4.774121], [-60.67915, 4.8271], [-60.627588, 4.892529], [-60.603857, 4.949365], [-60.604492, 4.99458], [-60.63501, 5.081982], [-60.671973, 5.164355], [-60.711963, 5.191553], [-60.742139, 5.202051], [-60.651367, 5.221143], [-60.576416, 5.19248], [-60.459521, 5.188086], [-60.408789, 5.210156], [-60.335205, 5.199316], [-60.24165, 5.257959], [-60.181738, 5.238818], [-60.142041, 5.238818], [-60.105957, 5.194238], [-60.078076, 5.143994], [-59.990674, 5.082861], [-59.999365, 4.989844], [-60.015479, 4.90752], [-60.026758, 4.812695], [-60.031787, 4.740527], [-60.068945, 4.66665], [-60.124561, 4.597656], [-60.140918, 4.569629], [-60.148633, 4.533252], [-60.111133, 4.511182], [-60.04502, 4.50459], [-59.962354, 4.501709], [-59.906104, 4.480322], [-59.83335, 4.475928], [-59.745801, 4.41665], [-59.703271, 4.381104], [-59.699707, 4.353516], [-59.72749, 4.287646], [-59.738574, 4.226758], [-59.716895, 4.188184], [-59.691211, 4.1604], [-59.620215, 4.023145], [-59.586426, 3.975391], [-59.557764, 3.96001], [-59.551123, 3.933545], [-59.575391, 3.883447], [-59.604443, 3.819678], [-59.670215, 3.752734], [-59.679004, 3.699805], [-59.731641, 3.666553], [-59.854395, 3.5875], [-59.833057, 3.462158], [-59.828809, 3.398584], [-59.831152, 3.349219], [-59.873047, 3.283105], [-59.945654, 3.087842], [-59.972314, 2.990479], [-59.995898, 2.76543], [-59.994336, 2.68999], [-59.960791, 2.588379], [-59.889648, 2.362939], [-59.849121, 2.327051], [-59.755225, 2.274121], [-59.743506, 2.121631], [-59.751758, 1.962402], [-59.756201, 1.900635], [-59.740723, 1.87417], [-59.698535, 1.861475], [-59.668506, 1.842334], [-59.66377, 1.795215], [-59.666602, 1.746289], [-59.596631, 1.718018], [-59.535693, 1.7], [-59.479443, 1.632422], [-59.377686, 1.527344], [-59.337256, 1.508203], [-59.316992, 1.4646], [-59.231201, 1.376025], [-59.100391, 1.343652], [-58.968506, 1.30459], [-58.916602, 1.248877], [-58.8625, 1.203613], [-58.821777, 1.201221], [-58.787207, 1.208496], [-58.730322, 1.24751], [-58.684619, 1.281055], [-58.605078, 1.27915], [-58.511865, 1.284668], [-58.495703, 1.312256], [-58.486865, 1.347754], [-58.506055, 1.438672], [-58.472949, 1.46626], [-58.395801, 1.481738], [-58.380371, 1.530225], [-58.362695, 1.556689], [-58.340674, 1.587549], [-58.314209, 1.591943], [-58.281152, 1.574316], [-58.23042, 1.563281], [-58.173096, 1.547852], [-58.142236, 1.516992], [-58.091309, 1.514355], [-58.034668, 1.520264], [-58.011768, 1.539941], [-57.995117, 1.574316], [-57.982812, 1.648438], [-57.946338, 1.650586], [-57.873437, 1.667285], [-57.795654, 1.7], [-57.691748, 1.704785], [-57.594434, 1.704102], [-57.545752, 1.726074], [-57.500439, 1.773828], [-57.412695, 1.908936], [-57.366797, 1.940137], [-57.31748, 1.963477], [-57.275586, 1.959229], [-57.1896, 1.981592], [-57.118896, 2.013965], [-57.092676, 2.005811], [-57.037598, 1.936475], [-57.010059, 1.92124], [-56.969531, 1.916406], [-56.836719, 1.88125], [-56.76626, 1.892187], [-56.689844, 1.914307], [-56.616455, 1.922656], [-56.563574, 1.907227], [-56.525488, 1.927246], [-56.482812, 1.942139], [-56.452832, 1.932324], [-56.38584, 1.923877], [-56.227148, 1.885352], [-56.019922, 1.842236], [-55.96333, 1.85708], [-55.929639, 1.8875], [-55.921631, 1.97666], [-55.915332, 2.039551], [-55.961963, 2.095117], [-56.020068, 2.158154], [-56.073633, 2.236768], [-56.137695, 2.259033], [-56.129395, 2.299512], [-56.087793, 2.341309], [-56.045117, 2.364404], [-56.020361, 2.392773], [-55.993506, 2.49751], [-55.975586, 2.515967], [-55.957471, 2.520459], [-55.935937, 2.516602], [-55.89375, 2.489502], [-55.730566, 2.406152], [-55.658936, 2.41875], [-55.385352, 2.440625], [-55.343994, 2.48877], [-55.286035, 2.499658], [-55.187695, 2.54751], [-55.148828, 2.550781], [-55.114111, 2.539209], [-55.070312, 2.54834], [-55.005811, 2.592969], [-54.978662, 2.597656], [-54.968408, 2.54834], [-54.926562, 2.497363], [-54.876074, 2.450391], [-54.85166, 2.439551], [-54.766846, 2.454736], [-54.722217, 2.44165], [-54.70293, 2.397949], [-54.697412, 2.359814], [-54.661865, 2.327539], [-54.61626, 2.326758], [-54.591943, 2.31377], [-54.550488, 2.293066], [-54.515088, 2.245459], [-54.433105, 2.20752], [-54.293066, 2.154248], [-54.227979, 2.15332], [-54.167383, 2.137061], [-54.130078, 2.121045], [-54.089746, 2.150488], [-53.946436, 2.232568], [-53.876611, 2.278271], [-53.829541, 2.312939], [-53.794238, 2.345996], [-53.767773, 2.354834], [-53.750146, 2.33501], [-53.734717, 2.308545], [-53.683691, 2.29292], [-53.563965, 2.261914], [-53.508984, 2.253125], [-53.431836, 2.279443], [-53.366016, 2.324219], [-53.334424, 2.339746], [-53.285498, 2.295215], [-53.252197, 2.232275], [-53.229785, 2.204883], [-53.180078, 2.211328], [-53.082275, 2.201709], [-53.009717, 2.181738], [-52.964844, 2.183545], [-52.903467, 2.211523], [-52.87041, 2.26665], [-52.783398, 2.317187], [-52.700635, 2.363672], [-52.653174, 2.425732], [-52.583008, 2.528906], [-52.559473, 2.573145], [-52.554688, 2.647656], [-52.455859, 2.86416], [-52.418408, 2.903857], [-52.396387, 2.972217], [-52.356641, 3.051562], [-52.356641, 3.117725], [-52.327881, 3.181738], [-52.27124, 3.237109], [-52.229443, 3.27168], [-52.162598, 3.364697], [-52.116113, 3.452295], [-51.999512, 3.646875], [-51.990625, 3.702002], [-51.944336, 3.735107], [-51.928906, 3.776953], [-51.879492, 3.828564], [-51.82749, 3.86958], [-51.805273, 3.929932], [-51.76709, 3.992676], [-51.683447, 4.039697], [-51.652539, 4.061279], [-51.557812, 4.233789], [-51.54707, 4.310889], [-51.461523, 4.31377], [-51.3271, 4.224756], [-51.219922, 4.093604], [-51.07627, 3.67168], [-51.052393, 3.281836], [-50.994141, 3.077539], [-50.827197, 2.651855], [-50.816504, 2.573047], [-50.789697, 2.477783], [-50.736963, 2.376758], [-50.67876, 2.210352], [-50.676562, 2.179443], [-50.714404, 2.134033], [-50.658936, 2.130957], [-50.608691, 2.104102], [-50.575879, 1.998584], [-50.534424, 1.927246], [-50.458887, 1.82959], [-50.304297, 1.797656], [-50.187598, 1.785986], [-50.054688, 1.730713], [-49.957129, 1.659863], [-49.881592, 1.419922], [-49.90625, 1.269043], [-49.898877, 1.162988], [-49.937939, 1.121436], [-50.047217, 1.051953], [-50.070996, 1.015088], [-50.294434, 0.835742], [-50.343262, 0.751025], [-50.462988, 0.637305], [-50.581543, 0.420508], [-50.755078, 0.222559], [-50.816357, 0.172559], [-50.910156, 0.160986], [-50.96709, 0.130273], [-51.101953, -0.03125], [-51.28291, -0.085205], [-51.299561, -0.178809], [-51.40415, -0.392676], [-51.496289, -0.509473], [-51.555029, -0.549121], [-51.702637, -0.762305], [-51.721533, -0.855469], [-51.720605, -1.018457], [-51.819141, -1.117773], [-51.921631, -1.180859], [-51.934473, -1.320312], [-51.980811, -1.367969], [-52.020459, -1.399023], [-52.229248, -1.3625], [-52.553418, -1.514063], [-52.66416, -1.551758], [-52.310303, -1.55957], [-52.19668, -1.640137], [-51.947559, -1.586719], [-51.646289, -1.394336], [-51.531201, -1.354102], [-51.297363, -1.223535], [-51.202344, -1.136523], [-51.028955, -1.032129], [-50.992041, -0.986328], [-50.894922, -0.937598], [-50.842285, -0.999609], [-50.838184, -1.038867], [-50.917871, -1.115234], [-50.897168, -1.164453], [-50.84458, -1.22627], [-50.825537, -1.311426], [-50.818652, -1.37627], [-50.786133, -1.489941], [-50.678955, -1.643848], [-50.675293, -1.694727], [-50.690039, -1.761719], [-50.63877, -1.81709], [-50.585596, -1.849902], [-50.403223, -2.015527], [-50.260449, -1.922949], [-50.172705, -1.896191], [-50.116602, -1.85752], [-49.999219, -1.831836], [-49.902979, -1.870605], [-49.719531, -1.926367], [-49.585352, -1.867188], [-49.313672, -1.731738], [-49.398633, -1.971582], [-49.460156, -2.191504], [-49.506982, -2.280273], [-49.553369, -2.519922], [-49.599316, -2.583887], [-49.636523, -2.656934], [-49.575879, -2.631445], [-49.523926, -2.596875], [-49.45752, -2.50459], [-49.407666, -2.344336], [-49.211035, -1.916504], [-49.154785, -1.878516], [-48.991309, -1.829785], [-48.71001, -1.487695], [-48.6, -1.48877], [-48.52959, -1.56748], [-48.462939, -1.613965], [-48.44585, -1.52041], [-48.349805, -1.482129], [-48.451465, -1.43584], [-48.468066, -1.393848], [-48.477734, -1.323828], [-48.408594, -1.229199], [-48.449805, -1.145508], [-48.306494, -1.039844], [-48.317578, -0.960547], [-48.266455, -0.895117], [-48.201758, -0.82793], [-48.128467, -0.795215], [-48.115088, -0.7375], [-48.068848, -0.713672], [-48.032568, -0.705078], [-47.960938, -0.769629], [-47.883398, -0.693359], [-47.807666, -0.663477], [-47.77373, -0.676758], [-47.731494, -0.710449], [-47.687109, -0.724805], [-47.651074, -0.71875], [-47.557324, -0.669922], [-47.470703, -0.748535], [-47.418652, -0.765918], [-47.43291, -0.721875], [-47.460352, -0.680957], [-47.439063, -0.647656], [-47.398096, -0.62666], [-47.268604, -0.64541], [-47.200537, -0.680469], [-47.126904, -0.74541], [-47.024609, -0.750195], [-46.944336, -0.743359], [-46.893652, -0.779883], [-46.81123, -0.779688], [-46.769922, -0.836523], [-46.644434, -0.916406], [-46.617236, -0.970605], [-46.516309, -0.996875], [-46.421729, -1.030078], [-46.32085, -1.03916], [-46.219141, -1.03125], [-46.21499, -1.099805], [-46.140381, -1.118359], [-46.044629, -1.103027], [-45.972266, -1.187402], [-45.778809, -1.250781], [-45.644775, -1.347852], [-45.556934, -1.330664], [-45.458594, -1.35625], [-45.353027, -1.567383], [-45.32915, -1.717285], [-45.282129, -1.696582], [-45.238574, -1.629492], [-45.18208, -1.507031], [-45.076367, -1.466406], [-45.025781, -1.513477], [-44.919775, -1.588867], [-44.828369, -1.67168], [-44.789844, -1.724805], [-44.721143, -1.733496], [-44.778516, -1.798828], [-44.720947, -1.792285], [-44.65127, -1.745801], [-44.59165, -1.841797], [-44.546777, -1.946289], [-44.537793, -2.052734], [-44.580029, -2.113867], [-44.617285, -2.152148], [-44.658643, -2.227539], [-44.70752, -2.241113], [-44.756348, -2.265527], [-44.700635, -2.32041], [-44.662402, -2.373242], [-44.579004, -2.230469], [-44.520361, -2.190332], [-44.435449, -2.168066], [-44.391309, -2.269629], [-44.381836, -2.365527], [-44.520117, -2.405469], [-44.520654, -2.48125], [-44.562012, -2.524219], [-44.589014, -2.573438], [-44.610791, -2.676855], [-44.638965, -2.7625], [-44.721387, -3.142285], [-44.723047, -3.204785], [-44.622656, -3.137891], [-44.437549, -2.944434], [-44.381152, -2.738379], [-44.308154, -2.535156], [-44.228613, -2.471289], [-44.179395, -2.471191], [-44.105566, -2.493457], [-44.101367, -2.560059], [-44.112646, -2.598535], [-44.191602, -2.699609], [-44.225195, -2.75498], [-44.192676, -2.80957], [-44.013232, -2.642188], [-43.93291, -2.583496], [-43.864453, -2.59541], [-43.728613, -2.518164], [-43.455127, -2.502051], [-43.434619, -2.413672], [-43.380078, -2.376074], [-43.229687, -2.386035], [-42.936719, -2.465039], [-42.832275, -2.52959], [-42.675879, -2.589648], [-42.593555, -2.661035], [-42.249609, -2.791992], [-41.999854, -2.806055], [-41.876172, -2.746582], [-41.721875, -2.808887], [-41.640137, -2.878613], [-41.479932, -2.916504], [-41.318213, -2.93623], [-41.194531, -2.886133], [-40.875586, -2.869629], [-40.474561, -2.795605], [-40.235352, -2.813184], [-39.964697, -2.861523], [-39.771826, -2.98584], [-39.609424, -3.05625], [-39.511182, -3.125586], [-39.352686, -3.197363], [-39.014355, -3.390234], [-38.895996, -3.501758], [-38.68623, -3.653711], [-38.475781, -3.71748], [-38.361914, -3.876465], [-38.271875, -3.948047], [-38.048828, -4.216406], [-37.795654, -4.404297], [-37.626318, -4.59209], [-37.301465, -4.713086], [-37.174658, -4.912402], [-36.954883, -4.936719], [-36.861133, -4.966602], [-36.747363, -5.050684], [-36.590723, -5.097559], [-36.386719, -5.084277], [-36.161768, -5.09375], [-35.979883, -5.054395], [-35.549414, -5.129395], [-35.481689, -5.166016], [-35.392578, -5.250879], [-35.235449, -5.566699], [-35.141748, -5.917188], [-35.095459, -6.185352], [-34.988184, -6.39375], [-34.92959, -6.785059], [-34.879883, -6.908203], [-34.875977, -7.00293], [-34.833887, -7.024414], [-34.805469, -7.288379], [-34.816602, -7.394824], [-34.857764, -7.533301], [-34.86084, -7.59502], [-34.854785, -7.634277], [-34.872998, -7.69209], [-34.878613, -7.747461], [-34.836914, -7.871777], [-34.834668, -7.971484], [-34.890527, -8.092188], [-34.96665, -8.407617], [-35.157764, -8.930566], [-35.340869, -9.230664], [-35.59707, -9.540625], [-35.763965, -9.702539], [-35.830127, -9.719043], [-35.89082, -9.687012], [-35.847754, -9.772461], [-35.885449, -9.847656], [-36.05498, -10.075781], [-36.223535, -10.225098], [-36.39834, -10.484082], [-36.411621, -10.489941], [-36.635742, -10.589941], [-36.768311, -10.67168], [-36.937793, -10.82041], [-37.093359, -11.054785], [-37.125488, -11.084961], [-37.182812, -11.068457], [-37.181201, -11.1875], [-37.315137, -11.375977], [-37.356006, -11.403906], [-37.354883, -11.350488], [-37.331641, -11.309863], [-37.320801, -11.266602], [-37.321777, -11.215137], [-37.359229, -11.252539], [-37.438477, -11.39375], [-37.411816, -11.497266], [-37.469336, -11.653613], [-37.688721, -12.1], [-37.957324, -12.475488], [-38.019238, -12.591309], [-38.239746, -12.844238], [-38.401758, -12.966211], [-38.447314, -12.96709], [-38.498926, -12.956641], [-38.524902, -12.762305], [-38.654004, -12.644629], [-38.690967, -12.623926], [-38.743896, -12.748535], [-38.787988, -12.782715], [-38.851758, -12.790137], [-38.783594, -12.844434], [-38.763721, -12.907227], [-38.833154, -13.03291], [-38.835303, -13.147168], [-38.95918, -13.273047], [-39.030908, -13.365137], [-39.067383, -13.480469], [-39.089355, -13.588184], [-39.034912, -13.558789], [-39.009082, -13.581445], [-38.988623, -13.615039], [-39.001221, -13.664551], [-39.041113, -13.758105], [-39.034912, -13.991016], [-39.048145, -14.043945], [-39.008496, -14.101172], [-38.966504, -14.003418], [-38.942334, -14.030664], [-39.05957, -14.654785], [-39.013379, -14.935645], [-38.996191, -15.253809], [-38.943213, -15.564355], [-38.885254, -15.841992], [-38.880615, -15.864258], [-38.960791, -16.186523], [-39.063232, -16.504395], [-39.125049, -16.763574], [-39.163965, -17.043555], [-39.202881, -17.178125], [-39.215234, -17.31582], [-39.170605, -17.64209], [-39.154004, -17.703906], [-39.278369, -17.849414], [-39.412598, -17.92002], [-39.486768, -17.990137], [-39.650781, -18.252344], [-39.739795, -18.639844], [-39.741943, -18.845996], [-39.699854, -19.277832], [-39.731445, -19.453906], [-39.783301, -19.571777], [-39.844727, -19.649121], [-40.001367, -19.741992], [-40.141699, -19.968262], [-40.202734, -20.206055], [-40.298877, -20.292676], [-40.318555, -20.425781], [-40.395947, -20.569434], [-40.596582, -20.783789], [-40.727051, -20.846191], [-40.789258, -20.906055], [-40.82876, -21.031348], [-40.954541, -21.237891], [-41.047266, -21.505664], [-41.023145, -21.596875], [-41.021582, -21.61084], [-40.987842, -21.920313], [-41.000293, -21.999023], [-41.12251, -22.084375], [-41.58291, -22.243652], [-41.705518, -22.309668], [-41.98042, -22.580664], [-41.997559, -22.644629], [-41.986133, -22.73584], [-41.940918, -22.788281], [-41.9875, -22.845117], [-42.042383, -22.94707], [-42.122461, -22.94082], [-42.581055, -22.941016], [-42.829297, -22.97334], [-42.958301, -22.96709], [-43.016211, -22.942578], [-43.081152, -22.902539], [-43.100684, -22.850098], [-43.06543, -22.770703], [-43.086279, -22.72334], [-43.154297, -22.725195], [-43.229004, -22.747656], [-43.241943, -22.795117], [-43.236621, -22.828809], [-43.208838, -22.878125], [-43.193604, -22.938574], [-43.22417, -22.991211], [-43.369482, -22.998047], [-43.532813, -23.046387], [-43.736523, -23.066602], [-43.898828, -23.101465], [-43.973828, -23.057324], [-43.898828, -23.035254], [-43.791406, -23.045996], [-43.675977, -23.009473], [-43.70293, -22.966309], [-43.866162, -22.910547], [-44.047461, -22.944727], [-44.147998, -23.011035], [-44.36792, -23.00498], [-44.637256, -23.055469], [-44.681152, -23.106934], [-44.673828, -23.206641], [-44.621094, -23.228516], [-44.569678, -23.274023], [-44.619092, -23.316406], [-44.667187, -23.335156], [-44.95166, -23.381445], [-45.21543, -23.575586], [-45.325391, -23.599707], [-45.423291, -23.685352], [-45.433398, -23.758496], [-45.464307, -23.802539], [-45.5271, -23.804785], [-45.664648, -23.764844], [-45.843164, -23.763672], [-45.97207, -23.795508], [-46.630762, -24.110352], [-46.867285, -24.236328], [-47.137207, -24.493164], [-47.592187, -24.781055], [-47.831152, -24.95293], [-47.876563, -24.997461], [-47.914307, -24.999902], [-47.98916, -25.035742], [-47.959375, -25.06543], [-47.90835, -25.068164], [-47.929395, -25.168262], [-48.024365, -25.236719], [-48.202734, -25.416504], [-48.242432, -25.40332], [-48.185937, -25.309863], [-48.273486, -25.306348], [-48.40249, -25.27207], [-48.458496, -25.310742], [-48.427637, -25.40332], [-48.476123, -25.442969], [-48.56416, -25.447461], [-48.643994, -25.436523], [-48.731738, -25.36875], [-48.692187, -25.491504], [-48.507031, -25.521289], [-48.429883, -25.550195], [-48.401172, -25.597363], [-48.545166, -25.815918], [-48.665771, -25.844336], [-48.679004, -25.875195], [-48.612842, -25.875], [-48.576318, -25.935449], [-48.619434, -26.179395], [-48.679004, -26.225781], [-48.71377, -26.226953], [-48.748291, -26.268652], [-48.700684, -26.34834], [-48.651611, -26.406445], [-48.658154, -26.519141], [-48.676514, -26.612402], [-48.677734, -26.70293], [-48.615674, -26.878125], [-48.593408, -27.058008], [-48.568359, -27.123438], [-48.55415, -27.195996], [-48.595508, -27.263867], [-48.571973, -27.372754], [-48.642578, -27.55791], [-48.605664, -27.825195], [-48.620801, -28.075586], [-48.648438, -28.207227], [-48.693213, -28.310156], [-48.797266, -28.442676], [-48.799658, -28.575293], [-49.023584, -28.698633], [-49.271289, -28.871191], [-49.499902, -29.075391], [-49.745996, -29.363184], [-50.03335, -29.800977], [-50.299512, -30.425781], [-50.619971, -30.897656], [-50.748145, -31.068066], [-50.921387, -31.258398], [-51.151758, -31.480371], [-51.4604, -31.702441], [-51.798145, -31.900293], [-51.920215, -31.989551], [-52.039209, -32.114844], [-52.068945, -32.063086], [-52.043164, -31.977539], [-52.05957, -31.913477], [-52.063232, -31.830371], [-51.995117, -31.815039], [-51.893164, -31.867773], [-51.841211, -31.832031], [-51.803418, -31.79668], [-51.680664, -31.774609], [-51.446191, -31.557324], [-51.272168, -31.476953], [-51.174316, -31.339746], [-51.15752, -31.266797], [-51.161426, -31.118848], [-51.105957, -31.081348], [-50.980078, -31.094238], [-50.954395, -31.052148], [-50.965332, -31.005469], [-50.94082, -30.903711], [-50.770166, -30.813379], [-50.689307, -30.704199], [-50.716309, -30.425977], [-50.685059, -30.413477], [-50.614844, -30.456836], [-50.581934, -30.438867], [-50.546533, -30.316895], [-50.563525, -30.253613], [-50.646191, -30.236816], [-50.931885, -30.374316], [-51.024951, -30.368652], [-51.040381, -30.260645], [-51.179297, -30.211035], [-51.233594, -30.121387], [-51.249854, -30.059961], [-51.298047, -30.034863], [-51.29502, -30.141016], [-51.281787, -30.244141], [-51.157275, -30.364258], [-51.187549, -30.411914], [-51.246582, -30.467578], [-51.287695, -30.591211], [-51.283057, -30.751563], [-51.316406, -30.702734], [-51.359082, -30.674512], [-51.376465, -30.846875], [-51.459131, -30.912793], [-51.485254, -30.977539], [-51.463672, -31.052637], [-51.506299, -31.104492], [-51.716895, -31.24375], [-51.926807, -31.338867], [-51.972461, -31.383789], [-51.994873, -31.489941], [-52.026953, -31.599023], [-52.119824, -31.694922], [-52.193555, -31.885547], [-52.191553, -31.967578], [-52.16709, -32.088477], [-52.127393, -32.167773], [-52.190186, -32.220801], [-52.274609, -32.32373], [-52.34165, -32.439746], [-52.508496, -32.875293], [-52.652246, -33.137793], [-52.762891, -33.266406], [-52.92085, -33.401953], [-53.370605, -33.742188], [-53.397559, -33.737305], [-53.463574, -33.709863], [-53.518848, -33.677246], [-53.531348, -33.655469], [-53.537646, -33.622852], [-53.530371, -33.500293], [-53.531348, -33.170898], [-53.511865, -33.108691], [-53.482861, -33.068555], [-53.395215, -33.010352], [-53.310107, -32.927051], [-53.214062, -32.821094], [-53.125586, -32.736719], [-53.157275, -32.680078], [-53.23125, -32.625391], [-53.362744, -32.581152], [-53.489404, -32.503223], [-53.601709, -32.403027], [-53.653613, -32.29873], [-53.701123, -32.186328], [-53.746582, -32.097461], [-53.761719, -32.056836], [-53.806104, -32.039941], [-53.876514, -31.994531], [-53.920605, -31.952344], [-53.985156, -31.928125], [-54.100439, -31.901563], [-54.220557, -31.855176], [-54.369922, -31.74502], [-54.477686, -31.622754], [-54.530908, -31.541992], [-54.587646, -31.485156], [-54.895996, -31.391211], [-55.036035, -31.279004], [-55.091162, -31.313965], [-55.173535, -31.27959], [-55.254639, -31.225586], [-55.278955, -31.18418], [-55.313281, -31.141699], [-55.345508, -31.092969], [-55.366064, -31.046191], [-55.449561, -30.964453], [-55.557324, -30.875977], [-55.603027, -30.850781], [-55.627148, -30.858105], [-55.650488, -30.89209], [-55.665234, -30.924902], [-55.705957, -30.946582], [-55.756348, -30.987109], [-55.807764, -31.036719], [-55.873682, -31.069629], [-55.952002, -31.080859], [-56.004687, -31.079199], [-56.015527, -31.059668], [-56.018457, -30.991895], [-55.998975, -30.837207], [-56.044824, -30.777637], [-56.105859, -30.71377], [-56.176172, -30.628418], [-56.407227, -30.447461], [-56.72168, -30.186914], [-56.832715, -30.107227], [-56.937256, -30.101074], [-57.032715, -30.109961], [-57.120508, -30.144434], [-57.186914, -30.264844], [-57.214453, -30.283398], [-57.383838, -30.280664], [-57.552295, -30.26123], [-57.608887, -30.187793], [-57.563867, -30.139941], [-57.405225, -30.033887], [-57.31748, -29.939453], [-57.300684, -29.856543], [-57.224658, -29.782129], [-57.089355, -29.716211], [-56.938623, -29.594824], [-56.772461, -29.417871], [-56.671533, -29.287305], [-56.63584, -29.203027], [-56.570703, -29.138086], [-56.475977, -29.09248], [-56.393262, -28.997266], [-56.322363, -28.852441], [-56.225537, -28.737207], [-56.102881, -28.651758], [-56.034229, -28.580859], [-56.019629, -28.524609], [-55.984912, -28.488574], [-55.930176, -28.472852], [-55.903662, -28.443262], [-55.90542, -28.399609], [-55.890527, -28.37002], [-55.858887, -28.354199], [-55.806055, -28.359766], [-55.731982, -28.386621], [-55.687256, -28.381641], [-55.671973, -28.344922], [-55.691504, -28.302832], [-55.745996, -28.255469], [-55.725488, -28.204102], [-55.582373, -28.120996], [-55.47666, -28.089355], [-55.409814, -28.037793], [-55.346484, -27.955957], [-55.24375, -27.898828], [-55.101514, -27.866797], [-55.063867, -27.835938], [-55.068994, -27.796289], [-55.039941, -27.767773], [-54.955908, -27.747168], [-54.910205, -27.708594], [-54.902783, -27.651953], [-54.875732, -27.599219], [-54.829102, -27.550586], [-54.7771, -27.53252], [-54.719727, -27.544922], [-54.665869, -27.526563], [-54.61543, -27.477148], [-54.554932, -27.454102], [-54.484326, -27.457324], [-54.448145, -27.446484], [-54.327002, -27.423535], [-54.260156, -27.382031], [-54.205225, -27.289648], [-54.156445, -27.253809], [-54.113818, -27.274707], [-54.040137, -27.24375], [-53.935352, -27.161133], [-53.915625, -27.15957], [-53.838184, -27.121094], [-53.758496, -26.97832], [-53.717285, -26.882812], [-53.727148, -26.804688], [-53.75332, -26.748633], [-53.74458, -26.666504], [-53.718164, -26.443164], [-53.710938, -26.351855], [-53.668555, -26.288184], [-53.671289, -26.225098], [-53.746924, -26.083691], [-53.823242, -25.95957], [-53.864209, -25.748828], [-53.891162, -25.668848], [-53.954785, -25.647656], [-54.012305, -25.57793], [-54.08501, -25.571875], [-54.119238, -25.545215], [-54.15459, -25.523047], [-54.206152, -25.52959], [-54.250098, -25.57041], [-54.331885, -25.571875], [-54.38335, -25.588672], [-54.443945, -25.625], [-54.501514, -25.608301], [-54.537842, -25.576465], [-54.615869, -25.576074], [-54.610547, -25.432715], [-54.473145, -25.220215], [-54.43623, -25.121289], [-54.454102, -25.065234], [-54.412988, -24.86748], [-54.312939, -24.528125], [-54.281006, -24.306055], [-54.317285, -24.20127], [-54.318262, -24.128125], [-54.266895, -24.06582], [-54.241797, -24.047266], [-54.370801, -23.971191], [-54.440234, -23.901758], [-54.52959, -23.852148], [-54.625488, -23.8125], [-54.671777, -23.829004], [-54.721387, -23.852148], [-54.817285, -23.888477], [-54.926465, -23.951367], [-54.982666, -23.974512], [-55.081885, -23.997656], [-55.194336, -24.01748], [-55.286914, -24.004297], [-55.366309, -23.991016], [-55.415918, -23.951367], [-55.442383, -23.865332], [-55.442383, -23.792578], [-55.458887, -23.686719], [-55.518457, -23.627246], [-55.538281, -23.580957], [-55.541602, -23.524707], [-55.534961, -23.461914], [-55.518457, -23.415625], [-55.528369, -23.359375], [-55.554834, -23.319629], [-55.548193, -23.250195], [-55.561426, -23.154297], [-55.601123, -23.094727], [-55.620996, -23.025293], [-55.620996, -22.955859], [-55.650732, -22.886426], [-55.654053, -22.810352], [-55.627588, -22.740918], [-55.617676, -22.671484], [-55.647412, -22.621875], [-55.703662, -22.59209], [-55.746631, -22.512695], [-55.753271, -22.410156], [-55.799561, -22.353906], [-55.84917, -22.307617], [-55.905371, -22.307617], [-55.991406, -22.281152], [-56.06748, -22.284473], [-56.189844, -22.281152], [-56.246045, -22.264648], [-56.275781, -22.228223], [-56.351855, -22.178613], [-56.394873, -22.092676], [-56.447803, -22.076172], [-56.523828, -22.102539], [-56.550293, -22.135645], [-56.580078, -22.181934], [-56.633008, -22.234863], [-56.702441, -22.231543], [-56.775195, -22.261328], [-56.844678, -22.264648], [-56.937256, -22.271289], [-57.029883, -22.244824], [-57.142334, -22.215039], [-57.238232, -22.195215], [-57.330859, -22.215039], [-57.393652, -22.198438], [-57.476367, -22.188574], [-57.568945, -22.181934], [-57.641699, -22.129004], [-57.721094, -22.099219], [-57.764062, -22.10918], [-57.820312, -22.142285], [-57.879834, -22.135645], [-57.955908, -22.10918], [-57.985693, -22.046387], [-57.979053, -22.006641], [-57.9625, -21.966992], [-57.932764, -21.910742], [-57.949316, -21.851172], [-57.942676, -21.79834], [-57.929443, -21.751953], [-57.916211, -21.699121], [-57.926172, -21.649512], [-57.929443, -21.596582], [-57.936084, -21.546973], [-57.945996, -21.494043], [-57.906299, -21.417969], [-57.873242, -21.355078], [-57.893066, -21.302246], [-57.886475, -21.26582], [-57.86001, -21.20625], [-57.826953, -21.133594], [-57.830225, -20.997949], [-57.86001, -20.918555], [-57.892236, -20.89707], [-57.900488, -20.873047], [-57.884814, -20.841699], [-57.901904, -20.809375], [-57.908496, -20.776367], [-57.891406, -20.747461], [-57.915137, -20.690332], [-57.9625, -20.673828], [-57.979053, -20.657324], [-57.995605, -20.594434], [-58.008838, -20.52168], [-58.002246, -20.46543], [-58.025391, -20.41582], [-58.058447, -20.386133], [-58.091504, -20.333203], [-58.124609, -20.293457], [-58.137793, -20.237305], [-58.159766, -20.164648], [-58.09375, -20.151074], [-58.067627, -20.110352], [-58.021143, -20.055176], [-57.960156, -20.040723], [-57.887598, -20.02041], [-57.860742, -19.97959], [-58.029932, -19.832715], [-58.131494, -19.744531], [-58.072021, -19.625293], [-57.97168, -19.424219], [-57.874512, -19.229492], [-57.800391, -19.080957], [-57.781445, -19.053516], [-57.716797, -19.044043], [-57.728613, -18.967383], [-57.730859, -18.917188], [-57.783105, -18.914258], [-57.725, -18.733203], [-57.63916, -18.475], [-57.574023, -18.279297], [-57.553125, -18.246484], [-57.506152, -18.237305], [-57.495654, -18.214648], [-57.552051, -18.183105], [-57.586475, -18.122266], [-57.66167, -17.947363], [-57.780176, -17.671777], [-57.788867, -17.573047], [-57.832471, -17.512109], [-57.905029, -17.532324], [-57.990918, -17.512891], [-58.205566, -17.363086], [-58.347754, -17.282129], [-58.395996, -17.234277], [-58.417383, -17.080566], [-58.459814, -16.910742], [-58.478125, -16.700684], [-58.470605, -16.650195], [-58.350391, -16.49082], [-58.350781, -16.410254], [-58.340576, -16.339941], [-58.345605, -16.284375], [-58.375391, -16.283594], [-58.423682, -16.30791], [-58.496582, -16.32666], [-58.537939, -16.328223], [-58.957275, -16.313184], [-59.434277, -16.295996], [-59.831152, -16.281738], [-60.175586, -16.269336], [-60.187207, -16.132129], [-60.206641, -15.901953], [-60.22041, -15.738672], [-60.242334, -15.47959], [-60.380469, -15.318262], [-60.530469, -15.143164], [-60.583203, -15.09834], [-60.402002, -15.092773], [-60.27334, -15.08877], [-60.298877, -14.618555], [-60.338037, -14.570508], [-60.372705, -14.41875], [-60.39624, -14.332813], [-60.460156, -14.263086], [-60.474658, -14.184766], [-60.462988, -14.132422], [-60.428076, -14.1], [-60.40498, -14.019238], [-60.422363, -13.937988], [-60.460156, -13.862402], [-60.506592, -13.789844], [-60.595312, -13.745313], [-60.722363, -13.664355], [-60.914502, -13.561426], [-61.077002, -13.489746], [-61.12915, -13.498535], [-61.416064, -13.526563], [-61.511572, -13.541211], [-61.575684, -13.524805], [-61.789941, -13.525586], [-61.874121, -13.47041], [-61.944727, -13.40625], [-62.094775, -13.241992], [-62.118018, -13.159766], [-62.176074, -13.133691], [-62.263916, -13.143652], [-62.352832, -13.132422], [-62.525537, -13.064258], [-62.687061, -12.994336], [-62.765479, -12.997266], [-62.835156, -12.953711], [-62.95791, -12.84707], [-63.015186, -12.805566], [-63.041357, -12.750391], [-63.06748, -12.669141], [-63.116797, -12.65166], [-63.180664, -12.666211], [-63.249756, -12.70791], [-63.34668, -12.680078], [-63.465234, -12.605176], [-63.541895, -12.54668], [-63.585645, -12.518945], [-63.688574, -12.478027], [-63.788086, -12.469434], [-63.938574, -12.529688], [-64.061621, -12.505078], [-64.255029, -12.483301], [-64.420508, -12.439746], [-64.480762, -12.326172], [-64.513428, -12.250977], [-64.61167, -12.203906], [-64.690039, -12.146484], [-64.783447, -12.059375], [-64.829883, -12.030273], [-64.914355, -12.005957], [-64.992529, -11.975195], [-65.001221, -11.92002], [-65.030273, -11.847363], [-65.037109, -11.829395], [-65.090283, -11.741211], [-65.115137, -11.735059], [-65.142676, -11.752344], [-65.163379, -11.765137], [-65.185742, -11.749512], [-65.189746, -11.710059], [-65.175391, -11.646875], [-65.206201, -11.580566], [-65.282275, -11.511035], [-65.322021, -11.43916], [-65.325488, -11.364746], [-65.342383, -11.315039], [-65.372852, -11.289941], [-65.389893, -11.246289], [-65.393604, -11.184277], [-65.371582, -11.110352], [-65.323779, -11.024805], [-65.334033, -10.892773], [-65.402295, -10.714746], [-65.43999, -10.58623], [-65.447119, -10.507422], [-65.436914, -10.449023], [-65.395459, -10.392285], [-65.313086, -10.253027], [-65.298584, -10.146777], [-65.324561, -10.026953], [-65.328125, -9.935547], [-65.309326, -9.872656], [-65.337891, -9.790234], [-65.396143, -9.712402], [-65.436768, -9.710449], [-65.491992, -9.731738], [-65.558691, -9.797461], [-65.637109, -9.809082], [-65.706787, -9.768457], [-65.924707, -9.785449], [-66.263574, -9.826074], [-66.399219, -9.868164], [-66.478906, -9.886133], [-66.575342, -9.899902], [-66.72998, -9.975488], [-67.111523, -10.268945], [-67.190479, -10.311426], [-67.280469, -10.317285], [-67.332715, -10.35791], [-67.416943, -10.389844], [-67.582422, -10.505957], [-67.66665, -10.598926], [-67.721777, -10.683105], [-67.785693, -10.686035], [-67.83501, -10.662793], [-67.991699, -10.674414], [-68.07168, -10.703125], [-68.158643, -10.785059], [-68.266602, -10.933105], [-68.311133, -10.975195], [-68.397998, -11.01875], [-68.49834, -11.054785], [-68.622656, -11.10918], [-68.678369, -11.112793], [-68.72749, -11.122461], [-68.769922, -11.097656], [-68.784082, -11.044629], [-68.84834, -11.011133], [-69.00166, -10.994336], [-69.228516, -10.955664], [-69.462549, -10.948145], [-69.578613, -10.951758], [-69.674023, -10.954102], [-69.839795, -10.933398], [-69.960352, -10.929883], [-70.066309, -10.982422], [-70.220068, -11.047656], [-70.290381, -11.064258], [-70.341992, -11.066699], [-70.392285, -11.058594], [-70.450879, -11.024805], [-70.533252, -10.946875], [-70.596533, -10.976855], [-70.642334, -11.010254], [-70.641553, -10.84082], [-70.640332, -10.586035], [-70.639355, -10.361328], [-70.638525, -10.181543], [-70.637598, -9.971777], [-70.636914, -9.82373], [-70.593799, -9.76748], [-70.567236, -9.70459], [-70.59917, -9.620508], [-70.592236, -9.543457], [-70.570166, -9.489844], [-70.541113, -9.4375], [-70.60791, -9.463672], [-70.636914, -9.478223], [-70.672461, -9.517969], [-70.758496, -9.57168], [-70.81626, -9.625293], [-70.884521, -9.669043], [-70.970752, -9.765723], [-71.041748, -9.81875], [-71.115283, -9.852441], [-71.237939, -9.966016], [-71.339404, -9.988574], [-71.608008, -10.006055], [-71.887451, -10.005566], [-72.142969, -10.005176], [-72.181592, -10.003711], [-72.179102, -9.910156], [-72.172852, -9.844043], [-72.259961, -9.774316], [-72.26582, -9.688477], [-72.289014, -9.629199], [-72.318066, -9.556641], [-72.379053, -9.510156], [-72.464746, -9.492188], [-72.605469, -9.452051], [-72.814258, -9.410352], [-73.01377, -9.407422], [-73.209424, -9.411426], [-73.089844, -9.265723], [-72.970361, -9.120117], [-72.974023, -8.993164], [-73.070508, -8.882812], [-73.122559, -8.814063], [-73.203125, -8.719336], [-73.302441, -8.654004], [-73.356738, -8.566992], [-73.351709, -8.51416], [-73.3604, -8.479297], [-73.398145, -8.458984], [-73.435889, -8.427051], [-73.488135, -8.392188], [-73.549121, -8.345801], [-73.549121, -8.299316], [-73.572363, -8.249902], [-73.610107, -8.191895], [-73.610107, -8.14541], [-73.644922, -8.072852], [-73.682666, -8.020605], [-73.72041, -7.985742], [-73.775586, -7.936426], [-73.772705, -7.895703], [-73.732031, -7.875391], [-73.7146, -7.829004], [-73.72041, -7.78252], [-73.766895, -7.753516], [-73.82207, -7.738965], [-73.894629, -7.654785], [-73.946875, -7.61123], [-73.981738, -7.585059], [-74.002051, -7.556055], [-73.981738, -7.535742], [-73.958496, -7.506641], [-73.952686, -7.460254], [-73.964307, -7.416699], [-73.964307, -7.378906], [-73.929443, -7.367285], [-73.891748, -7.373145], [-73.854004, -7.349902], [-73.804639, -7.341211], [-73.749463, -7.335352], [-73.72041, -7.309277], [-73.72334, -7.262793], [-73.758203, -7.172754], [-73.793018, -7.135059], [-73.804639, -7.079883], [-73.77627, -6.973535], [-73.758105, -6.905762], [-73.694531, -6.833789], [-73.499902, -6.679492], [-73.325488, -6.574707], [-73.240332, -6.564063], [-73.177441, -6.525195], [-73.137354, -6.46582], [-73.126318, -6.400879], [-73.135352, -6.344336], [-73.167725, -6.260645], [-73.206494, -6.156445], [-73.235547, -6.098438], [-73.209375, -6.028711], [-73.162891, -5.933398], [-73.068066, -5.789551], [-72.979883, -5.634863], [-72.970215, -5.589648], [-72.958936, -5.495215], [-72.918262, -5.302539], [-72.895801, -5.198242], [-72.907471, -5.157715], [-72.887061, -5.122754], [-72.831934, -5.09375], [-72.69873, -5.067188], [-72.60835, -5.00957], [-72.468994, -4.90127], [-72.352832, -4.786035], [-72.256787, -4.748926], [-72.08252, -4.642285], [-71.982422, -4.574609], [-71.943164, -4.55332], [-71.844727, -4.504395], [-71.668359, -4.487305], [-71.521338, -4.469727], [-71.438281, -4.437598], [-71.316797, -4.424316], [-71.23501, -4.388184], [-71.144238, -4.387207], [-70.973682, -4.350488], [-70.915625, -4.295313], [-70.866016, -4.22959], [-70.799512, -4.17334], [-70.721582, -4.158887], [-70.63457, -4.168652], [-70.530664, -4.167578], [-70.404639, -4.150098], [-70.343652, -4.193652], [-70.316895, -4.246973], [-70.23916, -4.301172], [-70.183984, -4.298145], [-70.128809, -4.286621], [-70.05332, -4.333105], [-70.003955, -4.327246], [-69.972021, -4.301172], [-69.965918, -4.235938], [-69.948193, -4.200586], [-69.911035, -3.996582], [-69.849756, -3.659863], [-69.794141, -3.35459], [-69.732617, -3.016699], [-69.669043, -2.667676], [-69.604687, -2.314258], [-69.551855, -2.024219], [-69.506445, -1.774902], [-69.478613, -1.621973], [-69.434912, -1.42168], [-69.417871, -1.245703], [-69.400244, -1.194922], [-69.411426, -1.152246], [-69.449121, -1.091602], [-69.44873, -1.064941], [-69.444336, -1.02959], [-69.44873, -0.99873], [-69.488428, -0.965723], [-69.519287, -0.945801], [-69.543555, -0.917188], [-69.55459, -0.877441], [-69.574414, -0.837793], [-69.583252, -0.795898], [-69.611914, -0.762793], [-69.620703, -0.720898], [-69.600879, -0.68125], [-69.592041, -0.639355], [-69.600879, -0.599609], [-69.611914, -0.55332], [-69.633984, -0.509277], [-69.66748, -0.482422], [-69.747461, -0.452539], [-69.82793, -0.381348], [-69.922754, -0.31748], [-70.044043, -0.196191], [-70.070508, -0.138867], [-70.070947, 0.018555], [-70.065723, 0.189355], [-70.05791, 0.447363], [-70.053906, 0.578613], [-69.985449, 0.58584], [-69.925098, 0.589404], [-69.862061, 0.598486], [-69.807129, 0.607471], [-69.756738, 0.626367], [-69.718896, 0.649805], [-69.673828, 0.665088], [-69.638721, 0.659668], [-69.603613, 0.680371], [-69.564844, 0.700195], [-69.527051, 0.716406], [-69.472119, 0.729932], [-69.420801, 0.698389], [-69.391992, 0.666895], [-69.358643, 0.651562], [-69.327148, 0.655176], [-69.305518, 0.652441], [-69.283008, 0.627246], [-69.254199, 0.625439], [-69.212793, 0.629932], [-69.174072, 0.635352], [-69.156055, 0.642529], [-69.15332, 0.658789], [-69.163232, 0.68667], [-69.176758, 0.712842], [-69.165967, 0.75332], [-69.165039, 0.801953], [-69.163232, 0.864062], [-69.193848, 0.898291], [-69.224463, 0.963135], [-69.258691, 1.015381], [-69.311816, 1.050488], [-69.361377, 1.064014], [-69.402783, 1.042383], [-69.441504, 1.038818], [-69.470312, 1.058594], [-69.517139, 1.059473], [-69.567578, 1.065771], [-69.620898, 1.073242], [-69.716992, 1.059082], [-69.751318, 1.076611], [-69.798145, 1.078418], [-69.852148, 1.059521], [-69.850781, 1.308789], [-69.849463, 1.543896], [-69.848584, 1.70874], [-69.799951, 1.705176], [-69.7396, 1.734863], [-69.650049, 1.739453], [-69.58125, 1.770752], [-69.54292, 1.773242], [-69.470166, 1.75791], [-69.394336, 1.725781], [-69.319727, 1.72124], [-69.124268, 1.721289], [-68.913184, 1.721387], [-68.678467, 1.721484], [-68.443457, 1.721582], [-68.239551, 1.72168], [-68.176562, 1.719824], [-68.213281, 1.774561], [-68.255957, 1.845508], [-68.239453, 1.901367], [-68.218359, 1.957617], [-68.193799, 1.987012], [-68.130273, 1.955762], [-68.077051, 1.860107], [-68.032861, 1.788037], [-67.989746, 1.752539], [-67.93623, 1.748486], [-67.875537, 1.760596], [-67.815088, 1.790088], [-67.711865, 1.922119], [-67.609229, 2.035059], [-67.556055, 2.072998], [-67.499658, 2.10791], [-67.457764, 2.121143], [-67.400439, 2.116699], [-67.351953, 2.08584], [-67.320605, 2.03208], [-67.205811, 1.844824], [-67.119238, 1.703613], [-67.090137, 1.615576], [-67.088281, 1.400586], [-67.093652, 1.21001], [-67.082275, 1.1854], [-67.065234, 1.178369], [-66.876025, 1.223047]]], [[[-49.628662, -0.229199], [-49.535205, -0.233594], [-49.402881, -0.214648], [-49.314258, -0.167871], [-49.215088, -0.158691], [-49.116992, -0.163574], [-48.786572, -0.215527], [-48.588037, -0.231641], [-48.51543, -0.248242], [-48.444482, -0.271875], [-48.392676, -0.297363], [-48.379687, -0.352832], [-48.428027, -0.441504], [-48.463965, -0.534766], [-48.497461, -0.664941], [-48.52334, -0.691406], [-48.56665, -0.684473], [-48.539697, -0.800977], [-48.549512, -0.847559], [-48.570947, -0.892871], [-48.624072, -0.986914], [-48.70459, -1.106641], [-48.728516, -1.131738], [-48.789844, -1.17334], [-48.839697, -1.226562], [-48.829004, -1.276563], [-48.804053, -1.326953], [-48.833594, -1.390039], [-48.928906, -1.482324], [-48.985938, -1.504688], [-49.038477, -1.514063], [-49.086865, -1.505078], [-49.172705, -1.412598], [-49.181689, -1.484961], [-49.204785, -1.558984], [-49.233984, -1.599512], [-49.344824, -1.595215], [-49.406592, -1.555566], [-49.506641, -1.511621], [-49.525684, -1.630469], [-49.587891, -1.712402], [-49.650586, -1.738086], [-49.748779, -1.755371], [-49.805127, -1.790234], [-49.911328, -1.762988], [-50.009961, -1.708496], [-50.065723, -1.703809], [-50.109277, -1.747852], [-50.338428, -1.755957], [-50.443457, -1.800684], [-50.507617, -1.787988], [-50.602051, -1.697754], [-50.617188, -1.637695], [-50.673389, -1.516016], [-50.723828, -1.371484], [-50.759766, -1.240234], [-50.729492, -1.126758], [-50.668311, -1.130566], [-50.595898, -1.147461], [-50.580518, -1.139453], [-50.576953, -1.103125], [-50.59292, -1.072949], [-50.709619, -1.077734], [-50.783301, -1.010352], [-50.796094, -0.90625], [-50.780957, -0.689844], [-50.771387, -0.64541], [-50.719922, -0.583398], [-50.703076, -0.528516], [-50.71582, -0.470215], [-50.693701, -0.364453], [-50.645508, -0.272852], [-50.461572, -0.157422], [-50.248242, -0.116406], [-49.628662, -0.229199]]], [[[-44.129297, -23.141895], [-44.098047, -23.169336], [-44.155762, -23.166602], [-44.220508, -23.19082], [-44.320068, -23.212305], [-44.360156, -23.17207], [-44.274121, -23.116211], [-44.242871, -23.074121], [-44.22041, -23.08291], [-44.191602, -23.113281], [-44.129297, -23.141895]]], [[[-48.584424, -26.401563], [-48.603076, -26.41377], [-48.665771, -26.289648], [-48.539746, -26.170313], [-48.497607, -26.21875], [-48.531104, -26.313184], [-48.568066, -26.379688], [-48.584424, -26.401563]]], [[[-45.260254, -23.88916], [-45.260889, -23.941309], [-45.302539, -23.914746], [-45.412842, -23.934961], [-45.451416, -23.895605], [-45.302344, -23.727539], [-45.272266, -23.751953], [-45.249072, -23.782617], [-45.233105, -23.825391], [-45.250293, -23.853027], [-45.260254, -23.88916]]], [[[-44.499316, -2.939648], [-44.597754, -3.037598], [-44.565332, -2.923926], [-44.581885, -2.845605], [-44.569092, -2.784961], [-44.501953, -2.72627], [-44.481445, -2.717578], [-44.487305, -2.789746], [-44.482568, -2.811914], [-44.499316, -2.939648]]], [[[-38.743848, -13.09707], [-38.783008, -13.118652], [-38.786963, -13.055078], [-38.684863, -12.974902], [-38.668115, -12.880176], [-38.614551, -12.924023], [-38.600293, -12.972461], [-38.601172, -12.992578], [-38.743848, -13.09707]]], [[[-38.903564, -13.473438], [-38.937891, -13.532324], [-38.977588, -13.523535], [-38.993213, -13.484082], [-39.022168, -13.445605], [-39.006592, -13.415527], [-38.980127, -13.398438], [-38.907129, -13.401074], [-38.903564, -13.473438]]], [[[-44.883105, -1.317871], [-44.947119, -1.366016], [-44.967871, -1.39082], [-45.02085, -1.372363], [-45.01123, -1.344727], [-44.995605, -1.347559], [-44.978662, -1.267285], [-44.888281, -1.276855], [-44.883105, -1.317871]]], [[[-49.738232, 0.268164], [-49.697266, 0.215967], [-49.838965, 0.006885], [-49.91709, -0.023193], [-50.00249, -0.029297], [-50.113135, 0.033008], [-50.285596, 0.028564], [-50.339453, 0.043359], [-50.345117, 0.134473], [-50.272656, 0.231738], [-50.127979, 0.226514], [-49.879004, 0.304541], [-49.738232, 0.268164]]], [[[-50.298975, 1.938525], [-50.398779, 1.892871], [-50.456104, 1.910498], [-50.508984, 2.029541], [-50.491016, 2.128613], [-50.41875, 2.161475], [-50.362646, 2.154443], [-50.341992, 2.141748], [-50.29209, 1.97959], [-50.298975, 1.938525]]], [[[-50.652881, -0.131641], [-50.926367, -0.327344], [-51.018994, -0.263086], [-51.038086, -0.225879], [-51.022363, -0.188379], [-51.025732, -0.172363], [-50.995068, -0.105273], [-50.842187, -0.050195], [-50.765283, -0.040869], [-50.666992, -0.058008], [-50.650586, -0.105859], [-50.652881, -0.131641]]], [[[-49.443896, -0.112402], [-49.708838, -0.14375], [-49.830078, -0.093896], [-49.802686, -0.051855], [-49.712305, 0.015137], [-49.602197, 0.062695], [-49.503467, 0.083691], [-49.400488, 0.057227], [-49.372314, 0.001074], [-49.380859, -0.055469], [-49.443896, -0.112402]]], [[[-50.426123, 0.139258], [-50.443945, -0.007666], [-50.623926, 0.054395], [-50.610449, 0.204785], [-50.526221, 0.246924], [-50.451562, 0.326904], [-50.426074, 0.424951], [-50.424561, 0.558252], [-50.396875, 0.581396], [-50.372754, 0.590869], [-50.350977, 0.581738], [-50.342529, 0.381592], [-50.332275, 0.259033], [-50.426123, 0.139258]]], [[[-50.15293, 0.393018], [-50.261328, 0.35918], [-50.281543, 0.39082], [-50.281689, 0.516504], [-50.251172, 0.585449], [-50.112793, 0.604736], [-50.098633, 0.625], [-50.058838, 0.638037], [-50.036816, 0.594824], [-50.040039, 0.522803], [-50.15293, 0.393018]]], [[[-51.83252, -1.433789], [-51.938379, -1.452637], [-51.802051, -1.202539], [-51.680029, -1.086133], [-51.678271, -0.855078], [-51.546045, -0.649609], [-51.424463, -0.565918], [-51.254004, -0.541406], [-51.160742, -0.666699], [-51.276318, -1.021777], [-51.310107, -1.023828], [-51.465137, -1.211133], [-51.637695, -1.341895], [-51.83252, -1.433789]]], [[[-48.485889, -27.766992], [-48.55459, -27.812207], [-48.542187, -27.574805], [-48.505176, -27.495508], [-48.464746, -27.436328], [-48.414893, -27.399609], [-48.37793, -27.451465], [-48.40957, -27.566309], [-48.496777, -27.707031], [-48.485889, -27.766992]]]]}}, {"type": "Feature", "properties": {"ADM0_A3": "BOL", "NAME": "Bolivia"}, "geometry": {"type": "Polygon", "coordinates": [[[-69.510937, -17.506055], [-69.511084, -17.504883], [-69.510986, -17.460352], [-69.521924, -17.388965], [-69.563818, -17.33291], [-69.625879, -17.294434], [-69.645703, -17.248535], [-69.624854, -17.200195], [-69.50332, -17.104785], [-69.43833, -17.088379], [-69.421094, -17.040039], [-69.381543, -17.001367], [-69.267236, -16.860938], [-69.199805, -16.768457], [-69.13252, -16.713086], [-69.054541, -16.674316], [-69.020703, -16.642188], [-69.038379, -16.542676], [-69.03291, -16.475977], [-69.00625, -16.433691], [-68.928027, -16.389063], [-68.857812, -16.354785], [-68.842773, -16.337891], [-68.848828, -16.312793], [-68.913477, -16.261914], [-69.04624, -16.217676], [-69.13418, -16.221973], [-69.187988, -16.182813], [-69.217578, -16.149121], [-69.391895, -15.736914], [-69.420898, -15.640625], [-69.418506, -15.603418], [-69.301904, -15.399414], [-69.254297, -15.33291], [-69.172461, -15.236621], [-69.187109, -15.19873], [-69.330713, -15.038965], [-69.374707, -14.962988], [-69.37373, -14.8875], [-69.359473, -14.795313], [-69.276025, -14.745898], [-69.252344, -14.671094], [-69.234912, -14.59707], [-69.199268, -14.572559], [-69.162695, -14.530957], [-69.119727, -14.470313], [-69.052783, -14.417578], [-69.013135, -14.377246], [-69.004492, -14.265039], [-68.971777, -14.234375], [-68.880322, -14.198828], [-68.870898, -14.169727], [-68.891699, -14.094336], [-68.937451, -14.014648], [-68.974268, -13.975977], [-69.023047, -13.780273], [-69.074121, -13.682813], [-69.052832, -13.643945], [-69.017529, -13.594434], [-68.983447, -13.496387], [-68.972266, -13.382324], [-68.980518, -12.962598], [-68.978613, -12.880078], [-68.93374, -12.82207], [-68.867676, -12.755176], [-68.811816, -12.72959], [-68.759082, -12.687207], [-68.762891, -12.607715], [-68.728125, -12.560742], [-68.685254, -12.501953], [-68.818701, -12.27041], [-68.936035, -12.066797], [-69.046191, -11.875684], [-69.17373, -11.654297], [-69.257715, -11.508594], [-69.362012, -11.327539], [-69.453613, -11.16875], [-69.578613, -10.951758], [-69.462549, -10.948145], [-69.228516, -10.955664], [-69.00166, -10.994336], [-68.84834, -11.011133], [-68.784082, -11.044629], [-68.769922, -11.097656], [-68.72749, -11.122461], [-68.678369, -11.112793], [-68.622656, -11.10918], [-68.49834, -11.054785], [-68.397998, -11.01875], [-68.311133, -10.975195], [-68.266602, -10.933105], [-68.158643, -10.785059], [-68.07168, -10.703125], [-67.991699, -10.674414], [-67.83501, -10.662793], [-67.785693, -10.686035], [-67.721777, -10.683105], [-67.66665, -10.598926], [-67.582422, -10.505957], [-67.416943, -10.389844], [-67.332715, -10.35791], [-67.280469, -10.317285], [-67.190479, -10.311426], [-67.111523, -10.268945], [-66.72998, -9.975488], [-66.575342, -9.899902], [-66.478906, -9.886133], [-66.399219, -9.868164], [-66.263574, -9.826074], [-65.924707, -9.785449], [-65.706787, -9.768457], [-65.637109, -9.809082], [-65.558691, -9.797461], [-65.491992, -9.731738], [-65.436768, -9.710449], [-65.396143, -9.712402], [-65.337891, -9.790234], [-65.309326, -9.872656], [-65.328125, -9.935547], [-65.324561, -10.026953], [-65.298584, -10.146777], [-65.313086, -10.253027], [-65.395459, -10.392285], [-65.436914, -10.449023], [-65.447119, -10.507422], [-65.43999, -10.58623], [-65.402295, -10.714746], [-65.334033, -10.892773], [-65.323779, -11.024805], [-65.371582, -11.110352], [-65.393604, -11.184277], [-65.389893, -11.246289], [-65.372852, -11.289941], [-65.342383, -11.315039], [-65.325488, -11.364746], [-65.322021, -11.43916], [-65.282275, -11.511035], [-65.206201, -11.580566], [-65.175391, -11.646875], [-65.189746, -11.710059], [-65.185742, -11.749512], [-65.163379, -11.765137], [-65.142676, -11.752344], [-65.115137, -11.735059], [-65.090283, -11.741211], [-65.037109, -11.829395], [-65.030273, -11.847363], [-65.001221, -11.92002], [-64.992529, -11.975195], [-64.914355, -12.005957], [-64.829883, -12.030273], [-64.783447, -12.059375], [-64.690039, -12.146484], [-64.61167, -12.203906], [-64.513428, -12.250977], [-64.480762, -12.326172], [-64.420508, -12.439746], [-64.255029, -12.483301], [-64.061621, -12.505078], [-63.938574, -12.529688], [-63.788086, -12.469434], [-63.688574, -12.478027], [-63.585645, -12.518945], [-63.541895, -12.54668], [-63.465234, -12.605176], [-63.34668, -12.680078], [-63.249756, -12.70791], [-63.180664, -12.666211], [-63.116797, -12.65166], [-63.06748, -12.669141], [-63.041357, -12.750391], [-63.015186, -12.805566], [-62.95791, -12.84707], [-62.835156, -12.953711], [-62.765479, -12.997266], [-62.687061, -12.994336], [-62.525537, -13.064258], [-62.352832, -13.132422], [-62.263916, -13.143652], [-62.176074, -13.133691], [-62.118018, -13.159766], [-62.094775, -13.241992], [-61.944727, -13.40625], [-61.874121, -13.47041], [-61.789941, -13.525586], [-61.575684, -13.524805], [-61.511572, -13.541211], [-61.416064, -13.526563], [-61.12915, -13.498535], [-61.077002, -13.489746], [-60.914502, -13.561426], [-60.722363, -13.664355], [-60.595312, -13.745313], [-60.506592, -13.789844], [-60.460156, -13.862402], [-60.422363, -13.937988], [-60.40498, -14.019238], [-60.428076, -14.1], [-60.462988, -14.132422], [-60.474658, -14.184766], [-60.460156, -14.263086], [-60.39624, -14.332813], [-60.372705, -14.41875], [-60.338037, -14.570508], [-60.298877, -14.618555], [-60.27334, -15.08877], [-60.402002, -15.092773], [-60.583203, -15.09834], [-60.530469, -15.143164], [-60.380469, -15.318262], [-60.242334, -15.47959], [-60.22041, -15.738672], [-60.206641, -15.901953], [-60.187207, -16.132129], [-60.175586, -16.269336], [-59.831152, -16.281738], [-59.434277, -16.295996], [-58.957275, -16.313184], [-58.537939, -16.328223], [-58.496582, -16.32666], [-58.423682, -16.30791], [-58.375391, -16.283594], [-58.345605, -16.284375], [-58.340576, -16.339941], [-58.350781, -16.410254], [-58.350391, -16.49082], [-58.470605, -16.650195], [-58.478125, -16.700684], [-58.459814, -16.910742], [-58.417383, -17.080566], [-58.395996, -17.234277], [-58.347754, -17.282129], [-58.205566, -17.363086], [-57.990918, -17.512891], [-57.905029, -17.532324], [-57.832471, -17.512109], [-57.788867, -17.573047], [-57.780176, -17.671777], [-57.66167, -17.947363], [-57.586475, -18.122266], [-57.552051, -18.183105], [-57.495654, -18.214648], [-57.506152, -18.237305], [-57.553125, -18.246484], [-57.574023, -18.279297], [-57.63916, -18.475], [-57.725, -18.733203], [-57.783105, -18.914258], [-57.730859, -18.917188], [-57.728613, -18.967383], [-57.716797, -19.044043], [-57.781445, -19.053516], [-57.800391, -19.080957], [-57.874512, -19.229492], [-57.97168, -19.424219], [-58.072021, -19.625293], [-58.131494, -19.744531], [-58.029932, -19.832715], [-57.860742, -19.97959], [-57.887598, -20.02041], [-57.960156, -20.040723], [-58.021143, -20.055176], [-58.067627, -20.110352], [-58.09375, -20.151074], [-58.159766, -20.164648], [-58.139941, -19.998828], [-58.160059, -19.854883], [-58.180176, -19.817871], [-58.474219, -19.646094], [-58.741113, -19.490234], [-59.090527, -19.28623], [-59.540869, -19.291797], [-60.007373, -19.297559], [-60.451611, -19.38877], [-60.88877, -19.478516], [-61.095996, -19.520996], [-61.511816, -19.606445], [-61.756836, -19.645313], [-61.820898, -19.809473], [-61.916943, -20.055371], [-62.011816, -20.199023], [-62.121631, -20.349902], [-62.276318, -20.5625], [-62.276514, -20.820801], [-62.27666, -21.066016], [-62.385449, -21.411719], [-62.477832, -21.705273], [-62.566943, -21.988672], [-62.628516, -22.183984], [-62.650977, -22.233691], [-62.665283, -22.217969], [-62.74458, -22.159863], [-62.815088, -22.049609], [-62.834277, -21.999121], [-62.843359, -21.997266], [-63.267187, -22.000586], [-63.675342, -22.004297], [-63.716943, -22.027539], [-63.775586, -22.027246], [-63.818652, -22.005469], [-63.861035, -22.007227], [-63.92168, -22.028613], [-63.976123, -22.072559], [-64.131836, -22.36582], [-64.209082, -22.491309], [-64.266406, -22.60332], [-64.30791, -22.795313], [-64.325293, -22.827637], [-64.373975, -22.761035], [-64.445508, -22.585352], [-64.477734, -22.485352], [-64.523633, -22.371582], [-64.605518, -22.228809], [-64.700098, -22.185547], [-64.758643, -22.171289], [-64.843066, -22.143945], [-64.992627, -22.109668], [-65.057812, -22.102734], [-65.484863, -22.098145], [-65.518799, -22.094531], [-65.686182, -22.110254], [-65.771045, -22.099609], [-65.860156, -22.019727], [-66.058594, -21.879492], [-66.098584, -21.835059], [-66.174658, -21.805664], [-66.220166, -21.802539], [-66.247607, -21.830469], [-66.282129, -21.947461], [-66.322461, -22.053125], [-66.365186, -22.11377], [-66.506982, -22.158398], [-66.639014, -22.205371], [-66.711719, -22.216309], [-66.750635, -22.269336], [-66.76748, -22.343066], [-66.800293, -22.409668], [-66.991113, -22.509863], [-67.033545, -22.552246], [-67.05542, -22.650879], [-67.161914, -22.773828], [-67.194873, -22.82168], [-67.362256, -22.855176], [-67.579932, -22.891699], [-67.707324, -22.88916], [-67.794434, -22.879492], [-67.820508, -22.857715], [-67.879443, -22.822949], [-67.88916, -22.78418], [-67.88999, -22.729199], [-67.87373, -22.630566], [-67.881738, -22.493359], [-67.950391, -22.333691], [-67.944922, -22.282227], [-67.953906, -22.204004], [-67.988379, -22.057129], [-68.076758, -21.982813], [-68.101807, -21.860645], [-68.112158, -21.753027], [-68.186426, -21.618555], [-68.198535, -21.447266], [-68.197021, -21.300293], [-68.313867, -21.129688], [-68.435498, -20.948242], [-68.533838, -20.923633], [-68.558252, -20.901953], [-68.568945, -20.849805], [-68.571045, -20.769141], [-68.563184, -20.720117], [-68.487402, -20.640723], [-68.484326, -20.628418], [-68.499854, -20.612012], [-68.695801, -20.492969], [-68.745166, -20.458594], [-68.760547, -20.416211], [-68.759229, -20.378027], [-68.712305, -20.338965], [-68.688574, -20.310059], [-68.73457, -20.225195], [-68.730029, -20.148438], [-68.759326, -20.115527], [-68.755811, -20.09082], [-68.72749, -20.069629], [-68.600195, -20.044922], [-68.560693, -19.96709], [-68.559375, -19.902344], [-68.578271, -19.856543], [-68.696191, -19.740723], [-68.698291, -19.721094], [-68.575293, -19.560156], [-68.487012, -19.454395], [-68.462891, -19.432813], [-68.470166, -19.409961], [-68.491992, -19.381934], [-68.547852, -19.341113], [-68.620557, -19.29668], [-68.680664, -19.242383], [-68.759082, -19.162207], [-68.857959, -19.093359], [-68.931006, -19.025195], [-68.968311, -18.967969], [-68.969092, -18.909668], [-68.978857, -18.812988], [-69.026807, -18.65625], [-69.039404, -18.550098], [-69.060156, -18.433008], [-69.080957, -18.356641], [-69.092285, -18.282422], [-69.126367, -18.202441], [-69.145459, -18.144043], [-69.118066, -18.102734], [-69.09043, -18.070703], [-69.093945, -18.050488], [-69.282324, -17.964844], [-69.313379, -17.943164], [-69.358008, -17.77168], [-69.49502, -17.619531], [-69.510937, -17.506055]]]}}]}