Entity,Code,Year,CO₂ emissions per capita
Austria,AUT,1807,0.053945992
Austria,AUT,1819,0.075489655
Austria,AUT,1820,0.09901921
Austria,AUT,1821,0.106077276
Austria,AUT,1822,0.10769429
Austria,AUT,1823,0.101810046
Austria,AUT,1824,0.11624328
Austria,AUT,1825,0.11673694
Austria,AUT,1826,0.13200791
Austria,AUT,1827,0.13661791
Austria,AUT,1828,0.13072197
Austria,AUT,1829,0.13528666
Austria,AUT,1830,0.13980326
Austria,AUT,1831,0.13499741
Austria,AUT,1832,0.143566
Austria,AUT,1833,0.11939268
Austria,AUT,1834,0.16247256
Austria,AUT,1835,0.17481326
Austria,AUT,1836,0.1850181
Austria,AUT,1837,0.19311765
Austria,AUT,1838,0.23100474
Austria,AUT,1839,0.2862818
Austria,AUT,1840,0.31430042
Austria,AUT,1841,0.35270458
Austria,AUT,1842,0.3876523
Austria,AUT,1843,0.3349525
Austria,AUT,1844,0.418547
Austria,AUT,1845,0.4695527
Austria,AUT,1846,0.5484367
Austria,AUT,1847,0.5365954
Austria,AUT,1848,0.5981167
Austria,AUT,1849,0.57571006
Austria,AUT,1850,0.58869374
Austria,AUT,1851,0.58663684
Austria,AUT,1852,0.7015607
Austria,AUT,1853,0.7993166
Austria,AUT,1854,0.7820265
Austria,AUT,1855,0.9046697
Austria,AUT,1856,1.0273466
Austria,AUT,1857,1.17477
Austria,AUT,1858,1.7341001
Austria,AUT,1859,1.3946497
Austria,AUT,1860,1.4518162
Austria,AUT,1861,1.496249
Austria,AUT,1862,1.4803985
Austria,AUT,1863,1.360496
Austria,AUT,1864,1.1670947
Austria,AUT,1865,1.2231227
Austria,AUT,1866,0.81592876
Austria,AUT,1867,1.108091
Austria,AUT,1868,1.3602931
Austria,AUT,1869,1.442899
Austria,AUT,1870,1.6263044
Austria,AUT,1871,2.2218096
Austria,AUT,1872,2.1736574
Austria,AUT,1873,2.309749
Austria,AUT,1874,1.9530367
Austria,AUT,1875,1.6621472
Austria,AUT,1876,1.6957643
Austria,AUT,1877,1.5132375
Austria,AUT,1878,1.4907401
Austria,AUT,1879,1.8087848
Austria,AUT,1880,4.7833023
Austria,AUT,1881,2.067934
Austria,AUT,1882,2.1065784
Austria,AUT,1883,2.3169494
Austria,AUT,1884,2.2380025
Austria,AUT,1885,2.3318892
Austria,AUT,1886,2.1814244
Austria,AUT,1887,2.330971
Austria,AUT,1888,2.2532377
Austria,AUT,1889,2.405366
Austria,AUT,1890,2.4127743
Austria,AUT,1891,2.7395053
Austria,AUT,1892,2.6253102
Austria,AUT,1893,3.1798322
Austria,AUT,1894,3.2237446
Austria,AUT,1895,3.5856636
Austria,AUT,1896,3.7107253
Austria,AUT,1897,3.9699893
Austria,AUT,1898,4.17419
Austria,AUT,1899,4.19306
Austria,AUT,1900,4.632106
Austria,AUT,1901,4.693612
Austria,AUT,1902,4.210628
Austria,AUT,1903,4.16844
Austria,AUT,1904,4.368451
Austria,AUT,1905,4.546499
Austria,AUT,1906,5.3763876
Austria,AUT,1907,6.6482067
Austria,AUT,1908,9.252338
Austria,AUT,1909,6.675106
Austria,AUT,1910,8.945361
Austria,AUT,1911,7.4583454
Austria,AUT,1912,7.843966
Austria,AUT,1913,9.276998
Austria,AUT,1914,7.571848
Austria,AUT,1915,5.402496
Austria,AUT,1916,1.3923472
Austria,AUT,1917,0.530146
Austria,AUT,1918,0.5139487
Austria,AUT,1919,0.46488458
Austria,AUT,1920,2.2398405
Austria,AUT,1921,2.9782135
Austria,AUT,1922,2.85594
Austria,AUT,1923,2.7220185
Austria,AUT,1924,3.0658693
Austria,AUT,1925,2.8875096
Austria,AUT,1926,2.8213882
Austria,AUT,1927,3.038398
Austria,AUT,1928,3.188491
Austria,AUT,1929,3.626882
Austria,AUT,1930,2.8240275
Austria,AUT,1931,2.7058377
Austria,AUT,1932,2.2655272
Austria,AUT,1933,2.124288
Austria,AUT,1934,2.0525193
Austria,AUT,1935,2.0769851
Austria,AUT,1936,2.027152
Austria,AUT,1937,2.2750432
Austria,AUT,1938,0.86247826
Austria,AUT,1939,0.9434641
Austria,AUT,1940,1.0917801
Austria,AUT,1941,1.1829128
Austria,AUT,1942,1.2643101
Austria,AUT,1943,1.4172183
Austria,AUT,1944,1.3800573
Austria,AUT,1945,0.6681169
Austria,AUT,1946,1.8625914
Austria,AUT,1947,2.5647802
Austria,AUT,1948,3.5503542
Austria,AUT,1949,3.84133
Austria,AUT,1950,3.0196173
Austria,AUT,1951,3.3652513
Austria,AUT,1952,3.1928568
Austria,AUT,1953,3.1388133
Austria,AUT,1954,3.5364168
Austria,AUT,1955,4.1905456
Austria,AUT,1956,4.0627456
Austria,AUT,1957,4.1951556
Austria,AUT,1958,4.0254416
Austria,AUT,1959,3.984241
Austria,AUT,1960,4.374001
Austria,AUT,1961,4.4962482
Austria,AUT,1962,4.756093
Austria,AUT,1963,5.1559954
Austria,AUT,1964,5.3908997
Austria,AUT,1965,5.252043
Austria,AUT,1966,5.3602834
Austria,AUT,1967,5.416796
Austria,AUT,1968,5.7090015
Austria,AUT,1969,6.0044885
Austria,AUT,1970,6.786744
Austria,AUT,1971,6.947281
Austria,AUT,1972,7.4371905
Austria,AUT,1973,7.9161487
Austria,AUT,1974,7.54504
Austria,AUT,1975,7.157606
Austria,AUT,1976,7.6977687
Austria,AUT,1977,7.402302
Austria,AUT,1978,7.571344
Austria,AUT,1979,8.127209
Austria,AUT,1980,6.896056
Austria,AUT,1981,7.3818083
Austria,AUT,1982,7.077474
Austria,AUT,1983,6.837246
Austria,AUT,1984,7.174854
Austria,AUT,1985,7.1920586
Austria,AUT,1986,7.1029663
Austria,AUT,1987,7.579154
Austria,AUT,1988,6.982261
Austria,AUT,1989,7.0492463
Austria,AUT,1990,8.098238
Austria,AUT,1991,8.48123
Austria,AUT,1992,7.6875253
Austria,AUT,1993,7.677596
Austria,AUT,1994,7.694496
Austria,AUT,1995,8.057918
Austria,AUT,1996,8.467657
Austria,AUT,1997,8.444986
Austria,AUT,1998,8.389697
Austria,AUT,1999,8.214732
Austria,AUT,2000,8.262151
Austria,AUT,2001,8.727766
Austria,AUT,2002,8.907645
Austria,AUT,2003,9.530433
Austria,AUT,2004,9.508284
Austria,AUT,2005,9.611559
Austria,AUT,2006,9.28623
Austria,AUT,2007,8.93005
Austria,AUT,2008,8.826658
Austria,AUT,2009,8.06485
Austria,AUT,2010,8.607232
Austria,AUT,2011,8.327111
Austria,AUT,2012,7.977175
Austria,AUT,2013,7.989103
Austria,AUT,2014,7.5058665
Austria,AUT,2015,7.6767116
Austria,AUT,2016,7.692762
Austria,AUT,2017,7.9103565
Austria,AUT,2018,7.5287404
Austria,AUT,2019,7.651411
Austria,AUT,2020,6.969737
Austria,AUT,2021,7.3325477
Austria,AUT,2022,6.779517
Austria,AUT,2023,6.2328863
Austria,AUT,2024,6.180112
Belgium,BEL,1802,1.9576033
Belgium,BEL,1830,1.6524625
Belgium,BEL,1831,1.180074
Belgium,BEL,1832,1.236363
Belgium,BEL,1833,1.1869234
Belgium,BEL,1834,1.1363375
Belgium,BEL,1835,1.2167125
Belgium,BEL,1836,1.4191859
Belgium,BEL,1837,1.5076544
Belgium,BEL,1838,1.5260426
Belgium,BEL,1839,1.6580431
Belgium,BEL,1840,1.8935716
Belgium,BEL,1841,1.7955159
Belgium,BEL,1842,1.8498373
Belgium,BEL,1843,1.6982734
Belgium,BEL,1844,1.8467051
Belgium,BEL,1845,1.9288168
Belgium,BEL,1846,2.086101
Belgium,BEL,1847,2.1492531
Belgium,BEL,1848,1.8944428
Belgium,BEL,1849,1.981217
Belgium,BEL,1850,2.100403
Belgium,BEL,1851,2.2720096
Belgium,BEL,1852,2.5324419
Belgium,BEL,1853,2.599827
Belgium,BEL,1854,2.8622246
Belgium,BEL,1855,2.9137378
Belgium,BEL,1856,2.8598084
Belgium,BEL,1857,2.9585447
Belgium,BEL,1858,3.0888252
Belgium,BEL,1859,3.1638563
Belgium,BEL,1860,3.2093742
Belgium,BEL,1861,3.448559
Belgium,BEL,1862,3.4008443
Belgium,BEL,1863,3.5589042
Belgium,BEL,1864,3.7085142
Belgium,BEL,1865,3.8811662
Belgium,BEL,1866,4.150416
Belgium,BEL,1867,4.462679
Belgium,BEL,1868,4.005761
Belgium,BEL,1869,4.2827497
Belgium,BEL,1870,4.8579187
Belgium,BEL,1871,4.6193104
Belgium,BEL,1872,4.943798
Belgium,BEL,1873,5.385137
Belgium,BEL,1874,4.924213
Belgium,BEL,1875,5.074682
Belgium,BEL,1876,4.9183083
Belgium,BEL,1877,4.6426272
Belgium,BEL,1878,5.006211
Belgium,BEL,1879,5.053703
Belgium,BEL,1880,5.4959188
Belgium,BEL,1881,5.4832616
Belgium,BEL,1882,5.753098
Belgium,BEL,1883,6.0405693
Belgium,BEL,1884,5.8942466
Belgium,BEL,1885,5.7027802
Belgium,BEL,1886,5.481871
Belgium,BEL,1887,5.7455373
Belgium,BEL,1888,6.0405674
Belgium,BEL,1889,6.112805
Belgium,BEL,1890,6.5460663
Belgium,BEL,1891,6.1506577
Belgium,BEL,1892,6.0833883
Belgium,BEL,1893,5.7609344
Belgium,BEL,1894,6.2994246
Belgium,BEL,1895,6.285832
Belgium,BEL,1896,6.5583735
Belgium,BEL,1897,6.7203856
Belgium,BEL,1898,6.8597164
Belgium,BEL,1899,7.0993986
Belgium,BEL,1900,7.406146
Belgium,BEL,1901,6.8929777
Belgium,BEL,1902,7.1333046
Belgium,BEL,1903,7.6009154
Belgium,BEL,1904,7.1928444
Belgium,BEL,1905,7.1028624
Belgium,BEL,1906,8.036175
Belgium,BEL,1907,8.06343
Belgium,BEL,1908,7.910767
Belgium,BEL,1909,7.829825
Belgium,BEL,1910,8.251553
Belgium,BEL,1911,8.266107
Belgium,BEL,1912,8.6565895
Belgium,BEL,1913,9.083431
Belgium,BEL,1914,5.415255
Belgium,BEL,1915,4.590686
Belgium,BEL,1916,6.1035175
Belgium,BEL,1917,4.8281446
Belgium,BEL,1918,4.4886656
Belgium,BEL,1919,5.960749
Belgium,BEL,1920,7.3041964
Belgium,BEL,1921,6.6634197
Belgium,BEL,1922,7.331574
Belgium,BEL,1923,9.363421
Belgium,BEL,1924,9.866386
Belgium,BEL,1925,10.029748
Belgium,BEL,1926,9.917318
Belgium,BEL,1927,11.473022
Belgium,BEL,1928,11.115544
Belgium,BEL,1929,12.139221
Belgium,BEL,1930,11.665941
Belgium,BEL,1931,10.428055
Belgium,BEL,1932,8.360649
Belgium,BEL,1933,8.94156
Belgium,BEL,1934,9.194473
Belgium,BEL,1935,8.758736
Belgium,BEL,1936,9.139779
Belgium,BEL,1937,10.967416
Belgium,BEL,1938,9.578083
Belgium,BEL,1939,8.893595
Belgium,BEL,1940,7.468211
Belgium,BEL,1941,7.812043
Belgium,BEL,1942,7.294848
Belgium,BEL,1943,6.8859353
Belgium,BEL,1944,3.930711
Belgium,BEL,1945,4.581085
Belgium,BEL,1946,6.645066
Belgium,BEL,1947,9.629662
Belgium,BEL,1948,9.950596
Belgium,BEL,1949,9.413
Belgium,BEL,1950,8.843022
Belgium,BEL,1951,10.334986
Belgium,BEL,1952,9.597689
Belgium,BEL,1953,9.423741
Belgium,BEL,1954,9.756278
Belgium,BEL,1955,10.41531
Belgium,BEL,1956,10.896864
Belgium,BEL,1957,10.803392
Belgium,BEL,1958,9.758654
Belgium,BEL,1959,9.763423
Belgium,BEL,1960,9.988321
Belgium,BEL,1961,10.122292
Belgium,BEL,1962,10.634536
Belgium,BEL,1963,11.394614
Belgium,BEL,1964,11.09069
Belgium,BEL,1965,11.205982
Belgium,BEL,1966,11.116232
Belgium,BEL,1967,11.294507
Belgium,BEL,1968,12.402611
Belgium,BEL,1969,12.878609
Belgium,BEL,1970,13.031263
Belgium,BEL,1971,12.556133
Belgium,BEL,1972,13.47533
Belgium,BEL,1973,14.266544
Belgium,BEL,1974,13.861587
Belgium,BEL,1975,12.496638
Belgium,BEL,1976,13.288505
Belgium,BEL,1977,12.911715
Belgium,BEL,1978,13.833004
Belgium,BEL,1979,14.247416
Belgium,BEL,1980,13.71246
Belgium,BEL,1981,12.545059
Belgium,BEL,1982,11.8744
Belgium,BEL,1983,10.254748
Belgium,BEL,1984,10.630341
Belgium,BEL,1985,10.527152
Belgium,BEL,1986,10.354434
Belgium,BEL,1987,10.363756
Belgium,BEL,1988,10.05894
Belgium,BEL,1989,10.747385
Belgium,BEL,1990,12.080694
Belgium,BEL,1991,12.340902
Belgium,BEL,1992,12.195839
Belgium,BEL,1993,12.042838
Belgium,BEL,1994,12.340153
Belgium,BEL,1995,12.42636
Belgium,BEL,1996,12.750186
Belgium,BEL,1997,12.180701
Belgium,BEL,1998,12.766186
Belgium,BEL,1999,12.195414
Belgium,BEL,2000,12.366287
Belgium,BEL,2001,12.256729
Belgium,BEL,2002,12.27944
Belgium,BEL,2003,12.363994
Belgium,BEL,2004,12.360431
Belgium,BEL,2005,11.991515
Belgium,BEL,2006,11.7458515
Belgium,BEL,2007,11.3400345
Belgium,BEL,2008,11.2238655
Belgium,BEL,2009,9.970168
Belgium,BEL,2010,10.475143
Belgium,BEL,2011,9.526456
Belgium,BEL,2012,9.226742
Belgium,BEL,2013,9.212671
Belgium,BEL,2014,8.660123
Belgium,BEL,2015,8.986653
Belgium,BEL,2016,8.807806
Belgium,BEL,2017,8.726891
Belgium,BEL,2018,8.772404
Belgium,BEL,2019,8.685232
Belgium,BEL,2020,7.9076037
Belgium,BEL,2021,8.204076
Belgium,BEL,2022,7.6375527
Belgium,BEL,2023,7.2316356
Belgium,BEL,2024,7.2798314
Bulgaria,BGR,1881,0.0012170142
Bulgaria,BGR,1882,0.0011999157
Bulgaria,BGR,1883,0.0023661142
Bulgaria,BGR,1884,0.0034993063
Bulgaria,BGR,1885,0.0023000953
Bulgaria,BGR,1886,0.00226778
Bulgaria,BGR,1887,0.003353877
Bulgaria,BGR,1888,0.005511261
Bulgaria,BGR,1889,0.00760643
Bulgaria,BGR,1890,0.009639946
Bulgaria,BGR,1891,0.011612405
Bulgaria,BGR,1892,0.013524441
Bulgaria,BGR,1893,0.017426936
Bulgaria,BGR,1894,0.0222224
Bulgaria,BGR,1895,0.022892447
Bulgaria,BGR,1896,0.028441899
Bulgaria,BGR,1897,0.02899199
Bulgaria,BGR,1898,0.03809018
Bulgaria,BGR,1899,0.037553634
Bulgaria,BGR,1900,0.05464138
Bulgaria,BGR,1901,0.06764171
Bulgaria,BGR,1902,0.058673482
Bulgaria,BGR,1903,0.057080016
Bulgaria,BGR,1904,0.07225926
Bulgaria,BGR,1905,0.08532597
Bulgaria,BGR,1906,0.073982544
Bulgaria,BGR,1907,0.10539695
Bulgaria,BGR,1908,0.13688934
Bulgaria,BGR,1909,0.13693163
Bulgaria,BGR,1910,0.14189442
Bulgaria,BGR,1911,0.1986302
Bulgaria,BGR,1912,0.1963656
Bulgaria,BGR,1913,0.17037946
Bulgaria,BGR,1914,0.25308168
Bulgaria,BGR,1915,0.16113916
Bulgaria,BGR,1916,0.19302687
Bulgaria,BGR,1917,0.23553593
Bulgaria,BGR,1918,0.29048544
Bulgaria,BGR,1919,0.16854392
Bulgaria,BGR,1920,0.21871549
Bulgaria,BGR,1921,0.26788467
Bulgaria,BGR,1922,0.29115602
Bulgaria,BGR,1923,0.3042359
Bulgaria,BGR,1924,0.3434094
Bulgaria,BGR,1925,0.33149645
Bulgaria,BGR,1926,0.32055017
Bulgaria,BGR,1927,0.32155058
Bulgaria,BGR,1928,0.37204692
Bulgaria,BGR,1929,0.42515448
Bulgaria,BGR,1930,0.40549195
Bulgaria,BGR,1931,0.37898394
Bulgaria,BGR,1932,0.43437293
Bulgaria,BGR,1933,0.38283962
Bulgaria,BGR,1934,0.3937859
Bulgaria,BGR,1935,0.39511618
Bulgaria,BGR,1936,0.39752525
Bulgaria,BGR,1937,0.4365586
Bulgaria,BGR,1938,0.49179602
Bulgaria,BGR,1939,0.5348451
Bulgaria,BGR,1940,0.62356925
Bulgaria,BGR,1941,0.66653836
Bulgaria,BGR,1942,0.799241
Bulgaria,BGR,1943,0.8609498
Bulgaria,BGR,1944,0.6448091
Bulgaria,BGR,1945,0.7589128
Bulgaria,BGR,1946,0.71882576
Bulgaria,BGR,1947,0.84665793
Bulgaria,BGR,1948,0.8836286
Bulgaria,BGR,1949,1.0498933
Bulgaria,BGR,1950,1.034388
Bulgaria,BGR,1951,1.116219
Bulgaria,BGR,1952,1.2806922
Bulgaria,BGR,1953,1.4274876
Bulgaria,BGR,1954,1.5237406
Bulgaria,BGR,1955,1.60501
Bulgaria,BGR,1956,1.7090815
Bulgaria,BGR,1957,1.8809785
Bulgaria,BGR,1958,2.0229213
Bulgaria,BGR,1959,2.5175533
Bulgaria,BGR,1960,2.8323648
Bulgaria,BGR,1961,3.2683337
Bulgaria,BGR,1962,3.8340104
Bulgaria,BGR,1963,4.257519
Bulgaria,BGR,1964,5.2601566
Bulgaria,BGR,1965,5.6409154
Bulgaria,BGR,1966,5.898688
Bulgaria,BGR,1967,6.630589
Bulgaria,BGR,1968,7.103814
Bulgaria,BGR,1969,7.860766
Bulgaria,BGR,1970,7.204717
Bulgaria,BGR,1971,7.521057
Bulgaria,BGR,1972,7.701585
Bulgaria,BGR,1973,7.967406
Bulgaria,BGR,1974,8.192857
Bulgaria,BGR,1975,8.36003
Bulgaria,BGR,1976,8.330261
Bulgaria,BGR,1977,8.608579
Bulgaria,BGR,1978,9.213704
Bulgaria,BGR,1979,8.944078
Bulgaria,BGR,1980,8.719879
Bulgaria,BGR,1981,9.011264
Bulgaria,BGR,1982,10.080424
Bulgaria,BGR,1983,10.081495
Bulgaria,BGR,1984,9.722857
Bulgaria,BGR,1985,9.959011
Bulgaria,BGR,1986,10.171546
Bulgaria,BGR,1987,10.168741
Bulgaria,BGR,1988,9.67279
Bulgaria,BGR,1989,9.675856
Bulgaria,BGR,1990,8.686779
Bulgaria,BGR,1991,7.0747633
Bulgaria,BGR,1992,6.7011375
Bulgaria,BGR,1993,6.896467
Bulgaria,BGR,1994,6.698713
Bulgaria,BGR,1995,6.9298277
Bulgaria,BGR,1996,7.050726
Bulgaria,BGR,1997,6.7914696
Bulgaria,BGR,1998,6.5264907
Bulgaria,BGR,1999,5.7479424
Bulgaria,BGR,2000,5.687045
Bulgaria,BGR,2001,6.1827483
Bulgaria,BGR,2002,5.868906
Bulgaria,BGR,2003,6.4695783
Bulgaria,BGR,2004,6.3923783
Bulgaria,BGR,2005,6.5757046
Bulgaria,BGR,2006,6.784753
Bulgaria,BGR,2007,7.3375487
Bulgaria,BGR,2008,7.1694345
Bulgaria,BGR,2009,6.1097956
Bulgaria,BGR,2010,6.4289203
Bulgaria,BGR,2011,7.1978717
Bulgaria,BGR,2012,6.5978446
Bulgaria,BGR,2013,5.861707
Bulgaria,BGR,2014,6.253115
Bulgaria,BGR,2015,6.7052627
Bulgaria,BGR,2016,6.3618603
Bulgaria,BGR,2017,6.705518
Bulgaria,BGR,2018,6.192869
Bulgaria,BGR,2019,6.0490556
Bulgaria,BGR,2020,5.274422
Bulgaria,BGR,2021,6.1601954
Bulgaria,BGR,2022,6.8755846
Bulgaria,BGR,2023,5.076801
Bulgaria,BGR,2024,4.6793866
Croatia,HRV,1885,0.0022586267
Croatia,HRV,1890,0.006481281
Croatia,HRV,1891,0.007494611
Croatia,HRV,1892,0.008223715
Croatia,HRV,1893,0.014461268
Croatia,HRV,1894,0.027363384
Croatia,HRV,1895,0.02712083
Croatia,HRV,1896,0.029952487
Croatia,HRV,1897,0.023089793
Croatia,HRV,1898,0.034704965
Croatia,HRV,1899,0.04013023
Croatia,HRV,1900,0.053856134
Croatia,HRV,1901,0.058276195
Croatia,HRV,1902,0.05411922
Croatia,HRV,1903,0.058209542
Croatia,HRV,1904,0.061508175
Croatia,HRV,1905,0.066161305
Croatia,HRV,1906,0.07845592
Croatia,HRV,1907,0.07915302
Croatia,HRV,1908,0.08443313
Croatia,HRV,1909,0.08596488
Croatia,HRV,1910,0.084298775
Croatia,HRV,1911,0.09049578
Croatia,HRV,1912,0.09191373
Croatia,HRV,1913,0.25019193
Croatia,HRV,1919,0.17005561
Croatia,HRV,1920,0.2237967
Croatia,HRV,1921,0.23619577
Croatia,HRV,1922,0.34022692
Croatia,HRV,1923,0.36788094
Croatia,HRV,1924,0.37385702
Croatia,HRV,1925,0.40682226
Croatia,HRV,1926,0.3926752
Croatia,HRV,1927,0.43982542
Croatia,HRV,1928,0.4883363
Croatia,HRV,1929,0.53540146
Croatia,HRV,1930,0.49946502
Croatia,HRV,1931,0.4504042
Croatia,HRV,1932,0.4081881
Croatia,HRV,1933,0.37417486
Croatia,HRV,1934,0.38600194
Croatia,HRV,1935,0.3999789
Croatia,HRV,1936,0.39195892
Croatia,HRV,1937,0.43325192
Croatia,HRV,1938,0.40541726
Croatia,HRV,1939,0.4221846
Croatia,HRV,1940,0.48809943
Croatia,HRV,1943,0.016811034
Croatia,HRV,1944,0.0041899593
Croatia,HRV,1945,0.23465115
Croatia,HRV,1946,0.4570718
Croatia,HRV,1947,0.62812066
Croatia,HRV,1948,0.7028498
Croatia,HRV,1949,0.7969761
Croatia,HRV,1950,0.76036274
Croatia,HRV,1951,0.7110809
Croatia,HRV,1952,0.70466864
Croatia,HRV,1953,0.6924205
Croatia,HRV,1954,0.818083
Croatia,HRV,1955,0.9294373
Croatia,HRV,1956,1.0565135
Croatia,HRV,1957,1.1387336
Croatia,HRV,1958,1.1155512
Croatia,HRV,1959,1.2735683
Croatia,HRV,1960,1.3859559
Croatia,HRV,1961,1.4465421
Croatia,HRV,1962,1.4732963
Croatia,HRV,1963,1.626815
Croatia,HRV,1964,1.8314002
Croatia,HRV,1965,1.87356
Croatia,HRV,1966,1.8453625
Croatia,HRV,1967,1.8546655
Croatia,HRV,1968,1.9733574
Croatia,HRV,1969,2.037084
Croatia,HRV,1970,2.6533492
Croatia,HRV,1971,2.8469768
Croatia,HRV,1972,2.6539342
Croatia,HRV,1973,3.1621363
Croatia,HRV,1974,3.161681
Croatia,HRV,1975,3.2840526
Croatia,HRV,1976,3.3743894
Croatia,HRV,1977,3.2665794
Croatia,HRV,1978,3.637138
Croatia,HRV,1979,3.9415915
Croatia,HRV,1980,3.8600185
Croatia,HRV,1981,4.1763806
Croatia,HRV,1982,3.8153827
Croatia,HRV,1983,4.0880637
Croatia,HRV,1984,4.2921424
Croatia,HRV,1985,4.360344
Croatia,HRV,1986,4.5373564
Croatia,HRV,1987,4.4130077
Croatia,HRV,1988,4.540232
Croatia,HRV,1989,4.5122066
Croatia,HRV,1990,4.7331753
Croatia,HRV,1991,3.5230823
Croatia,HRV,1992,3.4250019
Croatia,HRV,1993,3.554331
Croatia,HRV,1994,3.4337494
Croatia,HRV,1995,3.6400027
Croatia,HRV,1996,3.8003798
Croatia,HRV,1997,4.1222434
Croatia,HRV,1998,4.2828264
Croatia,HRV,1999,4.578895
Croatia,HRV,2000,4.542812
Croatia,HRV,2001,4.8304005
Croatia,HRV,2002,5.0897875
Croatia,HRV,2003,5.3930573
Croatia,HRV,2004,5.302187
Croatia,HRV,2005,5.4000564
Croatia,HRV,2006,5.4442253
Croatia,HRV,2007,5.7465234
Croatia,HRV,2008,5.4502077
Croatia,HRV,2009,5.046313
Croatia,HRV,2010,4.8773313
Croatia,HRV,2011,4.8155785
Croatia,HRV,2012,4.472641
Croatia,HRV,2013,4.337481
Croatia,HRV,2014,4.18296
Croatia,HRV,2015,4.2531147
Croatia,HRV,2016,4.370736
Croatia,HRV,2017,4.5874524
Croatia,HRV,2018,4.396296
Croatia,HRV,2019,4.470374
Croatia,HRV,2020,4.2666397
Croatia,HRV,2021,4.4343224
Croatia,HRV,2022,4.500902
Croatia,HRV,2023,4.740115
Croatia,HRV,2024,4.764723
Cyprus,CYP,1950,0.5415696
Cyprus,CYP,1951,0.56306005
Cyprus,CYP,1952,0.61943847
Cyprus,CYP,1953,0.70907027
Cyprus,CYP,1954,0.844275
Cyprus,CYP,1955,0.84415424
Cyprus,CYP,1956,1.2411169
Cyprus,CYP,1957,1.477495
Cyprus,CYP,1958,1.3588909
Cyprus,CYP,1959,1.4469994
Cyprus,CYP,1960,1.5112388
Cyprus,CYP,1961,1.451362
Cyprus,CYP,1962,1.504016
Cyprus,CYP,1963,1.6224347
Cyprus,CYP,1964,1.6325296
Cyprus,CYP,1965,1.8617936
Cyprus,CYP,1966,1.9918543
Cyprus,CYP,1967,2.1648855
Cyprus,CYP,1968,2.5539877
Cyprus,CYP,1969,2.6042006
Cyprus,CYP,1970,2.6298685
Cyprus,CYP,1971,2.8797646
Cyprus,CYP,1972,3.6394753
Cyprus,CYP,1973,3.759362
Cyprus,CYP,1974,2.9079854
Cyprus,CYP,1975,3.0191112
Cyprus,CYP,1976,3.7575753
Cyprus,CYP,1977,4.047516
Cyprus,CYP,1978,4.2320313
Cyprus,CYP,1979,4.4947724
Cyprus,CYP,1980,4.773434
Cyprus,CYP,1981,4.4936514
Cyprus,CYP,1982,4.532938
Cyprus,CYP,1983,4.4559402
Cyprus,CYP,1984,4.496531
Cyprus,CYP,1985,4.300611
Cyprus,CYP,1986,4.85263
Cyprus,CYP,1987,5.5444837
Cyprus,CYP,1988,5.47814
Cyprus,CYP,1989,5.697929
Cyprus,CYP,1990,5.8955126
Cyprus,CYP,1991,6.4285626
Cyprus,CYP,1992,6.798151
Cyprus,CYP,1993,6.964269
Cyprus,CYP,1994,7.097449
Cyprus,CYP,1995,6.799325
Cyprus,CYP,1996,7.060902
Cyprus,CYP,1997,7.021577
Cyprus,CYP,1998,7.2132015
Cyprus,CYP,1999,7.370247
Cyprus,CYP,2000,7.4993653
Cyprus,CYP,2001,7.2393413
Cyprus,CYP,2002,7.3075433
Cyprus,CYP,2003,7.5637994
Cyprus,CYP,2004,7.650352
Cyprus,CYP,2005,7.6742024
Cyprus,CYP,2006,7.7607594
Cyprus,CYP,2007,7.9004884
Cyprus,CYP,2008,7.9664574
Cyprus,CYP,2009,7.60606
Cyprus,CYP,2010,7.156974
Cyprus,CYP,2011,6.7966948
Cyprus,CYP,2012,6.231036
Cyprus,CYP,2013,5.5563617
Cyprus,CYP,2014,5.766146
Cyprus,CYP,2015,5.7010694
Cyprus,CYP,2016,5.9411874
Cyprus,CYP,2017,5.955064
Cyprus,CYP,2018,5.763717
Cyprus,CYP,2019,5.692592
Cyprus,CYP,2020,5.300958
Cyprus,CYP,2021,5.2764926
Cyprus,CYP,2022,5.3108797
Cyprus,CYP,2023,5.3443794
Cyprus,CYP,2024,5.373922
Czechia,CZE,1860,0.027807439
Czechia,CZE,1861,0.090909004
Czechia,CZE,1862,0.15367869
Czechia,CZE,1863,0.21574144
Czechia,CZE,1864,0.27710313
Czechia,CZE,1865,0.3377699
Czechia,CZE,1866,0.39774752
Czechia,CZE,1867,0.45667544
Czechia,CZE,1868,0.5152942
Czechia,CZE,1869,0.5732409
Czechia,CZE,1870,0.63052166
Czechia,CZE,1871,0.6867004
Czechia,CZE,1872,0.741797
Czechia,CZE,1873,0.7965319
Czechia,CZE,1874,0.8505539
Czechia,CZE,1875,0.90387
Czechia,CZE,1876,1.5526434
Czechia,CZE,1877,1.621177
Czechia,CZE,1878,1.6887935
Czechia,CZE,1879,1.8034911
Czechia,CZE,1880,1.8987638
Czechia,CZE,1881,1.9933131
Czechia,CZE,1882,2.026176
Czechia,CZE,1883,2.151255
Czechia,CZE,1884,2.208726
Czechia,CZE,1885,2.3051481
Czechia,CZE,1886,2.4088209
Czechia,CZE,1887,2.5150635
Czechia,CZE,1888,2.6795893
Czechia,CZE,1889,2.8199465
Czechia,CZE,1890,2.997709
Czechia,CZE,1891,3.0862546
Czechia,CZE,1892,3.111226
Czechia,CZE,1893,3.158158
Czechia,CZE,1894,3.2148156
Czechia,CZE,1895,3.3132837
Czechia,CZE,1896,3.3711262
Czechia,CZE,1897,3.5429556
Czechia,CZE,1898,3.5968678
Czechia,CZE,1899,3.6645114
Czechia,CZE,1900,3.61253
Czechia,CZE,1901,3.7462018
Czechia,CZE,1902,3.7682655
Czechia,CZE,1903,3.8109176
Czechia,CZE,1904,3.8200796
Czechia,CZE,1905,3.904105
Czechia,CZE,1906,4.0481563
Czechia,CZE,1907,4.223756
Czechia,CZE,1908,4.271203
Czechia,CZE,1909,4.2153263
Czechia,CZE,1910,4.1418605
Czechia,CZE,1911,4.1681795
Czechia,CZE,1912,4.409679
Czechia,CZE,1913,4.5835943
Czechia,CZE,1914,4.1534467
Czechia,CZE,1915,4.1430717
Czechia,CZE,1916,4.4372363
Czechia,CZE,1917,4.211263
Czechia,CZE,1918,3.634958
Czechia,CZE,1919,3.4624279
Czechia,CZE,1920,3.414656
Czechia,CZE,1921,3.271479
Czechia,CZE,1922,2.8876987
Czechia,CZE,1923,3.0267377
Czechia,CZE,1924,3.6861362
Czechia,CZE,1925,3.4382272
Czechia,CZE,1926,3.4617114
Czechia,CZE,1927,3.6962097
Czechia,CZE,1928,3.8721123
Czechia,CZE,1929,4.311462
Czechia,CZE,1930,3.7857559
Czechia,CZE,1931,3.524445
Czechia,CZE,1932,3.058168
Czechia,CZE,1933,2.786044
Czechia,CZE,1934,2.774063
Czechia,CZE,1935,2.848779
Czechia,CZE,1936,3.0895448
Czechia,CZE,1937,3.736952
Czechia,CZE,1938,4.283196
Czechia,CZE,1939,4.60937
Czechia,CZE,1940,5.169698
Czechia,CZE,1941,5.218172
Czechia,CZE,1942,5.666184
Czechia,CZE,1943,6.26664
Czechia,CZE,1944,5.934381
Czechia,CZE,1945,3.2718873
Czechia,CZE,1946,4.574915
Czechia,CZE,1947,5.6418104
Czechia,CZE,1948,6.0541806
Czechia,CZE,1949,6.335467
Czechia,CZE,1950,6.4879303
Czechia,CZE,1951,6.8519387
Czechia,CZE,1952,7.2616653
Czechia,CZE,1953,7.4644513
Czechia,CZE,1954,7.911935
Czechia,CZE,1955,8.154012
Czechia,CZE,1956,8.686226
Czechia,CZE,1957,9.013441
Czechia,CZE,1958,9.7968445
Czechia,CZE,1959,9.768146
Czechia,CZE,1960,10.384136
Czechia,CZE,1961,11.231927
Czechia,CZE,1962,11.939824
Czechia,CZE,1963,12.517958
Czechia,CZE,1964,12.973811
Czechia,CZE,1965,12.592153
Czechia,CZE,1966,12.486286
Czechia,CZE,1967,12.4307785
Czechia,CZE,1968,12.984124
Czechia,CZE,1969,13.7652855
Czechia,CZE,1970,15.759753
Czechia,CZE,1971,16.493732
Czechia,CZE,1972,16.583609
Czechia,CZE,1973,16.56879
Czechia,CZE,1974,16.659248
Czechia,CZE,1975,17.315779
Czechia,CZE,1976,17.8766
Czechia,CZE,1977,18.306883
Czechia,CZE,1978,18.379374
Czechia,CZE,1979,17.818516
Czechia,CZE,1980,17.974098
Czechia,CZE,1981,17.75334
Czechia,CZE,1982,17.562527
Czechia,CZE,1983,17.578142
Czechia,CZE,1984,18.168127
Czechia,CZE,1985,17.916586
Czechia,CZE,1986,18.039669
Czechia,CZE,1987,17.82683
Czechia,CZE,1988,17.530947
Czechia,CZE,1989,16.725565
Czechia,CZE,1990,15.943747
Czechia,CZE,1991,14.44877
Czechia,CZE,1992,14.129348
Czechia,CZE,1993,13.577581
Czechia,CZE,1994,12.852731
Czechia,CZE,1995,12.764089
Czechia,CZE,1996,13.113578
Czechia,CZE,1997,12.737488
Czechia,CZE,1998,12.246615
Czechia,CZE,1999,11.380794
Czechia,CZE,2000,12.429018
Czechia,CZE,2001,12.428257
Czechia,CZE,2002,12.108837
Czechia,CZE,2003,12.449295
Czechia,CZE,2004,12.504434
Czechia,CZE,2005,12.228751
Czechia,CZE,2006,12.279241
Czechia,CZE,2007,12.417233
Czechia,CZE,2008,11.84469
Czechia,CZE,2009,11.032746
Czechia,CZE,2010,11.225506
Czechia,CZE,2011,10.974041
Czechia,CZE,2012,10.590268
Czechia,CZE,2013,10.152071
Czechia,CZE,2014,9.910655
Czechia,CZE,2015,9.975821
Czechia,CZE,2016,10.125045
Czechia,CZE,2017,10.220285
Czechia,CZE,2018,10.0789385
Czechia,CZE,2019,9.568804
Czechia,CZE,2020,8.688184
Czechia,CZE,2021,9.175987
Czechia,CZE,2022,8.904502
Czechia,CZE,2023,7.6997585
Czechia,CZE,2024,7.043965
Denmark,DNK,1843,0.09695444
Denmark,DNK,1844,0.111560985
Denmark,DNK,1845,0.14641872
Denmark,DNK,1846,0.15768525
Denmark,DNK,1847,0.11835186
Denmark,DNK,1848,0.21192104
Denmark,DNK,1849,0.1825796
Denmark,DNK,1850,0.22696479
Denmark,DNK,1851,0.2050839
Denmark,DNK,1852,0.21696289
Denmark,DNK,1853,0.23078
Denmark,DNK,1854,0.2907438
Denmark,DNK,1855,0.2848723
Denmark,DNK,1856,0.40163347
Denmark,DNK,1857,0.40566128
Denmark,DNK,1858,0.29663193
Denmark,DNK,1859,0.37400877
Denmark,DNK,1860,0.31993544
Denmark,DNK,1861,0.45737273
Denmark,DNK,1862,0.391042
Denmark,DNK,1863,0.4307764
Denmark,DNK,1864,0.366177
Denmark,DNK,1865,0.5669314
Denmark,DNK,1866,0.51835066
Denmark,DNK,1867,0.5007911
Denmark,DNK,1868,0.58659893
Denmark,DNK,1869,0.5059297
Denmark,DNK,1870,0.6055265
Denmark,DNK,1871,0.6224686
Denmark,DNK,1872,0.59157795
Denmark,DNK,1873,0.5914867
Denmark,DNK,1874,0.6323806
Denmark,DNK,1875,0.735234
Denmark,DNK,1876,0.7701726
Denmark,DNK,1877,0.75363845
Denmark,DNK,1878,0.7086475
Denmark,DNK,1879,0.79237485
Denmark,DNK,1880,0.89376026
Denmark,DNK,1881,0.9373464
Denmark,DNK,1882,0.99552697
Denmark,DNK,1883,1.1327895
Denmark,DNK,1884,1.1167043
Denmark,DNK,1885,1.1594682
Denmark,DNK,1886,1.1000811
Denmark,DNK,1887,1.1173227
Denmark,DNK,1888,1.2447714
Denmark,DNK,1889,1.3161232
Denmark,DNK,1890,1.2484511
Denmark,DNK,1891,1.328456
Denmark,DNK,1892,1.3501059
Denmark,DNK,1893,1.2627403
Denmark,DNK,1894,1.41683
Denmark,DNK,1895,1.452626
Denmark,DNK,1896,1.7577783
Denmark,DNK,1897,1.8640432
Denmark,DNK,1898,1.915175
Denmark,DNK,1899,2.0700932
Denmark,DNK,1900,2.0067258
Denmark,DNK,1901,2.0656397
Denmark,DNK,1902,2.0960908
Denmark,DNK,1903,2.155566
Denmark,DNK,1904,2.297852
Denmark,DNK,1905,2.2088718
Denmark,DNK,1906,2.3772252
Denmark,DNK,1907,2.094084
Denmark,DNK,1908,2.567322
Denmark,DNK,1909,2.8069208
Denmark,DNK,1910,2.546705
Denmark,DNK,1911,2.68117
Denmark,DNK,1912,3.1419694
Denmark,DNK,1913,3.1860123
Denmark,DNK,1914,3.2273786
Denmark,DNK,1915,3.4145477
Denmark,DNK,1916,3.2976382
Denmark,DNK,1917,2.3717608
Denmark,DNK,1918,2.7356389
Denmark,DNK,1919,2.5681522
Denmark,DNK,1920,2.2189536
Denmark,DNK,1921,2.074887
Denmark,DNK,1922,2.9201694
Denmark,DNK,1923,3.1570709
Denmark,DNK,1924,3.6684048
Denmark,DNK,1925,3.1588998
Denmark,DNK,1926,3.0572312
Denmark,DNK,1927,3.8576047
Denmark,DNK,1928,3.6029875
Denmark,DNK,1929,4.3025503
Denmark,DNK,1930,3.8943055
Denmark,DNK,1931,4.0060887
Denmark,DNK,1932,3.725938
Denmark,DNK,1933,3.6814446
Denmark,DNK,1934,3.999648
Denmark,DNK,1935,4.133155
Denmark,DNK,1936,4.242592
Denmark,DNK,1937,4.347294
Denmark,DNK,1938,3.8729396
Denmark,DNK,1939,4.278717
Denmark,DNK,1940,3.855321
Denmark,DNK,1941,4.481733
Denmark,DNK,1942,4.1996107
Denmark,DNK,1943,5.2011013
Denmark,DNK,1944,5.0599732
Denmark,DNK,1945,3.4658437
Denmark,DNK,1946,4.307488
Denmark,DNK,1947,5.181152
Denmark,DNK,1948,4.078243
Denmark,DNK,1949,3.9922931
Denmark,DNK,1950,5.1555786
Denmark,DNK,1951,5.100244
Denmark,DNK,1952,5.289072
Denmark,DNK,1953,5.3005633
Denmark,DNK,1954,5.8078585
Denmark,DNK,1955,6.10051
Denmark,DNK,1956,5.9071484
Denmark,DNK,1957,5.547602
Denmark,DNK,1958,5.934712
Denmark,DNK,1959,5.7253976
Denmark,DNK,1960,6.498855
Denmark,DNK,1961,6.877119
Denmark,DNK,1962,7.9407873
Denmark,DNK,1963,8.684139
Denmark,DNK,1964,9.139952
Denmark,DNK,1965,9.309915
Denmark,DNK,1966,10.440621
Denmark,DNK,1967,10.14095
Denmark,DNK,1968,10.952145
Denmark,DNK,1969,12.132536
Denmark,DNK,1970,12.588185
Denmark,DNK,1971,11.485715
Denmark,DNK,1972,11.935942
Denmark,DNK,1973,11.788205
Denmark,DNK,1974,10.903103
Denmark,DNK,1975,11.009463
Denmark,DNK,1976,11.839007
Denmark,DNK,1977,12.138784
Denmark,DNK,1978,11.956174
Denmark,DNK,1979,12.294221
Denmark,DNK,1980,11.768277
Denmark,DNK,1981,10.098261
Denmark,DNK,1982,10.476787
Denmark,DNK,1983,9.796097
Denmark,DNK,1984,9.934672
Denmark,DNK,1985,11.729692
Denmark,DNK,1986,11.483198
Denmark,DNK,1987,11.360324
Denmark,DNK,1988,10.724705
Denmark,DNK,1989,9.485271
Denmark,DNK,1990,10.402008
Denmark,DNK,1991,12.437001
Denmark,DNK,1992,11.278738
Denmark,DNK,1993,11.6743
Denmark,DNK,1994,12.422385
Denmark,DNK,1995,11.780834
Denmark,DNK,1996,14.231168
Denmark,DNK,1997,12.381705
Denmark,DNK,1998,11.54511
Denmark,DNK,1999,11.021205
Denmark,DNK,2000,10.170421
Denmark,DNK,2001,10.430784
Denmark,DNK,2002,10.33384
Denmark,DNK,2003,11.250178
Denmark,DNK,2004,10.195032
Denmark,DNK,2005,9.509078
Denmark,DNK,2006,10.942724
Denmark,DNK,2007,10.017085
Denmark,DNK,2008,9.329914
Denmark,DNK,2009,8.844816
Denmark,DNK,2010,8.866418
Denmark,DNK,2011,7.9407773
Denmark,DNK,2012,7.128379
Denmark,DNK,2013,7.4373164
Denmark,DNK,2014,6.6571136
Denmark,DNK,2015,6.177417
Denmark,DNK,2016,6.44471
Denmark,DNK,2017,6.0127726
Denmark,DNK,2018,5.973422
Denmark,DNK,2019,5.3228407
Denmark,DNK,2020,4.8528743
Denmark,DNK,2021,5.0545783
Denmark,DNK,2022,4.9288173
Denmark,DNK,2023,4.8470974
Denmark,DNK,2024,4.746057
Estonia,EST,1830,0.0004908724
Estonia,EST,1831,0.0005820066
Estonia,EST,1832,0.00038336706
Estonia,EST,1833,0.00047348242
Estonia,EST,1850,0.002388736
Estonia,EST,1855,0.0068196016
Estonia,EST,1858,0.009237517
Estonia,EST,1859,0.00968163
Estonia,EST,1860,0.012639537
Estonia,EST,1861,0.0158637
Estonia,EST,1862,0.014140812
Estonia,EST,1863,0.014630759
Estonia,EST,1864,0.016214538
Estonia,EST,1865,0.015313653
Estonia,EST,1866,0.047810327
Estonia,EST,1867,0.054211672
Estonia,EST,1868,0.04456525
Estonia,EST,1869,0.05973409
Estonia,EST,1870,0.064051434
Estonia,EST,1871,0.08544048
Estonia,EST,1872,0.086669035
Estonia,EST,1873,0.08037474
Estonia,EST,1874,0.096396625
Estonia,EST,1875,0.10962776
Estonia,EST,1876,0.13448505
Estonia,EST,1877,0.1356103
Estonia,EST,1878,0.17511514
Estonia,EST,1879,0.17754143
Estonia,EST,1880,0.20578972
Estonia,EST,1881,0.21416716
Estonia,EST,1882,0.22289357
Estonia,EST,1883,0.25066763
Estonia,EST,1884,0.2514688
Estonia,EST,1885,0.27063826
Estonia,EST,1886,0.27426192
Estonia,EST,1887,0.28675333
Estonia,EST,1888,0.29553878
Estonia,EST,1889,0.3153633
Estonia,EST,1890,0.35288125
Estonia,EST,1891,0.38390297
Estonia,EST,1892,0.40152118
Estonia,EST,1893,0.4650148
Estonia,EST,1894,0.4679637
Estonia,EST,1895,0.53129005
Estonia,EST,1896,0.5344004
Estonia,EST,1897,0.6105077
Estonia,EST,1898,0.67653924
Estonia,EST,1899,0.77548087
Estonia,EST,1900,0.867992
Estonia,EST,1901,0.88048697
Estonia,EST,1902,0.8402671
Estonia,EST,1903,0.8121368
Estonia,EST,1904,0.8927917
Estonia,EST,1905,0.7874219
Estonia,EST,1906,0.8874341
Estonia,EST,1907,0.98215055
Estonia,EST,1908,0.9763869
Estonia,EST,1909,1.0183439
Estonia,EST,1910,0.98666507
Estonia,EST,1911,1.0105869
Estonia,EST,1912,1.1308682
Estonia,EST,1913,1.2134978
Estonia,EST,1914,1.0818508
Estonia,EST,1915,0.98088235
Estonia,EST,1916,1.0327003
Estonia,EST,1917,0.93882924
Estonia,EST,1918,0.36983413
Estonia,EST,1919,0.31276616
Estonia,EST,1920,0.28303215
Estonia,EST,1921,0.30530244
Estonia,EST,1922,0.3711873
Estonia,EST,1923,0.40970185
Estonia,EST,1924,0.48772934
Estonia,EST,1925,0.4809944
Estonia,EST,1926,0.696354
Estonia,EST,1927,0.86505896
Estonia,EST,1928,0.97111064
Estonia,EST,1929,1.0432127
Estonia,EST,1930,1.4114784
Estonia,EST,1931,1.6939964
Estonia,EST,1932,1.9067122
Estonia,EST,1933,2.1303613
Estonia,EST,1934,2.5768971
Estonia,EST,1935,2.9184608
Estonia,EST,1936,3.349204
Estonia,EST,1937,3.4267468
Estonia,EST,1938,3.6189177
Estonia,EST,1939,3.6643639
Estonia,EST,1940,4.384549
Estonia,EST,1941,3.8582628
Estonia,EST,1942,2.0990224
Estonia,EST,1943,2.1958826
Estonia,EST,1944,3.1920254
Estonia,EST,1945,3.389105
Estonia,EST,1946,3.8190932
Estonia,EST,1947,4.6104317
Estonia,EST,1948,4.918997
Estonia,EST,1949,5.591639
Estonia,EST,1950,6.218424
Estonia,EST,1951,6.65498
Estonia,EST,1952,7.0408497
Estonia,EST,1953,7.366529
Estonia,EST,1954,7.9620066
Estonia,EST,1955,8.935601
Estonia,EST,1956,9.702945
Estonia,EST,1957,10.52397
Estonia,EST,1958,11.125179
Estonia,EST,1959,11.606362
Estonia,EST,1960,11.981783
Estonia,EST,1961,12.209484
Estonia,EST,1962,12.665491
Estonia,EST,1963,13.428866
Estonia,EST,1964,14.116412
Estonia,EST,1965,14.806988
Estonia,EST,1966,15.473717
Estonia,EST,1967,16.011026
Estonia,EST,1968,16.282356
Estonia,EST,1969,16.77384
Estonia,EST,1970,17.475494
Estonia,EST,1971,18.376383
Estonia,EST,1972,19.162378
Estonia,EST,1973,19.803429
Estonia,EST,1974,20.384598
Estonia,EST,1975,21.252995
Estonia,EST,1976,21.895521
Estonia,EST,1977,22.456484
Estonia,EST,1978,23.038567
Estonia,EST,1979,23.072657
Estonia,EST,1980,23.845575
Estonia,EST,1981,23.249832
Estonia,EST,1982,23.53725
Estonia,EST,1983,23.7101
Estonia,EST,1984,23.758595
Estonia,EST,1985,25.465155
Estonia,EST,1986,25.292534
Estonia,EST,1987,24.499985
Estonia,EST,1988,24.38202
Estonia,EST,1989,24.843658
Estonia,EST,1990,23.5025
Estonia,EST,1991,21.80648
Estonia,EST,1992,15.850474
Estonia,EST,1993,12.918034
Estonia,EST,1994,13.579116
Estonia,EST,1995,12.426883
Estonia,EST,1996,13.266521
Estonia,EST,1997,13.136339
Estonia,EST,1998,11.999038
Estonia,EST,1999,11.349218
Estonia,EST,2000,11.074418
Estonia,EST,2001,11.432236
Estonia,EST,2002,11.133531
Estonia,EST,2003,12.58399
Estonia,EST,2004,12.711765
Estonia,EST,2005,12.613808
Estonia,EST,2006,12.204592
Estonia,EST,2007,14.865635
Estonia,EST,2008,13.323684
Estonia,EST,2009,10.794068
Estonia,EST,2010,14.243671
Estonia,EST,2011,14.274907
Estonia,EST,2012,13.429013
Estonia,EST,2013,14.897581
Estonia,EST,2014,14.290275
Estonia,EST,2015,12.003551
Estonia,EST,2016,13.248403
Estonia,EST,2017,14.13057
Estonia,EST,2018,13.465254
Estonia,EST,2019,9.261298
Estonia,EST,2020,6.917664
Estonia,EST,2021,7.8024516
Estonia,EST,2022,8.863261
Estonia,EST,2023,6.3957644
Estonia,EST,2024,6.105464
Finland,FIN,1860,0.021156946
Finland,FIN,1861,0.042181488
Finland,FIN,1862,0.042096555
Finland,FIN,1863,0.044161808
Finland,FIN,1864,0.027313774
Finland,FIN,1865,0.035686027
Finland,FIN,1866,0.039848678
Finland,FIN,1867,0.03562215
Finland,FIN,1868,0.050245065
Finland,FIN,1869,0.03962551
Finland,FIN,1870,0.051787194
Finland,FIN,1871,0.06359633
Finland,FIN,1872,0.050645508
Finland,FIN,1873,0.047875397
Finland,FIN,1874,0.06678518
Finland,FIN,1875,0.044486605
Finland,FIN,1876,0.04951933
Finland,FIN,1877,0.058138426
Finland,FIN,1878,0.06463531
Finland,FIN,1879,0.038195748
Finland,FIN,1880,0.048377797
Finland,FIN,1881,0.047667645
Finland,FIN,1882,0.057417113
Finland,FIN,1883,0.054882444
Finland,FIN,1884,0.06593318
Finland,FIN,1885,0.09998772
Finland,FIN,1886,0.057493582
Finland,FIN,1887,0.0566729
Finland,FIN,1888,0.05267168
Finland,FIN,1889,0.069270976
Finland,FIN,1890,0.08856937
Finland,FIN,1891,0.092074916
Finland,FIN,1892,0.08037396
Finland,FIN,1893,0.0794749
Finland,FIN,1894,0.088965185
Finland,FIN,1895,0.093834735
Finland,FIN,1896,0.11743116
Finland,FIN,1897,0.2021306
Finland,FIN,1898,0.1885295
Finland,FIN,1899,0.2817973
Finland,FIN,1900,0.2274547
Finland,FIN,1901,0.15781765
Finland,FIN,1902,0.14804232
Finland,FIN,1903,0.18822764
Finland,FIN,1904,0.1916522
Finland,FIN,1905,0.21079838
Finland,FIN,1906,0.21910514
Finland,FIN,1907,0.31243137
Finland,FIN,1908,0.49075708
Finland,FIN,1909,0.44310105
Finland,FIN,1910,0.36394188
Finland,FIN,1911,0.4469152
Finland,FIN,1912,0.50046897
Finland,FIN,1913,0.5572663
Finland,FIN,1914,0.22921847
Finland,FIN,1915,0.03512162
Finland,FIN,1916,0.05894642
Finland,FIN,1917,0.03943303
Finland,FIN,1918,0.023738442
Finland,FIN,1919,0.0765875
Finland,FIN,1920,0.08767508
Finland,FIN,1921,0.08925359
Finland,FIN,1922,0.22284798
Finland,FIN,1923,0.4584993
Finland,FIN,1924,0.5363735
Finland,FIN,1925,0.52119946
Finland,FIN,1926,0.4819482
Finland,FIN,1927,0.8517659
Finland,FIN,1928,0.9256961
Finland,FIN,1929,0.9828837
Finland,FIN,1930,0.7700526
Finland,FIN,1931,0.8685915
Finland,FIN,1932,0.86526555
Finland,FIN,1933,0.9165417
Finland,FIN,1934,1.1159648
Finland,FIN,1935,0.98591286
Finland,FIN,1936,1.3819674
Finland,FIN,1937,1.8747703
Finland,FIN,1938,1.5638816
Finland,FIN,1939,1.3278352
Finland,FIN,1940,0.6262735
Finland,FIN,1941,0.87141585
Finland,FIN,1942,0.74856985
Finland,FIN,1943,1.0426828
Finland,FIN,1944,0.7144878
Finland,FIN,1945,0.16645867
Finland,FIN,1946,0.8465546
Finland,FIN,1947,1.3947167
Finland,FIN,1948,2.1469412
Finland,FIN,1949,1.2415742
Finland,FIN,1950,1.6327602
Finland,FIN,1951,1.9707339
Finland,FIN,1952,2.11657
Finland,FIN,1953,1.8277066
Finland,FIN,1954,2.18659
Finland,FIN,1955,2.5805542
Finland,FIN,1956,2.842545
Finland,FIN,1957,2.8308768
Finland,FIN,1958,2.43291
Finland,FIN,1959,3.085328
Finland,FIN,1960,3.4059467
Finland,FIN,1961,3.3449235
Finland,FIN,1962,3.7388184
Finland,FIN,1963,4.274299
Finland,FIN,1964,5.0188537
Finland,FIN,1965,5.5432196
Finland,FIN,1966,6.436579
Finland,FIN,1967,6.2057643
Finland,FIN,1968,7.1923356
Finland,FIN,1969,8.195534
Finland,FIN,1970,8.760822
Finland,FIN,1971,8.789153
Finland,FIN,1972,9.506548
Finland,FIN,1973,10.570322
Finland,FIN,1974,9.937044
Finland,FIN,1975,9.769475
Finland,FIN,1976,10.834874
Finland,FIN,1977,10.58059
Finland,FIN,1978,10.90538
Finland,FIN,1979,11.38372
Finland,FIN,1980,12.16542
Finland,FIN,1981,10.709367
Finland,FIN,1982,8.904307
Finland,FIN,1983,8.538953
Finland,FIN,1984,8.6334915
Finland,FIN,1985,10.10739
Finland,FIN,1986,10.820498
Finland,FIN,1987,11.664729
Finland,FIN,1988,10.523952
Finland,FIN,1989,10.5652685
Finland,FIN,1990,11.414846
Finland,FIN,1991,11.008421
Finland,FIN,1992,10.763673
Finland,FIN,1993,11.115949
Finland,FIN,1994,12.133155
Finland,FIN,1995,11.378802
Finland,FIN,1996,12.4963045
Finland,FIN,1997,12.199201
Finland,FIN,1998,11.517897
Finland,FIN,1999,11.397506
Finland,FIN,2000,11.01523
Finland,FIN,2001,12.050957
Finland,FIN,2002,12.508105
Finland,FIN,2003,13.93796
Finland,FIN,2004,13.187464
Finland,FIN,2005,10.87746
Finland,FIN,2006,12.983438
Finland,FIN,2007,12.62386
Finland,FIN,2008,11.033468
Finland,FIN,2009,10.474345
Finland,FIN,2010,11.950002
Finland,FIN,2011,10.512902
Finland,FIN,2012,9.448505
Finland,FIN,2013,9.508818
Finland,FIN,2014,8.719286
Finland,FIN,2015,8.064647
Finland,FIN,2016,8.598358
Finland,FIN,2017,8.107076
Finland,FIN,2018,8.291922
Finland,FIN,2019,7.686688
Finland,FIN,2020,6.82145
Finland,FIN,2021,6.825398
Finland,FIN,2022,6.5245185
Finland,FIN,2023,5.6771917
Finland,FIN,2024,5.300579
France,FRA,1802,0.076622
France,FRA,1804,0.07393558
France,FRA,1810,0.070469946
France,FRA,1811,0.067903295
France,FRA,1812,0.07308623
France,FRA,1813,0.06727743
France,FRA,1814,0.06846539
France,FRA,1815,0.076333165
France,FRA,1816,0.08116601
France,FRA,1817,0.086080305
France,FRA,1818,0.07678174
France,FRA,1819,0.082100935
France,FRA,1820,0.09271228
France,FRA,1821,0.095714025
France,FRA,1822,0.100134835
France,FRA,1823,0.09950061
France,FRA,1824,0.10972901
France,FRA,1825,0.122663274
France,FRA,1826,0.12594925
France,FRA,1827,0.18088658
France,FRA,1828,0.18988127
France,FRA,1829,0.18364692
France,FRA,1830,0.19692379
France,FRA,1831,0.1809741
France,FRA,1832,0.19870651
France,FRA,1833,0.21459202
France,FRA,1834,0.26293486
France,FRA,1835,0.2715916
France,FRA,1836,0.31054175
France,FRA,1837,0.3298498
France,FRA,1838,0.3432477
France,FRA,1839,0.33313882
France,FRA,1840,0.3381736
France,FRA,1841,0.39443934
France,FRA,1842,0.41288608
France,FRA,1843,0.411831
France,FRA,1844,0.43019587
France,FRA,1845,0.50076497
France,FRA,1846,0.5180938
France,FRA,1847,0.5803729
France,FRA,1848,0.4628796
France,FRA,1849,0.48037285
France,FRA,1850,0.5401483
France,FRA,1851,0.5501596
France,FRA,1852,0.59067684
France,FRA,1853,0.6923327
France,FRA,1854,0.79631627
France,FRA,1855,0.8994212
France,FRA,1856,0.9397137
France,FRA,1857,0.9551182
France,FRA,1858,0.9344241
France,FRA,1859,0.9428659
France,FRA,1860,1.0249465
France,FRA,1861,1.1057359
France,FRA,1862,1.1638623
France,FRA,1863,1.1783826
France,FRA,1864,1.2454354
France,FRA,1865,1.3076444
France,FRA,1866,1.4167037
France,FRA,1867,1.431795
France,FRA,1868,1.4608666
France,FRA,1869,1.4943383
France,FRA,1870,1.3234235
France,FRA,1871,1.3137927
France,FRA,1872,1.5900015
France,FRA,1873,1.71633
France,FRA,1874,1.6306893
France,FRA,1875,1.6966279
France,FRA,1876,1.6970373
France,FRA,1877,1.6577271
France,FRA,1878,1.6892104
France,FRA,1879,1.7456038
France,FRA,1880,1.9661164
France,FRA,1881,2.009875
France,FRA,1882,2.1170962
France,FRA,1883,2.215497
France,FRA,1884,2.1234424
France,FRA,1885,2.0371127
France,FRA,1886,2.016362
France,FRA,1887,2.119315
France,FRA,1888,2.2001383
France,FRA,1889,2.2501442
France,FRA,1890,2.474375
France,FRA,1891,2.474684
France,FRA,1892,2.4748344
France,FRA,1893,2.4268293
France,FRA,1894,2.564161
France,FRA,1895,2.583201
France,FRA,1896,2.6682394
France,FRA,1897,2.7900133
France,FRA,1898,2.8815835
France,FRA,1899,3.0096476
France,FRA,1900,3.2303777
France,FRA,1901,3.1198537
France,FRA,1902,2.9330056
France,FRA,1903,3.2201838
France,FRA,1904,3.1330132
France,FRA,1905,3.1646204
France,FRA,1906,3.3874516
France,FRA,1907,3.6069126
France,FRA,1908,3.630096
France,FRA,1909,3.7144277
France,FRA,1910,3.7331283
France,FRA,1911,3.900818
France,FRA,1912,3.9597802
France,FRA,1913,4.297789
France,FRA,1914,2.9899921
France,FRA,1915,2.6233315
France,FRA,1916,2.8037076
France,FRA,1917,3.1264672
France,FRA,1918,2.8037887
France,FRA,1919,3.0121102
France,FRA,1920,3.9392464
France,FRA,1921,3.5732992
France,FRA,1922,4.210048
France,FRA,1923,4.722255
France,FRA,1924,5.263511
France,FRA,1925,5.411551
France,FRA,1926,5.3742137
France,FRA,1927,5.3222127
France,FRA,1928,5.25259
France,FRA,1929,5.7868476
France,FRA,1930,5.850423
France,FRA,1931,5.345493
France,FRA,1932,4.712864
France,FRA,1933,4.907161
France,FRA,1934,4.962797
France,FRA,1935,4.8225775
France,FRA,1936,4.8966165
France,FRA,1937,5.389734
France,FRA,1938,5.0033183
France,FRA,1939,4.8274617
France,FRA,1940,3.4146125
France,FRA,1941,2.9683535
France,FRA,1942,3.0239975
France,FRA,1943,3.0806637
France,FRA,1944,1.9602842
France,FRA,1945,2.616853
France,FRA,1946,4.0204406
France,FRA,1947,4.4513903
France,FRA,1948,4.7462525
France,FRA,1949,5.5062785
France,FRA,1950,4.833711
France,FRA,1951,5.4081116
France,FRA,1952,5.311264
France,FRA,1953,4.968364
France,FRA,1954,5.1881204
France,FRA,1955,5.421132
France,FRA,1956,6.0286164
France,FRA,1957,6.1701612
France,FRA,1958,5.8585806
France,FRA,1959,5.7073174
France,FRA,1960,6.4270477
France,FRA,1961,6.784725
France,FRA,1962,7.0859485
France,FRA,1963,7.1191435
France,FRA,1964,7.685866
France,FRA,1965,7.5009995
France,FRA,1966,7.7836466
France,FRA,1967,8.215699
France,FRA,1968,8.431216
France,FRA,1969,8.868538
France,FRA,1970,9.130455
France,FRA,1971,9.690313
France,FRA,1972,10.002982
France,FRA,1973,10.403053
France,FRA,1974,9.9940815
France,FRA,1975,9.214351
France,FRA,1976,9.958093
France,FRA,1977,9.610839
France,FRA,1978,9.969789
France,FRA,1979,9.989639
France,FRA,1980,9.538364
France,FRA,1981,8.526336
France,FRA,1982,8.123415
France,FRA,1983,7.7617745
France,FRA,1984,7.515064
France,FRA,1985,7.3521323
France,FRA,1986,7.0466685
France,FRA,1987,6.9606786
France,FRA,1988,6.8770137
France,FRA,1989,7.0824494
France,FRA,1990,6.9293327
France,FRA,1991,7.3180947
France,FRA,1992,7.096411
France,FRA,1993,6.728049
France,FRA,1994,6.5845513
France,FRA,1995,6.6496673
France,FRA,1996,6.909002
France,FRA,1997,6.76169
France,FRA,1998,7.049427
France,FRA,1999,6.9912124
France,FRA,2000,6.849684
France,FRA,2001,6.8707247
France,FRA,2002,6.746978
France,FRA,2003,6.799168
France,FRA,2004,6.7686367
France,FRA,2005,6.756068
France,FRA,2006,6.5539103
France,FRA,2007,6.3502436
France,FRA,2008,6.2088747
France,FRA,2009,5.8853593
France,FRA,2010,5.945996
France,FRA,2011,5.572035
France,FRA,2012,5.59021
France,FRA,2013,5.591334
France,FRA,2014,5.067184
France,FRA,2015,5.116293
France,FRA,2016,5.1545954
France,FRA,2017,5.182955
France,FRA,2018,4.93138
France,FRA,2019,4.812466
France,FRA,2020,4.271517
France,FRA,2021,4.649748
France,FRA,2022,4.4555726
France,FRA,2023,4.067842
France,FRA,2024,3.969368
Germany,DEU,1800,0.044171557
Germany,DEU,1801,0.029240523
Germany,DEU,1802,0.029754901
Germany,DEU,1803,0.02830634
Germany,DEU,1804,0.05245813
Germany,DEU,1805,0.053302526
Germany,DEU,1806,0.047273606
Germany,DEU,1807,0.13335954
Germany,DEU,1808,0.043796904
Germany,DEU,1809,0.044674568
Germany,DEU,1810,0.046192635
Germany,DEU,1811,0.04306568
Germany,DEU,1812,0.041702244
Germany,DEU,1813,0.04004199
Germany,DEU,1814,0.039072905
Germany,DEU,1815,0.044824384
Germany,DEU,1816,0.1021735
Germany,DEU,1817,0.14253065
Germany,DEU,1818,0.14646468
Germany,DEU,1819,0.13376212
Germany,DEU,1820,0.1361196
Germany,DEU,1821,0.1402481
Germany,DEU,1822,0.14235331
Germany,DEU,1823,0.15628752
Germany,DEU,1824,0.12372251
Germany,DEU,1825,0.16412507
Germany,DEU,1826,0.15657145
Germany,DEU,1827,0.16771843
Germany,DEU,1828,0.16573869
Germany,DEU,1829,0.13103831
Germany,DEU,1830,0.17101406
Germany,DEU,1831,0.16203187
Germany,DEU,1832,0.12038958
Germany,DEU,1833,0.1513005
Germany,DEU,1834,0.15085933
Germany,DEU,1835,0.16690293
Germany,DEU,1836,0.17388494
Germany,DEU,1837,0.19722018
Germany,DEU,1838,0.21752897
Germany,DEU,1839,0.22798942
Germany,DEU,1840,0.29514763
Germany,DEU,1841,0.3044165
Germany,DEU,1842,0.34398574
Germany,DEU,1843,0.32294974
Germany,DEU,1844,0.33847037
Germany,DEU,1845,0.38910353
Germany,DEU,1846,0.40357685
Germany,DEU,1847,0.42012787
Germany,DEU,1848,0.38629287
Germany,DEU,1849,0.40705645
Germany,DEU,1850,0.4490097
Germany,DEU,1851,0.49647328
Germany,DEU,1852,0.5601497
Germany,DEU,1853,0.60221237
Germany,DEU,1854,0.70180196
Germany,DEU,1855,0.8183968
Germany,DEU,1856,0.87816346
Germany,DEU,1857,0.92877984
Germany,DEU,1858,0.9969994
Germany,DEU,1859,0.9394867
Germany,DEU,1860,1.003471
Germany,DEU,1861,1.1302289
Germany,DEU,1862,1.2347139
Germany,DEU,1863,1.3269968
Germany,DEU,1864,1.5084821
Germany,DEU,1865,1.6752176
Germany,DEU,1866,1.6456321
Germany,DEU,1867,1.7929425
Germany,DEU,1868,1.9109488
Germany,DEU,1869,1.9752913
Germany,DEU,1870,1.9321979
Germany,DEU,1871,2.1301944
Germany,DEU,1872,2.2750201
Germany,DEU,1873,2.4034545
Germany,DEU,1874,1.7304846
Germany,DEU,1875,2.4273689
Germany,DEU,1876,2.446672
Germany,DEU,1877,2.370372
Germany,DEU,1878,2.4199347
Germany,DEU,1879,2.538891
Germany,DEU,1880,2.8224943
Germany,DEU,1881,3.013424
Germany,DEU,1882,3.1931138
Germany,DEU,1883,3.3704581
Germany,DEU,1884,3.4352546
Germany,DEU,1885,3.481745
Germany,DEU,1886,3.4883993
Germany,DEU,1887,3.611334
Germany,DEU,1888,3.9121675
Germany,DEU,1889,4.1315155
Germany,DEU,1890,4.27808
Germany,DEU,1891,4.48249
Germany,DEU,1892,4.307531
Germany,DEU,1893,4.3616033
Germany,DEU,1894,4.473088
Germany,DEU,1895,4.580699
Germany,DEU,1896,4.858754
Germany,DEU,1897,5.115586
Germany,DEU,1898,5.2635717
Germany,DEU,1899,5.5158305
Germany,DEU,1900,5.8584833
Germany,DEU,1901,5.752767
Germany,DEU,1902,5.5575953
Germany,DEU,1903,5.893571
Germany,DEU,1904,6.0174766
Germany,DEU,1905,6.3640666
Germany,DEU,1906,5.935062
Germany,DEU,1907,7.143025
Germany,DEU,1908,7.10769
Germany,DEU,1909,7.010511
Germany,DEU,1910,6.9526906
Germany,DEU,1911,7.1282573
Germany,DEU,1912,7.752086
Germany,DEU,1913,8.3334255
Germany,DEU,1914,7.776015
Germany,DEU,1915,7.2489376
Germany,DEU,1916,7.8622327
Germany,DEU,1917,8.25984
Germany,DEU,1918,7.9522567
Germany,DEU,1919,6.1275907
Germany,DEU,1920,6.7833967
Germany,DEU,1921,7.458013
Germany,DEU,1922,7.145081
Germany,DEU,1923,5.1726303
Germany,DEU,1924,6.9938426
Germany,DEU,1925,7.0439167
Germany,DEU,1926,6.312412
Germany,DEU,1927,7.301617
Germany,DEU,1928,7.61232
Germany,DEU,1929,8.073647
Germany,DEU,1930,6.871657
Germany,DEU,1931,5.700178
Germany,DEU,1932,5.096256
Germany,DEU,1933,5.315258
Germany,DEU,1934,5.9089975
Germany,DEU,1935,6.495202
Germany,DEU,1936,7.124051
Germany,DEU,1937,7.9784474
Germany,DEU,1938,8.4533
Germany,DEU,1939,9.071787
Germany,DEU,1940,9.120772
Germany,DEU,1941,9.196745
Germany,DEU,1942,9.298256
Germany,DEU,1943,9.478794
Germany,DEU,1944,8.392185
Germany,DEU,1945,1.626086
Germany,DEU,1946,3.8143752
Germany,DEU,1947,4.4693284
Germany,DEU,1948,5.3269467
Germany,DEU,1949,6.0961905
Germany,DEU,1950,7.308731
Germany,DEU,1951,8.263315
Germany,DEU,1952,8.746724
Germany,DEU,1953,8.911835
Germany,DEU,1954,9.407278
Germany,DEU,1955,10.282786
Germany,DEU,1956,10.846896
Germany,DEU,1957,10.939459
Germany,DEU,1958,10.546377
Germany,DEU,1959,10.457713
Germany,DEU,1960,11.174068
Germany,DEU,1961,11.372996
Germany,DEU,1962,11.930789
Germany,DEU,1963,12.654174
Germany,DEU,1964,12.861333
Germany,DEU,1965,12.634993
Germany,DEU,1966,12.415375
Germany,DEU,1967,12.160628
Germany,DEU,1968,12.733648
Germany,DEU,1969,13.494337
Germany,DEU,1970,13.116823
Germany,DEU,1971,13.23719
Germany,DEU,1972,13.228626
Germany,DEU,1973,13.747555
Germany,DEU,1974,13.4500675
Germany,DEU,1975,12.735223
Germany,DEU,1976,13.919665
Germany,DEU,1977,13.461735
Germany,DEU,1978,13.813758
Germany,DEU,1979,14.302951
Germany,DEU,1980,14.044512
Germany,DEU,1981,13.363777
Germany,DEU,1982,12.953847
Germany,DEU,1983,12.929977
Germany,DEU,1984,13.24412
Germany,DEU,1985,13.406973
Germany,DEU,1986,13.439202
Germany,DEU,1987,13.223626
Germany,DEU,1988,13.123539
Germany,DEU,1989,12.765508
Germany,DEU,1990,13.233256
Germany,DEU,1991,12.663626
Germany,DEU,1992,11.978324
Germany,DEU,1993,11.773517
Germany,DEU,1994,11.534621
Germany,DEU,1995,11.459825
Germany,DEU,1996,11.666093
Germany,DEU,1997,11.306132
Germany,DEU,1998,11.26054
Germany,DEU,1999,10.9630375
Germany,DEU,2000,10.990293
Germany,DEU,2001,11.1706505
Germany,DEU,2002,10.952268
Germany,DEU,2003,10.893722
Germany,DEU,2004,10.677804
Germany,DEU,2005,10.57788
Germany,DEU,2006,10.849607
Germany,DEU,2007,10.407971
Germany,DEU,2008,10.561389
Germany,DEU,2009,9.760688
Germany,DEU,2010,10.22758
Germany,DEU,2011,9.95007
Germany,DEU,2012,10.060916
Germany,DEU,2013,10.263195
Germany,DEU,2014,9.739761
Germany,DEU,2015,9.756902
Germany,DEU,2016,9.642186
Germany,DEU,2017,9.441122
Germany,DEU,2018,9.101415
Germany,DEU,2019,8.480803
Germany,DEU,2020,7.738692
Germany,DEU,2021,8.100614
Germany,DEU,2022,7.942359
Germany,DEU,2023,7.022808
Germany,DEU,2024,6.7688236
Greece,GRC,1867,0.047250953
Greece,GRC,1868,0.023405904
Greece,GRC,1869,0.053423245
Greece,GRC,1870,0.05490178
Greece,GRC,1871,0.08005561
Greece,GRC,1872,0.046961855
Greece,GRC,1873,0.051320676
Greece,GRC,1874,0.03929279
Greece,GRC,1875,0.042682916
Greece,GRC,1879,0.0009101098
Greece,GRC,1883,0.00087331707
Greece,GRC,1888,0.0008294393
Greece,GRC,1892,0.08038664
Greece,GRC,1893,0.07010824
Greece,GRC,1894,0.07094747
Greece,GRC,1895,0.065589
Greece,GRC,1896,0.07789844
Greece,GRC,1897,0.07483079
Greece,GRC,1898,0.09426104
Greece,GRC,1899,0.048899695
Greece,GRC,1900,0.08370438
Greece,GRC,1901,0.08300562
Greece,GRC,1902,0.06574751
Greece,GRC,1903,0.07819409
Greece,GRC,1904,0.06909216
Greece,GRC,1905,0.053750224
Greece,GRC,1906,0.049857985
Greece,GRC,1907,0.08157777
Greece,GRC,1908,0.13776809
Greece,GRC,1909,0.10517261
Greece,GRC,1910,0.13377924
Greece,GRC,1911,0.16740057
Greece,GRC,1913,0.24390729
Greece,GRC,1914,0.0019906368
Greece,GRC,1915,0.0039533107
Greece,GRC,1916,0.011776632
Greece,GRC,1917,0.016241549
Greece,GRC,1918,0.021936638
Greece,GRC,1919,0.018567245
Greece,GRC,1920,0.11744542
Greece,GRC,1921,0.12768339
Greece,GRC,1922,0.11519845
Greece,GRC,1923,0.15461512
Greece,GRC,1924,0.21571717
Greece,GRC,1925,0.32552063
Greece,GRC,1926,0.2963769
Greece,GRC,1927,0.37282786
Greece,GRC,1928,0.37806016
Greece,GRC,1929,0.42569828
Greece,GRC,1930,0.44399297
Greece,GRC,1931,0.41930565
Greece,GRC,1932,0.4066252
Greece,GRC,1933,0.34410587
Greece,GRC,1934,0.417811
Greece,GRC,1935,0.4238667
Greece,GRC,1936,0.48335615
Greece,GRC,1937,0.50793815
Greece,GRC,1938,0.39711007
Greece,GRC,1939,0.034723565
Greece,GRC,1940,0.032469917
Greece,GRC,1941,0.018364085
Greece,GRC,1942,0.03063862
Greece,GRC,1943,0.028566908
Greece,GRC,1944,0.014719153
Greece,GRC,1945,0.008769778
Greece,GRC,1946,0.01649835
Greece,GRC,1947,0.02221159
Greece,GRC,1948,0.17812769
Greece,GRC,1949,0.21518615
Greece,GRC,1950,0.5394955
Greece,GRC,1951,0.59310997
Greece,GRC,1952,0.6169905
Greece,GRC,1953,0.6229568
Greece,GRC,1954,0.6424311
Greece,GRC,1955,0.74556077
Greece,GRC,1956,0.7798164
Greece,GRC,1957,0.8373795
Greece,GRC,1958,0.90653384
Greece,GRC,1959,0.9786945
Greece,GRC,1960,1.1201084
Greece,GRC,1961,1.1611718
Greece,GRC,1962,1.1981229
Greece,GRC,1963,1.4419117
Greece,GRC,1964,1.5523986
Greece,GRC,1965,1.9948635
Greece,GRC,1966,2.1702359
Greece,GRC,1967,2.253477
Greece,GRC,1968,2.5563765
Greece,GRC,1969,2.907746
Greece,GRC,1970,2.7579777
Greece,GRC,1971,3.1580079
Greece,GRC,1972,3.5570078
Greece,GRC,1973,4.175141
Greece,GRC,1974,4.038674
Greece,GRC,1975,4.2885547
Greece,GRC,1976,4.6566114
Greece,GRC,1977,5.0266137
Greece,GRC,1978,5.07795
Greece,GRC,1979,5.334733
Greece,GRC,1980,5.271572
Greece,GRC,1981,5.138751
Greece,GRC,1982,5.235977
Greece,GRC,1983,5.5278625
Greece,GRC,1984,5.640463
Greece,GRC,1985,5.9551363
Greece,GRC,1986,5.7762103
Greece,GRC,1987,6.174565
Greece,GRC,1988,6.588565
Greece,GRC,1989,7.166486
Greece,GRC,1990,8.133435
Greece,GRC,1991,8.092473
Greece,GRC,1992,8.202206
Greece,GRC,1993,8.094237
Greece,GRC,1994,8.257865
Greece,GRC,1995,8.266988
Greece,GRC,1996,8.430785
Greece,GRC,1997,8.830563
Greece,GRC,1998,9.238181
Greece,GRC,1999,9.128898
Greece,GRC,2000,9.549867
Greece,GRC,2001,9.716853
Greece,GRC,2002,9.641644
Greece,GRC,2003,9.989182
Greece,GRC,2004,10.0010195
Greece,GRC,2005,10.371121
Greece,GRC,2006,10.205
Greece,GRC,2007,10.370105
Greece,GRC,2008,10.028104
Greece,GRC,2009,9.391326
Greece,GRC,2010,8.751197
Greece,GRC,2011,8.507211
Greece,GRC,2012,8.272102
Greece,GRC,2013,7.4504676
Greece,GRC,2014,7.218808
Greece,GRC,2015,6.924253
Greece,GRC,2016,6.6223903
Greece,GRC,2017,6.959737
Greece,GRC,2018,6.6889496
Greece,GRC,2019,6.132932
Greece,GRC,2020,5.1944113
Greece,GRC,2021,5.4376464
Greece,GRC,2022,5.532692
Greece,GRC,2023,5.0755324
Greece,GRC,2024,5.310692
Hungary,HUN,1830,0.025466146
Hungary,HUN,1831,0.015494763
Hungary,HUN,1832,0.019429982
Hungary,HUN,1833,0.014466502
Hungary,HUN,1834,0.015159137
Hungary,HUN,1835,0.0110886535
Hungary,HUN,1836,0.018084582
Hungary,HUN,1837,0.014830781
Hungary,HUN,1838,0.013173136
Hungary,HUN,1839,0.029231677
Hungary,HUN,1840,0.028255418
Hungary,HUN,1841,0.02956613
Hungary,HUN,1842,0.01730962
Hungary,HUN,1843,0.017930845
Hungary,HUN,1844,0.037825923
Hungary,HUN,1845,0.017670974
Hungary,HUN,1846,0.012425904
Hungary,HUN,1847,0.032652874
Hungary,HUN,1851,0.052888118
Hungary,HUN,1852,0.06583255
Hungary,HUN,1853,0.065387756
Hungary,HUN,1854,0.08221882
Hungary,HUN,1855,0.08509454
Hungary,HUN,1856,0.08860926
Hungary,HUN,1857,0.10087366
Hungary,HUN,1858,0.06993275
Hungary,HUN,1859,0.14025627
Hungary,HUN,1860,0.16385348
Hungary,HUN,1861,0.17262982
Hungary,HUN,1862,0.20680325
Hungary,HUN,1863,0.21450624
Hungary,HUN,1864,0.21305697
Hungary,HUN,1865,0.21995388
Hungary,HUN,1866,0.24840358
Hungary,HUN,1867,0.29164192
Hungary,HUN,1868,0.30977884
Hungary,HUN,1869,0.3346043
Hungary,HUN,1870,0.35918042
Hungary,HUN,1871,0.44272155
Hungary,HUN,1872,0.4677426
Hungary,HUN,1873,0.48526078
Hungary,HUN,1874,0.42315292
Hungary,HUN,1875,0.43346158
Hungary,HUN,1876,0.45203578
Hungary,HUN,1877,0.46979403
Hungary,HUN,1878,0.4654046
Hungary,HUN,1879,0.4616391
Hungary,HUN,1880,0.53001606
Hungary,HUN,1881,0.56496835
Hungary,HUN,1882,0.56704694
Hungary,HUN,1883,0.64173406
Hungary,HUN,1884,0.67773074
Hungary,HUN,1885,0.681377
Hungary,HUN,1886,0.6339297
Hungary,HUN,1887,0.6287152
Hungary,HUN,1888,0.6779306
Hungary,HUN,1889,0.7229818
Hungary,HUN,1890,0.79435486
Hungary,HUN,1891,0.8292912
Hungary,HUN,1892,0.8579724
Hungary,HUN,1893,0.8875429
Hungary,HUN,1894,0.94572085
Hungary,HUN,1895,1.0014025
Hungary,HUN,1896,1.0684325
Hungary,HUN,1897,1.073314
Hungary,HUN,1898,1.2182535
Hungary,HUN,1899,1.1726139
Hungary,HUN,1900,1.3488451
Hungary,HUN,1901,1.3439308
Hungary,HUN,1902,1.2277725
Hungary,HUN,1903,1.264206
Hungary,HUN,1904,1.2694923
Hungary,HUN,1905,1.2816154
Hungary,HUN,1906,1.3716346
Hungary,HUN,1907,1.36754
Hungary,HUN,1908,1.433656
Hungary,HUN,1909,1.5675647
Hungary,HUN,1910,1.5355197
Hungary,HUN,1911,1.5694267
Hungary,HUN,1912,1.6024987
Hungary,HUN,1913,1.6899588
Hungary,HUN,1914,1.4982786
Hungary,HUN,1915,1.5146629
Hungary,HUN,1916,1.5177413
Hungary,HUN,1917,1.4969016
Hungary,HUN,1918,1.3553615
Hungary,HUN,1919,0.60226184
Hungary,HUN,1920,0.70353717
Hungary,HUN,1921,1.1553258
Hungary,HUN,1922,1.3667887
Hungary,HUN,1923,1.4599559
Hungary,HUN,1924,1.3748047
Hungary,HUN,1925,1.2262315
Hungary,HUN,1926,1.4129543
Hungary,HUN,1927,1.5576468
Hungary,HUN,1928,1.6226385
Hungary,HUN,1929,1.7690107
Hungary,HUN,1930,1.4534341
Hungary,HUN,1931,1.2895281
Hungary,HUN,1932,1.1681745
Hungary,HUN,1933,1.1365888
Hungary,HUN,1934,1.1925633
Hungary,HUN,1935,1.2407078
Hungary,HUN,1936,1.3232002
Hungary,HUN,1937,1.5038664
Hungary,HUN,1938,1.6193192
Hungary,HUN,1939,1.5742077
Hungary,HUN,1940,1.7170644
Hungary,HUN,1941,1.9309027
Hungary,HUN,1942,2.0337036
Hungary,HUN,1943,2.0725336
Hungary,HUN,1944,1.7100856
Hungary,HUN,1945,0.88381654
Hungary,HUN,1946,1.1631236
Hungary,HUN,1947,1.489893
Hungary,HUN,1948,1.7626607
Hungary,HUN,1949,2.1923473
Hungary,HUN,1950,1.9694016
Hungary,HUN,1951,2.3543384
Hungary,HUN,1952,2.862841
Hungary,HUN,1953,3.3108895
Hungary,HUN,1954,3.5044303
Hungary,HUN,1955,3.63359
Hungary,HUN,1956,3.365388
Hungary,HUN,1957,3.9079428
Hungary,HUN,1958,3.9721124
Hungary,HUN,1959,4.2184043
Hungary,HUN,1960,4.5433183
Hungary,HUN,1961,4.8844304
Hungary,HUN,1962,5.0253325
Hungary,HUN,1963,5.579304
Hungary,HUN,1964,6.1679606
Hungary,HUN,1965,6.0421777
Hungary,HUN,1966,6.0675592
Hungary,HUN,1967,5.761941
Hungary,HUN,1968,5.967061
Hungary,HUN,1969,6.067174
Hungary,HUN,1970,6.7822757
Hungary,HUN,1971,6.694398
Hungary,HUN,1972,6.6880937
Hungary,HUN,1973,7.014868
Hungary,HUN,1974,7.081326
Hungary,HUN,1975,7.160773
Hungary,HUN,1976,7.558279
Hungary,HUN,1977,7.820204
Hungary,HUN,1978,8.258755
Hungary,HUN,1979,8.051669
Hungary,HUN,1980,8.106017
Hungary,HUN,1981,8.0938835
Hungary,HUN,1982,8.134661
Hungary,HUN,1983,8.372948
Hungary,HUN,1984,8.565946
Hungary,HUN,1985,8.147732
Hungary,HUN,1986,7.9152293
Hungary,HUN,1987,8.029981
Hungary,HUN,1988,7.473824
Hungary,HUN,1989,7.296581
Hungary,HUN,1990,7.0730515
Hungary,HUN,1991,6.728052
Hungary,HUN,1992,6.0050035
Hungary,HUN,1993,6.0820847
Hungary,HUN,1994,5.9845986
Hungary,HUN,1995,5.9542155
Hungary,HUN,1996,6.1232386
Hungary,HUN,1997,6.000424
Hungary,HUN,1998,5.9751363
Hungary,HUN,1999,6.0250854
Hungary,HUN,2000,5.7155046
Hungary,HUN,2001,5.884682
Hungary,HUN,2002,5.8038373
Hungary,HUN,2003,6.094711
Hungary,HUN,2004,5.94747
Hungary,HUN,2005,5.9749513
Hungary,HUN,2006,5.923272
Hungary,HUN,2007,5.8250046
Hungary,HUN,2008,5.7089357
Hungary,HUN,2009,5.1450424
Hungary,HUN,2010,5.2101464
Hungary,HUN,2011,5.04249
Hungary,HUN,2012,4.7113004
Hungary,HUN,2013,4.397312
Hungary,HUN,2014,4.424574
Hungary,HUN,2015,4.732789
Hungary,HUN,2016,4.794759
Hungary,HUN,2017,5.050634
Hungary,HUN,2018,5.0505667
Hungary,HUN,2019,5.0314445
Hungary,HUN,2020,4.831583
Hungary,HUN,2021,4.9780636
Hungary,HUN,2022,4.674298
Hungary,HUN,2023,4.164973
Hungary,HUN,2024,4.135669
Ireland,IRL,1950,3.3392677
Ireland,IRL,1951,3.5774977
Ireland,IRL,1952,3.2704108
Ireland,IRL,1953,3.2554524
Ireland,IRL,1954,3.1187298
Ireland,IRL,1955,4.0402093
Ireland,IRL,1956,3.7878308
Ireland,IRL,1957,3.3872893
Ireland,IRL,1958,3.1381772
Ireland,IRL,1959,4.336471
Ireland,IRL,1960,3.9496586
Ireland,IRL,1961,4.3730726
Ireland,IRL,1962,4.6289067
Ireland,IRL,1963,4.7298737
Ireland,IRL,1964,4.9755325
Ireland,IRL,1965,4.774341
Ireland,IRL,1966,5.225106
Ireland,IRL,1967,5.642845
Ireland,IRL,1968,6.089405
Ireland,IRL,1969,6.2889867
Ireland,IRL,1970,6.5476003
Ireland,IRL,1971,7.5092845
Ireland,IRL,1972,7.2556167
Ireland,IRL,1973,7.40698
Ireland,IRL,1974,7.4367685
Ireland,IRL,1975,6.9341373
Ireland,IRL,1976,6.90427
Ireland,IRL,1977,7.1894245
Ireland,IRL,1978,7.081606
Ireland,IRL,1979,8.116346
Ireland,IRL,1980,7.6934805
Ireland,IRL,1981,7.556634
Ireland,IRL,1982,7.3560734
Ireland,IRL,1983,7.355019
Ireland,IRL,1984,7.2667212
Ireland,IRL,1985,7.5740747
Ireland,IRL,1986,8.060787
Ireland,IRL,1987,8.537592
Ireland,IRL,1988,8.477406
Ireland,IRL,1989,8.561806
Ireland,IRL,1990,9.3754015
Ireland,IRL,1991,9.5282135
Ireland,IRL,1992,9.413212
Ireland,IRL,1993,9.428422
Ireland,IRL,1994,9.704017
Ireland,IRL,1995,9.929767
Ireland,IRL,1996,10.298033
Ireland,IRL,1997,10.566967
Ireland,IRL,1998,10.969448
Ireland,IRL,1999,11.3085575
Ireland,IRL,2000,11.89966
Ireland,IRL,2001,12.324086
Ireland,IRL,2002,11.730197
Ireland,IRL,2003,11.441199
Ireland,IRL,2004,11.354153
Ireland,IRL,2005,11.588379
Ireland,IRL,2006,11.150127
Ireland,IRL,2007,10.847387
Ireland,IRL,2008,10.557548
Ireland,IRL,2009,9.302911
Ireland,IRL,2010,9.1665125
Ireland,IRL,2011,8.309539
Ireland,IRL,2012,8.309304
Ireland,IRL,2013,8.060807
Ireland,IRL,2014,7.910693
Ireland,IRL,2015,8.2329445
Ireland,IRL,2016,8.492474
Ireland,IRL,2017,8.116082
Ireland,IRL,2018,7.9880743
Ireland,IRL,2019,7.540263
Ireland,IRL,2020,7.0349927
Ireland,IRL,2021,7.4523654
Ireland,IRL,2022,7.177214
Ireland,IRL,2023,6.4595604
Ireland,IRL,2024,6.3388243
Italy,ITA,1860,0.0011262266
Italy,ITA,1861,0.02559917
Italy,ITA,1862,0.046562288
Italy,ITA,1863,0.040323935
Italy,ITA,1864,0.060095884
Italy,ITA,1865,0.047303215
Italy,ITA,1866,0.05458293
Italy,ITA,1867,0.053961847
Italy,ITA,1868,0.06190334
Italy,ITA,1869,0.067893706
Italy,ITA,1870,0.09653522
Italy,ITA,1871,0.082708955
Italy,ITA,1872,0.105997294
Italy,ITA,1873,0.09814545
Italy,ITA,1874,0.10561151
Italy,ITA,1875,0.107471436
Italy,ITA,1876,0.14314722
Italy,ITA,1877,0.1318209
Italy,ITA,1878,0.13046588
Italy,ITA,1879,0.14930338
Italy,ITA,1880,0.17261681
Italy,ITA,1881,0.20166817
Italy,ITA,1882,0.21094054
Italy,ITA,1883,0.22198184
Italy,ITA,1884,0.24416532
Italy,ITA,1885,0.27593336
Italy,ITA,1886,0.27249047
Italy,ITA,1887,0.3298038
Italy,ITA,1888,0.35167447
Italy,ITA,1889,0.36085936
Italy,ITA,1890,0.3888937
Italy,ITA,1891,0.3482069
Italy,ITA,1892,0.34266305
Italy,ITA,1893,0.32921925
Italy,ITA,1894,0.4062961
Italy,ITA,1895,0.37176776
Italy,ITA,1896,0.3512562
Italy,ITA,1897,0.3643463
Italy,ITA,1898,0.37693927
Italy,ITA,1899,0.41044554
Italy,ITA,1900,0.41726837
Italy,ITA,1901,0.40272814
Italy,ITA,1902,0.4438756
Italy,ITA,1903,0.44913656
Italy,ITA,1904,0.47091293
Italy,ITA,1905,0.51494014
Italy,ITA,1906,0.60375595
Italy,ITA,1907,0.6477283
Italy,ITA,1908,0.6553477
Italy,ITA,1909,0.7191808
Italy,ITA,1910,0.7160845
Italy,ITA,1911,0.7351726
Italy,ITA,1912,0.7690465
Italy,ITA,1913,0.8257717
Italy,ITA,1914,0.7491461
Italy,ITA,1915,0.6527092
Italy,ITA,1916,0.6440776
Italy,ITA,1917,0.4407476
Italy,ITA,1918,0.51772255
Italy,ITA,1919,0.5058378
Italy,ITA,1920,0.48337826
Italy,ITA,1921,0.588292
Italy,ITA,1922,0.6858346
Italy,ITA,1923,0.70966345
Italy,ITA,1924,0.8440211
Italy,ITA,1925,0.8051899
Italy,ITA,1926,0.923836
Italy,ITA,1927,1.0319438
Italy,ITA,1928,0.96636665
Italy,ITA,1929,1.1057256
Italy,ITA,1930,0.9848254
Italy,ITA,1931,0.84374666
Italy,ITA,1932,0.68712944
Italy,ITA,1933,0.7399153
Italy,ITA,1934,0.95498157
Italy,ITA,1935,1.0835172
Italy,ITA,1936,0.757516
Italy,ITA,1937,1.0608381
Italy,ITA,1938,1.0474766
Italy,ITA,1939,1.0656236
Italy,ITA,1940,1.1245015
Italy,ITA,1941,0.9769447
Italy,ITA,1942,0.94786507
Italy,ITA,1943,0.15996632
Italy,ITA,1944,0.07998864
Italy,ITA,1945,0.09670476
Italy,ITA,1946,0.48959672
Italy,ITA,1947,0.80761707
Italy,ITA,1948,0.7752891
Italy,ITA,1949,0.8625921
Italy,ITA,1950,0.89306104
Italy,ITA,1951,1.0442877
Italy,ITA,1952,1.0766172
Italy,ITA,1953,1.1811262
Italy,ITA,1954,1.3577749
Italy,ITA,1955,1.5223778
Italy,ITA,1956,1.7246975
Italy,ITA,1957,1.7897031
Italy,ITA,1958,1.7904662
Italy,ITA,1959,1.9117564
Italy,ITA,1960,2.2057705
Italy,ITA,1961,2.4970908
Italy,ITA,1962,2.915451
Italy,ITA,1963,3.2543283
Italy,ITA,1964,3.4446247
Italy,ITA,1965,3.6818244
Italy,ITA,1966,4.121744
Italy,ITA,1967,4.473739
Italy,ITA,1968,4.727312
Italy,ITA,1969,5.082452
Italy,ITA,1970,5.551188
Italy,ITA,1971,5.791714
Italy,ITA,1972,6.0710115
Italy,ITA,1973,6.4894867
Italy,ITA,1974,6.535078
Italy,ITA,1975,6.182356
Italy,ITA,1976,6.5957985
Italy,ITA,1977,6.3613772
Italy,ITA,1978,6.637189
Italy,ITA,1979,6.863404
Italy,ITA,1980,6.850246
Italy,ITA,1981,6.6253977
Italy,ITA,1982,6.46841
Italy,ITA,1983,6.313786
Italy,ITA,1984,6.4179273
Italy,ITA,1985,6.489892
Italy,ITA,1986,6.3856063
Italy,ITA,1987,6.6810675
Italy,ITA,1988,6.7797422
Italy,ITA,1989,7.1036334
Italy,ITA,1990,7.68362
Italy,ITA,1991,7.6695366
Italy,ITA,1992,7.6662855
Italy,ITA,1993,7.526011
Italy,ITA,1994,7.392994
Italy,ITA,1995,7.8148036
Italy,ITA,1996,7.7471423
Italy,ITA,1997,7.8436203
Italy,ITA,1998,8.054232
Italy,ITA,1999,8.132449
Italy,ITA,2000,8.19941
Italy,ITA,2001,8.196022
Italy,ITA,2002,8.309492
Italy,ITA,2003,8.574582
Italy,ITA,2004,8.606314
Italy,ITA,2005,8.567466
Italy,ITA,2006,8.443186
Italy,ITA,2007,8.286317
Italy,ITA,2008,8.027509
Italy,ITA,2009,7.078524
Italy,ITA,2010,7.2413816
Italy,ITA,2011,7.0218983
Italy,ITA,2012,6.665015
Italy,ITA,2013,6.0912943
Italy,ITA,2014,5.7593956
Italy,ITA,2015,5.9635468
Italy,ITA,2016,5.9216995
Italy,ITA,2017,5.8397813
Italy,ITA,2018,5.790691
Italy,ITA,2019,5.6483817
Italy,ITA,2020,5.0506783
Italy,ITA,2021,5.6242104
Italy,ITA,2022,5.704794
Italy,ITA,2023,5.248631
Italy,ITA,2024,5.087886
Latvia,LVA,1830,0.00017552492
Latvia,LVA,1831,0.00020808178
Latvia,LVA,1832,0.00013648359
Latvia,LVA,1833,0.00016716748
Latvia,LVA,1850,0.0007888181
Latvia,LVA,1855,0.0022067856
Latvia,LVA,1858,0.0029528774
Latvia,LVA,1859,0.003082084
Latvia,LVA,1860,0.0040082447
Latvia,LVA,1861,0.0050103506
Latvia,LVA,1862,0.0044479794
Latvia,LVA,1863,0.004583705
Latvia,LVA,1864,0.0050583933
Latvia,LVA,1865,0.004758078
Latvia,LVA,1866,0.014794925
Latvia,LVA,1867,0.016707897
Latvia,LVA,1868,0.013679536
Latvia,LVA,1869,0.018260354
Latvia,LVA,1870,0.019500721
Latvia,LVA,1871,0.025907654
Latvia,LVA,1872,0.026173437
Latvia,LVA,1873,0.024174089
Latvia,LVA,1874,0.028875165
Latvia,LVA,1875,0.0327053
Latvia,LVA,1876,0.039957978
Latvia,LVA,1877,0.04012858
Latvia,LVA,1878,0.05160858
Latvia,LVA,1879,0.05211059
Latvia,LVA,1880,0.06015716
Latvia,LVA,1881,0.062351704
Latvia,LVA,1882,0.06462942
Latvia,LVA,1883,0.072387144
Latvia,LVA,1884,0.07232393
Latvia,LVA,1885,0.07752125
Latvia,LVA,1886,0.07824035
Latvia,LVA,1887,0.08147189
Latvia,LVA,1888,0.08362733
Latvia,LVA,1889,0.088874586
Latvia,LVA,1890,0.0990444
Latvia,LVA,1891,0.10731377
Latvia,LVA,1892,0.11178331
Latvia,LVA,1893,0.12893413
Latvia,LVA,1894,0.12922537
Latvia,LVA,1895,0.14611734
Latvia,LVA,1896,0.14637621
Latvia,LVA,1897,0.16654392
Latvia,LVA,1898,0.18380776
Latvia,LVA,1899,0.20983437
Latvia,LVA,1900,0.23391335
Latvia,LVA,1901,0.23631771
Latvia,LVA,1902,0.22460788
Latvia,LVA,1903,0.2162075
Latvia,LVA,1904,0.2367152
Latvia,LVA,1905,0.20793018
Latvia,LVA,1906,0.23338859
Latvia,LVA,1907,0.25725034
Latvia,LVA,1908,0.25470307
Latvia,LVA,1909,0.2672082
Latvia,LVA,1910,0.26292235
Latvia,LVA,1911,0.2760982
Latvia,LVA,1912,0.3198592
Latvia,LVA,1913,0.3589953
Latvia,LVA,1914,0.33474994
Latvia,LVA,1915,0.3174479
Latvia,LVA,1916,0.3495691
Latvia,LVA,1917,0.33238995
Latvia,LVA,1918,0.13692974
Latvia,LVA,1919,0.12000549
Latvia,LVA,1920,0.111493565
Latvia,LVA,1921,0.12230601
Latvia,LVA,1922,0.14978695
Latvia,LVA,1923,0.16497649
Latvia,LVA,1924,0.19597752
Latvia,LVA,1925,0.19285955
Latvia,LVA,1926,0.27861503
Latvia,LVA,1927,0.3453774
Latvia,LVA,1928,0.3801154
Latvia,LVA,1929,0.40803015
Latvia,LVA,1930,0.5562362
Latvia,LVA,1931,0.66665393
Latvia,LVA,1932,0.74741757
Latvia,LVA,1933,0.83219135
Latvia,LVA,1934,1.0022006
Latvia,LVA,1935,1.1308987
Latvia,LVA,1936,1.2904315
Latvia,LVA,1937,1.3155074
Latvia,LVA,1938,1.3821992
Latvia,LVA,1939,1.3957318
Latvia,LVA,1940,1.6888236
Latvia,LVA,1941,1.4831972
Latvia,LVA,1942,0.80685323
Latvia,LVA,1943,0.84270734
Latvia,LVA,1944,1.2229948
Latvia,LVA,1945,1.2950959
Latvia,LVA,1946,1.4560987
Latvia,LVA,1947,1.7544781
Latvia,LVA,1948,1.8680294
Latvia,LVA,1949,2.120988
Latvia,LVA,1950,2.3611345
Latvia,LVA,1951,2.538561
Latvia,LVA,1952,2.6968732
Latvia,LVA,1953,2.8306215
Latvia,LVA,1954,3.0651057
Latvia,LVA,1955,3.4437854
Latvia,LVA,1956,3.7410753
Latvia,LVA,1957,4.052988
Latvia,LVA,1958,4.278296
Latvia,LVA,1959,4.426499
Latvia,LVA,1960,4.535824
Latvia,LVA,1961,4.6227727
Latvia,LVA,1962,4.7981524
Latvia,LVA,1963,5.091773
Latvia,LVA,1964,5.357548
Latvia,LVA,1965,5.6259823
Latvia,LVA,1966,5.8858833
Latvia,LVA,1967,6.09829
Latvia,LVA,1968,6.2139997
Latvia,LVA,1969,6.416237
Latvia,LVA,1970,6.693051
Latvia,LVA,1971,7.047576
Latvia,LVA,1972,7.36108
Latvia,LVA,1973,7.613617
Latvia,LVA,1974,7.8400054
Latvia,LVA,1975,8.182153
Latvia,LVA,1976,8.446608
Latvia,LVA,1977,8.685696
Latvia,LVA,1978,8.939921
Latvia,LVA,1979,8.984135
Latvia,LVA,1980,9.31418
Latvia,LVA,1981,9.113048
Latvia,LVA,1982,9.240255
Latvia,LVA,1983,9.319576
Latvia,LVA,1984,9.346051
Latvia,LVA,1985,10.010353
Latvia,LVA,1986,9.081071
Latvia,LVA,1987,7.3474326
Latvia,LVA,1988,7.112995
Latvia,LVA,1989,6.733276
Latvia,LVA,1990,7.3912163
Latvia,LVA,1991,6.7648315
Latvia,LVA,1992,5.428084
Latvia,LVA,1993,4.6499653
Latvia,LVA,1994,4.1131306
Latvia,LVA,1995,3.6742284
Latvia,LVA,1996,3.7477655
Latvia,LVA,1997,3.5672417
Latvia,LVA,1998,3.446172
Latvia,LVA,1999,3.2281199
Latvia,LVA,2000,2.990149
Latvia,LVA,2001,3.2059655
Latvia,LVA,2002,3.2536795
Latvia,LVA,2003,3.3753157
Latvia,LVA,2004,3.41457
Latvia,LVA,2005,3.48728
Latvia,LVA,2006,3.7449162
Latvia,LVA,2007,3.9246342
Latvia,LVA,2008,3.7645316
Latvia,LVA,2009,3.480879
Latvia,LVA,2010,4.0777874
Latvia,LVA,2011,3.7906103
Latvia,LVA,2012,3.6958487
Latvia,LVA,2013,3.660572
Latvia,LVA,2014,3.5966146
Latvia,LVA,2015,3.671832
Latvia,LVA,2016,3.6791766
Latvia,LVA,2017,3.714261
Latvia,LVA,2018,4.0689178
Latvia,LVA,2019,3.9876633
Latvia,LVA,2020,3.681657
Latvia,LVA,2021,3.8281586
Latvia,LVA,2022,3.5129132
Latvia,LVA,2023,3.5007896
Latvia,LVA,2024,3.4520962
Lithuania,LTU,1830,0.00021177702
Lithuania,LTU,1831,0.0002502128
Lithuania,LTU,1832,0.00016473809
Lithuania,LTU,1833,0.00020265832
Lithuania,LTU,1850,0.0009789615
Lithuania,LTU,1855,0.0027570939
Lithuania,LTU,1858,0.003704651
Lithuania,LTU,1859,0.0038714828
Lithuania,LTU,1860,0.005041886
Lithuania,LTU,1861,0.0063109254
Lithuania,LTU,1862,0.0056095906
Lithuania,LTU,1863,0.0057885777
Lithuania,LTU,1864,0.006397897
Lithuania,LTU,1865,0.006025974
Lithuania,LTU,1866,0.018762162
Lithuania,LTU,1867,0.021217834
Lithuania,LTU,1868,0.017394725
Lithuania,LTU,1869,0.023252659
Lithuania,LTU,1870,0.024865685
Lithuania,LTU,1871,0.03307963
Lithuania,LTU,1872,0.033464793
Lithuania,LTU,1873,0.030949982
Lithuania,LTU,1874,0.037019633
Lithuania,LTU,1875,0.04198726
Lithuania,LTU,1876,0.051367693
Lithuania,LTU,1877,0.05165775
Lithuania,LTU,1878,0.066525646
Lithuania,LTU,1879,0.067264885
Lithuania,LTU,1880,0.07775671
Lithuania,LTU,1881,0.08070371
Lithuania,LTU,1882,0.08376499
Lithuania,LTU,1883,0.09394772
Lithuania,LTU,1884,0.09399331
Lithuania,LTU,1885,0.10088483
Lithuania,LTU,1886,0.10195916
Lithuania,LTU,1887,0.106315024
Lithuania,LTU,1888,0.10927602
Lithuania,LTU,1889,0.11629094
Lithuania,LTU,1890,0.129774
Lithuania,LTU,1891,0.1408005
Lithuania,LTU,1892,0.14686412
Lithuania,LTU,1893,0.1696286
Lithuania,LTU,1894,0.17024301
Lithuania,LTU,1895,0.19275808
Lithuania,LTU,1896,0.1933626
Lithuania,LTU,1897,0.22030339
Lithuania,LTU,1898,0.24347137
Lithuania,LTU,1899,0.27832353
Lithuania,LTU,1900,0.31068414
Lithuania,LTU,1901,0.31430486
Lithuania,LTU,1902,0.2991369
Lithuania,LTU,1903,0.28834075
Lithuania,LTU,1904,0.31611994
Lithuania,LTU,1905,0.27805686
Lithuania,LTU,1906,0.31252658
Lithuania,LTU,1907,0.3449472
Lithuania,LTU,1908,0.3419964
Lithuania,LTU,1909,0.3587505
Lithuania,LTU,1910,0.3524745
Lithuania,LTU,1911,0.36908782
Lithuania,LTU,1912,0.42576426
Lithuania,LTU,1913,0.47507134
Lithuania,LTU,1914,0.4404023
Lithuania,LTU,1915,0.41520414
Lithuania,LTU,1916,0.45454973
Lithuania,LTU,1917,0.42969045
Lithuania,LTU,1918,0.17602108
Lithuania,LTU,1919,0.15339798
Lithuania,LTU,1920,0.14171925
Lithuania,LTU,1921,0.154601
Lithuania,LTU,1922,0.18830797
Lithuania,LTU,1923,0.20630269
Lithuania,LTU,1924,0.24376883
Lithuania,LTU,1925,0.23861751
Lithuania,LTU,1926,0.34288955
Lithuania,LTU,1927,0.42279735
Lithuania,LTU,1928,0.46182474
Lithuania,LTU,1929,0.49431267
Lithuania,LTU,1930,0.67125696
Lithuania,LTU,1931,0.80376834
Lithuania,LTU,1932,0.9021144
Lithuania,LTU,1933,1.0080417
Lithuania,LTU,1934,1.2172853
Lithuania,LTU,1935,1.3749789
Lithuania,LTU,1936,1.5730798
Lithuania,LTU,1937,1.6086788
Lithuania,LTU,1938,1.6966807
Lithuania,LTU,1939,1.7148657
Lithuania,LTU,1940,2.050498
Lithuania,LTU,1941,1.7970495
Lithuania,LTU,1942,0.97979355
Lithuania,LTU,1943,1.0180274
Lithuania,LTU,1944,1.469772
Lithuania,LTU,1945,1.5434303
Lithuania,LTU,1946,1.7228373
Lithuania,LTU,1947,2.0634098
Lithuania,LTU,1948,2.1825652
Lithuania,LTU,1949,2.4675424
Lithuania,LTU,1950,2.8783293
Lithuania,LTU,1951,3.083897
Lithuania,LTU,1952,3.265875
Lithuania,LTU,1953,3.4153244
Lithuania,LTU,1954,3.6841528
Lithuania,LTU,1955,4.1278524
Lithuania,LTU,1956,4.4743986
Lithuania,LTU,1957,4.833121
Lithuania,LTU,1958,5.088711
Lithuania,LTU,1959,5.263614
Lithuania,LTU,1960,5.3885846
Lithuania,LTU,1961,5.474819
Lithuania,LTU,1962,5.6705775
Lithuania,LTU,1963,6.006879
Lithuania,LTU,1964,6.309259
Lithuania,LTU,1965,6.6112146
Lithuania,LTU,1966,6.901298
Lithuania,LTU,1967,7.1404405
Lithuania,LTU,1968,7.2647777
Lithuania,LTU,1969,7.4908566
Lithuania,LTU,1970,7.8007674
Lithuania,LTU,1971,8.203172
Lithuania,LTU,1972,8.555048
Lithuania,LTU,1973,8.847797
Lithuania,LTU,1974,9.118762
Lithuania,LTU,1975,9.514923
Lithuania,LTU,1976,9.801263
Lithuania,LTU,1977,10.056449
Lithuania,LTU,1978,10.331671
Lithuania,LTU,1979,10.344321
Lithuania,LTU,1980,10.679482
Lithuania,LTU,1981,10.425302
Lithuania,LTU,1982,10.547797
Lithuania,LTU,1983,10.624313
Lithuania,LTU,1984,10.639277
Lithuania,LTU,1985,11.371831
Lithuania,LTU,1986,10.034717
Lithuania,LTU,1987,9.944226
Lithuania,LTU,1988,9.929456
Lithuania,LTU,1989,9.960935
Lithuania,LTU,1990,9.67186
Lithuania,LTU,1991,10.217834
Lithuania,LTU,1992,5.7249885
Lithuania,LTU,1993,4.4344625
Lithuania,LTU,1994,4.3139544
Lithuania,LTU,1995,4.151416
Lithuania,LTU,1996,4.372551
Lithuania,LTU,1997,4.243233
Lithuania,LTU,1998,4.509047
Lithuania,LTU,1999,3.8177571
Lithuania,LTU,2000,3.383328
Lithuania,LTU,2001,3.6261756
Lithuania,LTU,2002,3.6776543
Lithuania,LTU,2003,3.706708
Lithuania,LTU,2004,3.9251728
Lithuania,LTU,2005,4.17262
Lithuania,LTU,2006,4.3413134
Lithuania,LTU,2007,4.7885156
Lithuania,LTU,2008,4.664335
Lithuania,LTU,2009,4.055672
Lithuania,LTU,2010,4.4554987
Lithuania,LTU,2011,4.6092105
Lithuania,LTU,2012,4.7030005
Lithuania,LTU,2013,4.4444146
Lithuania,LTU,2014,4.379493
Lithuania,LTU,2015,4.4894176
Lithuania,LTU,2016,4.5664067
Lithuania,LTU,2017,4.6927924
Lithuania,LTU,2018,4.7866178
Lithuania,LTU,2019,4.8826694
Lithuania,LTU,2020,4.8285885
Lithuania,LTU,2021,4.9304504
Lithuania,LTU,2022,4.5777125
Lithuania,LTU,2023,4.3822517
Lithuania,LTU,2024,4.386505
Luxembourg,LUX,1945,0.08540352
Luxembourg,LUX,1946,0.12222708
Luxembourg,LUX,1947,0.14693683
Luxembourg,LUX,1948,0.17173988
Luxembourg,LUX,1949,0.1963233
Luxembourg,LUX,1950,25.0401
Luxembourg,LUX,1951,30.252893
Luxembourg,LUX,1952,31.384087
Luxembourg,LUX,1953,28.708424
Luxembourg,LUX,1954,28.960892
Luxembourg,LUX,1955,32.411903
Luxembourg,LUX,1956,33.814045
Luxembourg,LUX,1957,35.171722
Luxembourg,LUX,1958,32.555756
Luxembourg,LUX,1959,33.426914
Luxembourg,LUX,1960,36.697018
Luxembourg,LUX,1961,36.643227
Luxembourg,LUX,1962,36.137028
Luxembourg,LUX,1963,35.46226
Luxembourg,LUX,1964,37.72329
Luxembourg,LUX,1965,37.014034
Luxembourg,LUX,1966,34.879032
Luxembourg,LUX,1967,33.86134
Luxembourg,LUX,1968,36.396896
Luxembourg,LUX,1969,38.991043
Luxembourg,LUX,1970,40.498535
Luxembourg,LUX,1971,38.594097
Luxembourg,LUX,1972,39.00915
Luxembourg,LUX,1973,40.60359
Luxembourg,LUX,1974,41.054054
Luxembourg,LUX,1975,33.553917
Luxembourg,LUX,1976,33.34156
Luxembourg,LUX,1977,30.586319
Luxembourg,LUX,1978,32.91676
Luxembourg,LUX,1979,33.51433
Luxembourg,LUX,1980,30.455976
Luxembourg,LUX,1981,26.035557
Luxembourg,LUX,1982,24.465788
Luxembourg,LUX,1983,22.903952
Luxembourg,LUX,1984,24.61799
Luxembourg,LUX,1985,25.201494
Luxembourg,LUX,1986,24.741037
Luxembourg,LUX,1987,23.766527
Luxembourg,LUX,1988,24.354057
Luxembourg,LUX,1989,26.100578
Luxembourg,LUX,1990,30.93778
Luxembourg,LUX,1991,32.109104
Luxembourg,LUX,1992,31.097712
Luxembourg,LUX,1993,31.062395
Luxembourg,LUX,1994,28.624136
Luxembourg,LUX,1995,22.37544
Luxembourg,LUX,1996,22.199514
Luxembourg,LUX,1997,20.402363
Luxembourg,LUX,1998,18.051826
Luxembourg,LUX,1999,18.886122
Luxembourg,LUX,2000,19.95295
Luxembourg,LUX,2001,20.838215
Luxembourg,LUX,2002,22.353651
Luxembourg,LUX,2003,23.129478
Luxembourg,LUX,2004,25.781944
Luxembourg,LUX,2005,25.949068
Luxembourg,LUX,2006,25.177423
Luxembourg,LUX,2007,23.532677
Luxembourg,LUX,2008,22.83615
Luxembourg,LUX,2009,21.316484
Luxembourg,LUX,2010,22.053823
Luxembourg,LUX,2011,21.38425
Luxembourg,LUX,2012,20.450043
Luxembourg,LUX,2013,18.999275
Luxembourg,LUX,2014,17.62919
Luxembourg,LUX,2015,16.388624
Luxembourg,LUX,2016,15.556185
Luxembourg,LUX,2017,15.508656
Luxembourg,LUX,2018,15.714555
Luxembourg,LUX,2019,15.721521
Luxembourg,LUX,2020,12.795942
Luxembourg,LUX,2021,13.134188
Luxembourg,LUX,2022,11.134566
Luxembourg,LUX,2023,10.2852545
Luxembourg,LUX,2024,10.459649
Malta,MLT,1950,0.8330522
Malta,MLT,1951,0.85362166
Malta,MLT,1952,0.7930918
Malta,MLT,1953,0.74618876
Malta,MLT,1954,0.9809531
Malta,MLT,1955,1.0710453
Malta,MLT,1956,0.9203632
Malta,MLT,1957,0.9532846
Malta,MLT,1958,1.0010504
Malta,MLT,1959,1.1756351
Malta,MLT,1960,1.029985
Malta,MLT,1961,0.885947
Malta,MLT,1962,0.997764
Malta,MLT,1963,1.244237
Malta,MLT,1964,1.5155507
Malta,MLT,1965,1.4436344
Malta,MLT,1966,1.2712964
Malta,MLT,1967,1.6067197
Malta,MLT,1968,1.9706537
Malta,MLT,1969,2.0082152
Malta,MLT,1970,2.0342007
Malta,MLT,1971,2.015032
Malta,MLT,1972,2.5532947
Malta,MLT,1973,2.44223
Malta,MLT,1974,2.2424583
Malta,MLT,1975,1.999796
Malta,MLT,1976,2.2729867
Malta,MLT,1977,2.379863
Malta,MLT,1978,2.7555454
Malta,MLT,1979,2.6541848
Malta,MLT,1980,2.9813638
Malta,MLT,1981,3.3158948
Malta,MLT,1982,3.7839339
Malta,MLT,1983,2.8589034
Malta,MLT,1984,3.888143
Malta,MLT,1985,3.3982987
Malta,MLT,1986,4.179091
Malta,MLT,1987,5.177439
Malta,MLT,1988,5.5686355
Malta,MLT,1989,5.950369
Malta,MLT,1990,6.5977826
Malta,MLT,1991,6.118082
Malta,MLT,1992,6.119478
Malta,MLT,1993,7.629392
Malta,MLT,1994,6.9687915
Malta,MLT,1995,6.376517
Malta,MLT,1996,6.5371246
Malta,MLT,1997,6.5430026
Malta,MLT,1998,6.4120502
Malta,MLT,1999,6.4824777
Malta,MLT,2000,6.1718907
Malta,MLT,2001,6.7940903
Malta,MLT,2002,6.773783
Malta,MLT,2003,7.2528267
Malta,MLT,2004,6.935497
Malta,MLT,2005,6.4109755
Malta,MLT,2006,6.3913054
Malta,MLT,2007,6.5383353
Malta,MLT,2008,6.4951987
Malta,MLT,2009,6.0857034
Malta,MLT,2010,6.1971707
Malta,MLT,2011,6.1422067
Malta,MLT,2012,6.4438725
Malta,MLT,2013,5.6706905
Malta,MLT,2014,5.563529
Malta,MLT,2015,3.8147235
Malta,MLT,2016,3.0220766
Malta,MLT,2017,3.2853162
Malta,MLT,2018,3.194038
Malta,MLT,2019,3.272104
Malta,MLT,2020,3.089255
Malta,MLT,2021,3.072962
Malta,MLT,2022,3.3590784
Malta,MLT,2023,3.317301
Malta,MLT,2024,3.2037206
Netherlands,NLD,1846,0.95263827
Netherlands,NLD,1847,1.2757093
Netherlands,NLD,1848,1.1947267
Netherlands,NLD,1849,1.0827162
Netherlands,NLD,1850,1.0124792
Netherlands,NLD,1851,0.99962234
Netherlands,NLD,1852,1.1980932
Netherlands,NLD,1853,1.318547
Netherlands,NLD,1854,1.8676915
Netherlands,NLD,1855,1.4503789
Netherlands,NLD,1856,1.4632076
Netherlands,NLD,1857,1.297662
Netherlands,NLD,1858,1.1331831
Netherlands,NLD,1859,1.0695207
Netherlands,NLD,1860,1.4444765
Netherlands,NLD,1861,1.3161191
Netherlands,NLD,1862,1.6813024
Netherlands,NLD,1863,1.2008796
Netherlands,NLD,1864,0.99217886
Netherlands,NLD,1865,1.1120216
Netherlands,NLD,1866,1.2087845
Netherlands,NLD,1867,1.148679
Netherlands,NLD,1868,1.1948302
Netherlands,NLD,1869,1.2209758
Netherlands,NLD,1870,1.3674717
Netherlands,NLD,1871,1.3636847
Netherlands,NLD,1872,1.4444301
Netherlands,NLD,1873,1.3771598
Netherlands,NLD,1874,1.255897
Netherlands,NLD,1875,1.4193223
Netherlands,NLD,1876,1.6083318
Netherlands,NLD,1877,1.6155936
Netherlands,NLD,1878,1.6929923
Netherlands,NLD,1879,1.8050797
Netherlands,NLD,1880,1.9733121
Netherlands,NLD,1881,1.9644061
Netherlands,NLD,1882,1.9669116
Netherlands,NLD,1883,2.1548223
Netherlands,NLD,1884,2.1320136
Netherlands,NLD,1885,2.2019415
Netherlands,NLD,1886,2.2225852
Netherlands,NLD,1887,2.2357767
Netherlands,NLD,1888,2.4527774
Netherlands,NLD,1889,2.3686888
Netherlands,NLD,1890,2.2687502
Netherlands,NLD,1891,2.5951877
Netherlands,NLD,1892,2.4372075
Netherlands,NLD,1893,2.4364529
Netherlands,NLD,1894,2.4391851
Netherlands,NLD,1895,2.4103265
Netherlands,NLD,1896,2.5580997
Netherlands,NLD,1897,2.6492193
Netherlands,NLD,1898,2.5825713
Netherlands,NLD,1899,2.6174834
Netherlands,NLD,1900,2.84698
Netherlands,NLD,1901,2.7469678
Netherlands,NLD,1902,2.7072656
Netherlands,NLD,1903,2.8554063
Netherlands,NLD,1904,2.975268
Netherlands,NLD,1905,3.0114248
Netherlands,NLD,1906,3.2308705
Netherlands,NLD,1907,3.2774491
Netherlands,NLD,1908,3.2914963
Netherlands,NLD,1909,3.4160914
Netherlands,NLD,1910,3.5226068
Netherlands,NLD,1911,3.6800907
Netherlands,NLD,1912,4.094524
Netherlands,NLD,1913,4.460978
Netherlands,NLD,1914,4.1213465
Netherlands,NLD,1915,3.8591523
Netherlands,NLD,1916,3.4724345
Netherlands,NLD,1917,1.3223999
Netherlands,NLD,1918,2.1878452
Netherlands,NLD,1919,3.2627368
Netherlands,NLD,1920,3.2441351
Netherlands,NLD,1921,3.3514786
Netherlands,NLD,1922,3.878566
Netherlands,NLD,1923,3.8140323
Netherlands,NLD,1924,4.2303185
Netherlands,NLD,1925,4.579762
Netherlands,NLD,1926,4.6146984
Netherlands,NLD,1927,5.0324025
Netherlands,NLD,1928,4.967271
Netherlands,NLD,1929,5.3203073
Netherlands,NLD,1930,5.1885905
Netherlands,NLD,1931,5.647594
Netherlands,NLD,1932,5.139247
Netherlands,NLD,1933,4.729386
Netherlands,NLD,1934,4.680594
Netherlands,NLD,1935,4.462104
Netherlands,NLD,1936,4.7202134
Netherlands,NLD,1937,5.144685
Netherlands,NLD,1938,5.003879
Netherlands,NLD,1939,4.6461873
Netherlands,NLD,1940,3.7701917
Netherlands,NLD,1941,4.1336946
Netherlands,NLD,1942,3.8028536
Netherlands,NLD,1943,3.7898493
Netherlands,NLD,1944,2.4992619
Netherlands,NLD,1945,1.5489123
Netherlands,NLD,1946,3.2455068
Netherlands,NLD,1947,4.5941772
Netherlands,NLD,1948,4.805172
Netherlands,NLD,1949,5.0680156
Netherlands,NLD,1950,5.0723896
Netherlands,NLD,1951,5.3569384
Netherlands,NLD,1952,5.2717795
Netherlands,NLD,1953,5.2675614
Netherlands,NLD,1954,5.5023265
Netherlands,NLD,1955,5.6742163
Netherlands,NLD,1956,5.9778023
Netherlands,NLD,1957,5.8426437
Netherlands,NLD,1958,5.9628506
Netherlands,NLD,1959,5.9160814
Netherlands,NLD,1960,6.3947506
Netherlands,NLD,1961,6.5152516
Netherlands,NLD,1962,7.0548253
Netherlands,NLD,1963,7.6164837
Netherlands,NLD,1964,7.9779463
Netherlands,NLD,1965,8.163033
Netherlands,NLD,1966,8.308925
Netherlands,NLD,1967,8.462153
Netherlands,NLD,1968,8.90465
Netherlands,NLD,1969,8.9837055
Netherlands,NLD,1970,10.864978
Netherlands,NLD,1971,10.650061
Netherlands,NLD,1972,11.804064
Netherlands,NLD,1973,12.283831
Netherlands,NLD,1974,11.798872
Netherlands,NLD,1975,11.149761
Netherlands,NLD,1976,12.267732
Netherlands,NLD,1977,11.797099
Netherlands,NLD,1978,12.168123
Netherlands,NLD,1979,13.309946
Netherlands,NLD,1980,12.471889
Netherlands,NLD,1981,11.506487
Netherlands,NLD,1982,9.312939
Netherlands,NLD,1983,9.541013
Netherlands,NLD,1984,9.96161
Netherlands,NLD,1985,10.10939
Netherlands,NLD,1986,9.846135
Netherlands,NLD,1987,10.287577
Netherlands,NLD,1988,9.820829
Netherlands,NLD,1989,10.834598
Netherlands,NLD,1990,10.846517
Netherlands,NLD,1991,11.314292
Netherlands,NLD,1992,11.211611
Netherlands,NLD,1993,11.123338
Netherlands,NLD,1994,11.104094
Netherlands,NLD,1995,11.145648
Netherlands,NLD,1996,11.671497
Netherlands,NLD,1997,11.159401
Netherlands,NLD,1998,11.145193
Netherlands,NLD,1999,10.73093
Netherlands,NLD,2000,10.72025
Netherlands,NLD,2001,10.9662895
Netherlands,NLD,2002,10.850785
Netherlands,NLD,2003,11.008101
Netherlands,NLD,2004,11.085795
Netherlands,NLD,2005,10.818227
Netherlands,NLD,2006,10.505694
Netherlands,NLD,2007,10.466663
Netherlands,NLD,2008,10.598356
Netherlands,NLD,2009,10.21529
Netherlands,NLD,2010,10.880462
Netherlands,NLD,2011,10.049582
Netherlands,NLD,2012,9.798995
Netherlands,NLD,2013,9.720324
Netherlands,NLD,2014,9.248505
Netherlands,NLD,2015,9.584029
Netherlands,NLD,2016,9.579465
Netherlands,NLD,2017,9.372927
Netherlands,NLD,2018,9.084534
Netherlands,NLD,2019,8.708599
Netherlands,NLD,2020,7.7664127
Netherlands,NLD,2021,7.889522
Netherlands,NLD,2022,7.1213217
Netherlands,NLD,2023,6.4676642
Netherlands,NLD,2024,6.29691
Poland,POL,1800,0.045189332
Poland,POL,1801,0.048899516
Poland,POL,1802,0.049343564
Poland,POL,1803,0.050176714
Poland,POL,1804,0.049413763
Poland,POL,1805,0.061216537
Poland,POL,1806,0.05531447
Poland,POL,1807,0.03982849
Poland,POL,1808,0.052587613
Poland,POL,1809,0.049153995
Poland,POL,1810,0.058625095
Poland,POL,1811,0.060448285
Poland,POL,1812,0.04621533
Poland,POL,1813,0.03847724
Poland,POL,1814,0.050314993
Poland,POL,1815,0.058696058
Poland,POL,1816,0.06695161
Poland,POL,1817,0.07292754
Poland,POL,1818,0.08986743
Poland,POL,1819,0.07327879
Poland,POL,1820,0.071687624
Poland,POL,1821,0.078836694
Poland,POL,1822,0.085877135
Poland,POL,1823,0.11446584
Poland,POL,1824,0.11874538
Poland,POL,1825,0.122617334
Poland,POL,1826,0.111967854
Poland,POL,1827,0.119157985
Poland,POL,1828,0.109338894
Poland,POL,1829,0.09571049
Poland,POL,1830,0.08815281
Poland,POL,1831,0.071625955
Poland,POL,1832,0.09072627
Poland,POL,1833,0.09357449
Poland,POL,1834,0.09764417
Poland,POL,1835,0.103852116
Poland,POL,1836,0.116836585
Poland,POL,1837,0.12466344
Poland,POL,1838,0.13329282
Poland,POL,1839,0.14026114
Poland,POL,1840,0.16289388
Poland,POL,1841,0.17585275
Poland,POL,1842,0.18622164
Poland,POL,1843,0.18188983
Poland,POL,1844,0.19233882
Poland,POL,1845,0.22279966
Poland,POL,1846,0.23364756
Poland,POL,1847,0.23769778
Poland,POL,1848,0.237672
Poland,POL,1849,0.23253947
Poland,POL,1850,0.2454724
Poland,POL,1851,0.2623792
Poland,POL,1852,0.30964217
Poland,POL,1853,0.3195806
Poland,POL,1854,0.34931052
Poland,POL,1855,0.40574992
Poland,POL,1856,0.45026627
Poland,POL,1857,0.47270885
Poland,POL,1858,0.5355126
Poland,POL,1859,0.48803973
Poland,POL,1860,0.5072211
Poland,POL,1861,0.51309466
Poland,POL,1862,0.5816763
Poland,POL,1863,0.65586
Poland,POL,1864,0.7226562
Poland,POL,1865,0.7899976
Poland,POL,1866,0.7632576
Poland,POL,1867,0.8243138
Poland,POL,1868,0.92566586
Poland,POL,1869,0.94349986
Poland,POL,1870,0.9934912
Poland,POL,1871,1.1153967
Poland,POL,1872,1.195611
Poland,POL,1873,1.2761083
Poland,POL,1874,1.3780894
Poland,POL,1875,1.333415
Poland,POL,1876,1.3427811
Poland,POL,1877,1.2447325
Poland,POL,1878,1.2899075
Poland,POL,1879,1.3834292
Poland,POL,1880,1.3558813
Poland,POL,1881,1.3299598
Poland,POL,1882,1.3610665
Poland,POL,1883,1.4730229
Poland,POL,1884,1.5131547
Poland,POL,1885,1.5575616
Poland,POL,1886,1.5737689
Poland,POL,1887,1.5619694
Poland,POL,1888,1.7137668
Poland,POL,1889,1.827004
Poland,POL,1890,1.8654754
Poland,POL,1891,1.9993907
Poland,POL,1892,1.8832577
Poland,POL,1893,1.9660541
Poland,POL,1894,1.9837779
Poland,POL,1895,2.0925136
Poland,POL,1896,2.2348957
Poland,POL,1897,2.3175058
Poland,POL,1898,2.498312
Poland,POL,1899,2.5655856
Poland,POL,1900,2.6038501
Poland,POL,1901,2.7316468
Poland,POL,1902,2.6551762
Poland,POL,1903,2.757266
Poland,POL,1904,2.7737193
Poland,POL,1905,2.972789
Poland,POL,1906,3.1020641
Poland,POL,1907,3.413258
Poland,POL,1908,3.6158361
Poland,POL,1909,3.7009327
Poland,POL,1910,3.6632185
Poland,POL,1911,3.8735087
Poland,POL,1912,4.3458357
Poland,POL,1913,4.6024585
Poland,POL,1914,3.884173
Poland,POL,1915,3.8353822
Poland,POL,1916,4.451905
Poland,POL,1917,5.001783
Poland,POL,1918,4.2455487
Poland,POL,1919,0.11475124
Poland,POL,1920,3.210359
Poland,POL,1921,3.1324885
Poland,POL,1922,2.9668422
Poland,POL,1923,2.137205
Poland,POL,1924,1.914162
Poland,POL,1925,1.8926381
Poland,POL,1926,1.8642147
Poland,POL,1927,2.3119197
Poland,POL,1928,2.3578176
Poland,POL,1929,2.6868458
Poland,POL,1930,2.0655017
Poland,POL,1931,1.9816872
Poland,POL,1932,1.5048476
Poland,POL,1933,1.5392022
Poland,POL,1934,1.6007956
Poland,POL,1935,1.623688
Poland,POL,1936,1.744612
Poland,POL,1937,1.9575403
Poland,POL,1938,2.0696678
Poland,POL,1939,1.7900759
Poland,POL,1940,5.790387
Poland,POL,1941,5.756054
Poland,POL,1942,6.4314394
Poland,POL,1943,7.13858
Poland,POL,1944,6.9538517
Poland,POL,1945,2.2291417
Poland,POL,1946,3.9965856
Poland,POL,1947,3.5651448
Poland,POL,1948,3.5295322
Poland,POL,1949,4.2344003
Poland,POL,1950,4.514354
Poland,POL,1951,4.8332953
Poland,POL,1952,4.9802575
Poland,POL,1953,5.3214955
Poland,POL,1954,5.545677
Poland,POL,1955,5.6942477
Poland,POL,1956,6.0406575
Poland,POL,1957,6.3612585
Poland,POL,1958,6.16858
Poland,POL,1959,6.5112576
Poland,POL,1960,6.7469563
Poland,POL,1961,6.9120374
Poland,POL,1962,7.1396546
Poland,POL,1963,7.530882
Poland,POL,1964,7.8362355
Poland,POL,1965,7.8935866
Poland,POL,1966,7.9961166
Poland,POL,1967,8.13778
Poland,POL,1968,8.597494
Poland,POL,1969,9.076341
Poland,POL,1970,9.346787
Poland,POL,1971,9.547628
Poland,POL,1972,9.9724655
Poland,POL,1973,10.067933
Poland,POL,1974,10.291765
Poland,POL,1975,11.034605
Poland,POL,1976,11.608321
Poland,POL,1977,12.069888
Poland,POL,1978,12.333964
Poland,POL,1979,12.520075
Poland,POL,1980,13.023558
Poland,POL,1981,11.392588
Poland,POL,1982,11.618479
Poland,POL,1983,11.511754
Poland,POL,1984,11.718339
Poland,POL,1985,11.948963
Poland,POL,1986,12.064739
Poland,POL,1987,12.311895
Poland,POL,1988,11.746854
Poland,POL,1989,11.129813
Poland,POL,1990,9.889295
Poland,POL,1991,9.786034
Poland,POL,1992,9.527805
Poland,POL,1993,9.530198
Poland,POL,1994,9.38838
Poland,POL,1995,9.448353
Poland,POL,1996,9.831252
Poland,POL,1997,9.575367
Poland,POL,1998,8.84455
Poland,POL,1999,8.598169
Poland,POL,2000,8.293836
Poland,POL,2001,8.190556
Poland,POL,2002,8.000449
Poland,POL,2003,8.343018
Poland,POL,2004,8.478947
Poland,POL,2005,8.461171
Poland,POL,2006,8.835748
Poland,POL,2007,8.830378
Poland,POL,2008,8.670105
Poland,POL,2009,8.312326
Poland,POL,2010,8.768195
Poland,POL,2011,8.725933
Poland,POL,2012,8.517539
Poland,POL,2013,8.409914
Poland,POL,2014,8.086096
Poland,POL,2015,8.167728
Poland,POL,2016,8.449371
Poland,POL,2017,8.796377
Poland,POL,2018,8.779007
Poland,POL,2019,8.304427
Poland,POL,2020,7.914448
Poland,POL,2021,8.693247
Poland,POL,2022,8.20336
Poland,POL,2023,7.307086
Poland,POL,2024,7.0801096
Portugal,PRT,1870,0.0050872993
Portugal,PRT,1871,0.008420395
Portugal,PRT,1872,0.11878141
Portugal,PRT,1873,0.16458248
Portugal,PRT,1874,0.11976907
Portugal,PRT,1875,0.2618337
Portugal,PRT,1876,0.25529215
Portugal,PRT,1877,0.14832091
Portugal,PRT,1878,0.14094433
Portugal,PRT,1879,0.15438981
Portugal,PRT,1880,0.1905984
Portugal,PRT,1881,0.19149476
Portugal,PRT,1882,0.2313571
Portugal,PRT,1883,0.24098594
Portugal,PRT,1884,0.25196797
Portugal,PRT,1885,0.23151828
Portugal,PRT,1886,0.25368288
Portugal,PRT,1887,0.2589812
Portugal,PRT,1888,0.27678412
Portugal,PRT,1889,0.315689
Portugal,PRT,1890,0.33432275
Portugal,PRT,1891,0.3440485
Portugal,PRT,1892,0.33213913
Portugal,PRT,1893,0.2947853
Portugal,PRT,1894,0.34369648
Portugal,PRT,1895,0.3257557
Portugal,PRT,1896,0.32970884
Portugal,PRT,1897,0.34399164
Portugal,PRT,1898,0.39110392
Portugal,PRT,1899,0.39981854
Portugal,PRT,1900,0.45642734
Portugal,PRT,1901,0.438673
Portugal,PRT,1902,0.47711617
Portugal,PRT,1903,0.45521906
Portugal,PRT,1904,0.46186873
Portugal,PRT,1905,0.44755688
Portugal,PRT,1906,0.51021147
Portugal,PRT,1907,0.5519483
Portugal,PRT,1908,0.5441126
Portugal,PRT,1909,0.54899365
Portugal,PRT,1910,0.5550772
Portugal,PRT,1911,0.53434503
Portugal,PRT,1912,0.61866874
Portugal,PRT,1913,0.6518441
Portugal,PRT,1914,0.5687578
Portugal,PRT,1915,0.5187191
Portugal,PRT,1916,0.5014904
Portugal,PRT,1917,0.2771171
Portugal,PRT,1918,0.18286845
Portugal,PRT,1919,0.35867843
Portugal,PRT,1920,0.34737837
Portugal,PRT,1921,0.3517803
Portugal,PRT,1922,0.48024017
Portugal,PRT,1923,0.42937863
Portugal,PRT,1924,0.48006994
Portugal,PRT,1925,0.48878124
Portugal,PRT,1926,0.48531604
Portugal,PRT,1927,0.5552652
Portugal,PRT,1928,0.6035273
Portugal,PRT,1929,0.59254307
Portugal,PRT,1930,0.6379018
Portugal,PRT,1931,0.5714587
Portugal,PRT,1932,0.4879904
Portugal,PRT,1933,0.5684927
Portugal,PRT,1934,0.5754067
Portugal,PRT,1935,0.60748434
Portugal,PRT,1936,0.56586677
Portugal,PRT,1937,0.66755605
Portugal,PRT,1938,0.55059016
Portugal,PRT,1939,0.6279087
Portugal,PRT,1940,0.50935525
Portugal,PRT,1941,0.48880404
Portugal,PRT,1942,0.38729438
Portugal,PRT,1943,0.3729306
Portugal,PRT,1944,0.40758967
Portugal,PRT,1945,0.4151064
Portugal,PRT,1946,0.4793121
Portugal,PRT,1947,0.6763992
Portugal,PRT,1948,0.6349517
Portugal,PRT,1949,0.66131324
Portugal,PRT,1950,0.6673406
Portugal,PRT,1951,0.6365774
Portugal,PRT,1952,0.62770104
Portugal,PRT,1953,0.6915984
Portugal,PRT,1954,0.6718877
Portugal,PRT,1955,0.74572676
Portugal,PRT,1956,0.82290936
Portugal,PRT,1957,0.8900599
Portugal,PRT,1958,0.85919416
Portugal,PRT,1959,0.90264255
Portugal,PRT,1960,0.92565095
Portugal,PRT,1961,1.0213373
Portugal,PRT,1962,1.0443039
Portugal,PRT,1963,1.1251111
Portugal,PRT,1964,1.2373776
Portugal,PRT,1965,1.3029188
Portugal,PRT,1966,1.333911
Portugal,PRT,1967,1.4008396
Portugal,PRT,1968,1.4747767
Portugal,PRT,1969,1.666942
Portugal,PRT,1970,1.7574764
Portugal,PRT,1971,1.8854183
Portugal,PRT,1972,2.076697
Portugal,PRT,1973,2.231183
Portugal,PRT,1974,2.2788968
Portugal,PRT,1975,2.3169808
Portugal,PRT,1976,2.3979747
Portugal,PRT,1977,2.395059
Portugal,PRT,1978,2.363315
Portugal,PRT,1979,2.5721657
Portugal,PRT,1980,2.7421687
Portugal,PRT,1981,2.744624
Portugal,PRT,1982,2.9334748
Portugal,PRT,1983,3.0126803
Portugal,PRT,1984,2.891847
Portugal,PRT,1985,2.718878
Portugal,PRT,1986,3.0242019
Portugal,PRT,1987,3.1192136
Portugal,PRT,1988,3.255262
Portugal,PRT,1989,4.0816593
Portugal,PRT,1990,4.5358243
Portugal,PRT,1991,4.702432
Portugal,PRT,1992,5.1159587
Portugal,PRT,1993,4.9606175
Portugal,PRT,1994,5.0250344
Portugal,PRT,1995,5.4330335
Portugal,PRT,1996,5.145144
Portugal,PRT,1997,5.4071655
Portugal,PRT,1998,5.8281155
Portugal,PRT,1999,6.547137
Portugal,PRT,2000,6.369969
Portugal,PRT,2001,6.2956595
Portugal,PRT,2002,6.682252
Portugal,PRT,2003,6.1680245
Portugal,PRT,2004,6.421131
Portugal,PRT,2005,6.6304703
Portugal,PRT,2006,6.162616
Portugal,PRT,2007,5.9145875
Portugal,PRT,2008,5.680534
Portugal,PRT,2009,5.403325
Portugal,PRT,2010,4.9996824
Portugal,PRT,2011,4.9051266
Portugal,PRT,2012,4.7494764
Portugal,PRT,2013,4.603641
Portugal,PRT,2014,4.607092
Portugal,PRT,2015,5.03681
Portugal,PRT,2016,4.8626604
Portugal,PRT,2017,5.339853
Portugal,PRT,2018,4.972253
Portugal,PRT,2019,4.6004105
Portugal,PRT,2020,4.024692
Portugal,PRT,2021,3.8783576
Portugal,PRT,2022,3.9092069
Portugal,PRT,2023,3.6068447
Portugal,PRT,2024,3.4089074
Romania,ROU,1858,0.0004335143
Romania,ROU,1859,0.00043054967
Romania,ROU,1860,0.0004276053
Romania,ROU,1861,0.00084936206
Romania,ROU,1862,0.0012653302
Romania,ROU,1863,0.0012566772
Romania,ROU,1864,0.0016641109
Romania,ROU,1865,0.0016527306
Romania,ROU,1866,0.0020517851
Romania,ROU,1867,0.0024453045
Romania,ROU,1868,0.0028333457
Romania,ROU,1869,0.0028144026
Romania,ROU,1870,0.003994305
Romania,ROU,1871,0.0043656896
Romania,ROU,1872,0.0043384777
Romania,ROU,1873,0.0047040894
Romania,ROU,1874,0.0046754694
Romania,ROU,1875,0.005034275
Romania,ROU,1876,0.0050036456
Romania,ROU,1877,0.004973203
Romania,ROU,1878,0.004942945
Romania,ROU,1879,0.0049128723
Romania,ROU,1880,0.0048829815
Romania,ROU,1881,0.0052266014
Romania,ROU,1882,0.022634495
Romania,ROU,1883,0.04093677
Romania,ROU,1884,0.047285717
Romania,ROU,1885,0.04481207
Romania,ROU,1886,0.047798406
Romania,ROU,1887,0.05182647
Romania,ROU,1888,0.061527207
Romania,ROU,1889,0.062578134
Romania,ROU,1890,0.07775446
Romania,ROU,1891,0.10715599
Romania,ROU,1892,0.1002383
Romania,ROU,1893,0.10763902
Romania,ROU,1894,0.098035336
Romania,ROU,1895,0.100894585
Romania,ROU,1896,0.10405827
Romania,ROU,1897,0.120070495
Romania,ROU,1898,0.15747303
Romania,ROU,1899,0.14745106
Romania,ROU,1900,0.11252999
Romania,ROU,1901,0.14382972
Romania,ROU,1902,0.14246538
Romania,ROU,1903,0.16419658
Romania,ROU,1904,0.19302867
Romania,ROU,1905,0.23296894
Romania,ROU,1906,0.3127424
Romania,ROU,1907,0.39319646
Romania,ROU,1908,0.37548906
Romania,ROU,1909,0.4131264
Romania,ROU,1910,0.40721238
Romania,ROU,1911,0.48542768
Romania,ROU,1912,0.5031133
Romania,ROU,1913,0.58269274
Romania,ROU,1914,0.48033848
Romania,ROU,1915,0.42543808
Romania,ROU,1916,0.24690309
Romania,ROU,1917,0.20625353
Romania,ROU,1918,0.26055261
Romania,ROU,1919,0.37900984
Romania,ROU,1920,0.44221845
Romania,ROU,1921,0.47242472
Romania,ROU,1922,0.56348056
Romania,ROU,1923,0.65966916
Romania,ROU,1924,0.76834416
Romania,ROU,1925,0.8870015
Romania,ROU,1926,1.0836196
Romania,ROU,1927,1.1886007
Romania,ROU,1928,1.3285432
Romania,ROU,1929,1.4703976
Romania,ROU,1930,1.646502
Romania,ROU,1931,1.8083627
Romania,ROU,1932,1.8908906
Romania,ROU,1933,1.8655133
Romania,ROU,1934,2.1372669
Romania,ROU,1935,2.103689
Romania,ROU,1936,2.1861067
Romania,ROU,1937,1.8548845
Romania,ROU,1938,1.720389
Romania,ROU,1939,1.6062545
Romania,ROU,1940,1.5148817
Romania,ROU,1941,1.4174976
Romania,ROU,1942,1.4818316
Romania,ROU,1943,1.3804041
Romania,ROU,1944,0.9378902
Romania,ROU,1945,1.1745869
Romania,ROU,1946,1.0823876
Romania,ROU,1947,1.0105662
Romania,ROU,1948,1.4413784
Romania,ROU,1949,1.4189986
Romania,ROU,1950,1.184135
Romania,ROU,1951,1.3535352
Romania,ROU,1952,1.5808582
Romania,ROU,1953,1.795496
Romania,ROU,1954,1.9404141
Romania,ROU,1955,2.1048262
Romania,ROU,1956,2.3050158
Romania,ROU,1957,2.5677292
Romania,ROU,1958,2.7592819
Romania,ROU,1959,2.7844794
Romania,ROU,1960,2.9155617
Romania,ROU,1961,3.0243454
Romania,ROU,1962,3.4471648
Romania,ROU,1963,3.7366886
Romania,ROU,1964,3.8614554
Romania,ROU,1965,4.2022476
Romania,ROU,1966,4.4785566
Romania,ROU,1967,4.843992
Romania,ROU,1968,5.1689277
Romania,ROU,1969,5.6605916
Romania,ROU,1970,5.9955826
Romania,ROU,1971,6.192136
Romania,ROU,1972,6.4317284
Romania,ROU,1973,6.9568496
Romania,ROU,1974,7.1605296
Romania,ROU,1975,7.6105447
Romania,ROU,1976,8.106832
Romania,ROU,1977,8.194981
Romania,ROU,1978,8.83681
Romania,ROU,1979,8.87043
Romania,ROU,1980,8.838121
Romania,ROU,1981,8.859355
Romania,ROU,1982,8.709798
Romania,ROU,1983,8.890043
Romania,ROU,1984,8.357298
Romania,ROU,1985,8.557496
Romania,ROU,1986,8.867722
Romania,ROU,1987,9.277592
Romania,ROU,1988,9.273012
Romania,ROU,1989,9.304999
Romania,ROU,1990,7.695672
Romania,ROU,1991,6.199307
Romania,ROU,1992,5.7611985
Romania,ROU,1993,5.3720255
Romania,ROU,1994,5.3114414
Romania,ROU,1995,5.546691
Romania,ROU,1996,5.727865
Romania,ROU,1997,5.2702637
Romania,ROU,1998,4.701992
Romania,ROU,1999,4.0105557
Romania,ROU,2000,4.227758
Romania,ROU,2001,4.513159
Romania,ROU,2002,4.5507026
Romania,ROU,2003,4.8027234
Romania,ROU,2004,4.82323
Romania,ROU,2005,4.7770095
Romania,ROU,2006,4.9577546
Romania,ROU,2007,5.198509
Romania,ROU,2008,5.1642756
Romania,ROU,2009,4.2671957
Romania,ROU,2010,4.134961
Romania,ROU,2011,4.5553036
Romania,ROU,2012,4.457074
Romania,ROU,2013,3.927419
Romania,ROU,2014,3.973089
Romania,ROU,2015,3.9276292
Romania,ROU,2016,3.8725147
Romania,ROU,2017,4.0342684
Romania,ROU,2018,4.075668
Romania,ROU,2019,3.9325275
Romania,ROU,2020,3.81315
Romania,ROU,2021,4.026425
Romania,ROU,2022,3.8183794
Romania,ROU,2023,3.54976
Romania,ROU,2024,3.605104
Slovakia,SVK,1860,0.026246682
Slovakia,SVK,1861,0.085979134
Slovakia,SVK,1862,0.14563684
Slovakia,SVK,1863,0.20486288
Slovakia,SVK,1864,0.26366004
Slovakia,SVK,1865,0.32202986
Slovakia,SVK,1866,0.379975
Slovakia,SVK,1867,0.43714753
Slovakia,SVK,1868,0.49425143
Slovakia,SVK,1869,0.55093795
Slovakia,SVK,1870,0.6072087
Slovakia,SVK,1871,0.66306615
Slovakia,SVK,1872,0.71816874
Slovakia,SVK,1873,0.77320755
Slovakia,SVK,1874,0.8278404
Slovakia,SVK,1875,0.8820683
Slovakia,SVK,1876,1.5192171
Slovakia,SVK,1877,1.5904871
Slovakia,SVK,1878,1.6612238
Slovakia,SVK,1879,1.7787591
Slovakia,SVK,1880,1.877698
Slovakia,SVK,1881,1.9759003
Slovakia,SVK,1882,2.013266
Slovakia,SVK,1883,2.1426473
Slovakia,SVK,1884,2.205135
Slovakia,SVK,1885,2.3068895
Slovakia,SVK,1886,2.4163911
Slovakia,SVK,1887,2.5289855
Slovakia,SVK,1888,2.7008486
Slovakia,SVK,1889,2.8490996
Slovakia,SVK,1890,3.0359237
Slovakia,SVK,1891,3.1361847
Slovakia,SVK,1892,3.1722689
Slovakia,SVK,1893,3.2310283
Slovakia,SVK,1894,3.3001325
Slovakia,SVK,1895,3.4127343
Slovakia,SVK,1896,3.484074
Slovakia,SVK,1897,3.6740625
Slovakia,SVK,1898,3.7426033
Slovakia,SVK,1899,3.825903
Slovakia,SVK,1900,3.784408
Slovakia,SVK,1901,3.9400237
Slovakia,SVK,1902,3.9783216
Slovakia,SVK,1903,4.0384517
Slovakia,SVK,1904,4.063135
Slovakia,SVK,1905,4.167647
Slovakia,SVK,1906,4.3365073
Slovakia,SVK,1907,4.5411067
Slovakia,SVK,1908,4.608149
Slovakia,SVK,1909,4.5635133
Slovakia,SVK,1910,4.499634
Slovakia,SVK,1911,4.540211
Slovakia,SVK,1912,4.813423
Slovakia,SVK,1913,5.0166225
Slovakia,SVK,1914,4.556911
Slovakia,SVK,1915,4.53045
Slovakia,SVK,1916,4.8045325
Slovakia,SVK,1917,4.5016212
Slovakia,SVK,1918,3.8238308
Slovakia,SVK,1919,3.5991344
Slovakia,SVK,1920,3.5563228
Slovakia,SVK,1921,3.4027832
Slovakia,SVK,1922,3.0257134
Slovakia,SVK,1923,3.186239
Slovakia,SVK,1924,3.896379
Slovakia,SVK,1925,3.6533139
Slovakia,SVK,1926,3.6904764
Slovakia,SVK,1927,3.945839
Slovakia,SVK,1928,4.139147
Slovakia,SVK,1929,4.613096
Slovakia,SVK,1930,4.037388
Slovakia,SVK,1931,3.7627118
Slovakia,SVK,1932,3.266936
Slovakia,SVK,1933,2.978438
Slovakia,SVK,1934,2.9636323
Slovakia,SVK,1935,3.039323
Slovakia,SVK,1936,3.2898912
Slovakia,SVK,1937,3.969225
Slovakia,SVK,1938,4.5494037
Slovakia,SVK,1939,4.9764805
Slovakia,SVK,1940,5.589291
Slovakia,SVK,1941,5.60402
Slovakia,SVK,1942,6.021844
Slovakia,SVK,1943,6.6240406
Slovakia,SVK,1944,6.2962723
Slovakia,SVK,1945,3.3290756
Slovakia,SVK,1946,4.1176386
Slovakia,SVK,1947,4.651621
Slovakia,SVK,1948,5.0074224
Slovakia,SVK,1949,5.233289
Slovakia,SVK,1950,5.344364
Slovakia,SVK,1951,5.5978155
Slovakia,SVK,1952,5.8746943
Slovakia,SVK,1953,5.9750786
Slovakia,SVK,1954,6.2635517
Slovakia,SVK,1955,6.3815284
Slovakia,SVK,1956,6.7222443
Slovakia,SVK,1957,6.894801
Slovakia,SVK,1958,7.409639
Slovakia,SVK,1959,7.2991886
Slovakia,SVK,1960,7.673396
Slovakia,SVK,1961,8.207794
Slovakia,SVK,1962,8.642676
Slovakia,SVK,1963,9.006916
Slovakia,SVK,1964,9.277031
Slovakia,SVK,1965,8.949706
Slovakia,SVK,1966,8.822103
Slovakia,SVK,1967,8.733539
Slovakia,SVK,1968,9.077915
Slovakia,SVK,1969,9.577158
Slovakia,SVK,1970,10.908213
Slovakia,SVK,1971,11.355482
Slovakia,SVK,1972,11.3626585
Slovakia,SVK,1973,11.300435
Slovakia,SVK,1974,11.315293
Slovakia,SVK,1975,11.719893
Slovakia,SVK,1976,12.052602
Slovakia,SVK,1977,12.289329
Slovakia,SVK,1978,12.278769
Slovakia,SVK,1979,11.842724
Slovakia,SVK,1980,11.878687
Slovakia,SVK,1981,11.659836
Slovakia,SVK,1982,11.464604
Slovakia,SVK,1983,11.402544
Slovakia,SVK,1984,11.715004
Slovakia,SVK,1985,11.486152
Slovakia,SVK,1986,11.502504
Slovakia,SVK,1987,11.3114395
Slovakia,SVK,1988,11.075165
Slovakia,SVK,1989,10.5281105
Slovakia,SVK,1990,11.683943
Slovakia,SVK,1991,10.091804
Slovakia,SVK,1992,9.221046
Slovakia,SVK,1993,8.710321
Slovakia,SVK,1994,8.1979475
Slovakia,SVK,1995,8.253979
Slovakia,SVK,1996,8.219317
Slovakia,SVK,1997,8.221393
Slovakia,SVK,1998,8.163563
Slovakia,SVK,1999,8.011809
Slovakia,SVK,2000,7.6555824
Slovakia,SVK,2001,8.044096
Slovakia,SVK,2002,7.8163185
Slovakia,SVK,2003,7.879032
Slovakia,SVK,2004,7.971774
Slovakia,SVK,2005,7.9709287
Slovakia,SVK,2006,7.9301777
Slovakia,SVK,2007,7.6310034
Slovakia,SVK,2008,7.7011194
Slovakia,SVK,2009,6.997327
Slovakia,SVK,2010,7.133786
Slovakia,SVK,2011,7.0478635
Slovakia,SVK,2012,6.653511
Slovakia,SVK,2013,6.5839057
Slovakia,SVK,2014,6.224689
Slovakia,SVK,2015,6.3701262
Slovakia,SVK,2016,6.444788
Slovakia,SVK,2017,6.6567197
Slovakia,SVK,2018,6.647537
Slovakia,SVK,2019,6.2108803
Slovakia,SVK,2020,5.7151237
Slovakia,SVK,2021,6.47673
Slovakia,SVK,2022,5.771668
Slovakia,SVK,2023,5.5755577
Slovakia,SVK,2024,5.282773
Slovenia,SVN,1885,0.004533439
Slovenia,SVN,1890,0.013030728
Slovenia,SVN,1891,0.01507357
Slovenia,SVN,1892,0.016545914
Slovenia,SVN,1893,0.029105458
Slovenia,SVN,1894,0.055091172
Slovenia,SVN,1895,0.05462177
Slovenia,SVN,1896,0.060346283
Slovenia,SVN,1897,0.0465365
Slovenia,SVN,1898,0.06997039
Slovenia,SVN,1899,0.08093661
Slovenia,SVN,1900,0.10865712
Slovenia,SVN,1901,0.11761445
Slovenia,SVN,1902,0.10926283
Slovenia,SVN,1903,0.1175627
Slovenia,SVN,1904,0.12426753
Slovenia,SVN,1905,0.13371527
Slovenia,SVN,1906,0.15861776
Slovenia,SVN,1907,0.16008241
Slovenia,SVN,1908,0.17082122
Slovenia,SVN,1909,0.17398043
Slovenia,SVN,1910,0.17066763
Slovenia,SVN,1911,0.18327713
Slovenia,SVN,1912,0.18621448
Slovenia,SVN,1913,0.507058
Slovenia,SVN,1919,0.3451274
Slovenia,SVN,1920,0.45419475
Slovenia,SVN,1921,0.47935873
Slovenia,SVN,1922,0.6904888
Slovenia,SVN,1923,0.7466132
Slovenia,SVN,1924,0.7587411
Slovenia,SVN,1925,0.8256451
Slovenia,SVN,1926,0.79693305
Slovenia,SVN,1927,0.89262396
Slovenia,SVN,1928,1.0000385
Slovenia,SVN,1929,1.0865955
Slovenia,SVN,1930,1.0136629
Slovenia,SVN,1931,0.92333966
Slovenia,SVN,1932,0.83531517
Slovenia,SVN,1933,0.7659474
Slovenia,SVN,1934,0.7903252
Slovenia,SVN,1935,0.8195934
Slovenia,SVN,1936,0.8019129
Slovenia,SVN,1937,0.88615596
Slovenia,SVN,1938,0.8313401
Slovenia,SVN,1939,0.8652085
Slovenia,SVN,1940,0.990596
Slovenia,SVN,1943,0.034175307
Slovenia,SVN,1944,0.008503308
Slovenia,SVN,1945,0.47839132
Slovenia,SVN,1946,0.9353866
Slovenia,SVN,1947,1.2880683
Slovenia,SVN,1948,1.4402192
Slovenia,SVN,1949,1.6321965
Slovenia,SVN,1950,1.5504853
Slovenia,SVN,1951,1.4510405
Slovenia,SVN,1952,1.4400094
Slovenia,SVN,1953,1.4130006
Slovenia,SVN,1954,1.6668352
Slovenia,SVN,1955,1.8882298
Slovenia,SVN,1956,2.138215
Slovenia,SVN,1957,2.2976747
Slovenia,SVN,1958,2.242784
Slovenia,SVN,1959,2.5513725
Slovenia,SVN,1960,2.7651215
Slovenia,SVN,1961,2.8773685
Slovenia,SVN,1962,2.9259584
Slovenia,SVN,1963,3.226474
Slovenia,SVN,1964,3.6256862
Slovenia,SVN,1965,3.6997693
Slovenia,SVN,1966,3.6344802
Slovenia,SVN,1967,3.6404514
Slovenia,SVN,1968,3.8632147
Slovenia,SVN,1969,3.9783435
Slovenia,SVN,1970,5.168237
Slovenia,SVN,1971,5.525786
Slovenia,SVN,1972,5.1252327
Slovenia,SVN,1973,6.0671854
Slovenia,SVN,1974,6.0331964
Slovenia,SVN,1975,6.233746
Slovenia,SVN,1976,6.36956
Slovenia,SVN,1977,6.130424
Slovenia,SVN,1978,6.7861857
Slovenia,SVN,1979,7.3119483
Slovenia,SVN,1980,7.1174135
Slovenia,SVN,1981,7.691584
Slovenia,SVN,1982,7.043858
Slovenia,SVN,1983,7.5658126
Slovenia,SVN,1984,7.9420066
Slovenia,SVN,1985,8.064953
Slovenia,SVN,1986,8.322267
Slovenia,SVN,1987,8.015598
Slovenia,SVN,1988,8.284126
Slovenia,SVN,1989,8.235901
Slovenia,SVN,1990,7.556182
Slovenia,SVN,1991,6.9910984
Slovenia,SVN,1992,6.957364
Slovenia,SVN,1993,7.1600075
Slovenia,SVN,1994,7.362782
Slovenia,SVN,1995,7.7244644
Slovenia,SVN,1996,8.054499
Slovenia,SVN,1997,8.321139
Slovenia,SVN,1998,8.103025
Slovenia,SVN,1999,7.7824874
Slovenia,SVN,2000,7.579839
Slovenia,SVN,2001,8.196871
Slovenia,SVN,2002,8.320522
Slovenia,SVN,2003,8.169682
Slovenia,SVN,2004,8.382396
Slovenia,SVN,2005,8.484075
Slovenia,SVN,2006,8.578714
Slovenia,SVN,2007,8.613562
Slovenia,SVN,2008,9.029033
Slovenia,SVN,2009,7.962925
Slovenia,SVN,2010,8.053124
Slovenia,SVN,2011,7.9871964
Slovenia,SVN,2012,7.677851
Slovenia,SVN,2013,7.3606315
Slovenia,SVN,2014,6.5917087
Slovenia,SVN,2015,6.6305976
Slovenia,SVN,2016,7.0186086
Slovenia,SVN,2017,7.097131
Slovenia,SVN,2018,7.03719
Slovenia,SVN,2019,6.7451043
Slovenia,SVN,2020,6.1229367
Slovenia,SVN,2021,6.186983
Slovenia,SVN,2022,6.017234
Slovenia,SVN,2023,5.6704106
Slovenia,SVN,2024,6.0184274
Spain,ESP,1830,0.0002809471
Spain,ESP,1831,0.0002790868
Spain,ESP,1832,0.0002772386
Spain,ESP,1833,0.0002754025
Spain,ESP,1834,0.00027357854
Spain,ESP,1835,0.00027176665
Spain,ESP,1836,0.0016198008
Spain,ESP,1837,0.0026817883
Spain,ESP,1838,0.0018648191
Spain,ESP,1839,0.0034403016
Spain,ESP,1840,0.002628863
Spain,ESP,1841,0.0073120836
Spain,ESP,1842,0.010117266
Spain,ESP,1843,0.012111899
Spain,ESP,1844,0.014079683
Spain,ESP,1845,0.019072482
Spain,ESP,1846,0.019451473
Spain,ESP,1847,0.017817054
Spain,ESP,1848,0.019942673
Spain,ESP,1849,0.022047143
Spain,ESP,1850,0.033244286
Spain,ESP,1851,0.034038454
Spain,ESP,1852,0.03556558
Spain,ESP,1853,0.0431488
Spain,ESP,1854,0.03618359
Spain,ESP,1855,0.036246743
Spain,ESP,1856,0.04920746
Spain,ESP,1857,0.055147193
Spain,ESP,1858,0.07427399
Spain,ESP,1859,0.10477569
Spain,ESP,1860,0.12354513
Spain,ESP,1861,0.12771368
Spain,ESP,1862,0.13886075
Spain,ESP,1863,0.15390334
Spain,ESP,1864,0.14712763
Spain,ESP,1865,0.14477056
Spain,ESP,1866,0.14334562
Spain,ESP,1867,0.15952717
Spain,ESP,1868,0.16534485
Spain,ESP,1869,0.16338804
Spain,ESP,1870,0.18968914
Spain,ESP,1871,0.18063703
Spain,ESP,1872,0.1996796
Spain,ESP,1873,0.19128822
Spain,ESP,1874,0.18941519
Spain,ESP,1875,0.19908215
Spain,ESP,1876,0.21507293
Spain,ESP,1877,0.22697459
Spain,ESP,1878,0.22453922
Spain,ESP,1879,0.23646264
Spain,ESP,1880,0.26168555
Spain,ESP,1881,0.29093248
Spain,ESP,1882,0.31595033
Spain,ESP,1883,0.34469783
Spain,ESP,1884,0.34099776
Spain,ESP,1885,0.33287987
Spain,ESP,1886,0.35032672
Spain,ESP,1887,0.3512376
Spain,ESP,1888,0.3660981
Spain,ESP,1889,0.3862452
Spain,ESP,1890,0.41346508
Spain,ESP,1891,0.44519988
Spain,ESP,1892,0.4631973
Spain,ESP,1893,0.45116198
Spain,ESP,1894,0.48320773
Spain,ESP,1895,0.47379515
Spain,ESP,1896,0.51005864
Spain,ESP,1897,0.5209907
Spain,ESP,1898,0.5093165
Spain,ESP,1899,0.5745804
Spain,ESP,1900,0.6034273
Spain,ESP,1901,0.6312693
Spain,ESP,1902,0.65554905
Spain,ESP,1903,0.642644
Spain,ESP,1904,0.6811722
Spain,ESP,1905,0.70675224
Spain,ESP,1906,0.7169859
Spain,ESP,1907,0.72422665
Spain,ESP,1908,0.7545255
Spain,ESP,1909,0.768789
Spain,ESP,1910,0.7499924
Spain,ESP,1911,0.7367331
Spain,ESP,1912,0.7940737
Spain,ESP,1913,0.85966367
Spain,ESP,1914,0.8481831
Spain,ESP,1915,0.74564177
Spain,ESP,1916,0.86420304
Spain,ESP,1917,0.7616103
Spain,ESP,1918,0.7986781
Spain,ESP,1919,0.7546415
Spain,ESP,1920,0.6606284
Spain,ESP,1921,0.69182307
Spain,ESP,1922,0.6898295
Spain,ESP,1923,0.78686756
Spain,ESP,1924,0.83233833
Spain,ESP,1925,0.8538471
Spain,ESP,1926,0.8155083
Spain,ESP,1927,0.9422007
Spain,ESP,1928,0.93566215
Spain,ESP,1929,1.0325426
Spain,ESP,1930,1.0083408
Spain,ESP,1931,0.9519823
Spain,ESP,1932,0.88627225
Spain,ESP,1933,0.7755896
Spain,ESP,1934,0.8315435
Spain,ESP,1935,0.9136579
Spain,ESP,1936,0.3246671
Spain,ESP,1937,0.2094474
Spain,ESP,1938,0.5229777
Spain,ESP,1939,0.61586934
Spain,ESP,1940,0.83965087
Spain,ESP,1941,0.8279653
Spain,ESP,1942,0.87990457
Spain,ESP,1943,0.9023273
Spain,ESP,1944,0.96744514
Spain,ESP,1945,1.0512903
Spain,ESP,1946,1.0356616
Spain,ESP,1947,1.1396006
Spain,ESP,1948,1.1857615
Spain,ESP,1949,1.2848823
Spain,ESP,1950,1.1758207
Spain,ESP,1951,1.1717346
Spain,ESP,1952,1.3220783
Spain,ESP,1953,1.3586679
Spain,ESP,1954,1.375544
Spain,ESP,1955,1.3839015
Spain,ESP,1956,1.4432735
Spain,ESP,1957,1.6981198
Spain,ESP,1958,1.8715618
Spain,ESP,1959,1.7277386
Spain,ESP,1960,1.6070457
Spain,ESP,1961,1.7460642
Spain,ESP,1962,1.932205
Spain,ESP,1963,1.8719956
Spain,ESP,1964,2.0264838
Spain,ESP,1965,2.21174
Spain,ESP,1966,2.3907254
Spain,ESP,1967,2.6322973
Spain,ESP,1968,2.9245067
Spain,ESP,1969,2.8876965
Spain,ESP,1970,3.4533224
Spain,ESP,1971,3.7607775
Spain,ESP,1972,4.189826
Spain,ESP,1973,4.436667
Spain,ESP,1974,4.8828363
Spain,ESP,1975,5.0579677
Spain,ESP,1976,5.466273
Spain,ESP,1977,5.3302965
Spain,ESP,1978,5.406152
Spain,ESP,1979,5.44573
Spain,ESP,1980,5.698701
Spain,ESP,1981,5.450538
Spain,ESP,1982,5.4825435
Spain,ESP,1983,5.318402
Spain,ESP,1984,5.143612
Spain,ESP,1985,5.1796837
Spain,ESP,1986,4.8824115
Spain,ESP,1987,4.8778787
Spain,ESP,1988,5.0693226
Spain,ESP,1989,5.7621193
Spain,ESP,1990,5.8688183
Spain,ESP,1991,6.104081
Spain,ESP,1992,6.283217
Spain,ESP,1993,6.03
Spain,ESP,1994,6.306981
Spain,ESP,1995,6.6179895
Spain,ESP,1996,6.276799
Spain,ESP,1997,6.5530524
Spain,ESP,1998,6.73725
Spain,ESP,1999,7.277729
Spain,ESP,2000,7.5392795
Spain,ESP,2001,7.5409565
Spain,ESP,2002,7.9277363
Spain,ESP,2003,7.8938184
Spain,ESP,2004,8.144856
Spain,ESP,2005,8.358881
Spain,ESP,2006,8.029218
Spain,ESP,2007,8.051333
Spain,ESP,2008,7.2517366
Spain,ESP,2009,6.350556
Spain,ESP,2010,6.032926
Spain,ESP,2011,6.02738
Spain,ESP,2012,5.9005117
Spain,ESP,2013,5.3800054
Spain,ESP,2014,5.4292984
Spain,ESP,2015,5.7889185
Spain,ESP,2016,5.554019
Spain,ESP,2017,5.83512
Spain,ESP,2018,5.701944
Spain,ESP,2019,5.284558
Spain,ESP,2020,4.441423
Spain,ESP,2021,4.793181
Spain,ESP,2022,4.8971643
Spain,ESP,2023,4.4970493
Spain,ESP,2024,4.599015
Sweden,SWE,1834,0.011093442
Sweden,SWE,1839,0.014188319
Sweden,SWE,1840,0.012888442
Sweden,SWE,1841,0.0127667
Sweden,SWE,1842,0.02528186
Sweden,SWE,1843,0.018198298
Sweden,SWE,1844,0.030394783
Sweden,SWE,1845,0.026740598
Sweden,SWE,1846,0.024260907
Sweden,SWE,1847,0.024012173
Sweden,SWE,1848,0.041050352
Sweden,SWE,1849,0.056671623
Sweden,SWE,1850,0.058215737
Sweden,SWE,1851,0.061820935
Sweden,SWE,1852,0.061202973
Sweden,SWE,1853,0.063676566
Sweden,SWE,1854,0.09354991
Sweden,SWE,1855,0.08658076
Sweden,SWE,1856,0.12957877
Sweden,SWE,1857,0.16480656
Sweden,SWE,1858,0.13678974
Sweden,SWE,1859,0.19933638
Sweden,SWE,1860,0.1965134
Sweden,SWE,1861,0.25077543
Sweden,SWE,1862,0.25327882
Sweden,SWE,1863,0.25112277
Sweden,SWE,1864,0.2619435
Sweden,SWE,1865,0.27072632
Sweden,SWE,1866,0.27661097
Sweden,SWE,1867,0.255311
Sweden,SWE,1868,0.29875615
Sweden,SWE,1869,0.26335457
Sweden,SWE,1870,0.32166725
Sweden,SWE,1871,0.3405428
Sweden,SWE,1872,0.40300417
Sweden,SWE,1873,0.4052267
Sweden,SWE,1874,0.43278047
Sweden,SWE,1875,0.5210333
Sweden,SWE,1876,0.5510797
Sweden,SWE,1877,0.57804954
Sweden,SWE,1878,0.48536888
Sweden,SWE,1879,0.48859793
Sweden,SWE,1880,0.6198969
Sweden,SWE,1881,0.59917504
Sweden,SWE,1882,0.68161714
Sweden,SWE,1883,0.69357955
Sweden,SWE,1884,0.7620438
Sweden,SWE,1885,0.81813866
Sweden,SWE,1886,0.7981141
Sweden,SWE,1887,0.8054096
Sweden,SWE,1888,0.8952767
Sweden,SWE,1889,1.0399652
Sweden,SWE,1890,1.0320369
Sweden,SWE,1891,1.0951165
Sweden,SWE,1892,1.0821141
Sweden,SWE,1893,1.0807339
Sweden,SWE,1894,1.1977569
Sweden,SWE,1895,1.2021643
Sweden,SWE,1896,1.2343763
Sweden,SWE,1897,1.3653374
Sweden,SWE,1898,1.4437213
Sweden,SWE,1899,1.7946944
Sweden,SWE,1900,1.7899847
Sweden,SWE,1901,1.6525861
Sweden,SWE,1902,1.7196615
Sweden,SWE,1903,1.8771901
Sweden,SWE,1904,1.9643533
Sweden,SWE,1905,1.9215051
Sweden,SWE,1906,2.121408
Sweden,SWE,1907,2.3843796
Sweden,SWE,1908,2.551662
Sweden,SWE,1909,2.3348954
Sweden,SWE,1910,2.40091
Sweden,SWE,1911,2.3249884
Sweden,SWE,1912,2.5596864
Sweden,SWE,1913,2.8565013
Sweden,SWE,1914,2.662914
Sweden,SWE,1915,2.663359
Sweden,SWE,1916,2.7885792
Sweden,SWE,1917,1.1992307
Sweden,SWE,1918,1.3991245
Sweden,SWE,1919,1.3350625
Sweden,SWE,1920,1.7938646
Sweden,SWE,1921,1.0378902
Sweden,SWE,1922,1.7052435
Sweden,SWE,1923,2.06147
Sweden,SWE,1924,2.4448225
Sweden,SWE,1925,2.1812606
Sweden,SWE,1926,2.114035
Sweden,SWE,1927,2.9467258
Sweden,SWE,1928,2.666674
Sweden,SWE,1929,3.1665692
Sweden,SWE,1930,3.0827384
Sweden,SWE,1931,3.072796
Sweden,SWE,1932,3.02784
Sweden,SWE,1933,3.142595
Sweden,SWE,1934,3.486695
Sweden,SWE,1935,3.6550362
Sweden,SWE,1936,3.9896905
Sweden,SWE,1937,4.5934396
Sweden,SWE,1938,4.1329975
Sweden,SWE,1939,4.61101
Sweden,SWE,1940,2.889667
Sweden,SWE,1941,2.3354127
Sweden,SWE,1942,2.00449
Sweden,SWE,1943,2.4136796
Sweden,SWE,1944,1.8778677
Sweden,SWE,1945,0.67989767
Sweden,SWE,1946,2.5713384
Sweden,SWE,1947,3.676768
Sweden,SWE,1948,4.4690375
Sweden,SWE,1949,3.85768
Sweden,SWE,1950,4.084497
Sweden,SWE,1951,4.7336736
Sweden,SWE,1952,4.8514423
Sweden,SWE,1953,4.540211
Sweden,SWE,1954,4.7834063
Sweden,SWE,1955,5.384867
Sweden,SWE,1956,5.9302244
Sweden,SWE,1957,5.2731705
Sweden,SWE,1958,5.6747475
Sweden,SWE,1959,5.68749
Sweden,SWE,1960,6.5695615
Sweden,SWE,1961,6.489772
Sweden,SWE,1962,6.780742
Sweden,SWE,1963,7.274022
Sweden,SWE,1964,7.8797393
Sweden,SWE,1965,8.090737
Sweden,SWE,1966,9.290445
Sweden,SWE,1967,8.762549
Sweden,SWE,1968,9.808948
Sweden,SWE,1969,10.841437
Sweden,SWE,1970,11.474514
Sweden,SWE,1971,10.435636
Sweden,SWE,1972,10.428316
Sweden,SWE,1973,10.727264
Sweden,SWE,1974,9.781448
Sweden,SWE,1975,9.85765
Sweden,SWE,1976,10.731781
Sweden,SWE,1977,10.390635
Sweden,SWE,1978,9.603495
Sweden,SWE,1979,10.232837
Sweden,SWE,1980,8.629318
Sweden,SWE,1981,8.339503
Sweden,SWE,1982,7.478127
Sweden,SWE,1983,6.9959073
Sweden,SWE,1984,6.874373
Sweden,SWE,1985,7.4685206
Sweden,SWE,1986,7.4088583
Sweden,SWE,1987,7.1085005
Sweden,SWE,1988,6.8068614
Sweden,SWE,1989,6.537387
Sweden,SWE,1990,6.708656
Sweden,SWE,1991,6.691918
Sweden,SWE,1992,6.635051
Sweden,SWE,1993,6.5974426
Sweden,SWE,1994,6.833269
Sweden,SWE,1995,6.739775
Sweden,SWE,1996,7.1659117
Sweden,SWE,1997,6.597155
Sweden,SWE,1998,6.6399035
Sweden,SWE,1999,6.315034
Sweden,SWE,2000,6.187081
Sweden,SWE,2001,6.2704806
Sweden,SWE,2002,6.3454914
Sweden,SWE,2003,6.3873878
Sweden,SWE,2004,6.2740436
Sweden,SWE,2005,5.9566827
Sweden,SWE,2006,5.9082747
Sweden,SWE,2007,5.7801905
Sweden,SWE,2008,5.506071
Sweden,SWE,2009,5.069861
Sweden,SWE,2010,5.654432
Sweden,SWE,2011,5.1976295
Sweden,SWE,2012,4.8959537
Sweden,SWE,2013,4.698226
Sweden,SWE,2014,4.4742975
Sweden,SWE,2015,4.419636
Sweden,SWE,2016,4.3643203
Sweden,SWE,2017,4.211175
Sweden,SWE,2018,4.1134505
Sweden,SWE,2019,3.9665341
Sweden,SWE,2020,3.5371203
Sweden,SWE,2021,3.7027159
Sweden,SWE,2022,3.4653375
Sweden,SWE,2023,3.4789953
Sweden,SWE,2024,3.5916543