Entity,Code,Year,CO₂ emissions per capita
Algeria,DZA,1916,0.0006419031
Algeria,DZA,1917,0.0012771984
Algeria,DZA,1918,0.0031769325
Algeria,DZA,1919,0.0031571276
Algeria,DZA,1920,0.0037603965
Algeria,DZA,1921,0.0043493058
Algeria,DZA,1922,0.0043066936
Algeria,DZA,1923,0.0024340036
Algeria,DZA,1924,0.00481467
Algeria,DZA,1925,0.005357156
Algeria,DZA,1926,0.0064758947
Algeria,DZA,1927,0.009316276
Algeria,DZA,1928,0.011485059
Algeria,DZA,1929,0.012478749
Algeria,DZA,1930,0.012864212
Algeria,DZA,1931,0.014877537
Algeria,DZA,1932,0.016805604
Algeria,DZA,1933,0.017591037
Algeria,DZA,1934,0.019898007
Algeria,DZA,1935,0.018538017
Algeria,DZA,1936,0.0070609855
Algeria,DZA,1937,0.009429192
Algeria,DZA,1938,0.0044057337
Algeria,DZA,1939,0.021176292
Algeria,DZA,1940,0.030772531
Algeria,DZA,1941,0.03960487
Algeria,DZA,1942,0.06239821
Algeria,DZA,1943,0.057818197
Algeria,DZA,1944,0.060518295
Algeria,DZA,1945,0.0736583
Algeria,DZA,1946,0.089851215
Algeria,DZA,1947,0.08638843
Algeria,DZA,1948,0.09181947
Algeria,DZA,1949,0.10236545
Algeria,DZA,1950,0.41954175
Algeria,DZA,1951,0.4456566
Algeria,DZA,1952,0.40847814
Algeria,DZA,1953,0.4092041
Algeria,DZA,1954,0.4146334
Algeria,DZA,1955,0.449535
Algeria,DZA,1956,0.47652793
Algeria,DZA,1957,0.51663953
Algeria,DZA,1958,0.47601697
Algeria,DZA,1959,0.5055593
Algeria,DZA,1960,0.5384051
Algeria,DZA,1961,0.52076566
Algeria,DZA,1962,0.47971538
Algeria,DZA,1963,0.45227
Algeria,DZA,1964,0.46331143
Algeria,DZA,1965,0.5327951
Algeria,DZA,1966,0.6688496
Algeria,DZA,1967,0.65482384
Algeria,DZA,1968,0.6870493
Algeria,DZA,1969,0.8357823
Algeria,DZA,1970,1.0925177
Algeria,DZA,1971,1.3222277
Algeria,DZA,1972,1.9621555
Algeria,DZA,1973,2.5897639
Algeria,DZA,1974,2.1044195
Algeria,DZA,1975,2.0387123
Algeria,DZA,1976,2.380847
Algeria,DZA,1977,2.453753
Algeria,DZA,1978,3.558522
Algeria,DZA,1979,2.5117385
Algeria,DZA,1980,3.553662
Algeria,DZA,1981,2.3932142
Algeria,DZA,1982,1.952853
Algeria,DZA,1983,2.5330236
Algeria,DZA,1984,3.3103192
Algeria,DZA,1985,3.2709017
Algeria,DZA,1986,3.314141
Algeria,DZA,1987,3.5412493
Algeria,DZA,1988,3.4359274
Algeria,DZA,1989,3.189003
Algeria,DZA,1990,2.990726
Algeria,DZA,1991,3.0004637
Algeria,DZA,1992,2.9774103
Algeria,DZA,1993,2.9807472
Algeria,DZA,1994,3.1501276
Algeria,DZA,1995,3.3686354
Algeria,DZA,1996,3.4291797
Algeria,DZA,1997,2.9587216
Algeria,DZA,1998,3.5183222
Algeria,DZA,1999,2.9734142
Algeria,DZA,2000,2.7359807
Algeria,DZA,2001,2.745478
Algeria,DZA,2002,2.8238127
Algeria,DZA,2003,2.923871
Algeria,DZA,2004,2.7844713
Algeria,DZA,2005,3.3091779
Algeria,DZA,2006,3.0870595
Algeria,DZA,2007,3.1456718
Algeria,DZA,2008,3.119057
Algeria,DZA,2009,3.277727
Algeria,DZA,2010,3.25651
Algeria,DZA,2011,3.3795078
Algeria,DZA,2012,3.6017866
Algeria,DZA,2013,3.6844282
Algeria,DZA,2014,3.8881397
Algeria,DZA,2015,4.0060844
Algeria,DZA,2016,3.8752885
Algeria,DZA,2017,3.9638858
Algeria,DZA,2018,4.104483
Algeria,DZA,2019,4.2135787
Algeria,DZA,2020,3.8857946
Algeria,DZA,2021,4.0668306
Algeria,DZA,2022,4.238998
Algeria,DZA,2023,4.394023
Algeria,DZA,2024,4.233817
Argentina,ARG,1856,0.013673803
Argentina,ARG,1857,0.032908835
Argentina,ARG,1858,0.041893065
Argentina,ARG,1859,0.026321769
Argentina,ARG,1860,0.031573337
Argentina,ARG,1861,0.03730976
Argentina,ARG,1862,0.029855374
Argentina,ARG,1863,0.042573165
Argentina,ARG,1864,0.03507302
Argentina,ARG,1865,0.058306683
Argentina,ARG,1866,0.089572854
Argentina,ARG,1867,0.06245207
Argentina,ARG,1868,0.0895038
Argentina,ARG,1869,0.10059324
Argentina,ARG,1870,0.08947428
Argentina,ARG,1871,0.09374776
Argentina,ARG,1872,0.088586494
Argentina,ARG,1873,0.09527532
Argentina,ARG,1874,0.10954309
Argentina,ARG,1875,0.061874352
Argentina,ARG,1876,0.058640223
Argentina,ARG,1877,0.044949133
Argentina,ARG,1878,0.035060696
Argentina,ARG,1879,0.08051388
Argentina,ARG,1880,0.07901757
Argentina,ARG,1881,0.12160134
Argentina,ARG,1882,0.13154578
Argentina,ARG,1883,0.17834175
Argentina,ARG,1884,0.2360082
Argentina,ARG,1885,0.26492643
Argentina,ARG,1886,0.26444587
Argentina,ARG,1887,0.3945215
Argentina,ARG,1888,0.37945464
Argentina,ARG,1889,0.6034034
Argentina,ARG,1890,0.43143836
Argentina,ARG,1891,0.3115949
Argentina,ARG,1892,0.46903446
Argentina,ARG,1893,0.4500921
Argentina,ARG,1894,0.50758815
Argentina,ARG,1895,0.59021986
Argentina,ARG,1896,0.5575416
Argentina,ARG,1897,0.5284933
Argentina,ARG,1898,0.509013
Argentina,ARG,1899,0.5839936
Argentina,ARG,1900,0.4323882
Argentina,ARG,1901,0.49588075
Argentina,ARG,1902,0.50725186
Argentina,ARG,1903,0.55892307
Argentina,ARG,1904,0.6886952
Argentina,ARG,1905,0.8258431
Argentina,ARG,1906,1.0618477
Argentina,ARG,1907,0.89841384
Argentina,ARG,1908,0.93455523
Argentina,ARG,1909,0.83665067
Argentina,ARG,1910,1.0261819
Argentina,ARG,1911,1.2140063
Argentina,ARG,1912,1.1976022
Argentina,ARG,1913,1.2732416
Argentina,ARG,1914,1.1010218
Argentina,ARG,1915,0.7143049
Argentina,ARG,1916,0.53138864
Argentina,ARG,1917,0.2962328
Argentina,ARG,1918,0.18784678
Argentina,ARG,1919,0.39744225
Argentina,ARG,1920,0.6360484
Argentina,ARG,1921,0.5249176
Argentina,ARG,1922,0.6487387
Argentina,ARG,1923,0.7638144
Argentina,ARG,1924,0.99620444
Argentina,ARG,1925,0.9960255
Argentina,ARG,1926,0.9829984
Argentina,ARG,1927,1.1556275
Argentina,ARG,1928,1.0944129
Argentina,ARG,1929,1.1017036
Argentina,ARG,1930,1.0521537
Argentina,ARG,1931,1.0397519
Argentina,ARG,1932,1.0547066
Argentina,ARG,1933,1.0867624
Argentina,ARG,1934,1.1576643
Argentina,ARG,1935,1.119883
Argentina,ARG,1936,1.167924
Argentina,ARG,1937,1.229445
Argentina,ARG,1938,1.1909894
Argentina,ARG,1939,1.1923398
Argentina,ARG,1940,1.11146
Argentina,ARG,1941,0.9720639
Argentina,ARG,1942,0.922407
Argentina,ARG,1943,0.94508845
Argentina,ARG,1944,0.91897327
Argentina,ARG,1945,0.88312054
Argentina,ARG,1946,0.86872613
Argentina,ARG,1947,0.9028329
Argentina,ARG,1948,1.0613021
Argentina,ARG,1949,0.9200045
Argentina,ARG,1950,1.7582052
Argentina,ARG,1951,2.0144029
Argentina,ARG,1952,2.0396037
Argentina,ARG,1953,1.9474617
Argentina,ARG,1954,1.9993435
Argentina,ARG,1955,2.113695
Argentina,ARG,1956,2.3252912
Argentina,ARG,1957,2.4561558
Argentina,ARG,1958,2.2416515
Argentina,ARG,1959,2.4413848
Argentina,ARG,1960,2.392052
Argentina,ARG,1961,2.4667575
Argentina,ARG,1962,2.5454984
Argentina,ARG,1963,2.335606
Argentina,ARG,1964,2.557255
Argentina,ARG,1965,2.6593328
Argentina,ARG,1966,2.8089852
Argentina,ARG,1967,2.8718717
Argentina,ARG,1968,2.980885
Argentina,ARG,1969,3.2859674
Argentina,ARG,1970,3.4612136
Argentina,ARG,1971,3.662835
Argentina,ARG,1972,3.654902
Argentina,ARG,1973,3.7524717
Argentina,ARG,1974,3.7504761
Argentina,ARG,1975,3.666231
Argentina,ARG,1976,3.7941167
Argentina,ARG,1977,3.772361
Argentina,ARG,1978,3.7808785
Argentina,ARG,1979,4.0135465
Argentina,ARG,1980,3.8803651
Argentina,ARG,1981,3.5837822
Argentina,ARG,1982,3.5744424
Argentina,ARG,1983,3.5786777
Argentina,ARG,1984,3.5659993
Argentina,ARG,1985,3.315131
Argentina,ARG,1986,3.3817606
Argentina,ARG,1987,3.6730413
Argentina,ARG,1988,3.8219764
Argentina,ARG,1989,3.6276264
Argentina,ARG,1990,3.424979
Argentina,ARG,1991,3.5427592
Argentina,ARG,1992,3.606454
Argentina,ARG,1993,3.4556832
Argentina,ARG,1994,3.423716
Argentina,ARG,1995,3.576146
Argentina,ARG,1996,3.7012532
Argentina,ARG,1997,3.8004286
Argentina,ARG,1998,3.8354225
Argentina,ARG,1999,4.031685
Argentina,ARG,2000,3.8521757
Argentina,ARG,2001,3.588163
Argentina,ARG,2002,3.2850976
Argentina,ARG,2003,3.4983344
Argentina,ARG,2004,4.050791
Argentina,ARG,2005,4.123947
Argentina,ARG,2006,4.4001102
Argentina,ARG,2007,4.3422694
Argentina,ARG,2008,4.64068
Argentina,ARG,2009,4.3661532
Argentina,ARG,2010,4.507803
Argentina,ARG,2011,4.550224
Argentina,ARG,2012,4.5471244
Argentina,ARG,2013,4.4507732
Argentina,ARG,2014,4.3821793
Argentina,ARG,2015,4.4117293
Argentina,ARG,2016,4.3284545
Argentina,ARG,2017,4.223813
Argentina,ARG,2018,4.0865293
Argentina,ARG,2019,4.011869
Argentina,ARG,2020,3.6425223
Argentina,ARG,2021,4.1974697
Argentina,ARG,2022,4.047052
Argentina,ARG,2023,3.9177263
Argentina,ARG,2024,3.7434063
Austria,AUT,1807,0.053945992
Austria,AUT,1819,0.075489655
Austria,AUT,1820,0.09901921
Austria,AUT,1821,0.106077276
Austria,AUT,1822,0.10769429
Austria,AUT,1823,0.101810046
Austria,AUT,1824,0.11624328
Austria,AUT,1825,0.11673694
Austria,AUT,1826,0.13200791
Austria,AUT,1827,0.13661791
Austria,AUT,1828,0.13072197
Austria,AUT,1829,0.13528666
Austria,AUT,1830,0.13980326
Austria,AUT,1831,0.13499741
Austria,AUT,1832,0.143566
Austria,AUT,1833,0.11939268
Austria,AUT,1834,0.16247256
Austria,AUT,1835,0.17481326
Austria,AUT,1836,0.1850181
Austria,AUT,1837,0.19311765
Austria,AUT,1838,0.23100474
Austria,AUT,1839,0.2862818
Austria,AUT,1840,0.31430042
Austria,AUT,1841,0.35270458
Austria,AUT,1842,0.3876523
Austria,AUT,1843,0.3349525
Austria,AUT,1844,0.418547
Austria,AUT,1845,0.4695527
Austria,AUT,1846,0.5484367
Austria,AUT,1847,0.5365954
Austria,AUT,1848,0.5981167
Austria,AUT,1849,0.57571006
Austria,AUT,1850,0.58869374
Austria,AUT,1851,0.58663684
Austria,AUT,1852,0.7015607
Austria,AUT,1853,0.7993166
Austria,AUT,1854,0.7820265
Austria,AUT,1855,0.9046697
Austria,AUT,1856,1.0273466
Austria,AUT,1857,1.17477
Austria,AUT,1858,1.7341001
Austria,AUT,1859,1.3946497
Austria,AUT,1860,1.4518162
Austria,AUT,1861,1.496249
Austria,AUT,1862,1.4803985
Austria,AUT,1863,1.360496
Austria,AUT,1864,1.1670947
Austria,AUT,1865,1.2231227
Austria,AUT,1866,0.81592876
Austria,AUT,1867,1.108091
Austria,AUT,1868,1.3602931
Austria,AUT,1869,1.442899
Austria,AUT,1870,1.6263044
Austria,AUT,1871,2.2218096
Austria,AUT,1872,2.1736574
Austria,AUT,1873,2.309749
Austria,AUT,1874,1.9530367
Austria,AUT,1875,1.6621472
Austria,AUT,1876,1.6957643
Austria,AUT,1877,1.5132375
Austria,AUT,1878,1.4907401
Austria,AUT,1879,1.8087848
Austria,AUT,1880,4.7833023
Austria,AUT,1881,2.067934
Austria,AUT,1882,2.1065784
Austria,AUT,1883,2.3169494
Austria,AUT,1884,2.2380025
Austria,AUT,1885,2.3318892
Austria,AUT,1886,2.1814244
Austria,AUT,1887,2.330971
Austria,AUT,1888,2.2532377
Austria,AUT,1889,2.405366
Austria,AUT,1890,2.4127743
Austria,AUT,1891,2.7395053
Austria,AUT,1892,2.6253102
Austria,AUT,1893,3.1798322
Austria,AUT,1894,3.2237446
Austria,AUT,1895,3.5856636
Austria,AUT,1896,3.7107253
Austria,AUT,1897,3.9699893
Austria,AUT,1898,4.17419
Austria,AUT,1899,4.19306
Austria,AUT,1900,4.632106
Austria,AUT,1901,4.693612
Austria,AUT,1902,4.210628
Austria,AUT,1903,4.16844
Austria,AUT,1904,4.368451
Austria,AUT,1905,4.546499
Austria,AUT,1906,5.3763876
Austria,AUT,1907,6.6482067
Austria,AUT,1908,9.252338
Austria,AUT,1909,6.675106
Austria,AUT,1910,8.945361
Austria,AUT,1911,7.4583454
Austria,AUT,1912,7.843966
Austria,AUT,1913,9.276998
Austria,AUT,1914,7.571848
Austria,AUT,1915,5.402496
Austria,AUT,1916,1.3923472
Austria,AUT,1917,0.530146
Austria,AUT,1918,0.5139487
Austria,AUT,1919,0.46488458
Austria,AUT,1920,2.2398405
Austria,AUT,1921,2.9782135
Austria,AUT,1922,2.85594
Austria,AUT,1923,2.7220185
Austria,AUT,1924,3.0658693
Austria,AUT,1925,2.8875096
Austria,AUT,1926,2.8213882
Austria,AUT,1927,3.038398
Austria,AUT,1928,3.188491
Austria,AUT,1929,3.626882
Austria,AUT,1930,2.8240275
Austria,AUT,1931,2.7058377
Austria,AUT,1932,2.2655272
Austria,AUT,1933,2.124288
Austria,AUT,1934,2.0525193
Austria,AUT,1935,2.0769851
Austria,AUT,1936,2.027152
Austria,AUT,1937,2.2750432
Austria,AUT,1938,0.86247826
Austria,AUT,1939,0.9434641
Austria,AUT,1940,1.0917801
Austria,AUT,1941,1.1829128
Austria,AUT,1942,1.2643101
Austria,AUT,1943,1.4172183
Austria,AUT,1944,1.3800573
Austria,AUT,1945,0.6681169
Austria,AUT,1946,1.8625914
Austria,AUT,1947,2.5647802
Austria,AUT,1948,3.5503542
Austria,AUT,1949,3.84133
Austria,AUT,1950,3.0196173
Austria,AUT,1951,3.3652513
Austria,AUT,1952,3.1928568
Austria,AUT,1953,3.1388133
Austria,AUT,1954,3.5364168
Austria,AUT,1955,4.1905456
Austria,AUT,1956,4.0627456
Austria,AUT,1957,4.1951556
Austria,AUT,1958,4.0254416
Austria,AUT,1959,3.984241
Austria,AUT,1960,4.374001
Austria,AUT,1961,4.4962482
Austria,AUT,1962,4.756093
Austria,AUT,1963,5.1559954
Austria,AUT,1964,5.3908997
Austria,AUT,1965,5.252043
Austria,AUT,1966,5.3602834
Austria,AUT,1967,5.416796
Austria,AUT,1968,5.7090015
Austria,AUT,1969,6.0044885
Austria,AUT,1970,6.786744
Austria,AUT,1971,6.947281
Austria,AUT,1972,7.4371905
Austria,AUT,1973,7.9161487
Austria,AUT,1974,7.54504
Austria,AUT,1975,7.157606
Austria,AUT,1976,7.6977687
Austria,AUT,1977,7.402302
Austria,AUT,1978,7.571344
Austria,AUT,1979,8.127209
Austria,AUT,1980,6.896056
Austria,AUT,1981,7.3818083
Austria,AUT,1982,7.077474
Austria,AUT,1983,6.837246
Austria,AUT,1984,7.174854
Austria,AUT,1985,7.1920586
Austria,AUT,1986,7.1029663
Austria,AUT,1987,7.579154
Austria,AUT,1988,6.982261
Austria,AUT,1989,7.0492463
Austria,AUT,1990,8.098238
Austria,AUT,1991,8.48123
Austria,AUT,1992,7.6875253
Austria,AUT,1993,7.677596
Austria,AUT,1994,7.694496
Austria,AUT,1995,8.057918
Austria,AUT,1996,8.467657
Austria,AUT,1997,8.444986
Austria,AUT,1998,8.389697
Austria,AUT,1999,8.214732
Austria,AUT,2000,8.262151
Austria,AUT,2001,8.727766
Austria,AUT,2002,8.907645
Austria,AUT,2003,9.530433
Austria,AUT,2004,9.508284
Austria,AUT,2005,9.611559
Austria,AUT,2006,9.28623
Austria,AUT,2007,8.93005
Austria,AUT,2008,8.826658
Austria,AUT,2009,8.06485
Austria,AUT,2010,8.607232
Austria,AUT,2011,8.327111
Austria,AUT,2012,7.977175
Austria,AUT,2013,7.989103
Austria,AUT,2014,7.5058665
Austria,AUT,2015,7.6767116
Austria,AUT,2016,7.692762
Austria,AUT,2017,7.9103565
Austria,AUT,2018,7.5287404
Austria,AUT,2019,7.651411
Austria,AUT,2020,6.969737
Austria,AUT,2021,7.3325477
Austria,AUT,2022,6.779517
Austria,AUT,2023,6.2328863
Austria,AUT,2024,6.180112
Bangladesh,BGD,1946,0.0030758297
Bangladesh,BGD,1947,0.0031542254
Bangladesh,BGD,1948,0.0034520244
Bangladesh,BGD,1949,0.0048474493
Bangladesh,BGD,1950,0.024099581
Bangladesh,BGD,1951,0.02918195
Bangladesh,BGD,1952,0.030192725
Bangladesh,BGD,1953,0.030096715
Bangladesh,BGD,1954,0.029918756
Bangladesh,BGD,1955,0.030136786
Bangladesh,BGD,1956,0.03488019
Bangladesh,BGD,1957,0.03517823
Bangladesh,BGD,1958,0.038552355
Bangladesh,BGD,1959,0.036477845
Bangladesh,BGD,1960,0.042677253
Bangladesh,BGD,1961,0.042963706
Bangladesh,BGD,1962,0.045858294
Bangladesh,BGD,1963,0.05120383
Bangladesh,BGD,1964,0.051129173
Bangladesh,BGD,1965,0.05210642
Bangladesh,BGD,1966,0.051505167
Bangladesh,BGD,1967,0.053079713
Bangladesh,BGD,1968,0.05910056
Bangladesh,BGD,1969,0.055715512
Bangladesh,BGD,1970,0.05507176
Bangladesh,BGD,1971,0.051309027
Bangladesh,BGD,1972,0.048936997
Bangladesh,BGD,1973,0.06171395
Bangladesh,BGD,1974,0.06135448
Bangladesh,BGD,1975,0.062382165
Bangladesh,BGD,1976,0.0695733
Bangladesh,BGD,1977,0.07066016
Bangladesh,BGD,1978,0.071336836
Bangladesh,BGD,1979,0.07694935
Bangladesh,BGD,1980,0.086315915
Bangladesh,BGD,1981,0.087329626
Bangladesh,BGD,1982,0.09214387
Bangladesh,BGD,1983,0.08588942
Bangladesh,BGD,1984,0.0927993
Bangladesh,BGD,1985,0.10163364
Bangladesh,BGD,1986,0.11112919
Bangladesh,BGD,1987,0.11242194
Bangladesh,BGD,1988,0.12571295
Bangladesh,BGD,1989,0.12228729
Bangladesh,BGD,1990,0.12614106
Bangladesh,BGD,1991,0.12965418
Bangladesh,BGD,1992,0.13273484
Bangladesh,BGD,1993,0.136067
Bangladesh,BGD,1994,0.14585535
Bangladesh,BGD,1995,0.17174801
Bangladesh,BGD,1996,0.17224969
Bangladesh,BGD,1997,0.18195334
Bangladesh,BGD,1998,0.17910586
Bangladesh,BGD,1999,0.18994531
Bangladesh,BGD,2000,0.19725299
Bangladesh,BGD,2001,0.22706799
Bangladesh,BGD,2002,0.23037535
Bangladesh,BGD,2003,0.23760977
Bangladesh,BGD,2004,0.25176665
Bangladesh,BGD,2005,0.26062584
Bangladesh,BGD,2006,0.2850007
Bangladesh,BGD,2007,0.28836617
Bangladesh,BGD,2008,0.30333978
Bangladesh,BGD,2009,0.3260235
Bangladesh,BGD,2010,0.3550251
Bangladesh,BGD,2011,0.36195275
Bangladesh,BGD,2012,0.38501203
Bangladesh,BGD,2013,0.41373482
Bangladesh,BGD,2014,0.4276385
Bangladesh,BGD,2015,0.48277447
Bangladesh,BGD,2016,0.5084272
Bangladesh,BGD,2017,0.53352815
Bangladesh,BGD,2018,0.52963835
Bangladesh,BGD,2019,0.57489496
Bangladesh,BGD,2020,0.5756478
Bangladesh,BGD,2021,0.58768314
Bangladesh,BGD,2022,0.6030491
Bangladesh,BGD,2023,0.60960233
Bangladesh,BGD,2024,0.6240862
Belgium,BEL,1802,1.9576033
Belgium,BEL,1830,1.6524625
Belgium,BEL,1831,1.180074
Belgium,BEL,1832,1.236363
Belgium,BEL,1833,1.1869234
Belgium,BEL,1834,1.1363375
Belgium,BEL,1835,1.2167125
Belgium,BEL,1836,1.4191859
Belgium,BEL,1837,1.5076544
Belgium,BEL,1838,1.5260426
Belgium,BEL,1839,1.6580431
Belgium,BEL,1840,1.8935716
Belgium,BEL,1841,1.7955159
Belgium,BEL,1842,1.8498373
Belgium,BEL,1843,1.6982734
Belgium,BEL,1844,1.8467051
Belgium,BEL,1845,1.9288168
Belgium,BEL,1846,2.086101
Belgium,BEL,1847,2.1492531
Belgium,BEL,1848,1.8944428
Belgium,BEL,1849,1.981217
Belgium,BEL,1850,2.100403
Belgium,BEL,1851,2.2720096
Belgium,BEL,1852,2.5324419
Belgium,BEL,1853,2.599827
Belgium,BEL,1854,2.8622246
Belgium,BEL,1855,2.9137378
Belgium,BEL,1856,2.8598084
Belgium,BEL,1857,2.9585447
Belgium,BEL,1858,3.0888252
Belgium,BEL,1859,3.1638563
Belgium,BEL,1860,3.2093742
Belgium,BEL,1861,3.448559
Belgium,BEL,1862,3.4008443
Belgium,BEL,1863,3.5589042
Belgium,BEL,1864,3.7085142
Belgium,BEL,1865,3.8811662
Belgium,BEL,1866,4.150416
Belgium,BEL,1867,4.462679
Belgium,BEL,1868,4.005761
Belgium,BEL,1869,4.2827497
Belgium,BEL,1870,4.8579187
Belgium,BEL,1871,4.6193104
Belgium,BEL,1872,4.943798
Belgium,BEL,1873,5.385137
Belgium,BEL,1874,4.924213
Belgium,BEL,1875,5.074682
Belgium,BEL,1876,4.9183083
Belgium,BEL,1877,4.6426272
Belgium,BEL,1878,5.006211
Belgium,BEL,1879,5.053703
Belgium,BEL,1880,5.4959188
Belgium,BEL,1881,5.4832616
Belgium,BEL,1882,5.753098
Belgium,BEL,1883,6.0405693
Belgium,BEL,1884,5.8942466
Belgium,BEL,1885,5.7027802
Belgium,BEL,1886,5.481871
Belgium,BEL,1887,5.7455373
Belgium,BEL,1888,6.0405674
Belgium,BEL,1889,6.112805
Belgium,BEL,1890,6.5460663
Belgium,BEL,1891,6.1506577
Belgium,BEL,1892,6.0833883
Belgium,BEL,1893,5.7609344
Belgium,BEL,1894,6.2994246
Belgium,BEL,1895,6.285832
Belgium,BEL,1896,6.5583735
Belgium,BEL,1897,6.7203856
Belgium,BEL,1898,6.8597164
Belgium,BEL,1899,7.0993986
Belgium,BEL,1900,7.406146
Belgium,BEL,1901,6.8929777
Belgium,BEL,1902,7.1333046
Belgium,BEL,1903,7.6009154
Belgium,BEL,1904,7.1928444
Belgium,BEL,1905,7.1028624
Belgium,BEL,1906,8.036175
Belgium,BEL,1907,8.06343
Belgium,BEL,1908,7.910767
Belgium,BEL,1909,7.829825
Belgium,BEL,1910,8.251553
Belgium,BEL,1911,8.266107
Belgium,BEL,1912,8.6565895
Belgium,BEL,1913,9.083431
Belgium,BEL,1914,5.415255
Belgium,BEL,1915,4.590686
Belgium,BEL,1916,6.1035175
Belgium,BEL,1917,4.8281446
Belgium,BEL,1918,4.4886656
Belgium,BEL,1919,5.960749
Belgium,BEL,1920,7.3041964
Belgium,BEL,1921,6.6634197
Belgium,BEL,1922,7.331574
Belgium,BEL,1923,9.363421
Belgium,BEL,1924,9.866386
Belgium,BEL,1925,10.029748
Belgium,BEL,1926,9.917318
Belgium,BEL,1927,11.473022
Belgium,BEL,1928,11.115544
Belgium,BEL,1929,12.139221
Belgium,BEL,1930,11.665941
Belgium,BEL,1931,10.428055
Belgium,BEL,1932,8.360649
Belgium,BEL,1933,8.94156
Belgium,BEL,1934,9.194473
Belgium,BEL,1935,8.758736
Belgium,BEL,1936,9.139779
Belgium,BEL,1937,10.967416
Belgium,BEL,1938,9.578083
Belgium,BEL,1939,8.893595
Belgium,BEL,1940,7.468211
Belgium,BEL,1941,7.812043
Belgium,BEL,1942,7.294848
Belgium,BEL,1943,6.8859353
Belgium,BEL,1944,3.930711
Belgium,BEL,1945,4.581085
Belgium,BEL,1946,6.645066
Belgium,BEL,1947,9.629662
Belgium,BEL,1948,9.950596
Belgium,BEL,1949,9.413
Belgium,BEL,1950,8.843022
Belgium,BEL,1951,10.334986
Belgium,BEL,1952,9.597689
Belgium,BEL,1953,9.423741
Belgium,BEL,1954,9.756278
Belgium,BEL,1955,10.41531
Belgium,BEL,1956,10.896864
Belgium,BEL,1957,10.803392
Belgium,BEL,1958,9.758654
Belgium,BEL,1959,9.763423
Belgium,BEL,1960,9.988321
Belgium,BEL,1961,10.122292
Belgium,BEL,1962,10.634536
Belgium,BEL,1963,11.394614
Belgium,BEL,1964,11.09069
Belgium,BEL,1965,11.205982
Belgium,BEL,1966,11.116232
Belgium,BEL,1967,11.294507
Belgium,BEL,1968,12.402611
Belgium,BEL,1969,12.878609
Belgium,BEL,1970,13.031263
Belgium,BEL,1971,12.556133
Belgium,BEL,1972,13.47533
Belgium,BEL,1973,14.266544
Belgium,BEL,1974,13.861587
Belgium,BEL,1975,12.496638
Belgium,BEL,1976,13.288505
Belgium,BEL,1977,12.911715
Belgium,BEL,1978,13.833004
Belgium,BEL,1979,14.247416
Belgium,BEL,1980,13.71246
Belgium,BEL,1981,12.545059
Belgium,BEL,1982,11.8744
Belgium,BEL,1983,10.254748
Belgium,BEL,1984,10.630341
Belgium,BEL,1985,10.527152
Belgium,BEL,1986,10.354434
Belgium,BEL,1987,10.363756
Belgium,BEL,1988,10.05894
Belgium,BEL,1989,10.747385
Belgium,BEL,1990,12.080694
Belgium,BEL,1991,12.340902
Belgium,BEL,1992,12.195839
Belgium,BEL,1993,12.042838
Belgium,BEL,1994,12.340153
Belgium,BEL,1995,12.42636
Belgium,BEL,1996,12.750186
Belgium,BEL,1997,12.180701
Belgium,BEL,1998,12.766186
Belgium,BEL,1999,12.195414
Belgium,BEL,2000,12.366287
Belgium,BEL,2001,12.256729
Belgium,BEL,2002,12.27944
Belgium,BEL,2003,12.363994
Belgium,BEL,2004,12.360431
Belgium,BEL,2005,11.991515
Belgium,BEL,2006,11.7458515
Belgium,BEL,2007,11.3400345
Belgium,BEL,2008,11.2238655
Belgium,BEL,2009,9.970168
Belgium,BEL,2010,10.475143
Belgium,BEL,2011,9.526456
Belgium,BEL,2012,9.226742
Belgium,BEL,2013,9.212671
Belgium,BEL,2014,8.660123
Belgium,BEL,2015,8.986653
Belgium,BEL,2016,8.807806
Belgium,BEL,2017,8.726891
Belgium,BEL,2018,8.772404
Belgium,BEL,2019,8.685232
Belgium,BEL,2020,7.9076037
Belgium,BEL,2021,8.204076
Belgium,BEL,2022,7.6375527
Belgium,BEL,2023,7.2316356
Belgium,BEL,2024,7.2798314
Bolivia,BOL,1862,0.0027017079
Bolivia,BOL,1864,0.00062507554
Bolivia,BOL,1865,0.0038591507
Bolivia,BOL,1866,0.001277029
Bolivia,BOL,1867,0.0015587765
Bolivia,BOL,1868,0.0037191405
Bolivia,BOL,1869,0.002433461
Bolivia,BOL,1870,0.0013385551
Bolivia,BOL,1871,0.0036109844
Bolivia,BOL,1872,0.0070857354
Bolivia,BOL,1873,0.009863844
Bolivia,BOL,1874,0.006041303
Bolivia,BOL,1875,0.007889057
Bolivia,BOL,1876,0.013015972
Bolivia,BOL,1877,0.009997206
Bolivia,BOL,1878,0.01817067
Bolivia,BOL,1879,0.023640128
Bolivia,BOL,1880,0.028917087
Bolivia,BOL,1881,0.03619809
Bolivia,BOL,1882,0.042791307
Bolivia,BOL,1883,0.035416298
Bolivia,BOL,1884,0.042880025
Bolivia,BOL,1885,0.029334307
Bolivia,BOL,1886,0.016036691
Bolivia,BOL,1887,0.024674036
Bolivia,BOL,1888,0.031514104
Bolivia,BOL,1915,0.011925775
Bolivia,BOL,1916,0.049765747
Bolivia,BOL,1917,0.040404543
Bolivia,BOL,1918,0.040467717
Bolivia,BOL,1919,0.027480865
Bolivia,BOL,1920,0.04372075
Bolivia,BOL,1921,0.030003384
Bolivia,BOL,1922,0.023701036
Bolivia,BOL,1923,0.028831586
Bolivia,BOL,1924,0.028828176
Bolivia,BOL,1925,0.016120939
Bolivia,BOL,1926,0.02386864
Bolivia,BOL,1927,0.030404707
Bolivia,BOL,1928,0.03567417
Bolivia,BOL,1929,0.023004884
Bolivia,BOL,1930,0.031226085
Bolivia,BOL,1931,0.006173395
Bolivia,BOL,1932,0.018816123
Bolivia,BOL,1933,0.023123853
Bolivia,BOL,1934,0.031056011
Bolivia,BOL,1935,0.027884837
Bolivia,BOL,1936,0.017512113
Bolivia,BOL,1937,0.020473015
Bolivia,BOL,1938,0.05169289
Bolivia,BOL,1939,0.05224777
Bolivia,BOL,1940,0.06149847
Bolivia,BOL,1941,0.07303171
Bolivia,BOL,1942,0.07098067
Bolivia,BOL,1943,0.074453205
Bolivia,BOL,1944,0.078168824
Bolivia,BOL,1945,0.06989103
Bolivia,BOL,1946,0.072338596
Bolivia,BOL,1947,0.063173704
Bolivia,BOL,1948,0.073799446
Bolivia,BOL,1949,0.104620926
Bolivia,BOL,1950,0.16728161
Bolivia,BOL,1951,0.14710584
Bolivia,BOL,1952,0.16087997
Bolivia,BOL,1953,0.16614147
Bolivia,BOL,1954,0.23883535
Bolivia,BOL,1955,0.27710113
Bolivia,BOL,1956,0.3233843
Bolivia,BOL,1957,0.28783607
Bolivia,BOL,1958,0.25751948
Bolivia,BOL,1959,0.26152357
Bolivia,BOL,1960,0.2711236
Bolivia,BOL,1961,0.2753297
Bolivia,BOL,1962,0.28489783
Bolivia,BOL,1963,0.3078379
Bolivia,BOL,1964,0.36788112
Bolivia,BOL,1965,0.36725146
Bolivia,BOL,1966,0.40214667
Bolivia,BOL,1967,0.4403852
Bolivia,BOL,1968,0.4958179
Bolivia,BOL,1969,0.5672957
Bolivia,BOL,1970,0.54111385
Bolivia,BOL,1971,0.65162045
Bolivia,BOL,1972,0.7432104
Bolivia,BOL,1973,0.7035292
Bolivia,BOL,1974,0.6994441
Bolivia,BOL,1975,0.7892841
Bolivia,BOL,1976,0.87037224
Bolivia,BOL,1977,0.8320114
Bolivia,BOL,1978,0.9122468
Bolivia,BOL,1979,0.8402544
Bolivia,BOL,1980,0.80932784
Bolivia,BOL,1981,0.8124669
Bolivia,BOL,1982,0.72128254
Bolivia,BOL,1983,0.69628507
Bolivia,BOL,1984,0.64194685
Bolivia,BOL,1985,0.6412866
Bolivia,BOL,1986,0.5750179
Bolivia,BOL,1987,0.60038227
Bolivia,BOL,1988,0.62823606
Bolivia,BOL,1989,0.7129247
Bolivia,BOL,1990,1.4049575
Bolivia,BOL,1991,1.4430395
Bolivia,BOL,1992,1.4838054
Bolivia,BOL,1993,1.5254359
Bolivia,BOL,1994,1.248761
Bolivia,BOL,1995,1.1465307
Bolivia,BOL,1996,1.2500104
Bolivia,BOL,1997,1.436464
Bolivia,BOL,1998,1.3549254
Bolivia,BOL,1999,1.2943878
Bolivia,BOL,2000,0.9809387
Bolivia,BOL,2001,0.9999472
Bolivia,BOL,2002,1.1701754
Bolivia,BOL,2003,1.2135043
Bolivia,BOL,2004,1.2006482
Bolivia,BOL,2005,1.317933
Bolivia,BOL,2006,1.2989998
Bolivia,BOL,2007,1.3153074
Bolivia,BOL,2008,1.3224934
Bolivia,BOL,2009,1.361099
Bolivia,BOL,2010,1.4543422
Bolivia,BOL,2011,1.5510005
Bolivia,BOL,2012,1.6712606
Bolivia,BOL,2013,1.6641724
Bolivia,BOL,2014,1.8343189
Bolivia,BOL,2015,1.8066506
Bolivia,BOL,2016,1.9006767
Bolivia,BOL,2017,1.9552563
Bolivia,BOL,2018,1.9558697
Bolivia,BOL,2019,1.9371525
Bolivia,BOL,2020,1.5504168
Bolivia,BOL,2021,1.8234005
Bolivia,BOL,2022,1.9448458
Bolivia,BOL,2023,2.0107968
Bolivia,BOL,2024,2.3127308
Brazil,BRA,1856,0.028650621
Brazil,BRA,1857,0.03341477
Brazil,BRA,1858,0.03480425
Brazil,BRA,1859,0.044897646
Brazil,BRA,1860,0.05159468
Brazil,BRA,1861,0.047911853
Brazil,BRA,1862,0.04088697
Brazil,BRA,1863,0.04827255
Brazil,BRA,1864,0.05352549
Brazil,BRA,1865,0.0628613
Brazil,BRA,1866,0.06993306
Brazil,BRA,1867,0.05913751
Brazil,BRA,1868,0.079007916
Brazil,BRA,1869,0.06252123
Brazil,BRA,1870,0.07095229
Brazil,BRA,1871,0.08436733
Brazil,BRA,1872,0.0842056
Brazil,BRA,1873,0.099078625
Brazil,BRA,1874,0.094129875
Brazil,BRA,1875,0.08717049
Brazil,BRA,1876,0.07675679
Brazil,BRA,1877,0.078498445
Brazil,BRA,1878,0.08327771
Brazil,BRA,1879,0.06956303
Brazil,BRA,1880,0.07802751
Brazil,BRA,1881,0.08551095
Brazil,BRA,1882,0.077181265
Brazil,BRA,1883,0.09350129
Brazil,BRA,1884,0.10058415
Brazil,BRA,1885,0.09355589
Brazil,BRA,1886,0.09338007
Brazil,BRA,1887,0.09755127
Brazil,BRA,1888,0.09339209
Brazil,BRA,1889,0.132758
Brazil,BRA,1890,0.11976609
Brazil,BRA,1891,0.14170356
Brazil,BRA,1892,0.14343461
Brazil,BRA,1893,0.12858164
Brazil,BRA,1894,0.1471538
Brazil,BRA,1895,0.13622174
Brazil,BRA,1896,0.15901579
Brazil,BRA,1897,0.16233563
Brazil,BRA,1898,0.15545407
Brazil,BRA,1899,0.14801672
Brazil,BRA,1900,0.12582514
Brazil,BRA,1901,0.1253755
Brazil,BRA,1902,0.13537896
Brazil,BRA,1903,0.12670867
Brazil,BRA,1904,0.13405348
Brazil,BRA,1905,0.14279857
Brazil,BRA,1906,0.1581205
Brazil,BRA,1907,0.17738257
Brazil,BRA,1908,0.17401078
Brazil,BRA,1909,0.17475581
Brazil,BRA,1910,0.20503342
Brazil,BRA,1911,0.23573512
Brazil,BRA,1912,0.2348308
Brazil,BRA,1913,0.25635076
Brazil,BRA,1914,0.19143723
Brazil,BRA,1915,0.12924525
Brazil,BRA,1916,0.10776666
Brazil,BRA,1917,0.10957019
Brazil,BRA,1918,0.10036321
Brazil,BRA,1919,0.10981024
Brazil,BRA,1920,0.14365888
Brazil,BRA,1921,0.10248378
Brazil,BRA,1922,0.14007734
Brazil,BRA,1923,0.16337565
Brazil,BRA,1924,0.17767125
Brazil,BRA,1925,0.17483838
Brazil,BRA,1926,0.1754328
Brazil,BRA,1927,0.18979949
Brazil,BRA,1928,0.18735394
Brazil,BRA,1929,0.1912597
Brazil,BRA,1930,0.17116176
Brazil,BRA,1931,0.13831244
Brazil,BRA,1932,0.13575594
Brazil,BRA,1933,0.14408183
Brazil,BRA,1934,0.1406607
Brazil,BRA,1935,0.14372028
Brazil,BRA,1936,0.14709583
Brazil,BRA,1937,0.17272756
Brazil,BRA,1938,0.18052769
Brazil,BRA,1939,0.1381796
Brazil,BRA,1940,0.13602734
Brazil,BRA,1941,0.14752005
Brazil,BRA,1942,0.13438162
Brazil,BRA,1943,0.14447427
Brazil,BRA,1944,0.12814638
Brazil,BRA,1945,0.14445925
Brazil,BRA,1946,0.15386443
Brazil,BRA,1947,0.17976093
Brazil,BRA,1948,0.15357992
Brazil,BRA,1949,0.14034759
Brazil,BRA,1950,0.36808848
Brazil,BRA,1951,0.39367142
Brazil,BRA,1952,0.43979833
Brazil,BRA,1953,0.43157315
Brazil,BRA,1954,0.49266315
Brazil,BRA,1955,0.54787326
Brazil,BRA,1956,0.57170343
Brazil,BRA,1957,0.544852
Brazil,BRA,1958,0.5735453
Brazil,BRA,1959,0.5556843
Brazil,BRA,1960,0.64723074
Brazil,BRA,1961,0.65859723
Brazil,BRA,1962,0.6974648
Brazil,BRA,1963,0.7013189
Brazil,BRA,1964,0.6948336
Brazil,BRA,1965,0.6713699
Brazil,BRA,1966,0.74476844
Brazil,BRA,1967,0.74646574
Brazil,BRA,1968,0.85088575
Brazil,BRA,1969,0.90355355
Brazil,BRA,1970,0.97998786
Brazil,BRA,1971,1.0468049
Brazil,BRA,1972,1.1382492
Brazil,BRA,1973,1.2868222
Brazil,BRA,1974,1.3605574
Brazil,BRA,1975,1.3964669
Brazil,BRA,1976,1.4023879
Brazil,BRA,1977,1.4379904
Brazil,BRA,1978,1.5316536
Brazil,BRA,1979,1.5857953
Brazil,BRA,1980,1.53561
Brazil,BRA,1981,1.3804419
Brazil,BRA,1982,1.3507318
Brazil,BRA,1983,1.2778428
Brazil,BRA,1984,1.2628199
Brazil,BRA,1985,1.3287388
Brazil,BRA,1986,1.4253908
Brazil,BRA,1987,1.4592812
Brazil,BRA,1988,1.4436871
Brazil,BRA,1989,1.4471786
Brazil,BRA,1990,1.466092
Brazil,BRA,1991,1.5119112
Brazil,BRA,1992,1.5141841
Brazil,BRA,1993,1.5581249
Brazil,BRA,1994,1.5948403
Brazil,BRA,1995,1.66122
Brazil,BRA,1996,1.7619148
Brazil,BRA,1997,1.8417497
Brazil,BRA,1998,1.8760941
Brazil,BRA,1999,1.9066226
Brazil,BRA,2000,1.9548683
Brazil,BRA,2001,1.9634905
Brazil,BRA,2002,1.948225
Brazil,BRA,2003,1.9080932
Brazil,BRA,2004,1.9785615
Brazil,BRA,2005,1.9728968
Brazil,BRA,2006,1.976238
Brazil,BRA,2007,2.0714328
Brazil,BRA,2008,2.167588
Brazil,BRA,2009,2.0292346
Brazil,BRA,2010,2.2729204
Brazil,BRA,2011,2.3653224
Brazil,BRA,2012,2.5268083
Brazil,BRA,2013,2.6782215
Brazil,BRA,2014,2.7814436
Brazil,BRA,2015,2.6189272
Brazil,BRA,2016,2.4197884
Brazil,BRA,2017,2.429146
Brazil,BRA,2018,2.3123908
Brazil,BRA,2019,2.2979572
Brazil,BRA,2020,2.1470218
Brazil,BRA,2021,2.3696554
Brazil,BRA,2022,2.2826612
Brazil,BRA,2023,2.2922719
Brazil,BRA,2024,2.2783718
Canada,CAN,1790,0.00448715
Canada,CAN,1800,0.007328
Canada,CAN,1801,0.0071507194
Canada,CAN,1802,0.0069777183
Canada,CAN,1803,0.006808903
Canada,CAN,1804,0.006644181
Canada,CAN,1805,0.006483441
Canada,CAN,1806,0.0063265893
Canada,CAN,1807,0.006173526
Canada,CAN,1808,0.006024176
Canada,CAN,1809,0.005878427
Canada,CAN,1810,0.005732775
Canada,CAN,1811,0.0055940812
Canada,CAN,1812,0.0054587494
Canada,CAN,1813,0.005326681
Canada,CAN,1814,0.0051978193
Canada,CAN,1815,0.0050720666
Canada,CAN,1816,0.0049493583
Canada,CAN,1817,0.004829619
Canada,CAN,1818,0.0047127767
Canada,CAN,1819,0.0045876615
Canada,CAN,1820,0.004455307
Canada,CAN,1821,0.0043168045
Canada,CAN,1822,0.0041732965
Canada,CAN,1823,0.0040259357
Canada,CAN,1824,0.0038837793
Canada,CAN,1825,0.0037466397
Canada,CAN,1826,0.003614346
Canada,CAN,1827,0.003486721
Canada,CAN,1828,0.0033636033
Canada,CAN,1829,0.0032439104
Canada,CAN,1830,0.0031276222
Canada,CAN,1831,0.0030147023
Canada,CAN,1832,0.0029051213
Canada,CAN,1833,0.0027988374
Canada,CAN,1834,0.0026964413
Canada,CAN,1835,0.0025977911
Canada,CAN,1836,0.0025027494
Canada,CAN,1837,0.0024111862
Canada,CAN,1838,0.0023229716
Canada,CAN,1839,0.0022375667
Canada,CAN,1840,0.0021549126
Canada,CAN,1841,0.0020749497
Canada,CAN,1842,0.0019976208
Canada,CAN,1843,0.001922864
Canada,CAN,1844,0.0018509051
Canada,CAN,1845,0.0017816393
Canada,CAN,1846,0.012004754
Canada,CAN,1847,0.014857079
Canada,CAN,1848,0.017479105
Canada,CAN,1849,0.019917024
Canada,CAN,1850,0.023672614
Canada,CAN,1851,0.027198797
Canada,CAN,1852,0.03190351
Canada,CAN,1853,0.037688646
Canada,CAN,1854,0.044409256
Canada,CAN,1855,0.05196615
Canada,CAN,1856,0.060266335
Canada,CAN,1857,0.07041626
Canada,CAN,1858,0.08338649
Canada,CAN,1859,0.0970362
Canada,CAN,1860,0.11476422
Canada,CAN,1861,0.13540761
Canada,CAN,1862,0.16329855
Canada,CAN,1863,0.20264763
Canada,CAN,1864,0.24005882
Canada,CAN,1865,0.28693542
Canada,CAN,1866,0.34601
Canada,CAN,1867,0.43906397
Canada,CAN,1868,0.2575183
Canada,CAN,1869,0.18445463
Canada,CAN,1870,0.32536218
Canada,CAN,1871,0.46724626
Canada,CAN,1872,0.47791365
Canada,CAN,1873,0.41031522
Canada,CAN,1874,0.408123
Canada,CAN,1875,0.4649344
Canada,CAN,1876,0.45379946
Canada,CAN,1877,0.48700067
Canada,CAN,1878,0.45915452
Canada,CAN,1879,0.5112118
Canada,CAN,1880,1.208935
Canada,CAN,1881,1.2759558
Canada,CAN,1882,1.4924102
Canada,CAN,1883,1.6573254
Canada,CAN,1884,1.8968037
Canada,CAN,1885,1.7982968
Canada,CAN,1886,1.8977568
Canada,CAN,1887,2.1651986
Canada,CAN,1888,2.8083618
Canada,CAN,1889,2.3566074
Canada,CAN,1890,2.5630736
Canada,CAN,1891,2.8485932
Canada,CAN,1892,2.8091936
Canada,CAN,1893,2.9741094
Canada,CAN,1894,2.8107967
Canada,CAN,1895,2.6554804
Canada,CAN,1896,2.8461123
Canada,CAN,1897,2.8466144
Canada,CAN,1898,2.9912574
Canada,CAN,1899,3.601491
Canada,CAN,1900,3.809882
Canada,CAN,1901,4.314541
Canada,CAN,1902,4.5310693
Canada,CAN,1903,4.807077
Canada,CAN,1904,5.5376906
Canada,CAN,1905,5.762103
Canada,CAN,1906,5.924632
Canada,CAN,1907,7.2467875
Canada,CAN,1908,7.115185
Canada,CAN,1909,6.639268
Canada,CAN,1910,7.371467
Canada,CAN,1911,8.413321
Canada,CAN,1912,9.193391
Canada,CAN,1913,10.621982
Canada,CAN,1914,8.981634
Canada,CAN,1915,7.869652
Canada,CAN,1916,9.651729
Canada,CAN,1917,10.549546
Canada,CAN,1918,10.857058
Canada,CAN,1919,9.048733
Canada,CAN,1920,9.844267
Canada,CAN,1921,9.216849
Canada,CAN,1922,7.783743
Canada,CAN,1923,10.275167
Canada,CAN,1924,8.402561
Canada,CAN,1925,8.028306
Canada,CAN,1926,8.8852415
Canada,CAN,1927,9.4766445
Canada,CAN,1928,9.49147
Canada,CAN,1929,9.862325
Canada,CAN,1930,9.257836
Canada,CAN,1931,7.343073
Canada,CAN,1932,6.7147307
Canada,CAN,1933,6.573879
Canada,CAN,1934,7.4792857
Canada,CAN,1935,7.2952337
Canada,CAN,1936,7.8913813
Canada,CAN,1937,8.469536
Canada,CAN,1938,7.6667156
Canada,CAN,1939,8.410252
Canada,CAN,1940,9.483877
Canada,CAN,1941,10.331519
Canada,CAN,1942,11.084097
Canada,CAN,1943,11.464969
Canada,CAN,1944,11.450211
Canada,CAN,1945,10.452736
Canada,CAN,1946,10.886324
Canada,CAN,1947,11.086596
Canada,CAN,1948,12.02194
Canada,CAN,1949,10.782731
Canada,CAN,1950,11.216469
Canada,CAN,1951,11.551389
Canada,CAN,1952,11.006766
Canada,CAN,1953,10.780851
Canada,CAN,1954,10.638279
Canada,CAN,1955,10.77529
Canada,CAN,1956,11.745476
Canada,CAN,1957,10.985606
Canada,CAN,1958,10.649803
Canada,CAN,1959,10.53245
Canada,CAN,1960,10.766996
Canada,CAN,1961,10.622562
Canada,CAN,1962,11.120407
Canada,CAN,1963,11.121489
Canada,CAN,1964,12.295921
Canada,CAN,1965,12.797076
Canada,CAN,1966,12.919052
Canada,CAN,1967,13.7998
Canada,CAN,1968,14.626161
Canada,CAN,1969,14.598575
Canada,CAN,1970,15.915665
Canada,CAN,1971,16.090685
Canada,CAN,1972,17.129944
Canada,CAN,1973,16.93741
Canada,CAN,1974,17.07107
Canada,CAN,1975,17.14073
Canada,CAN,1976,17.009277
Canada,CAN,1977,17.184351
Canada,CAN,1978,17.329197
Canada,CAN,1979,18.223415
Canada,CAN,1980,18.050346
Canada,CAN,1981,17.292124
Canada,CAN,1982,16.485767
Canada,CAN,1983,16.068201
Canada,CAN,1984,16.56528
Canada,CAN,1985,16.26561
Canada,CAN,1986,15.440642
Canada,CAN,1987,16.238403
Canada,CAN,1988,16.921936
Canada,CAN,1989,16.914713
Canada,CAN,1990,16.481726
Canada,CAN,1991,15.973789
Canada,CAN,1992,16.259357
Canada,CAN,1993,16.096474
Canada,CAN,1994,16.415466
Canada,CAN,1995,16.677519
Canada,CAN,1996,17.058207
Canada,CAN,1997,17.366419
Canada,CAN,1998,17.461765
Canada,CAN,1999,17.773502
Canada,CAN,2000,18.344023
Canada,CAN,2001,17.90825
Canada,CAN,2002,17.892685
Canada,CAN,2003,18.255484
Canada,CAN,2004,17.93459
Canada,CAN,2005,17.583017
Canada,CAN,2006,17.287231
Canada,CAN,2007,17.827667
Canada,CAN,2008,17.166817
Canada,CAN,2009,15.997278
Canada,CAN,2010,16.20929
Canada,CAN,2011,16.287806
Canada,CAN,2012,16.086172
Canada,CAN,2013,16.11036
Canada,CAN,2014,15.853792
Canada,CAN,2015,15.655382
Canada,CAN,2016,15.231254
Canada,CAN,2017,15.394822
Canada,CAN,2018,15.420052
Canada,CAN,2019,15.324565
Canada,CAN,2020,13.732821
Canada,CAN,2021,13.977163
Canada,CAN,2022,14.107159
Canada,CAN,2023,13.880179
Canada,CAN,2024,13.419917
Chile,CHL,1844,0.019062828
Chile,CHL,1845,0.027928498
Chile,CHL,1846,0.03475631
Chile,CHL,1847,0.0417617
Chile,CHL,1848,0.046719722
Chile,CHL,1849,0.08377023
Chile,CHL,1850,0.06679672
Chile,CHL,1851,0.07696848
Chile,CHL,1852,0.12381134
Chile,CHL,1853,0.078371435
Chile,CHL,1854,0.0035610234
Chile,CHL,1855,0.097971365
Chile,CHL,1856,0.14004946
Chile,CHL,1857,0.27829304
Chile,CHL,1858,0.27802244
Chile,CHL,1859,0.15248412
Chile,CHL,1860,0.25057194
Chile,CHL,1861,0.1733896
Chile,CHL,1862,0.16878448
Chile,CHL,1863,0.14337668
Chile,CHL,1864,0.21867771
Chile,CHL,1865,0.21944878
Chile,CHL,1866,0.29572552
Chile,CHL,1867,0.46814832
Chile,CHL,1868,0.35619757
Chile,CHL,1869,0.36759114
Chile,CHL,1870,0.32967684
Chile,CHL,1871,0.28658715
Chile,CHL,1872,0.49835345
Chile,CHL,1873,0.6003659
Chile,CHL,1874,0.7721194
Chile,CHL,1875,0.67798877
Chile,CHL,1876,0.7257806
Chile,CHL,1877,0.60420686
Chile,CHL,1878,0.5532185
Chile,CHL,1879,0.59872895
Chile,CHL,1880,0.7434348
Chile,CHL,1881,0.73619914
Chile,CHL,1882,0.7733788
Chile,CHL,1883,0.6724216
Chile,CHL,1884,0.68402445
Chile,CHL,1885,0.6920362
Chile,CHL,1886,0.6202147
Chile,CHL,1887,0.594521
Chile,CHL,1888,0.8600965
Chile,CHL,1889,0.7878027
Chile,CHL,1890,0.75847536
Chile,CHL,1891,0.89357924
Chile,CHL,1892,0.7174702
Chile,CHL,1893,0.7506135
Chile,CHL,1894,1.0622503
Chile,CHL,1895,1.004684
Chile,CHL,1896,1.0874051
Chile,CHL,1897,0.8995567
Chile,CHL,1898,0.990564
Chile,CHL,1899,0.9839144
Chile,CHL,1900,0.955094
Chile,CHL,1901,1.0028182
Chile,CHL,1902,0.91724515
Chile,CHL,1903,0.9654839
Chile,CHL,1904,0.8820974
Chile,CHL,1905,1.1308866
Chile,CHL,1906,1.1173174
Chile,CHL,1907,1.5506488
Chile,CHL,1908,1.4337687
Chile,CHL,1909,1.4277976
Chile,CHL,1910,1.4083284
Chile,CHL,1911,1.6303532
Chile,CHL,1912,1.8215548
Chile,CHL,1913,1.7560836
Chile,CHL,1914,1.3747308
Chile,CHL,1915,0.94533294
Chile,CHL,1916,1.1334183
Chile,CHL,1917,1.149072
Chile,CHL,1918,1.0178598
Chile,CHL,1919,0.89926934
Chile,CHL,1920,0.71582717
Chile,CHL,1921,0.9532205
Chile,CHL,1922,0.5900533
Chile,CHL,1923,0.6595342
Chile,CHL,1924,0.9362855
Chile,CHL,1925,0.8870754
Chile,CHL,1926,0.85411555
Chile,CHL,1927,0.83222336
Chile,CHL,1928,0.771041
Chile,CHL,1929,0.83859414
Chile,CHL,1930,0.76164657
Chile,CHL,1931,0.5795235
Chile,CHL,1932,0.55090284
Chile,CHL,1933,0.7284792
Chile,CHL,1934,0.8386674
Chile,CHL,1935,0.8294169
Chile,CHL,1936,0.8932841
Chile,CHL,1937,0.95866245
Chile,CHL,1938,0.95595753
Chile,CHL,1939,0.86518764
Chile,CHL,1940,0.9836396
Chile,CHL,1941,0.9422513
Chile,CHL,1942,0.93518984
Chile,CHL,1943,0.9621311
Chile,CHL,1944,0.92697066
Chile,CHL,1945,0.8689729
Chile,CHL,1946,0.8572135
Chile,CHL,1947,0.8719314
Chile,CHL,1948,0.90363616
Chile,CHL,1949,0.79846287
Chile,CHL,1950,1.4157302
Chile,CHL,1951,1.4772933
Chile,CHL,1952,1.5385946
Chile,CHL,1953,1.4790105
Chile,CHL,1954,1.5431198
Chile,CHL,1955,1.5816275
Chile,CHL,1956,1.5797504
Chile,CHL,1957,1.5324862
Chile,CHL,1958,1.5930146
Chile,CHL,1959,1.5912158
Chile,CHL,1960,1.6528738
Chile,CHL,1961,1.736767
Chile,CHL,1962,1.9662515
Chile,CHL,1963,1.9996182
Chile,CHL,1964,1.979652
Chile,CHL,1965,1.9690897
Chile,CHL,1966,2.0445468
Chile,CHL,1967,2.057809
Chile,CHL,1968,2.2283635
Chile,CHL,1969,2.3275635
Chile,CHL,1970,2.5022788
Chile,CHL,1971,2.702956
Chile,CHL,1972,2.765591
Chile,CHL,1973,2.668038
Chile,CHL,1974,2.4632065
Chile,CHL,1975,2.1502633
Chile,CHL,1976,2.2170439
Chile,CHL,1977,2.0913982
Chile,CHL,1978,2.0444496
Chile,CHL,1979,2.1807895
Chile,CHL,1980,2.1809826
Chile,CHL,1981,2.0847452
Chile,CHL,1982,1.7278395
Chile,CHL,1983,1.7190958
Chile,CHL,1984,1.8025204
Chile,CHL,1985,1.7177714
Chile,CHL,1986,1.7493532
Chile,CHL,1987,1.7521433
Chile,CHL,1988,2.0462446
Chile,CHL,1989,2.4228394
Chile,CHL,1990,2.449037
Chile,CHL,1991,2.2610672
Chile,CHL,1992,2.3047636
Chile,CHL,1993,2.417898
Chile,CHL,1994,2.652569
Chile,CHL,1995,2.8609886
Chile,CHL,1996,3.2731185
Chile,CHL,1997,3.7463424
Chile,CHL,1998,3.784981
Chile,CHL,1999,4.0085335
Chile,CHL,2000,3.7734768
Chile,CHL,2001,3.3740683
Chile,CHL,2002,3.4579308
Chile,CHL,2003,3.4384434
Chile,CHL,2004,3.6584854
Chile,CHL,2005,3.7382884
Chile,CHL,2006,3.879552
Chile,CHL,2007,4.226911
Chile,CHL,2008,4.189623
Chile,CHL,2009,3.8777666
Chile,CHL,2010,4.1525846
Chile,CHL,2011,4.4993253
Chile,CHL,2012,4.5448008
Chile,CHL,2013,4.6210914
Chile,CHL,2014,4.3431134
Chile,CHL,2015,4.5312576
Chile,CHL,2016,4.6121125
Chile,CHL,2017,4.533392
Chile,CHL,2018,4.469476
Chile,CHL,2019,4.7910333
Chile,CHL,2020,4.1391664
Chile,CHL,2021,4.298362
Chile,CHL,2022,4.385191
Chile,CHL,2023,3.9475496
Chile,CHL,2024,3.983124
China,CHN,1907,0.04840261
China,CHN,1908,0.055020537
China,CHN,1909,0.058310255
China,CHN,1910,0.059680074
China,CHN,1911,0.05827084
China,CHN,1912,0.039898846
China,CHN,1913,0.056213327
China,CHN,1914,0.061269186
China,CHN,1915,0.057669863
China,CHN,1916,0.0676246
China,CHN,1917,0.071104296
China,CHN,1918,0.07631273
China,CHN,1919,0.08266413
China,CHN,1920,0.08693245
China,CHN,1921,0.083120845
China,CHN,1922,0.08528475
China,CHN,1923,0.09890104
China,CHN,1924,0.103484906
China,CHN,1925,0.09701566
China,CHN,1926,0.09184579
China,CHN,1927,0.09602494
China,CHN,1928,0.09940985
China,CHN,1929,0.10044768
China,CHN,1930,0.102641396
China,CHN,1931,0.10696789
China,CHN,1932,0.10303524
China,CHN,1933,0.110256605
China,CHN,1934,0.12636147
China,CHN,1935,0.1462837
China,CHN,1936,0.15108936
China,CHN,1937,0.141227
China,CHN,1938,0.12139731
China,CHN,1939,0.14638789
China,CHN,1940,0.17756674
China,CHN,1941,0.22169025
China,CHN,1942,0.24687532
China,CHN,1943,0.20974888
China,CHN,1944,0.19717897
China,CHN,1945,0.1064322
China,CHN,1946,0.06839545
China,CHN,1947,0.078831576
China,CHN,1948,0.07197712
China,CHN,1949,0.11541034
China,CHN,1950,0.14490603
China,CHN,1951,0.18440396
China,CHN,1952,0.22650127
China,CHN,1953,0.23164201
China,CHN,1954,0.2726271
China,CHN,1955,0.3156697
China,CHN,1956,0.35005215
China,CHN,1957,0.40578437
China,CHN,1958,0.8143566
China,CHN,1959,1.1033454
China,CHN,1960,1.2199273
China,CHN,1961,0.87018025
China,CHN,1962,0.69108945
China,CHN,1963,0.6672778
China,CHN,1964,0.65358335
China,CHN,1965,0.6915715
China,CHN,1966,0.74011993
China,CHN,1967,0.6047536
China,CHN,1968,0.63445187
China,CHN,1969,0.75759107
China,CHN,1970,0.9813614
China,CHN,1971,1.0771737
China,CHN,1972,1.1215245
China,CHN,1973,1.1424145
China,CHN,1974,1.1419026
China,CHN,1975,1.2914877
China,CHN,1976,1.3181169
China,CHN,1977,1.420932
China,CHN,1978,1.5609471
China,CHN,1979,1.5737503
China,CHN,1980,1.5198873
China,CHN,1981,1.479652
China,CHN,1982,1.5847058
China,CHN,1983,1.6459085
China,CHN,1984,1.7667418
China,CHN,1985,1.8844863
China,CHN,1986,1.9526218
China,CHN,1987,2.0585601
China,CHN,1988,2.1739132
China,CHN,1989,2.1712253
China,CHN,1990,2.1528878
China,CHN,1991,2.2370765
China,CHN,1992,2.3057148
China,CHN,1993,2.4340296
China,CHN,1994,2.559043
China,CHN,1995,2.7465813
China,CHN,1996,2.8427844
China,CHN,1997,2.8299394
China,CHN,1998,2.6824508
China,CHN,1999,2.817025
China,CHN,2000,2.8700879
China,CHN,2001,2.912365
China,CHN,2002,3.184619
China,CHN,2003,3.7351773
China,CHN,2004,4.001966
China,CHN,2005,4.4899764
China,CHN,2006,4.921031
China,CHN,2007,5.2606664
China,CHN,2008,5.6172485
China,CHN,2009,5.8706574
China,CHN,2010,6.370445
China,CHN,2011,6.998823
China,CHN,2012,7.131918
China,CHN,2013,7.2097993
China,CHN,2014,7.187588
China,CHN,2015,7.0609546
China,CHN,2016,6.9428844
China,CHN,2017,7.080384
China,CHN,2018,7.2915606
China,CHN,2019,7.5260706
China,CHN,2020,7.64075
China,CHN,2021,7.910899
China,CHN,2022,8.217776
China,CHN,2023,8.556261
China,CHN,2024,8.65839
Colombia,COL,1856,0.0040071183
Colombia,COL,1857,0.0073064007
Colombia,COL,1858,0.007823298
Colombia,COL,1859,0.0020233437
Colombia,COL,1860,0.0035302788
Colombia,COL,1861,0.004606907
Colombia,COL,1862,0.010472428
Colombia,COL,1863,0.009360362
Colombia,COL,1864,0.0075442423
Colombia,COL,1865,0.003940711
Colombia,COL,1866,0.031196771
Colombia,COL,1867,0.018872336
Colombia,COL,1868,0.029503398
Colombia,COL,1869,0.008487499
Colombia,COL,1870,0.022364696
Colombia,COL,1871,0.048549984
Colombia,COL,1872,0.041767456
Colombia,COL,1873,0.0319515
Colombia,COL,1874,0.030024983
Colombia,COL,1875,0.028442156
Colombia,COL,1876,0.025555748
Colombia,COL,1877,0.025114648
Colombia,COL,1878,0.022105632
Colombia,COL,1879,0.024431415
Colombia,COL,1880,0.025470357
Colombia,COL,1881,0.020506293
Colombia,COL,1882,0.02944682
Colombia,COL,1883,0.036268517
Colombia,COL,1884,0.047335166
Colombia,COL,1885,0.07053171
Colombia,COL,1886,0.08513221
Colombia,COL,1887,0.07262702
Colombia,COL,1888,0.0904061
Colombia,COL,1889,0.03498387
Colombia,COL,1890,0.031955775
Colombia,COL,1891,0.026062468
Colombia,COL,1892,0.023268968
Colombia,COL,1893,0.026879312
Colombia,COL,1894,0.021075284
Colombia,COL,1895,0.026990082
Colombia,COL,1896,0.026106073
Colombia,COL,1897,0.021332553
Colombia,COL,1898,0.02045788
Colombia,COL,1899,0.018764738
Colombia,COL,1900,0.022880573
Colombia,COL,1901,0.03374009
Colombia,COL,1902,0.03211902
Colombia,COL,1903,0.022027697
Colombia,COL,1904,0.012538751
Colombia,COL,1905,0.0051836674
Colombia,COL,1906,0.0054506958
Colombia,COL,1907,0.0054412326
Colombia,COL,1908,0.0032686961
Colombia,COL,1909,0.0045130816
Colombia,COL,1910,0.0029113346
Colombia,COL,1911,0.0039913775
Colombia,COL,1912,0.004037327
Colombia,COL,1913,0.008417422
Colombia,COL,1914,0.009798033
Colombia,COL,1915,0.007474984
Colombia,COL,1916,0.009264473
Colombia,COL,1917,0.012430999
Colombia,COL,1918,0.010907421
Colombia,COL,1919,0.020101335
Colombia,COL,1920,0.0169345
Colombia,COL,1921,0.02498989
Colombia,COL,1922,0.044720814
Colombia,COL,1923,0.046565417
Colombia,COL,1924,0.049272124
Colombia,COL,1925,0.0883397
Colombia,COL,1926,0.15221913
Colombia,COL,1927,0.13841985
Colombia,COL,1928,0.17388213
Colombia,COL,1929,0.1676649
Colombia,COL,1930,0.09229126
Colombia,COL,1931,0.09363077
Colombia,COL,1932,0.074256636
Colombia,COL,1933,0.11424147
Colombia,COL,1934,0.0953363
Colombia,COL,1935,0.29081786
Colombia,COL,1936,0.33098722
Colombia,COL,1937,0.3240652
Colombia,COL,1938,0.3426791
Colombia,COL,1939,0.52606094
Colombia,COL,1940,0.46177876
Colombia,COL,1941,0.41606894
Colombia,COL,1942,0.44001704
Colombia,COL,1943,0.3962257
Colombia,COL,1944,0.48294553
Colombia,COL,1945,0.45744348
Colombia,COL,1946,0.5417513
Colombia,COL,1947,0.53739357
Colombia,COL,1948,0.46363652
Colombia,COL,1949,0.51207066
Colombia,COL,1950,0.617136
Colombia,COL,1951,0.6759308
Colombia,COL,1952,0.6958995
Colombia,COL,1953,0.84428567
Colombia,COL,1954,0.7344134
Colombia,COL,1955,0.88651603
Colombia,COL,1956,0.9089167
Colombia,COL,1957,0.9565873
Colombia,COL,1958,0.95124096
Colombia,COL,1959,1.0628012
Colombia,COL,1960,1.0502543
Colombia,COL,1961,1.1305418
Colombia,COL,1962,1.1699169
Colombia,COL,1963,1.2406801
Colombia,COL,1964,1.2293721
Colombia,COL,1965,1.2581136
Colombia,COL,1966,1.2551239
Colombia,COL,1967,1.2833912
Colombia,COL,1968,1.3443122
Colombia,COL,1969,1.3806607
Colombia,COL,1970,1.3631722
Colombia,COL,1971,1.420408
Colombia,COL,1972,1.4402684
Colombia,COL,1973,1.5064603
Colombia,COL,1974,1.5939928
Colombia,COL,1975,1.5340227
Colombia,COL,1976,1.5919816
Colombia,COL,1977,1.6087989
Colombia,COL,1978,1.6648644
Colombia,COL,1979,1.7351121
Colombia,COL,1980,1.692443
Colombia,COL,1981,1.6571258
Colombia,COL,1982,1.6711999
Colombia,COL,1983,1.7585394
Colombia,COL,1984,1.7006774
Colombia,COL,1985,1.6430964
Colombia,COL,1986,1.6321721
Colombia,COL,1987,1.6439072
Colombia,COL,1988,1.6752639
Colombia,COL,1989,1.6710601
Colombia,COL,1990,1.7526762
Colombia,COL,1991,1.7103267
Colombia,COL,1992,1.8169323
Colombia,COL,1993,1.8367445
Colombia,COL,1994,1.9068248
Colombia,COL,1995,1.6576017
Colombia,COL,1996,1.6353179
Colombia,COL,1997,1.7535986
Colombia,COL,1998,1.7347395
Colombia,COL,1999,1.4376818
Colombia,COL,2000,1.4380411
Colombia,COL,2001,1.4219637
Colombia,COL,2002,1.3742627
Colombia,COL,2003,1.3931869
Colombia,COL,2004,1.3076525
Colombia,COL,2005,1.4302857
Colombia,COL,2006,1.4632028
Colombia,COL,2007,1.4032476
Colombia,COL,2008,1.5307138
Colombia,COL,2009,1.6211535
Colombia,COL,2010,1.684584
Colombia,COL,2011,1.6613352
Colombia,COL,2012,1.7209545
Colombia,COL,2013,1.8730689
Colombia,COL,2014,1.9766101
Colombia,COL,2015,1.9379755
Colombia,COL,2016,1.9306005
Colombia,COL,2017,1.7339902
Colombia,COL,2018,1.8523545
Colombia,COL,2019,1.9828873
Colombia,COL,2020,1.8231317
Colombia,COL,2021,2.0265136
Colombia,COL,2022,1.7286528
Colombia,COL,2023,1.7199993
Colombia,COL,2024,1.752047
Cote d'Ivoire,CIV,1950,0.20153978
Cote d'Ivoire,CIV,1951,0.16406928
Cote d'Ivoire,CIV,1952,0.17861517
Cote d'Ivoire,CIV,1953,0.14442185
Cote d'Ivoire,CIV,1954,0.16549993
Cote d'Ivoire,CIV,1955,0.1603555
Cote d'Ivoire,CIV,1956,0.1803067
Cote d'Ivoire,CIV,1957,0.17914008
Cote d'Ivoire,CIV,1958,0.14506295
Cote d'Ivoire,CIV,1959,0.15383011
Cote d'Ivoire,CIV,1960,0.12566827
Cote d'Ivoire,CIV,1961,0.14520785
Cote d'Ivoire,CIV,1962,0.14815451
Cote d'Ivoire,CIV,1963,0.15147603
Cote d'Ivoire,CIV,1964,0.1783154
Cote d'Ivoire,CIV,1965,0.26393035
Cote d'Ivoire,CIV,1966,0.26820272
Cote d'Ivoire,CIV,1967,0.28321183
Cote d'Ivoire,CIV,1968,0.32013962
Cote d'Ivoire,CIV,1969,0.36412585
Cote d'Ivoire,CIV,1970,0.4143653
Cote d'Ivoire,CIV,1971,0.43442476
Cote d'Ivoire,CIV,1972,0.45879662
Cote d'Ivoire,CIV,1973,0.4650386
Cote d'Ivoire,CIV,1974,0.50086635
Cote d'Ivoire,CIV,1975,0.5882901
Cote d'Ivoire,CIV,1976,0.56117946
Cote d'Ivoire,CIV,1977,0.55345654
Cote d'Ivoire,CIV,1978,0.6332252
Cote d'Ivoire,CIV,1979,0.6857598
Cote d'Ivoire,CIV,1980,0.6774689
Cote d'Ivoire,CIV,1981,0.45175886
Cote d'Ivoire,CIV,1982,0.62355864
Cote d'Ivoire,CIV,1983,0.48720345
Cote d'Ivoire,CIV,1984,0.5319156
Cote d'Ivoire,CIV,1985,0.69554245
Cote d'Ivoire,CIV,1986,0.5341106
Cote d'Ivoire,CIV,1987,0.6773254
Cote d'Ivoire,CIV,1988,0.78088164
Cote d'Ivoire,CIV,1989,0.7053023
Cote d'Ivoire,CIV,1990,0.39225647
Cote d'Ivoire,CIV,1991,0.33971196
Cote d'Ivoire,CIV,1992,0.29117006
Cote d'Ivoire,CIV,1993,0.37077582
Cote d'Ivoire,CIV,1994,0.2892791
Cote d'Ivoire,CIV,1995,0.41905755
Cote d'Ivoire,CIV,1996,0.48736253
Cote d'Ivoire,CIV,1997,0.44937733
Cote d'Ivoire,CIV,1998,0.40495548
Cote d'Ivoire,CIV,1999,0.35405606
Cote d'Ivoire,CIV,2000,0.37460092
Cote d'Ivoire,CIV,2001,0.42100108
Cote d'Ivoire,CIV,2002,0.39937046
Cote d'Ivoire,CIV,2003,0.27714372
Cote d'Ivoire,CIV,2004,0.37694627
Cote d'Ivoire,CIV,2005,0.37710994
Cote d'Ivoire,CIV,2006,0.33519748
Cote d'Ivoire,CIV,2007,0.31636202
Cote d'Ivoire,CIV,2008,0.31200454
Cote d'Ivoire,CIV,2009,0.25729427
Cote d'Ivoire,CIV,2010,0.27680218
Cote d'Ivoire,CIV,2011,0.28383818
Cote d'Ivoire,CIV,2012,0.36391443
Cote d'Ivoire,CIV,2013,0.4043384
Cote d'Ivoire,CIV,2014,0.40376183
Cote d'Ivoire,CIV,2015,0.3784605
Cote d'Ivoire,CIV,2016,0.46093678
Cote d'Ivoire,CIV,2017,0.44894835
Cote d'Ivoire,CIV,2018,0.37922856
Cote d'Ivoire,CIV,2019,0.37380695
Cote d'Ivoire,CIV,2020,0.38106292
Cote d'Ivoire,CIV,2021,0.46106416
Cote d'Ivoire,CIV,2022,0.47719425
Cote d'Ivoire,CIV,2023,0.45089495
Cote d'Ivoire,CIV,2024,0.46434766
Cuba,CUB,1856,0.29310027
Cuba,CUB,1857,0.2703942
Cuba,CUB,1858,0.2494468
Cuba,CUB,1859,0.23112445
Cuba,CUB,1860,0.21505839
Cuba,CUB,1861,0.31799534
Cuba,CUB,1862,0.4260334
Cuba,CUB,1863,0.2678384
Cuba,CUB,1864,0.44364685
Cuba,CUB,1865,0.42921627
Cuba,CUB,1866,0.4334291
Cuba,CUB,1867,0.46649697
Cuba,CUB,1868,0.44323146
Cuba,CUB,1869,0.50653934
Cuba,CUB,1870,0.46153295
Cuba,CUB,1871,0.4460534
Cuba,CUB,1872,0.44842038
Cuba,CUB,1873,0.458934
Cuba,CUB,1874,0.45893314
Cuba,CUB,1875,0.45397827
Cuba,CUB,1876,0.38550904
Cuba,CUB,1877,0.39875352
Cuba,CUB,1878,0.45804694
Cuba,CUB,1879,0.45948717
Cuba,CUB,1880,0.3843559
Cuba,CUB,1881,0.39128685
Cuba,CUB,1882,0.39353347
Cuba,CUB,1883,0.37875542
Cuba,CUB,1884,0.3690378
Cuba,CUB,1885,0.38117373
Cuba,CUB,1886,0.35752812
Cuba,CUB,1887,0.39632675
Cuba,CUB,1888,0.43799767
Cuba,CUB,1889,0.4825447
Cuba,CUB,1890,0.46701905
Cuba,CUB,1891,0.5567294
Cuba,CUB,1892,0.61376554
Cuba,CUB,1893,0.58057266
Cuba,CUB,1894,0.62387305
Cuba,CUB,1895,0.59499514
Cuba,CUB,1896,0.47597513
Cuba,CUB,1897,0.44913945
Cuba,CUB,1898,0.49726653
Cuba,CUB,1899,0.5546798
Cuba,CUB,1900,0.5488672
Cuba,CUB,1901,0.5800728
Cuba,CUB,1902,0.5527431
Cuba,CUB,1903,0.6564459
Cuba,CUB,1904,0.7081365
Cuba,CUB,1905,0.83883935
Cuba,CUB,1906,0.9322903
Cuba,CUB,1907,0.9351089
Cuba,CUB,1908,0.8850283
Cuba,CUB,1909,0.9078128
Cuba,CUB,1910,1.048893
Cuba,CUB,1911,1.2022811
Cuba,CUB,1912,1.3568459
Cuba,CUB,1913,1.3200996
Cuba,CUB,1914,1.1732751
Cuba,CUB,1915,1.183904
Cuba,CUB,1916,1.3341439
Cuba,CUB,1917,1.4157027
Cuba,CUB,1918,1.342545
Cuba,CUB,1919,0.9003145
Cuba,CUB,1920,1.1825548
Cuba,CUB,1921,0.47983858
Cuba,CUB,1922,0.42689407
Cuba,CUB,1923,0.54189736
Cuba,CUB,1924,0.46240965
Cuba,CUB,1925,0.48909208
Cuba,CUB,1926,0.45818788
Cuba,CUB,1927,0.45146117
Cuba,CUB,1928,0.4251127
Cuba,CUB,1929,0.22402929
Cuba,CUB,1930,0.33091867
Cuba,CUB,1931,0.23973113
Cuba,CUB,1932,0.18952794
Cuba,CUB,1933,0.18257132
Cuba,CUB,1934,0.19301602
Cuba,CUB,1935,0.18434426
Cuba,CUB,1936,0.210922
Cuba,CUB,1937,0.22104634
Cuba,CUB,1938,0.19525757
Cuba,CUB,1939,0.15264891
Cuba,CUB,1940,0.14475082
Cuba,CUB,1941,0.11698045
Cuba,CUB,1942,0.095620714
Cuba,CUB,1943,0.14584097
Cuba,CUB,1944,0.1023008
Cuba,CUB,1945,0.10548957
Cuba,CUB,1946,0.08834179
Cuba,CUB,1947,0.100610726
Cuba,CUB,1948,0.073995896
Cuba,CUB,1949,0.05844986
Cuba,CUB,1950,0.9521602
Cuba,CUB,1951,1.0706487
Cuba,CUB,1952,1.0194548
Cuba,CUB,1953,0.98485094
Cuba,CUB,1954,0.92761296
Cuba,CUB,1955,1.035693
Cuba,CUB,1956,0.87501776
Cuba,CUB,1957,2.0355523
Cuba,CUB,1958,2.589055
Cuba,CUB,1959,2.208685
Cuba,CUB,1960,1.8909839
Cuba,CUB,1961,1.6472323
Cuba,CUB,1962,1.8769861
Cuba,CUB,1963,1.6913116
Cuba,CUB,1964,1.8152777
Cuba,CUB,1965,1.8172693
Cuba,CUB,1966,1.8514032
Cuba,CUB,1967,1.8840635
Cuba,CUB,1968,1.8825407
Cuba,CUB,1969,1.989618
Cuba,CUB,1970,2.113924
Cuba,CUB,1971,2.1815865
Cuba,CUB,1972,2.277248
Cuba,CUB,1973,2.4175622
Cuba,CUB,1974,2.4416056
Cuba,CUB,1975,2.8523476
Cuba,CUB,1976,2.8415406
Cuba,CUB,1977,3.04445
Cuba,CUB,1978,3.1570482
Cuba,CUB,1979,3.245251
Cuba,CUB,1980,3.1998644
Cuba,CUB,1981,3.3224084
Cuba,CUB,1982,3.4831488
Cuba,CUB,1983,3.0848298
Cuba,CUB,1984,3.2343595
Cuba,CUB,1985,3.2051916
Cuba,CUB,1986,3.2746909
Cuba,CUB,1987,3.2832272
Cuba,CUB,1988,3.4139602
Cuba,CUB,1989,3.391077
Cuba,CUB,1990,2.7876527
Cuba,CUB,1991,2.5155945
Cuba,CUB,1992,1.9242412
Cuba,CUB,1993,1.8254439
Cuba,CUB,1994,1.9682459
Cuba,CUB,1995,2.0931392
Cuba,CUB,1996,2.1258638
Cuba,CUB,1997,2.2571273
Cuba,CUB,1998,2.202912
Cuba,CUB,1999,2.211768
Cuba,CUB,2000,2.2773356
Cuba,CUB,2001,2.2147021
Cuba,CUB,2002,2.252687
Cuba,CUB,2003,2.2797303
Cuba,CUB,2004,2.1834989
Cuba,CUB,2005,2.2824476
Cuba,CUB,2006,2.3745453
Cuba,CUB,2007,2.2790463
Cuba,CUB,2008,2.4564986
Cuba,CUB,2009,2.5021207
Cuba,CUB,2010,2.9247391
Cuba,CUB,2011,2.572717
Cuba,CUB,2012,2.6077478
Cuba,CUB,2013,2.4688954
Cuba,CUB,2014,2.4248602
Cuba,CUB,2015,2.5801377
Cuba,CUB,2016,2.4652224
Cuba,CUB,2017,2.1834598
Cuba,CUB,2018,2.050346
Cuba,CUB,2019,2.00725
Cuba,CUB,2020,1.9040953
Cuba,CUB,2021,2.0273802
Cuba,CUB,2022,2.1029758
Cuba,CUB,2023,2.1298018
Cuba,CUB,2024,2.225931
Czechia,CZE,1860,0.027807439
Czechia,CZE,1861,0.090909004
Czechia,CZE,1862,0.15367869
Czechia,CZE,1863,0.21574144
Czechia,CZE,1864,0.27710313
Czechia,CZE,1865,0.3377699
Czechia,CZE,1866,0.39774752
Czechia,CZE,1867,0.45667544
Czechia,CZE,1868,0.5152942
Czechia,CZE,1869,0.5732409
Czechia,CZE,1870,0.63052166
Czechia,CZE,1871,0.6867004
Czechia,CZE,1872,0.741797
Czechia,CZE,1873,0.7965319
Czechia,CZE,1874,0.8505539
Czechia,CZE,1875,0.90387
Czechia,CZE,1876,1.5526434
Czechia,CZE,1877,1.621177
Czechia,CZE,1878,1.6887935
Czechia,CZE,1879,1.8034911
Czechia,CZE,1880,1.8987638
Czechia,CZE,1881,1.9933131
Czechia,CZE,1882,2.026176
Czechia,CZE,1883,2.151255
Czechia,CZE,1884,2.208726
Czechia,CZE,1885,2.3051481
Czechia,CZE,1886,2.4088209
Czechia,CZE,1887,2.5150635
Czechia,CZE,1888,2.6795893
Czechia,CZE,1889,2.8199465
Czechia,CZE,1890,2.997709
Czechia,CZE,1891,3.0862546
Czechia,CZE,1892,3.111226
Czechia,CZE,1893,3.158158
Czechia,CZE,1894,3.2148156
Czechia,CZE,1895,3.3132837
Czechia,CZE,1896,3.3711262
Czechia,CZE,1897,3.5429556
Czechia,CZE,1898,3.5968678
Czechia,CZE,1899,3.6645114
Czechia,CZE,1900,3.61253
Czechia,CZE,1901,3.7462018
Czechia,CZE,1902,3.7682655
Czechia,CZE,1903,3.8109176
Czechia,CZE,1904,3.8200796
Czechia,CZE,1905,3.904105
Czechia,CZE,1906,4.0481563
Czechia,CZE,1907,4.223756
Czechia,CZE,1908,4.271203
Czechia,CZE,1909,4.2153263
Czechia,CZE,1910,4.1418605
Czechia,CZE,1911,4.1681795
Czechia,CZE,1912,4.409679
Czechia,CZE,1913,4.5835943
Czechia,CZE,1914,4.1534467
Czechia,CZE,1915,4.1430717
Czechia,CZE,1916,4.4372363
Czechia,CZE,1917,4.211263
Czechia,CZE,1918,3.634958
Czechia,CZE,1919,3.4624279
Czechia,CZE,1920,3.414656
Czechia,CZE,1921,3.271479
Czechia,CZE,1922,2.8876987
Czechia,CZE,1923,3.0267377
Czechia,CZE,1924,3.6861362
Czechia,CZE,1925,3.4382272
Czechia,CZE,1926,3.4617114
Czechia,CZE,1927,3.6962097
Czechia,CZE,1928,3.8721123
Czechia,CZE,1929,4.311462
Czechia,CZE,1930,3.7857559
Czechia,CZE,1931,3.524445
Czechia,CZE,1932,3.058168
Czechia,CZE,1933,2.786044
Czechia,CZE,1934,2.774063
Czechia,CZE,1935,2.848779
Czechia,CZE,1936,3.0895448
Czechia,CZE,1937,3.736952
Czechia,CZE,1938,4.283196
Czechia,CZE,1939,4.60937
Czechia,CZE,1940,5.169698
Czechia,CZE,1941,5.218172
Czechia,CZE,1942,5.666184
Czechia,CZE,1943,6.26664
Czechia,CZE,1944,5.934381
Czechia,CZE,1945,3.2718873
Czechia,CZE,1946,4.574915
Czechia,CZE,1947,5.6418104
Czechia,CZE,1948,6.0541806
Czechia,CZE,1949,6.335467
Czechia,CZE,1950,6.4879303
Czechia,CZE,1951,6.8519387
Czechia,CZE,1952,7.2616653
Czechia,CZE,1953,7.4644513
Czechia,CZE,1954,7.911935
Czechia,CZE,1955,8.154012
Czechia,CZE,1956,8.686226
Czechia,CZE,1957,9.013441
Czechia,CZE,1958,9.7968445
Czechia,CZE,1959,9.768146
Czechia,CZE,1960,10.384136
Czechia,CZE,1961,11.231927
Czechia,CZE,1962,11.939824
Czechia,CZE,1963,12.517958
Czechia,CZE,1964,12.973811
Czechia,CZE,1965,12.592153
Czechia,CZE,1966,12.486286
Czechia,CZE,1967,12.4307785
Czechia,CZE,1968,12.984124
Czechia,CZE,1969,13.7652855
Czechia,CZE,1970,15.759753
Czechia,CZE,1971,16.493732
Czechia,CZE,1972,16.583609
Czechia,CZE,1973,16.56879
Czechia,CZE,1974,16.659248
Czechia,CZE,1975,17.315779
Czechia,CZE,1976,17.8766
Czechia,CZE,1977,18.306883
Czechia,CZE,1978,18.379374
Czechia,CZE,1979,17.818516
Czechia,CZE,1980,17.974098
Czechia,CZE,1981,17.75334
Czechia,CZE,1982,17.562527
Czechia,CZE,1983,17.578142
Czechia,CZE,1984,18.168127
Czechia,CZE,1985,17.916586
Czechia,CZE,1986,18.039669
Czechia,CZE,1987,17.82683
Czechia,CZE,1988,17.530947
Czechia,CZE,1989,16.725565
Czechia,CZE,1990,15.943747
Czechia,CZE,1991,14.44877
Czechia,CZE,1992,14.129348
Czechia,CZE,1993,13.577581
Czechia,CZE,1994,12.852731
Czechia,CZE,1995,12.764089
Czechia,CZE,1996,13.113578
Czechia,CZE,1997,12.737488
Czechia,CZE,1998,12.246615
Czechia,CZE,1999,11.380794
Czechia,CZE,2000,12.429018
Czechia,CZE,2001,12.428257
Czechia,CZE,2002,12.108837
Czechia,CZE,2003,12.449295
Czechia,CZE,2004,12.504434
Czechia,CZE,2005,12.228751
Czechia,CZE,2006,12.279241
Czechia,CZE,2007,12.417233
Czechia,CZE,2008,11.84469
Czechia,CZE,2009,11.032746
Czechia,CZE,2010,11.225506
Czechia,CZE,2011,10.974041
Czechia,CZE,2012,10.590268
Czechia,CZE,2013,10.152071
Czechia,CZE,2014,9.910655
Czechia,CZE,2015,9.975821
Czechia,CZE,2016,10.125045
Czechia,CZE,2017,10.220285
Czechia,CZE,2018,10.0789385
Czechia,CZE,2019,9.568804
Czechia,CZE,2020,8.688184
Czechia,CZE,2021,9.175987
Czechia,CZE,2022,8.904502
Czechia,CZE,2023,7.6997585
Czechia,CZE,2024,7.043965
Ecuador,ECU,1892,0.00006432713
Ecuador,ECU,1893,0.000005985385
Ecuador,ECU,1894,0.00000961552
Ecuador,ECU,1895,0.0024883917
Ecuador,ECU,1896,0.0000021687301
Ecuador,ECU,1897,0.0005788915
Ecuador,ECU,1898,0
Ecuador,ECU,1899,0.0013729362
Ecuador,ECU,1900,0.0000020670652
Ecuador,ECU,1901,0.000012234245
Ecuador,ECU,1902,0.000032829303
Ecuador,ECU,1903,0.0016941266
Ecuador,ECU,1904,0.0027927968
Ecuador,ECU,1905,0.023755748
Ecuador,ECU,1906,0.008086106
Ecuador,ECU,1907,0.00030570725
Ecuador,ECU,1908,0.004785108
Ecuador,ECU,1909,0.02148532
Ecuador,ECU,1910,0.03335241
Ecuador,ECU,1911,0.03012813
Ecuador,ECU,1912,0.02723445
Ecuador,ECU,1913,0.030621221
Ecuador,ECU,1914,0.016727073
Ecuador,ECU,1915,0.013771962
Ecuador,ECU,1916,0.02764549
Ecuador,ECU,1917,0.034245703
Ecuador,ECU,1918,0.017152995
Ecuador,ECU,1919,0.018074298
Ecuador,ECU,1920,0.020981593
Ecuador,ECU,1921,0.019503636
Ecuador,ECU,1922,0.019151662
Ecuador,ECU,1923,0.021981938
Ecuador,ECU,1924,0.026942544
Ecuador,ECU,1925,0.037161067
Ecuador,ECU,1926,0.057359103
Ecuador,ECU,1927,0.11865122
Ecuador,ECU,1928,0.23713194
Ecuador,ECU,1929,0.29725403
Ecuador,ECU,1930,0.3303524
Ecuador,ECU,1931,0.36702877
Ecuador,ECU,1932,0.3337105
Ecuador,ECU,1933,0.33257493
Ecuador,ECU,1934,0.32803318
Ecuador,ECU,1935,0.34268475
Ecuador,ECU,1936,0.37369338
Ecuador,ECU,1937,0.40608004
Ecuador,ECU,1938,0.41887012
Ecuador,ECU,1939,0.42402664
Ecuador,ECU,1940,0.41984522
Ecuador,ECU,1941,0.2734796
Ecuador,ECU,1942,0.3827613
Ecuador,ECU,1943,0.3722741
Ecuador,ECU,1944,0.4535072
Ecuador,ECU,1945,0.4067837
Ecuador,ECU,1946,0.35426763
Ecuador,ECU,1947,0.36049187
Ecuador,ECU,1948,0.38820612
Ecuador,ECU,1949,0.38110134
Ecuador,ECU,1950,0.21049644
Ecuador,ECU,1951,0.19500409
Ecuador,ECU,1952,0.24168304
Ecuador,ECU,1953,0.21597318
Ecuador,ECU,1954,0.2468903
Ecuador,ECU,1955,0.298921
Ecuador,ECU,1956,0.31508577
Ecuador,ECU,1957,0.26770535
Ecuador,ECU,1958,0.30437443
Ecuador,ECU,1959,0.2895492
Ecuador,ECU,1960,0.38371226
Ecuador,ECU,1961,0.34818482
Ecuador,ECU,1962,0.3217902
Ecuador,ECU,1963,0.3587405
Ecuador,ECU,1964,0.41598296
Ecuador,ECU,1965,0.42874324
Ecuador,ECU,1966,0.44231972
Ecuador,ECU,1967,0.45991212
Ecuador,ECU,1968,0.5366926
Ecuador,ECU,1969,0.60062516
Ecuador,ECU,1970,0.69503534
Ecuador,ECU,1971,0.6655214
Ecuador,ECU,1972,0.7028646
Ecuador,ECU,1973,0.78188795
Ecuador,ECU,1974,0.87930804
Ecuador,ECU,1975,1.0332451
Ecuador,ECU,1976,1.1066068
Ecuador,ECU,1977,0.9929537
Ecuador,ECU,1978,1.3455733
Ecuador,ECU,1979,1.5280203
Ecuador,ECU,1980,1.6429337
Ecuador,ECU,1981,1.9866933
Ecuador,ECU,1982,2.235349
Ecuador,ECU,1983,2.2077045
Ecuador,ECU,1984,2.3371751
Ecuador,ECU,1985,2.0811214
Ecuador,ECU,1986,1.5946207
Ecuador,ECU,1987,1.5394787
Ecuador,ECU,1988,1.7186366
Ecuador,ECU,1989,1.9716887
Ecuador,ECU,1990,1.5754483
Ecuador,ECU,1991,1.5135384
Ecuador,ECU,1992,2.0125597
Ecuador,ECU,1993,2.16253
Ecuador,ECU,1994,1.2608284
Ecuador,ECU,1995,2.0304213
Ecuador,ECU,1996,2.1452327
Ecuador,ECU,1997,1.6175864
Ecuador,ECU,1998,1.8868942
Ecuador,ECU,1999,1.7638682
Ecuador,ECU,2000,1.6509491
Ecuador,ECU,2001,1.815233
Ecuador,ECU,2002,1.8922564
Ecuador,ECU,2003,2.0275195
Ecuador,ECU,2004,2.1537893
Ecuador,ECU,2005,2.2137334
Ecuador,ECU,2006,2.1142087
Ecuador,ECU,2007,2.4002497
Ecuador,ECU,2008,2.091753
Ecuador,ECU,2009,2.2807763
Ecuador,ECU,2010,2.41893
Ecuador,ECU,2011,2.510752
Ecuador,ECU,2012,2.4076736
Ecuador,ECU,2013,2.5105705
Ecuador,ECU,2014,2.7289972
Ecuador,ECU,2015,2.5388634
Ecuador,ECU,2016,2.3855908
Ecuador,ECU,2017,2.3387234
Ecuador,ECU,2018,2.2552624
Ecuador,ECU,2019,2.3115683
Ecuador,ECU,2020,1.8507442
Ecuador,ECU,2021,2.159484
Ecuador,ECU,2022,2.36007
Ecuador,ECU,2023,2.4805002
Ecuador,ECU,2024,2.535337
Egypt,EGY,1911,0.00095592125
Egypt,EGY,1912,0.007244242
Egypt,EGY,1913,0.003426251
Egypt,EGY,1914,0.025874218
Egypt,EGY,1915,0.007615343
Egypt,EGY,1916,0.014760709
Egypt,EGY,1917,0.034258686
Egypt,EGY,1918,0.06949286
Egypt,EGY,1919,0.054725338
Egypt,EGY,1920,0.03568628
Egypt,EGY,1921,0.043537762
Egypt,EGY,1922,0.040802166
Egypt,EGY,1923,0.035621382
Egypt,EGY,1924,0.037430473
Egypt,EGY,1925,0.041100673
Egypt,EGY,1926,0.03903243
Egypt,EGY,1927,0.041264337
Egypt,EGY,1928,0.0623732
Egypt,EGY,1929,0.06553288
Egypt,EGY,1930,0.07165223
Egypt,EGY,1931,0.06975627
Egypt,EGY,1932,0.065090686
Egypt,EGY,1933,0.05876274
Egypt,EGY,1934,0.05479843
Egypt,EGY,1935,0.048983943
Egypt,EGY,1936,0.047148738
Egypt,EGY,1937,0.04393957
Egypt,EGY,1938,0.055349458
Egypt,EGY,1939,0.13811542
Egypt,EGY,1940,0.18441434
Egypt,EGY,1941,0.23555782
Egypt,EGY,1942,0.22320671
Egypt,EGY,1943,0.23263827
Egypt,EGY,1944,0.24078307
Egypt,EGY,1945,0.23437251
Egypt,EGY,1946,0.22137754
Egypt,EGY,1947,0.22538629
Egypt,EGY,1948,0.30597034
Egypt,EGY,1949,0.36178073
Egypt,EGY,1950,0.48387572
Egypt,EGY,1951,0.4886964
Egypt,EGY,1952,0.49278125
Egypt,EGY,1953,0.47600484
Egypt,EGY,1954,0.502505
Egypt,EGY,1955,0.4472348
Egypt,EGY,1956,0.40768233
Egypt,EGY,1957,0.47677618
Egypt,EGY,1958,0.53446907
Egypt,EGY,1959,0.48449782
Egypt,EGY,1960,0.59609026
Egypt,EGY,1961,0.61831015
Egypt,EGY,1962,0.65536577
Egypt,EGY,1963,0.73996145
Egypt,EGY,1964,0.8537229
Egypt,EGY,1965,0.90141046
Egypt,EGY,1966,0.8447969
Egypt,EGY,1967,0.61031455
Egypt,EGY,1968,0.6931451
Egypt,EGY,1969,0.58159745
Egypt,EGY,1970,0.62540483
Egypt,EGY,1971,0.64846116
Egypt,EGY,1972,0.70070064
Egypt,EGY,1973,0.6377943
Egypt,EGY,1974,0.68401134
Egypt,EGY,1975,0.79482013
Egypt,EGY,1976,0.8612098
Egypt,EGY,1977,0.92312324
Egypt,EGY,1978,0.9351637
Egypt,EGY,1979,0.99633193
Egypt,EGY,1980,1.0220172
Egypt,EGY,1981,1.1203363
Egypt,EGY,1982,1.2067035
Egypt,EGY,1983,1.1798244
Egypt,EGY,1984,1.2780764
Egypt,EGY,1985,1.2434535
Egypt,EGY,1986,1.4055381
Egypt,EGY,1987,1.3670807
Egypt,EGY,1988,1.3199857
Egypt,EGY,1989,1.2332729
Egypt,EGY,1990,1.2480806
Egypt,EGY,1991,1.2401799
Egypt,EGY,1992,1.2592472
Egypt,EGY,1993,1.4437534
Egypt,EGY,1994,1.3608489
Egypt,EGY,1995,1.4922212
Egypt,EGY,1996,1.447787
Egypt,EGY,1997,1.6210911
Egypt,EGY,1998,1.7765288
Egypt,EGY,1999,1.7755245
Egypt,EGY,2000,1.9544393
Egypt,EGY,2001,1.6928145
Egypt,EGY,2002,1.6836745
Egypt,EGY,2003,1.9261036
Egypt,EGY,2004,1.9114492
Egypt,EGY,2005,2.0583456
Egypt,EGY,2006,2.1570544
Egypt,EGY,2007,2.245012
Egypt,EGY,2008,2.2810254
Egypt,EGY,2009,2.345589
Egypt,EGY,2010,2.2725692
Egypt,EGY,2011,2.4335008
Egypt,EGY,2012,2.28126
Egypt,EGY,2013,2.2981055
Egypt,EGY,2014,2.3301265
Egypt,EGY,2015,2.2757032
Egypt,EGY,2016,2.411969
Egypt,EGY,2017,2.443332
Egypt,EGY,2018,2.2889705
Egypt,EGY,2019,2.1762276
Egypt,EGY,2020,2.2533324
Egypt,EGY,2021,2.4048865
Egypt,EGY,2022,2.2189891
Egypt,EGY,2023,2.1847339
Egypt,EGY,2024,2.2170217
Ethiopia,ETH,1941,0.000623873
Ethiopia,ETH,1942,0.000623873
Ethiopia,ETH,1943,0.000623873
Ethiopia,ETH,1948,0.0002079386
Ethiopia,ETH,1949,0.00020702281
Ethiopia,ETH,1950,0.004974812
Ethiopia,ETH,1951,0.0034608813
Ethiopia,ETH,1952,0.005396543
Ethiopia,ETH,1953,0.009808419
Ethiopia,ETH,1954,0.014235502
Ethiopia,ETH,1955,0.011691643
Ethiopia,ETH,1956,0.012195691
Ethiopia,ETH,1957,0.01597834
Ethiopia,ETH,1958,0.015558819
Ethiopia,ETH,1959,0.01614127
Ethiopia,ETH,1960,0.016448993
Ethiopia,ETH,1961,0.015549686
Ethiopia,ETH,1962,0.017606579
Ethiopia,ETH,1963,0.018272584
Ethiopia,ETH,1964,0.01717724
Ethiopia,ETH,1965,0.02651023
Ethiopia,ETH,1966,0.03302185
Ethiopia,ETH,1967,0.04187924
Ethiopia,ETH,1968,0.065496065
Ethiopia,ETH,1969,0.061554357
Ethiopia,ETH,1970,0.059352223
Ethiopia,ETH,1971,0.06466611
Ethiopia,ETH,1972,0.047871374
Ethiopia,ETH,1973,0.058040217
Ethiopia,ETH,1974,0.056085713
Ethiopia,ETH,1975,0.038095903
Ethiopia,ETH,1976,0.036107257
Ethiopia,ETH,1977,0.031560805
Ethiopia,ETH,1978,0.040566687
Ethiopia,ETH,1979,0.053861197
Ethiopia,ETH,1980,0.05279005
Ethiopia,ETH,1981,0.052685432
Ethiopia,ETH,1982,0.04015973
Ethiopia,ETH,1983,0.048614576
Ethiopia,ETH,1984,0.04260359
Ethiopia,ETH,1985,0.04514592
Ethiopia,ETH,1986,0.05349345
Ethiopia,ETH,1987,0.06015965
Ethiopia,ETH,1988,0.059796516
Ethiopia,ETH,1989,0.060900897
Ethiopia,ETH,1990,0.06272888
Ethiopia,ETH,1991,0.059506003
Ethiopia,ETH,1992,0.056634992
Ethiopia,ETH,1993,0.05573794
Ethiopia,ETH,1994,0.03950982
Ethiopia,ETH,1995,0.04355351
Ethiopia,ETH,1996,0.046986714
Ethiopia,ETH,1997,0.048533186
Ethiopia,ETH,1998,0.04967246
Ethiopia,ETH,1999,0.0473315
Ethiopia,ETH,2000,0.051368907
Ethiopia,ETH,2001,0.06137175
Ethiopia,ETH,2002,0.06186438
Ethiopia,ETH,2003,0.06596311
Ethiopia,ETH,2004,0.06780678
Ethiopia,ETH,2005,0.06324217
Ethiopia,ETH,2006,0.065897726
Ethiopia,ETH,2007,0.07026919
Ethiopia,ETH,2008,0.0750213
Ethiopia,ETH,2009,0.073328234
Ethiopia,ETH,2010,0.070071824
Ethiopia,ETH,2011,0.07895706
Ethiopia,ETH,2012,0.08338755
Ethiopia,ETH,2013,0.09898247
Ethiopia,ETH,2014,0.11415848
Ethiopia,ETH,2015,0.12095851
Ethiopia,ETH,2016,0.13421538
Ethiopia,ETH,2017,0.13315514
Ethiopia,ETH,2018,0.14305523
Ethiopia,ETH,2019,0.1484148
Ethiopia,ETH,2020,0.14072774
Ethiopia,ETH,2021,0.1466006
Ethiopia,ETH,2022,0.13526215
Ethiopia,ETH,2023,0.13653299
Ethiopia,ETH,2024,0.13506985
France,FRA,1802,0.076622
France,FRA,1804,0.07393558
France,FRA,1810,0.070469946
France,FRA,1811,0.067903295
France,FRA,1812,0.07308623
France,FRA,1813,0.06727743
France,FRA,1814,0.06846539
France,FRA,1815,0.076333165
France,FRA,1816,0.08116601
France,FRA,1817,0.086080305
France,FRA,1818,0.07678174
France,FRA,1819,0.082100935
France,FRA,1820,0.09271228
France,FRA,1821,0.095714025
France,FRA,1822,0.100134835
France,FRA,1823,0.09950061
France,FRA,1824,0.10972901
France,FRA,1825,0.122663274
France,FRA,1826,0.12594925
France,FRA,1827,0.18088658
France,FRA,1828,0.18988127
France,FRA,1829,0.18364692
France,FRA,1830,0.19692379
France,FRA,1831,0.1809741
France,FRA,1832,0.19870651
France,FRA,1833,0.21459202
France,FRA,1834,0.26293486
France,FRA,1835,0.2715916
France,FRA,1836,0.31054175
France,FRA,1837,0.3298498
France,FRA,1838,0.3432477
France,FRA,1839,0.33313882
France,FRA,1840,0.3381736
France,FRA,1841,0.39443934
France,FRA,1842,0.41288608
France,FRA,1843,0.411831
France,FRA,1844,0.43019587
France,FRA,1845,0.50076497
France,FRA,1846,0.5180938
France,FRA,1847,0.5803729
France,FRA,1848,0.4628796
France,FRA,1849,0.48037285
France,FRA,1850,0.5401483
France,FRA,1851,0.5501596
France,FRA,1852,0.59067684
France,FRA,1853,0.6923327
France,FRA,1854,0.79631627
France,FRA,1855,0.8994212
France,FRA,1856,0.9397137
France,FRA,1857,0.9551182
France,FRA,1858,0.9344241
France,FRA,1859,0.9428659
France,FRA,1860,1.0249465
France,FRA,1861,1.1057359
France,FRA,1862,1.1638623
France,FRA,1863,1.1783826
France,FRA,1864,1.2454354
France,FRA,1865,1.3076444
France,FRA,1866,1.4167037
France,FRA,1867,1.431795
France,FRA,1868,1.4608666
France,FRA,1869,1.4943383
France,FRA,1870,1.3234235
France,FRA,1871,1.3137927
France,FRA,1872,1.5900015
France,FRA,1873,1.71633
France,FRA,1874,1.6306893
France,FRA,1875,1.6966279
France,FRA,1876,1.6970373
France,FRA,1877,1.6577271
France,FRA,1878,1.6892104
France,FRA,1879,1.7456038
France,FRA,1880,1.9661164
France,FRA,1881,2.009875
France,FRA,1882,2.1170962
France,FRA,1883,2.215497
France,FRA,1884,2.1234424
France,FRA,1885,2.0371127
France,FRA,1886,2.016362
France,FRA,1887,2.119315
France,FRA,1888,2.2001383
France,FRA,1889,2.2501442
France,FRA,1890,2.474375
France,FRA,1891,2.474684
France,FRA,1892,2.4748344
France,FRA,1893,2.4268293
France,FRA,1894,2.564161
France,FRA,1895,2.583201
France,FRA,1896,2.6682394
France,FRA,1897,2.7900133
France,FRA,1898,2.8815835
France,FRA,1899,3.0096476
France,FRA,1900,3.2303777
France,FRA,1901,3.1198537
France,FRA,1902,2.9330056
France,FRA,1903,3.2201838
France,FRA,1904,3.1330132
France,FRA,1905,3.1646204
France,FRA,1906,3.3874516
France,FRA,1907,3.6069126
France,FRA,1908,3.630096
France,FRA,1909,3.7144277
France,FRA,1910,3.7331283
France,FRA,1911,3.900818
France,FRA,1912,3.9597802
France,FRA,1913,4.297789
France,FRA,1914,2.9899921
France,FRA,1915,2.6233315
France,FRA,1916,2.8037076
France,FRA,1917,3.1264672
France,FRA,1918,2.8037887
France,FRA,1919,3.0121102
France,FRA,1920,3.9392464
France,FRA,1921,3.5732992
France,FRA,1922,4.210048
France,FRA,1923,4.722255
France,FRA,1924,5.263511
France,FRA,1925,5.411551
France,FRA,1926,5.3742137
France,FRA,1927,5.3222127
France,FRA,1928,5.25259
France,FRA,1929,5.7868476
France,FRA,1930,5.850423
France,FRA,1931,5.345493
France,FRA,1932,4.712864
France,FRA,1933,4.907161
France,FRA,1934,4.962797
France,FRA,1935,4.8225775
France,FRA,1936,4.8966165
France,FRA,1937,5.389734
France,FRA,1938,5.0033183
France,FRA,1939,4.8274617
France,FRA,1940,3.4146125
France,FRA,1941,2.9683535
France,FRA,1942,3.0239975
France,FRA,1943,3.0806637
France,FRA,1944,1.9602842
France,FRA,1945,2.616853
France,FRA,1946,4.0204406
France,FRA,1947,4.4513903
France,FRA,1948,4.7462525
France,FRA,1949,5.5062785
France,FRA,1950,4.833711
France,FRA,1951,5.4081116
France,FRA,1952,5.311264
France,FRA,1953,4.968364
France,FRA,1954,5.1881204
France,FRA,1955,5.421132
France,FRA,1956,6.0286164
France,FRA,1957,6.1701612
France,FRA,1958,5.8585806
France,FRA,1959,5.7073174
France,FRA,1960,6.4270477
France,FRA,1961,6.784725
France,FRA,1962,7.0859485
France,FRA,1963,7.1191435
France,FRA,1964,7.685866
France,FRA,1965,7.5009995
France,FRA,1966,7.7836466
France,FRA,1967,8.215699
France,FRA,1968,8.431216
France,FRA,1969,8.868538
France,FRA,1970,9.130455
France,FRA,1971,9.690313
France,FRA,1972,10.002982
France,FRA,1973,10.403053
France,FRA,1974,9.9940815
France,FRA,1975,9.214351
France,FRA,1976,9.958093
France,FRA,1977,9.610839
France,FRA,1978,9.969789
France,FRA,1979,9.989639
France,FRA,1980,9.538364
France,FRA,1981,8.526336
France,FRA,1982,8.123415
France,FRA,1983,7.7617745
France,FRA,1984,7.515064
France,FRA,1985,7.3521323
France,FRA,1986,7.0466685
France,FRA,1987,6.9606786
France,FRA,1988,6.8770137
France,FRA,1989,7.0824494
France,FRA,1990,6.9293327
France,FRA,1991,7.3180947
France,FRA,1992,7.096411
France,FRA,1993,6.728049
France,FRA,1994,6.5845513
France,FRA,1995,6.6496673
France,FRA,1996,6.909002
France,FRA,1997,6.76169
France,FRA,1998,7.049427
France,FRA,1999,6.9912124
France,FRA,2000,6.849684
France,FRA,2001,6.8707247
France,FRA,2002,6.746978
France,FRA,2003,6.799168
France,FRA,2004,6.7686367
France,FRA,2005,6.756068
France,FRA,2006,6.5539103
France,FRA,2007,6.3502436
France,FRA,2008,6.2088747
France,FRA,2009,5.8853593
France,FRA,2010,5.945996
France,FRA,2011,5.572035
France,FRA,2012,5.59021
France,FRA,2013,5.591334
France,FRA,2014,5.067184
France,FRA,2015,5.116293
France,FRA,2016,5.1545954
France,FRA,2017,5.182955
France,FRA,2018,4.93138
France,FRA,2019,4.812466
France,FRA,2020,4.271517
France,FRA,2021,4.649748
France,FRA,2022,4.4555726
France,FRA,2023,4.067842
France,FRA,2024,3.969368
Germany,DEU,1800,0.044171557
Germany,DEU,1801,0.029240523
Germany,DEU,1802,0.029754901
Germany,DEU,1803,0.02830634
Germany,DEU,1804,0.05245813
Germany,DEU,1805,0.053302526
Germany,DEU,1806,0.047273606
Germany,DEU,1807,0.13335954
Germany,DEU,1808,0.043796904
Germany,DEU,1809,0.044674568
Germany,DEU,1810,0.046192635
Germany,DEU,1811,0.04306568
Germany,DEU,1812,0.041702244
Germany,DEU,1813,0.04004199
Germany,DEU,1814,0.039072905
Germany,DEU,1815,0.044824384
Germany,DEU,1816,0.1021735
Germany,DEU,1817,0.14253065
Germany,DEU,1818,0.14646468
Germany,DEU,1819,0.13376212
Germany,DEU,1820,0.1361196
Germany,DEU,1821,0.1402481
Germany,DEU,1822,0.14235331
Germany,DEU,1823,0.15628752
Germany,DEU,1824,0.12372251
Germany,DEU,1825,0.16412507
Germany,DEU,1826,0.15657145
Germany,DEU,1827,0.16771843
Germany,DEU,1828,0.16573869
Germany,DEU,1829,0.13103831
Germany,DEU,1830,0.17101406
Germany,DEU,1831,0.16203187
Germany,DEU,1832,0.12038958
Germany,DEU,1833,0.1513005
Germany,DEU,1834,0.15085933
Germany,DEU,1835,0.16690293
Germany,DEU,1836,0.17388494
Germany,DEU,1837,0.19722018
Germany,DEU,1838,0.21752897
Germany,DEU,1839,0.22798942
Germany,DEU,1840,0.29514763
Germany,DEU,1841,0.3044165
Germany,DEU,1842,0.34398574
Germany,DEU,1843,0.32294974
Germany,DEU,1844,0.33847037
Germany,DEU,1845,0.38910353
Germany,DEU,1846,0.40357685
Germany,DEU,1847,0.42012787
Germany,DEU,1848,0.38629287
Germany,DEU,1849,0.40705645
Germany,DEU,1850,0.4490097
Germany,DEU,1851,0.49647328
Germany,DEU,1852,0.5601497
Germany,DEU,1853,0.60221237
Germany,DEU,1854,0.70180196
Germany,DEU,1855,0.8183968
Germany,DEU,1856,0.87816346
Germany,DEU,1857,0.92877984
Germany,DEU,1858,0.9969994
Germany,DEU,1859,0.9394867
Germany,DEU,1860,1.003471
Germany,DEU,1861,1.1302289
Germany,DEU,1862,1.2347139
Germany,DEU,1863,1.3269968
Germany,DEU,1864,1.5084821
Germany,DEU,1865,1.6752176
Germany,DEU,1866,1.6456321
Germany,DEU,1867,1.7929425
Germany,DEU,1868,1.9109488
Germany,DEU,1869,1.9752913
Germany,DEU,1870,1.9321979
Germany,DEU,1871,2.1301944
Germany,DEU,1872,2.2750201
Germany,DEU,1873,2.4034545
Germany,DEU,1874,1.7304846
Germany,DEU,1875,2.4273689
Germany,DEU,1876,2.446672
Germany,DEU,1877,2.370372
Germany,DEU,1878,2.4199347
Germany,DEU,1879,2.538891
Germany,DEU,1880,2.8224943
Germany,DEU,1881,3.013424
Germany,DEU,1882,3.1931138
Germany,DEU,1883,3.3704581
Germany,DEU,1884,3.4352546
Germany,DEU,1885,3.481745
Germany,DEU,1886,3.4883993
Germany,DEU,1887,3.611334
Germany,DEU,1888,3.9121675
Germany,DEU,1889,4.1315155
Germany,DEU,1890,4.27808
Germany,DEU,1891,4.48249
Germany,DEU,1892,4.307531
Germany,DEU,1893,4.3616033
Germany,DEU,1894,4.473088
Germany,DEU,1895,4.580699
Germany,DEU,1896,4.858754
Germany,DEU,1897,5.115586
Germany,DEU,1898,5.2635717
Germany,DEU,1899,5.5158305
Germany,DEU,1900,5.8584833
Germany,DEU,1901,5.752767
Germany,DEU,1902,5.5575953
Germany,DEU,1903,5.893571
Germany,DEU,1904,6.0174766
Germany,DEU,1905,6.3640666
Germany,DEU,1906,5.935062
Germany,DEU,1907,7.143025
Germany,DEU,1908,7.10769
Germany,DEU,1909,7.010511
Germany,DEU,1910,6.9526906
Germany,DEU,1911,7.1282573
Germany,DEU,1912,7.752086
Germany,DEU,1913,8.3334255
Germany,DEU,1914,7.776015
Germany,DEU,1915,7.2489376
Germany,DEU,1916,7.8622327
Germany,DEU,1917,8.25984
Germany,DEU,1918,7.9522567
Germany,DEU,1919,6.1275907
Germany,DEU,1920,6.7833967
Germany,DEU,1921,7.458013
Germany,DEU,1922,7.145081
Germany,DEU,1923,5.1726303
Germany,DEU,1924,6.9938426
Germany,DEU,1925,7.0439167
Germany,DEU,1926,6.312412
Germany,DEU,1927,7.301617
Germany,DEU,1928,7.61232
Germany,DEU,1929,8.073647
Germany,DEU,1930,6.871657
Germany,DEU,1931,5.700178
Germany,DEU,1932,5.096256
Germany,DEU,1933,5.315258
Germany,DEU,1934,5.9089975
Germany,DEU,1935,6.495202
Germany,DEU,1936,7.124051
Germany,DEU,1937,7.9784474
Germany,DEU,1938,8.4533
Germany,DEU,1939,9.071787
Germany,DEU,1940,9.120772
Germany,DEU,1941,9.196745
Germany,DEU,1942,9.298256
Germany,DEU,1943,9.478794
Germany,DEU,1944,8.392185
Germany,DEU,1945,1.626086
Germany,DEU,1946,3.8143752
Germany,DEU,1947,4.4693284
Germany,DEU,1948,5.3269467
Germany,DEU,1949,6.0961905
Germany,DEU,1950,7.308731
Germany,DEU,1951,8.263315
Germany,DEU,1952,8.746724
Germany,DEU,1953,8.911835
Germany,DEU,1954,9.407278
Germany,DEU,1955,10.282786
Germany,DEU,1956,10.846896
Germany,DEU,1957,10.939459
Germany,DEU,1958,10.546377
Germany,DEU,1959,10.457713
Germany,DEU,1960,11.174068
Germany,DEU,1961,11.372996
Germany,DEU,1962,11.930789
Germany,DEU,1963,12.654174
Germany,DEU,1964,12.861333
Germany,DEU,1965,12.634993
Germany,DEU,1966,12.415375
Germany,DEU,1967,12.160628
Germany,DEU,1968,12.733648
Germany,DEU,1969,13.494337
Germany,DEU,1970,13.116823
Germany,DEU,1971,13.23719
Germany,DEU,1972,13.228626
Germany,DEU,1973,13.747555
Germany,DEU,1974,13.4500675
Germany,DEU,1975,12.735223
Germany,DEU,1976,13.919665
Germany,DEU,1977,13.461735
Germany,DEU,1978,13.813758
Germany,DEU,1979,14.302951
Germany,DEU,1980,14.044512
Germany,DEU,1981,13.363777
Germany,DEU,1982,12.953847
Germany,DEU,1983,12.929977
Germany,DEU,1984,13.24412
Germany,DEU,1985,13.406973
Germany,DEU,1986,13.439202
Germany,DEU,1987,13.223626
Germany,DEU,1988,13.123539
Germany,DEU,1989,12.765508
Germany,DEU,1990,13.233256
Germany,DEU,1991,12.663626
Germany,DEU,1992,11.978324
Germany,DEU,1993,11.773517
Germany,DEU,1994,11.534621
Germany,DEU,1995,11.459825
Germany,DEU,1996,11.666093
Germany,DEU,1997,11.306132
Germany,DEU,1998,11.26054
Germany,DEU,1999,10.9630375
Germany,DEU,2000,10.990293
Germany,DEU,2001,11.1706505
Germany,DEU,2002,10.952268
Germany,DEU,2003,10.893722
Germany,DEU,2004,10.677804
Germany,DEU,2005,10.57788
Germany,DEU,2006,10.849607
Germany,DEU,2007,10.407971
Germany,DEU,2008,10.561389
Germany,DEU,2009,9.760688
Germany,DEU,2010,10.22758
Germany,DEU,2011,9.95007
Germany,DEU,2012,10.060916
Germany,DEU,2013,10.263195
Germany,DEU,2014,9.739761
Germany,DEU,2015,9.756902
Germany,DEU,2016,9.642186
Germany,DEU,2017,9.441122
Germany,DEU,2018,9.101415
Germany,DEU,2019,8.480803
Germany,DEU,2020,7.738692
Germany,DEU,2021,8.100614
Germany,DEU,2022,7.942359
Germany,DEU,2023,7.022808
Germany,DEU,2024,6.7688236
Ghana,GHA,1950,0.12548281
Ghana,GHA,1951,0.16746482
Ghana,GHA,1952,0.16118218
Ghana,GHA,1953,0.18339893
Ghana,GHA,1954,0.17522442
Ghana,GHA,1955,0.20070152
Ghana,GHA,1956,0.17631519
Ghana,GHA,1957,0.20489384
Ghana,GHA,1958,0.20904528
Ghana,GHA,1959,0.19637668
Ghana,GHA,1960,0.21001159
Ghana,GHA,1961,0.18773553
Ghana,GHA,1962,0.19525012
Ghana,GHA,1963,0.22916088
Ghana,GHA,1964,0.21424828
Ghana,GHA,1965,0.21614164
Ghana,GHA,1966,0.17833263
Ghana,GHA,1967,0.1807212
Ghana,GHA,1968,0.19453183
Ghana,GHA,1969,0.17122604
Ghana,GHA,1970,0.2692846
Ghana,GHA,1971,0.22120723
Ghana,GHA,1972,0.2348671
Ghana,GHA,1973,0.23233283
Ghana,GHA,1974,0.26745787
Ghana,GHA,1975,0.23419845
Ghana,GHA,1976,0.19885005
Ghana,GHA,1977,0.24710084
Ghana,GHA,1978,0.241667
Ghana,GHA,1979,0.21736461
Ghana,GHA,1980,0.2018768
Ghana,GHA,1981,0.23178264
Ghana,GHA,1982,0.22893082
Ghana,GHA,1983,0.26937926
Ghana,GHA,1984,0.18441294
Ghana,GHA,1985,0.23011914
Ghana,GHA,1986,0.21015522
Ghana,GHA,1987,0.22026396
Ghana,GHA,1988,0.21929061
Ghana,GHA,1989,0.20387006
Ghana,GHA,1990,0.22824657
Ghana,GHA,1991,0.24714877
Ghana,GHA,1992,0.20035017
Ghana,GHA,1993,0.23013853
Ghana,GHA,1994,0.26714796
Ghana,GHA,1995,0.2657602
Ghana,GHA,1996,0.27279136
Ghana,GHA,1997,0.3023374
Ghana,GHA,1998,0.29879728
Ghana,GHA,1999,0.2931219
Ghana,GHA,2000,0.27054933
Ghana,GHA,2001,0.29596046
Ghana,GHA,2002,0.31275645
Ghana,GHA,2003,0.3138782
Ghana,GHA,2004,0.29497623
Ghana,GHA,2005,0.2723039
Ghana,GHA,2006,0.36991856
Ghana,GHA,2007,0.37990725
Ghana,GHA,2008,0.34327182
Ghana,GHA,2009,0.27622372
Ghana,GHA,2010,0.35103095
Ghana,GHA,2011,0.39580444
Ghana,GHA,2012,0.47282326
Ghana,GHA,2013,0.46045056
Ghana,GHA,2014,0.4727469
Ghana,GHA,2015,0.50766945
Ghana,GHA,2016,0.4739508
Ghana,GHA,2017,0.41446012
Ghana,GHA,2018,0.49578497
Ghana,GHA,2019,0.52513593
Ghana,GHA,2020,0.60098386
Ghana,GHA,2021,0.6321311
Ghana,GHA,2022,0.6258142
Ghana,GHA,2023,0.5959423
Ghana,GHA,2024,0.6106143
Greece,GRC,1867,0.047250953
Greece,GRC,1868,0.023405904
Greece,GRC,1869,0.053423245
Greece,GRC,1870,0.05490178
Greece,GRC,1871,0.08005561
Greece,GRC,1872,0.046961855
Greece,GRC,1873,0.051320676
Greece,GRC,1874,0.03929279
Greece,GRC,1875,0.042682916
Greece,GRC,1879,0.0009101098
Greece,GRC,1883,0.00087331707
Greece,GRC,1888,0.0008294393
Greece,GRC,1892,0.08038664
Greece,GRC,1893,0.07010824
Greece,GRC,1894,0.07094747
Greece,GRC,1895,0.065589
Greece,GRC,1896,0.07789844
Greece,GRC,1897,0.07483079
Greece,GRC,1898,0.09426104
Greece,GRC,1899,0.048899695
Greece,GRC,1900,0.08370438
Greece,GRC,1901,0.08300562
Greece,GRC,1902,0.06574751
Greece,GRC,1903,0.07819409
Greece,GRC,1904,0.06909216
Greece,GRC,1905,0.053750224
Greece,GRC,1906,0.049857985
Greece,GRC,1907,0.08157777
Greece,GRC,1908,0.13776809
Greece,GRC,1909,0.10517261
Greece,GRC,1910,0.13377924
Greece,GRC,1911,0.16740057
Greece,GRC,1913,0.24390729
Greece,GRC,1914,0.0019906368
Greece,GRC,1915,0.0039533107
Greece,GRC,1916,0.011776632
Greece,GRC,1917,0.016241549
Greece,GRC,1918,0.021936638
Greece,GRC,1919,0.018567245
Greece,GRC,1920,0.11744542
Greece,GRC,1921,0.12768339
Greece,GRC,1922,0.11519845
Greece,GRC,1923,0.15461512
Greece,GRC,1924,0.21571717
Greece,GRC,1925,0.32552063
Greece,GRC,1926,0.2963769
Greece,GRC,1927,0.37282786
Greece,GRC,1928,0.37806016
Greece,GRC,1929,0.42569828
Greece,GRC,1930,0.44399297
Greece,GRC,1931,0.41930565
Greece,GRC,1932,0.4066252
Greece,GRC,1933,0.34410587
Greece,GRC,1934,0.417811
Greece,GRC,1935,0.4238667
Greece,GRC,1936,0.48335615
Greece,GRC,1937,0.50793815
Greece,GRC,1938,0.39711007
Greece,GRC,1939,0.034723565
Greece,GRC,1940,0.032469917
Greece,GRC,1941,0.018364085
Greece,GRC,1942,0.03063862
Greece,GRC,1943,0.028566908
Greece,GRC,1944,0.014719153
Greece,GRC,1945,0.008769778
Greece,GRC,1946,0.01649835
Greece,GRC,1947,0.02221159
Greece,GRC,1948,0.17812769
Greece,GRC,1949,0.21518615
Greece,GRC,1950,0.5394955
Greece,GRC,1951,0.59310997
Greece,GRC,1952,0.6169905
Greece,GRC,1953,0.6229568
Greece,GRC,1954,0.6424311
Greece,GRC,1955,0.74556077
Greece,GRC,1956,0.7798164
Greece,GRC,1957,0.8373795
Greece,GRC,1958,0.90653384
Greece,GRC,1959,0.9786945
Greece,GRC,1960,1.1201084
Greece,GRC,1961,1.1611718
Greece,GRC,1962,1.1981229
Greece,GRC,1963,1.4419117
Greece,GRC,1964,1.5523986
Greece,GRC,1965,1.9948635
Greece,GRC,1966,2.1702359
Greece,GRC,1967,2.253477
Greece,GRC,1968,2.5563765
Greece,GRC,1969,2.907746
Greece,GRC,1970,2.7579777
Greece,GRC,1971,3.1580079
Greece,GRC,1972,3.5570078
Greece,GRC,1973,4.175141
Greece,GRC,1974,4.038674
Greece,GRC,1975,4.2885547
Greece,GRC,1976,4.6566114
Greece,GRC,1977,5.0266137
Greece,GRC,1978,5.07795
Greece,GRC,1979,5.334733
Greece,GRC,1980,5.271572
Greece,GRC,1981,5.138751
Greece,GRC,1982,5.235977
Greece,GRC,1983,5.5278625
Greece,GRC,1984,5.640463
Greece,GRC,1985,5.9551363
Greece,GRC,1986,5.7762103
Greece,GRC,1987,6.174565
Greece,GRC,1988,6.588565
Greece,GRC,1989,7.166486
Greece,GRC,1990,8.133435
Greece,GRC,1991,8.092473
Greece,GRC,1992,8.202206
Greece,GRC,1993,8.094237
Greece,GRC,1994,8.257865
Greece,GRC,1995,8.266988
Greece,GRC,1996,8.430785
Greece,GRC,1997,8.830563
Greece,GRC,1998,9.238181
Greece,GRC,1999,9.128898
Greece,GRC,2000,9.549867
Greece,GRC,2001,9.716853
Greece,GRC,2002,9.641644
Greece,GRC,2003,9.989182
Greece,GRC,2004,10.0010195
Greece,GRC,2005,10.371121
Greece,GRC,2006,10.205
Greece,GRC,2007,10.370105
Greece,GRC,2008,10.028104
Greece,GRC,2009,9.391326
Greece,GRC,2010,8.751197
Greece,GRC,2011,8.507211
Greece,GRC,2012,8.272102
Greece,GRC,2013,7.4504676
Greece,GRC,2014,7.218808
Greece,GRC,2015,6.924253
Greece,GRC,2016,6.6223903
Greece,GRC,2017,6.959737
Greece,GRC,2018,6.6889496
Greece,GRC,2019,6.132932
Greece,GRC,2020,5.1944113
Greece,GRC,2021,5.4376464
Greece,GRC,2022,5.532692
Greece,GRC,2023,5.0755324
Greece,GRC,2024,5.310692
India,IND,1858,0.0016306057
India,IND,1859,0.002622483
India,IND,1860,0.002641329
India,IND,1861,0.002035734
India,IND,1862,0.0022456788
India,IND,1863,0.0024812266
India,IND,1864,0.0023388793
India,IND,1865,0.0022912056
India,IND,1866,0.002577713
India,IND,1878,0.0069540306
India,IND,1879,0.006611514
India,IND,1880,0.0073761567
India,IND,1881,0.007152133
India,IND,1882,0.008482991
India,IND,1883,0.009352291
India,IND,1884,0.010376249
India,IND,1885,0.009272857
India,IND,1886,0.01036802
India,IND,1887,0.011375645
India,IND,1888,0.01254896
India,IND,1889,0.014703709
India,IND,1890,0.016115412
India,IND,1891,0.017284516
India,IND,1892,0.018952666
India,IND,1893,0.019993288
India,IND,1894,0.020229945
India,IND,1895,0.025301605
India,IND,1896,0.02732521
India,IND,1897,0.029601408
India,IND,1898,0.032682236
India,IND,1899,0.035929054
India,IND,1900,0.042496547
India,IND,1901,0.04676327
India,IND,1902,0.05125429
India,IND,1903,0.05197061
India,IND,1904,0.05781677
India,IND,1905,0.058772717
India,IND,1906,0.06747881
India,IND,1907,0.07472625
India,IND,1908,0.08500477
India,IND,1909,0.08200578
India,IND,1910,0.07948293
India,IND,1911,0.08363459
India,IND,1912,0.09608021
India,IND,1913,0.10591431
India,IND,1914,0.10660476
India,IND,1915,0.11136742
India,IND,1916,0.11253696
India,IND,1917,0.117483534
India,IND,1918,0.13188972
India,IND,1919,0.14359471
India,IND,1920,0.115977466
India,IND,1921,0.1239727
India,IND,1922,0.12101775
India,IND,1923,0.12333176
India,IND,1924,0.13069753
India,IND,1925,0.12771833
India,IND,1926,0.12604858
India,IND,1927,0.13091141
India,IND,1928,0.124054424
India,IND,1929,0.12776801
India,IND,1930,0.12841757
India,IND,1931,0.116237566
India,IND,1932,0.106686965
India,IND,1933,0.10327977
India,IND,1934,0.11374695
India,IND,1935,0.11721672
India,IND,1936,0.11361255
India,IND,1937,0.12410688
India,IND,1938,0.13681275
India,IND,1939,0.1326354
India,IND,1940,0.1399502
India,IND,1941,0.14319538
India,IND,1942,0.14350855
India,IND,1943,0.1259863
India,IND,1944,0.129791
India,IND,1945,0.14495872
India,IND,1946,0.14425123
India,IND,1947,0.14798945
India,IND,1948,0.14916411
India,IND,1949,0.15787567
India,IND,1950,0.17599274
India,IND,1951,0.18030834
India,IND,1952,0.18583614
India,IND,1953,0.18537368
India,IND,1954,0.19094001
India,IND,1955,0.20297568
India,IND,1956,0.20559466
India,IND,1957,0.22551806
India,IND,1958,0.23041473
India,IND,1959,0.23823537
India,IND,1960,0.25532722
India,IND,1961,0.26961234
India,IND,1962,0.2899293
India,IND,1963,0.30426666
India,IND,1964,0.29105714
India,IND,1965,0.31357706
India,IND,1966,0.31827164
India,IND,1967,0.31187475
India,IND,1968,0.33301112
India,IND,1969,0.33230522
India,IND,1970,0.33291033
India,IND,1971,0.34396365
India,IND,1972,0.35590428
India,IND,1973,0.35836908
India,IND,1974,0.3615395
India,IND,1975,0.38312787
India,IND,1976,0.39106047
India,IND,1977,0.40412238
India,IND,1978,0.40130946
India,IND,1979,0.41165555
India,IND,1980,0.424402
India,IND,1981,0.44759268
India,IND,1982,0.45172426
India,IND,1983,0.47764838
India,IND,1984,0.4789781
India,IND,1985,0.51459557
India,IND,1986,0.5391722
India,IND,1987,0.562909
India,IND,1988,0.59431225
India,IND,1989,0.63905036
India,IND,1990,0.668214
India,IND,1991,0.69619745
India,IND,1992,0.72586346
India,IND,1993,0.7344633
India,IND,1994,0.7586807
India,IND,1995,0.7919185
India,IND,1996,0.8406862
India,IND,1997,0.8587196
India,IND,1998,0.8597363
India,IND,1999,0.92580426
India,IND,2000,0.9330219
India,IND,2001,0.92884284
India,IND,2002,0.94091654
India,IND,2003,0.95665747
India,IND,2004,0.9987847
India,IND,2005,1.0352627
India,IND,2006,1.1026897
India,IND,2007,1.1703311
India,IND,2008,1.2338176
India,IND,2009,1.3164382
India,IND,2010,1.3498628
India,IND,2011,1.3999841
India,IND,2012,1.5070187
India,IND,2013,1.5398146
India,IND,2014,1.6368889
India,IND,2015,1.6805544
India,IND,2016,1.7504745
India,IND,2017,1.7840685
India,IND,2018,1.8879061
India,IND,2019,1.8798543
India,IND,2020,1.7272933
India,IND,2021,1.8920738
India,IND,2022,1.9861692
India,IND,2023,2.1297693
India,IND,2024,2.2009783
Indonesia,IDN,1889,0.000109834225
Indonesia,IDN,1890,0.00043410328
Indonesia,IDN,1891,0.00064376806
Indonesia,IDN,1892,0.0055225706
Indonesia,IDN,1893,0.01153215
Indonesia,IDN,1894,0.013567414
Indonesia,IDN,1895,0.021469774
Indonesia,IDN,1896,0.023742355
Indonesia,IDN,1897,0.030135004
Indonesia,IDN,1898,0.03469366
Indonesia,IDN,1899,0.029855609
Indonesia,IDN,1900,0.031669248
Indonesia,IDN,1901,0.057988923
Indonesia,IDN,1902,0.03929354
Indonesia,IDN,1903,0.075689495
Indonesia,IDN,1904,0.083935596
Indonesia,IDN,1905,0.101863004
Indonesia,IDN,1906,0.10853134
Indonesia,IDN,1907,0.1276842
Indonesia,IDN,1908,0.13103548
Indonesia,IDN,1909,0.14131376
Indonesia,IDN,1910,0.14272492
Indonesia,IDN,1911,0.1555235
Indonesia,IDN,1912,0.13359684
Indonesia,IDN,1913,0.13351992
Indonesia,IDN,1914,0.13475138
Indonesia,IDN,1915,0.13366841
Indonesia,IDN,1916,0.14856015
Indonesia,IDN,1917,0.15571162
Indonesia,IDN,1918,0.15424564
Indonesia,IDN,1919,0.16348104
Indonesia,IDN,1920,0.17466317
Indonesia,IDN,1921,0.1828578
Indonesia,IDN,1922,0.17123644
Indonesia,IDN,1923,0.1954948
Indonesia,IDN,1924,0.21324039
Indonesia,IDN,1925,0.22053869
Indonesia,IDN,1926,0.21825673
Indonesia,IDN,1927,0.25037822
Indonesia,IDN,1928,0.28471133
Indonesia,IDN,1929,0.3515838
Indonesia,IDN,1930,0.33852732
Indonesia,IDN,1931,0.31188893
Indonesia,IDN,1932,0.30176514
Indonesia,IDN,1933,0.32025906
Indonesia,IDN,1934,0.33989635
Indonesia,IDN,1935,0.34829396
Indonesia,IDN,1936,0.37352866
Indonesia,IDN,1937,0.4285576
Indonesia,IDN,1938,0.44542503
Indonesia,IDN,1939,0.47943395
Indonesia,IDN,1940,0.464612
Indonesia,IDN,1941,0.4216173
Indonesia,IDN,1942,0.14835915
Indonesia,IDN,1943,0.29543975
Indonesia,IDN,1944,0.13566922
Indonesia,IDN,1945,0.058662757
Indonesia,IDN,1946,0.020573946
Indonesia,IDN,1947,0.06124421
Indonesia,IDN,1948,0.23036975
Indonesia,IDN,1949,0.32020068
Indonesia,IDN,1950,0.14288735
Indonesia,IDN,1951,0.13360234
Indonesia,IDN,1952,0.17698212
Indonesia,IDN,1953,0.17779037
Indonesia,IDN,1954,0.19566832
Indonesia,IDN,1955,0.2697419
Indonesia,IDN,1956,0.27510715
Indonesia,IDN,1957,0.2753587
Indonesia,IDN,1958,0.26564842
Indonesia,IDN,1959,0.2778139
Indonesia,IDN,1960,0.24219868
Indonesia,IDN,1961,0.28638875
Indonesia,IDN,1962,0.2460475
Indonesia,IDN,1963,0.23698863
Indonesia,IDN,1964,0.22638284
Indonesia,IDN,1965,0.24336007
Indonesia,IDN,1966,0.22520792
Indonesia,IDN,1967,0.23036587
Indonesia,IDN,1968,0.25182828
Indonesia,IDN,1969,0.29650652
Indonesia,IDN,1970,0.30946013
Indonesia,IDN,1971,0.32781193
Indonesia,IDN,1972,0.35485044
Indonesia,IDN,1973,0.39187455
Indonesia,IDN,1974,0.3984707
Indonesia,IDN,1975,0.40905043
Indonesia,IDN,1976,0.4570766
Indonesia,IDN,1977,0.59487635
Indonesia,IDN,1978,0.6616863
Indonesia,IDN,1979,0.6540606
Indonesia,IDN,1980,0.6368144
Indonesia,IDN,1981,0.6575878
Indonesia,IDN,1982,0.67640585
Indonesia,IDN,1983,0.65861696
Indonesia,IDN,1984,0.68863064
Indonesia,IDN,1985,0.7288092
Indonesia,IDN,1986,0.7175488
Indonesia,IDN,1987,0.713572
Indonesia,IDN,1988,0.75004494
Indonesia,IDN,1989,0.73021567
Indonesia,IDN,1990,0.84463084
Indonesia,IDN,1991,0.9356241
Indonesia,IDN,1992,1.0486954
Indonesia,IDN,1993,1.1120389
Indonesia,IDN,1994,1.1150004
Indonesia,IDN,1995,1.1117487
Indonesia,IDN,1996,1.2443422
Indonesia,IDN,1997,1.3542215
Indonesia,IDN,1998,1.1643667
Indonesia,IDN,1999,1.3697853
Indonesia,IDN,2000,1.3007095
Indonesia,IDN,2001,1.4457434
Indonesia,IDN,2002,1.387741
Indonesia,IDN,2003,1.5064515
Indonesia,IDN,2004,1.5035917
Indonesia,IDN,2005,1.5045645
Indonesia,IDN,2006,1.4805014
Indonesia,IDN,2007,1.634917
Indonesia,IDN,2008,1.5214325
Indonesia,IDN,2009,1.6389457
Indonesia,IDN,2010,1.8082032
Indonesia,IDN,2011,2.0060833
Indonesia,IDN,2012,2.041047
Indonesia,IDN,2013,1.9285924
Indonesia,IDN,2014,1.9238018
Indonesia,IDN,2015,2.1052775
Indonesia,IDN,2016,2.0707185
Indonesia,IDN,2017,2.1355352
Indonesia,IDN,2018,2.249951
Indonesia,IDN,2019,2.440643
Indonesia,IDN,2020,2.268087
Indonesia,IDN,2021,2.2870014
Indonesia,IDN,2022,2.7185707
Indonesia,IDN,2023,2.7111824
Indonesia,IDN,2024,2.8650963
Iran,IRN,1906,0.00034123307
Iran,IRN,1911,0.0124575915
Iran,IRN,1912,0.023552094
Iran,IRN,1913,0.08111822
Iran,IRN,1914,0.11363041
Iran,IRN,1915,0.13871565
Iran,IRN,1916,0.20243679
Iran,IRN,1917,0.28786203
Iran,IRN,1918,0.36171955
Iran,IRN,1919,0.4575306
Iran,IRN,1920,0.5750475
Iran,IRN,1921,0.7576942
Iran,IRN,1922,0.9413449
Iran,IRN,1923,1.142357
Iran,IRN,1924,1.2885218
Iran,IRN,1925,1.3102129
Iran,IRN,1926,1.3434502
Iran,IRN,1927,1.4407073
Iran,IRN,1928,1.4747568
Iran,IRN,1929,1.3778569
Iran,IRN,1930,1.4588085
Iran,IRN,1931,1.3792394
Iran,IRN,1932,1.5143548
Iran,IRN,1933,1.6359729
Iran,IRN,1934,1.7099752
Iran,IRN,1935,1.6692799
Iran,IRN,1936,1.7958297
Iran,IRN,1937,2.1884797
Iran,IRN,1938,2.15645
Iran,IRN,1939,2.007598
Iran,IRN,1940,1.7872401
Iran,IRN,1941,1.3552606
Iran,IRN,1942,1.9022479
Iran,IRN,1943,1.9448105
Iran,IRN,1944,2.6373732
Iran,IRN,1945,3.3199203
Iran,IRN,1946,3.7476957
Iran,IRN,1947,3.9149456
Iran,IRN,1948,4.766897
Iran,IRN,1949,0.49095106
Iran,IRN,1950,0.58149314
Iran,IRN,1951,0.4085802
Iran,IRN,1952,0.2359535
Iran,IRN,1953,0.21535541
Iran,IRN,1954,0.05727868
Iran,IRN,1955,0.8455942
Iran,IRN,1956,1.1876194
Iran,IRN,1957,1.1050689
Iran,IRN,1958,1.244844
Iran,IRN,1959,1.2265065
Iran,IRN,1960,1.7400022
Iran,IRN,1961,1.6500591
Iran,IRN,1962,1.6410284
Iran,IRN,1963,1.7562363
Iran,IRN,1964,1.9585106
Iran,IRN,1965,2.1455617
Iran,IRN,1966,2.4818106
Iran,IRN,1967,2.5491905
Iran,IRN,1968,3.0006337
Iran,IRN,1969,2.936983
Iran,IRN,1970,3.1493273
Iran,IRN,1971,3.384315
Iran,IRN,1972,3.4285607
Iran,IRN,1973,4.066457
Iran,IRN,1974,4.383761
Iran,IRN,1975,4.1183925
Iran,IRN,1976,4.4920387
Iran,IRN,1977,4.55864
Iran,IRN,1978,4.371232
Iran,IRN,1979,4.245608
Iran,IRN,1980,3.0293248
Iran,IRN,1981,2.6976676
Iran,IRN,1982,3.1200733
Iran,IRN,1983,3.2593894
Iran,IRN,1984,3.1468496
Iran,IRN,1985,3.2367563
Iran,IRN,1986,2.8827264
Iran,IRN,1987,2.988178
Iran,IRN,1988,3.1950197
Iran,IRN,1989,3.370333
Iran,IRN,1990,3.6155233
Iran,IRN,1991,3.7181766
Iran,IRN,1992,3.7295725
Iran,IRN,1993,3.85959
Iran,IRN,1994,4.304606
Iran,IRN,1995,4.354519
Iran,IRN,1996,4.3990874
Iran,IRN,1997,4.231056
Iran,IRN,1998,4.7371707
Iran,IRN,1999,5.7215986
Iran,IRN,2000,5.5287676
Iran,IRN,2001,5.78059
Iran,IRN,2002,5.8377256
Iran,IRN,2003,5.9760165
Iran,IRN,2004,6.2929487
Iran,IRN,2005,6.498752
Iran,IRN,2006,6.826492
Iran,IRN,2007,6.806341
Iran,IRN,2008,6.999057
Iran,IRN,2009,7.1072636
Iran,IRN,2010,7.252517
Iran,IRN,2011,7.3531413
Iran,IRN,2012,7.5503836
Iran,IRN,2013,7.5856357
Iran,IRN,2014,7.9044347
Iran,IRN,2015,7.770076
Iran,IRN,2016,7.6919622
Iran,IRN,2017,8.190451
Iran,IRN,2018,7.7164273
Iran,IRN,2019,8.354448
Iran,IRN,2020,8.49939
Iran,IRN,2021,8.812627
Iran,IRN,2022,8.569505
Iran,IRN,2023,8.715231
Iran,IRN,2024,8.656227
Israel,ISR,1930,0.06799133
Israel,ISR,1931,0.0656301
Israel,ISR,1932,0.080383465
Israel,ISR,1933,0.09916881
Israel,ISR,1934,0.10044278
Israel,ISR,1935,0.12681538
Israel,ISR,1936,0.10221547
Israel,ISR,1937,0.10275028
Israel,ISR,1938,0.05826028
Israel,ISR,1939,0.06456541
Israel,ISR,1940,0.08276175
Israel,ISR,1941,0.06370796
Israel,ISR,1942,0.11503716
Israel,ISR,1943,0.08500596
Israel,ISR,1944,0.085493885
Israel,ISR,1945,0.06866868
Israel,ISR,1946,0.11913311
Israel,ISR,1947,0.14353167
Israel,ISR,1948,0.06763325
Israel,ISR,1949,0.09748245
Israel,ISR,1950,1.2947425
Israel,ISR,1951,2.158897
Israel,ISR,1952,2.5869474
Israel,ISR,1953,2.736179
Israel,ISR,1954,2.8119457
Israel,ISR,1955,3.0106251
Israel,ISR,1956,2.8866642
Israel,ISR,1957,3.0052693
Israel,ISR,1958,3.1124587
Israel,ISR,1959,3.0510395
Israel,ISR,1960,3.4144971
Israel,ISR,1961,3.608154
Israel,ISR,1962,3.88657
Israel,ISR,1963,3.8404584
Israel,ISR,1964,4.094018
Israel,ISR,1965,5.545407
Israel,ISR,1966,5.580239
Israel,ISR,1967,5.3287654
Israel,ISR,1968,5.214256
Israel,ISR,1969,5.374031
Israel,ISR,1970,5.7803383
Israel,ISR,1971,5.4475293
Israel,ISR,1972,5.4851155
Israel,ISR,1973,6.089445
Israel,ISR,1974,5.978098
Israel,ISR,1975,5.8890805
Israel,ISR,1976,5.7372622
Israel,ISR,1977,5.680483
Israel,ISR,1978,5.9071
Israel,ISR,1979,5.730591
Israel,ISR,1980,5.638501
Israel,ISR,1981,5.527701
Israel,ISR,1982,6.1423974
Israel,ISR,1983,5.987685
Israel,ISR,1984,5.825489
Israel,ISR,1985,5.9953327
Israel,ISR,1986,6.3200936
Israel,ISR,1987,6.388887
Israel,ISR,1988,6.8958364
Israel,ISR,1989,7.165164
Israel,ISR,1990,7.882156
Israel,ISR,1991,7.562609
Israel,ISR,1992,8.489098
Israel,ISR,1993,8.697238
Israel,ISR,1994,9.100507
Israel,ISR,1995,9.312419
Israel,ISR,1996,9.443628
Israel,ISR,1997,9.7168045
Israel,ISR,1998,9.673296
Israel,ISR,1999,9.208766
Israel,ISR,2000,9.739403
Israel,ISR,2001,10.067699
Israel,ISR,2002,9.284213
Israel,ISR,2003,9.598092
Israel,ISR,2004,8.87052
Israel,ISR,2005,8.401589
Israel,ISR,2006,9.080757
Israel,ISR,2007,9.019775
Israel,ISR,2008,9.598181
Israel,ISR,2009,8.862073
Israel,ISR,2010,9.307533
Israel,ISR,2011,9.181438
Israel,ISR,2012,9.829567
Israel,ISR,2013,8.141993
Israel,ISR,2014,7.6329613
Israel,ISR,2015,7.815259
Israel,ISR,2016,7.4499764
Israel,ISR,2017,7.037854
Israel,ISR,2018,7.04882
Israel,ISR,2019,6.809169
Israel,ISR,2020,6.7366834
Israel,ISR,2021,6.5918126
Israel,ISR,2022,6.8401985
Israel,ISR,2023,5.9831605
Israel,ISR,2024,5.6074414
Italy,ITA,1860,0.0011262266
Italy,ITA,1861,0.02559917
Italy,ITA,1862,0.046562288
Italy,ITA,1863,0.040323935
Italy,ITA,1864,0.060095884
Italy,ITA,1865,0.047303215
Italy,ITA,1866,0.05458293
Italy,ITA,1867,0.053961847
Italy,ITA,1868,0.06190334
Italy,ITA,1869,0.067893706
Italy,ITA,1870,0.09653522
Italy,ITA,1871,0.082708955
Italy,ITA,1872,0.105997294
Italy,ITA,1873,0.09814545
Italy,ITA,1874,0.10561151
Italy,ITA,1875,0.107471436
Italy,ITA,1876,0.14314722
Italy,ITA,1877,0.1318209
Italy,ITA,1878,0.13046588
Italy,ITA,1879,0.14930338
Italy,ITA,1880,0.17261681
Italy,ITA,1881,0.20166817
Italy,ITA,1882,0.21094054
Italy,ITA,1883,0.22198184
Italy,ITA,1884,0.24416532
Italy,ITA,1885,0.27593336
Italy,ITA,1886,0.27249047
Italy,ITA,1887,0.3298038
Italy,ITA,1888,0.35167447
Italy,ITA,1889,0.36085936
Italy,ITA,1890,0.3888937
Italy,ITA,1891,0.3482069
Italy,ITA,1892,0.34266305
Italy,ITA,1893,0.32921925
Italy,ITA,1894,0.4062961
Italy,ITA,1895,0.37176776
Italy,ITA,1896,0.3512562
Italy,ITA,1897,0.3643463
Italy,ITA,1898,0.37693927
Italy,ITA,1899,0.41044554
Italy,ITA,1900,0.41726837
Italy,ITA,1901,0.40272814
Italy,ITA,1902,0.4438756
Italy,ITA,1903,0.44913656
Italy,ITA,1904,0.47091293
Italy,ITA,1905,0.51494014
Italy,ITA,1906,0.60375595
Italy,ITA,1907,0.6477283
Italy,ITA,1908,0.6553477
Italy,ITA,1909,0.7191808
Italy,ITA,1910,0.7160845
Italy,ITA,1911,0.7351726
Italy,ITA,1912,0.7690465
Italy,ITA,1913,0.8257717
Italy,ITA,1914,0.7491461
Italy,ITA,1915,0.6527092
Italy,ITA,1916,0.6440776
Italy,ITA,1917,0.4407476
Italy,ITA,1918,0.51772255
Italy,ITA,1919,0.5058378
Italy,ITA,1920,0.48337826
Italy,ITA,1921,0.588292
Italy,ITA,1922,0.6858346
Italy,ITA,1923,0.70966345
Italy,ITA,1924,0.8440211
Italy,ITA,1925,0.8051899
Italy,ITA,1926,0.923836
Italy,ITA,1927,1.0319438
Italy,ITA,1928,0.96636665
Italy,ITA,1929,1.1057256
Italy,ITA,1930,0.9848254
Italy,ITA,1931,0.84374666
Italy,ITA,1932,0.68712944
Italy,ITA,1933,0.7399153
Italy,ITA,1934,0.95498157
Italy,ITA,1935,1.0835172
Italy,ITA,1936,0.757516
Italy,ITA,1937,1.0608381
Italy,ITA,1938,1.0474766
Italy,ITA,1939,1.0656236
Italy,ITA,1940,1.1245015
Italy,ITA,1941,0.9769447
Italy,ITA,1942,0.94786507
Italy,ITA,1943,0.15996632
Italy,ITA,1944,0.07998864
Italy,ITA,1945,0.09670476
Italy,ITA,1946,0.48959672
Italy,ITA,1947,0.80761707
Italy,ITA,1948,0.7752891
Italy,ITA,1949,0.8625921
Italy,ITA,1950,0.89306104
Italy,ITA,1951,1.0442877
Italy,ITA,1952,1.0766172
Italy,ITA,1953,1.1811262
Italy,ITA,1954,1.3577749
Italy,ITA,1955,1.5223778
Italy,ITA,1956,1.7246975
Italy,ITA,1957,1.7897031
Italy,ITA,1958,1.7904662
Italy,ITA,1959,1.9117564
Italy,ITA,1960,2.2057705
Italy,ITA,1961,2.4970908
Italy,ITA,1962,2.915451
Italy,ITA,1963,3.2543283
Italy,ITA,1964,3.4446247
Italy,ITA,1965,3.6818244
Italy,ITA,1966,4.121744
Italy,ITA,1967,4.473739
Italy,ITA,1968,4.727312
Italy,ITA,1969,5.082452
Italy,ITA,1970,5.551188
Italy,ITA,1971,5.791714
Italy,ITA,1972,6.0710115
Italy,ITA,1973,6.4894867
Italy,ITA,1974,6.535078
Italy,ITA,1975,6.182356
Italy,ITA,1976,6.5957985
Italy,ITA,1977,6.3613772
Italy,ITA,1978,6.637189
Italy,ITA,1979,6.863404
Italy,ITA,1980,6.850246
Italy,ITA,1981,6.6253977
Italy,ITA,1982,6.46841
Italy,ITA,1983,6.313786
Italy,ITA,1984,6.4179273
Italy,ITA,1985,6.489892
Italy,ITA,1986,6.3856063
Italy,ITA,1987,6.6810675
Italy,ITA,1988,6.7797422
Italy,ITA,1989,7.1036334
Italy,ITA,1990,7.68362
Italy,ITA,1991,7.6695366
Italy,ITA,1992,7.6662855
Italy,ITA,1993,7.526011
Italy,ITA,1994,7.392994
Italy,ITA,1995,7.8148036
Italy,ITA,1996,7.7471423
Italy,ITA,1997,7.8436203
Italy,ITA,1998,8.054232
Italy,ITA,1999,8.132449
Italy,ITA,2000,8.19941
Italy,ITA,2001,8.196022
Italy,ITA,2002,8.309492
Italy,ITA,2003,8.574582
Italy,ITA,2004,8.606314
Italy,ITA,2005,8.567466
Italy,ITA,2006,8.443186
Italy,ITA,2007,8.286317
Italy,ITA,2008,8.027509
Italy,ITA,2009,7.078524
Italy,ITA,2010,7.2413816
Italy,ITA,2011,7.0218983
Italy,ITA,2012,6.665015
Italy,ITA,2013,6.0912943
Italy,ITA,2014,5.7593956
Italy,ITA,2015,5.9635468
Italy,ITA,2016,5.9216995
Italy,ITA,2017,5.8397813
Italy,ITA,2018,5.790691
Italy,ITA,2019,5.6483817
Italy,ITA,2020,5.0506783
Italy,ITA,2021,5.6242104
Italy,ITA,2022,5.704794
Italy,ITA,2023,5.248631
Italy,ITA,2024,5.087886
Japan,JPN,1868,0.0003208706
Japan,JPN,1869,0.0005324431
Japan,JPN,1870,0.0005297938
Japan,JPN,1871,0.0007375793
Japan,JPN,1872,0.0009424727
Japan,JPN,1873,0.0011441378
Japan,JPN,1874,0.016529704
Japan,JPN,1875,0.040327102
Japan,JPN,1876,0.03903576
Japan,JPN,1877,0.035634115
Japan,JPN,1878,0.050978925
Japan,JPN,1879,0.063095115
Japan,JPN,1880,0.063514106
Japan,JPN,1881,0.06478428
Japan,JPN,1882,0.06688372
Japan,JPN,1883,0.0715289
Japan,JPN,1884,0.07733513
Japan,JPN,1885,0.08683663
Japan,JPN,1886,0.09268413
Japan,JPN,1887,0.11401958
Japan,JPN,1888,0.1306304
Japan,JPN,1889,0.15664284
Japan,JPN,1890,0.16768903
Japan,JPN,1891,0.1997487
Japan,JPN,1892,0.19670391
Japan,JPN,1893,0.20682833
Japan,JPN,1894,0.26339594
Japan,JPN,1895,0.2892916
Japan,JPN,1896,0.3026436
Japan,JPN,1897,0.31426576
Japan,JPN,1898,0.39637116
Japan,JPN,1899,0.3929726
Japan,JPN,1900,0.43704188
Japan,JPN,1901,0.518305
Japan,JPN,1902,0.5492697
Japan,JPN,1903,0.56122357
Japan,JPN,1904,0.62492174
Japan,JPN,1905,0.636351
Japan,JPN,1906,0.6903917
Japan,JPN,1907,0.728403
Japan,JPN,1908,0.7725069
Japan,JPN,1909,0.77609915
Japan,JPN,1910,0.789576
Japan,JPN,1911,0.8758014
Japan,JPN,1912,0.96459967
Japan,JPN,1913,1.0503626
Japan,JPN,1914,1.1084434
Japan,JPN,1915,0.99746436
Japan,JPN,1916,1.0928257
Japan,JPN,1917,1.2434045
Japan,JPN,1918,1.3025132
Japan,JPN,1919,1.424043
Japan,JPN,1920,1.318704
Japan,JPN,1921,1.1705152
Japan,JPN,1922,1.2345562
Japan,JPN,1923,1.2937083
Japan,JPN,1924,1.333551
Japan,JPN,1925,1.3591632
Japan,JPN,1926,1.3499742
Japan,JPN,1927,1.4420434
Japan,JPN,1928,1.4682201
Japan,JPN,1929,1.4871978
Japan,JPN,1930,1.3324836
Japan,JPN,1931,1.1888456
Japan,JPN,1932,1.1746082
Japan,JPN,1933,1.3583847
Japan,JPN,1934,1.4858857
Japan,JPN,1935,1.5420762
Japan,JPN,1936,1.6722602
Japan,JPN,1937,1.772255
Japan,JPN,1938,1.8376632
Japan,JPN,1939,1.7589908
Japan,JPN,1940,2.0823512
Japan,JPN,1941,2.0727978
Japan,JPN,1942,1.9546081
Japan,JPN,1943,1.9648433
Japan,JPN,1944,1.7846761
Japan,JPN,1945,0.9722865
Japan,JPN,1946,0.6595026
Japan,JPN,1947,0.8642439
Japan,JPN,1948,1.0720428
Japan,JPN,1949,1.1819394
Japan,JPN,1950,1.1862228
Japan,JPN,1951,1.4044485
Japan,JPN,1952,1.462521
Japan,JPN,1953,1.6149452
Japan,JPN,1954,1.5607245
Japan,JPN,1955,1.5364478
Japan,JPN,1956,1.7227055
Japan,JPN,1957,2.0006514
Japan,JPN,1958,1.9127747
Japan,JPN,1959,2.0175116
Japan,JPN,1960,2.4152505
Japan,JPN,1961,2.9123466
Japan,JPN,1962,2.990306
Japan,JPN,1963,3.2869203
Japan,JPN,1964,3.597477
Japan,JPN,1965,3.834571
Japan,JPN,1966,4.1200233
Japan,JPN,1967,4.7580547
Japan,JPN,1968,5.3969865
Japan,JPN,1969,6.1991158
Japan,JPN,1970,7.2132936
Japan,JPN,1971,7.4074297
Japan,JPN,1972,7.8822937
Japan,JPN,1973,8.265317
Japan,JPN,1974,8.162743
Japan,JPN,1975,7.675659
Japan,JPN,1976,7.9436936
Japan,JPN,1977,8.094829
Japan,JPN,1978,7.7638645
Japan,JPN,1979,8.144438
Japan,JPN,1980,8.014208
Japan,JPN,1981,7.8186884
Japan,JPN,1982,7.53834
Japan,JPN,1983,7.3733354
Japan,JPN,1984,7.812822
Japan,JPN,1985,7.574773
Japan,JPN,1986,7.5312967
Japan,JPN,1987,7.3985643
Japan,JPN,1988,8.039867
Japan,JPN,1989,8.306787
Japan,JPN,1990,9.358634
Japan,JPN,1991,9.416044
Japan,JPN,1992,9.450228
Japan,JPN,1993,9.366616
Japan,JPN,1994,9.762861
Japan,JPN,1995,9.834065
Japan,JPN,1996,9.912181
Japan,JPN,1997,9.828307
Japan,JPN,1998,9.493024
Japan,JPN,1999,9.76424
Japan,JPN,2000,9.920687
Japan,JPN,2001,9.790459
Japan,JPN,2002,10.004505
Japan,JPN,2003,10.055865
Japan,JPN,2004,10.007541
Japan,JPN,2005,10.056906
Japan,JPN,2006,9.87084
Japan,JPN,2007,10.141284
Japan,JPN,2008,9.587431
Japan,JPN,2009,9.050865
Japan,JPN,2010,9.447968
Japan,JPN,2011,9.845555
Japan,JPN,2012,10.178457
Japan,JPN,2013,10.271204
Japan,JPN,2014,9.885529
Japan,JPN,2015,9.58534
Japan,JPN,2016,9.436406
Japan,JPN,2017,9.321171
Japan,JPN,2018,8.971074
Japan,JPN,2019,8.698248
Japan,JPN,2020,8.212569
Japan,JPN,2021,8.422242
Japan,JPN,2022,8.237319
Japan,JPN,2023,7.9352145
Japan,JPN,2024,7.7724743
Kenya,KEN,1950,0.15750426
Kenya,KEN,1951,0.23622857
Kenya,KEN,1952,0.263547
Kenya,KEN,1953,0.24468103
Kenya,KEN,1954,0.2677632
Kenya,KEN,1955,0.30406824
Kenya,KEN,1956,0.3299264
Kenya,KEN,1957,0.32856467
Kenya,KEN,1958,0.29096153
Kenya,KEN,1959,0.2974793
Kenya,KEN,1960,0.31501576
Kenya,KEN,1961,0.30028227
Kenya,KEN,1962,0.31593284
Kenya,KEN,1963,0.33065233
Kenya,KEN,1964,0.31461945
Kenya,KEN,1965,0.26385647
Kenya,KEN,1966,0.2757905
Kenya,KEN,1967,0.26687962
Kenya,KEN,1968,0.26765528
Kenya,KEN,1969,0.2857911
Kenya,KEN,1970,0.27075973
Kenya,KEN,1971,0.312027
Kenya,KEN,1972,0.31661528
Kenya,KEN,1973,0.3095917
Kenya,KEN,1974,0.3779737
Kenya,KEN,1975,0.3674403
Kenya,KEN,1976,0.32934004
Kenya,KEN,1977,0.34939888
Kenya,KEN,1978,0.35544
Kenya,KEN,1979,0.3249912
Kenya,KEN,1980,0.38559026
Kenya,KEN,1981,0.39182478
Kenya,KEN,1982,0.27151945
Kenya,KEN,1983,0.25989062
Kenya,KEN,1984,0.23214352
Kenya,KEN,1985,0.19543718
Kenya,KEN,1986,0.20782822
Kenya,KEN,1987,0.24961385
Kenya,KEN,1988,0.22296833
Kenya,KEN,1989,0.23348652
Kenya,KEN,1990,0.25286898
Kenya,KEN,1991,0.20319088
Kenya,KEN,1992,0.22576506
Kenya,KEN,1993,0.25128794
Kenya,KEN,1994,0.25225896
Kenya,KEN,1995,0.28251144
Kenya,KEN,1996,0.3394903
Kenya,KEN,1997,0.29274827
Kenya,KEN,1998,0.3461119
Kenya,KEN,1999,0.33701253
Kenya,KEN,2000,0.3389006
Kenya,KEN,2001,0.29170913
Kenya,KEN,2002,0.23963098
Kenya,KEN,2003,0.1995752
Kenya,KEN,2004,0.2195501
Kenya,KEN,2005,0.23617308
Kenya,KEN,2006,0.25923568
Kenya,KEN,2007,0.25591367
Kenya,KEN,2008,0.25757587
Kenya,KEN,2009,0.30153793
Kenya,KEN,2010,0.28502947
Kenya,KEN,2011,0.28573626
Kenya,KEN,2012,0.25623727
Kenya,KEN,2013,0.27036667
Kenya,KEN,2014,0.2869488
Kenya,KEN,2015,0.3230555
Kenya,KEN,2016,0.33836323
Kenya,KEN,2017,0.3288992
Kenya,KEN,2018,0.3386544
Kenya,KEN,2019,0.35464606
Kenya,KEN,2020,0.3828149
Kenya,KEN,2021,0.38688725
Kenya,KEN,2022,0.37868083
Kenya,KEN,2023,0.38283524
Kenya,KEN,2024,0.37611777
Malaysia,MYS,1890,0.0048424774
Malaysia,MYS,1891,0.01171324
Malaysia,MYS,1892,0.02946571
Malaysia,MYS,1893,0.006578975
Malaysia,MYS,1894,0.027583173
Malaysia,MYS,1895,0.061586663
Malaysia,MYS,1896,0.06753203
Malaysia,MYS,1897,0.04804374
Malaysia,MYS,1898,0.06507759
Malaysia,MYS,1899,0.059471976
Malaysia,MYS,1900,0.027995858
Malaysia,MYS,1901,0.022121226
Malaysia,MYS,1902,0.023205085
Malaysia,MYS,1903,0.022638835
Malaysia,MYS,1904,0.014198426
Malaysia,MYS,1905,0.01693022
Malaysia,MYS,1906,0.015015606
Malaysia,MYS,1907,0.035158284
Malaysia,MYS,1908,0.035729818
Malaysia,MYS,1909,0.06421489
Malaysia,MYS,1910,0.08736628
Malaysia,MYS,1912,0.006548695
Malaysia,MYS,1913,0.0218449
Malaysia,MYS,1914,0.050428744
Malaysia,MYS,1915,0.069266595
Malaysia,MYS,1916,0.18203099
Malaysia,MYS,1917,0.21193038
Malaysia,MYS,1918,0.21349983
Malaysia,MYS,1919,0.2399917
Malaysia,MYS,1920,0.3390862
Malaysia,MYS,1921,0.4228714
Malaysia,MYS,1922,0.5864455
Malaysia,MYS,1923,0.73946506
Malaysia,MYS,1924,0.70189625
Malaysia,MYS,1925,0.8121824
Malaysia,MYS,1926,0.91146773
Malaysia,MYS,1927,0.8859565
Malaysia,MYS,1928,0.9767543
Malaysia,MYS,1929,1.0330861
Malaysia,MYS,1930,0.9022109
Malaysia,MYS,1931,0.6514229
Malaysia,MYS,1932,0.42294636
Malaysia,MYS,1933,0.36689386
Malaysia,MYS,1934,0.3916276
Malaysia,MYS,1935,0.39977947
Malaysia,MYS,1936,0.44396305
Malaysia,MYS,1937,0.4978246
Malaysia,MYS,1938,0.3976751
Malaysia,MYS,1939,0.34723765
Malaysia,MYS,1940,0.51351666
Malaysia,MYS,1941,0.42863265
Malaysia,MYS,1942,0.12718852
Malaysia,MYS,1943,0.25011694
Malaysia,MYS,1944,0.20562328
Malaysia,MYS,1945,0.112172775
Malaysia,MYS,1946,0.10897332
Malaysia,MYS,1947,0.12143477
Malaysia,MYS,1948,0.20742151
Malaysia,MYS,1949,0.20862378
Malaysia,MYS,1950,0.5994059
Malaysia,MYS,1951,0.8342689
Malaysia,MYS,1952,0.9919094
Malaysia,MYS,1953,0.98558587
Malaysia,MYS,1954,1.0342258
Malaysia,MYS,1955,1.0674957
Malaysia,MYS,1956,1.0567169
Malaysia,MYS,1957,0.47717205
Malaysia,MYS,1958,0.50669795
Malaysia,MYS,1959,0.4104351
Malaysia,MYS,1960,0.52807236
Malaysia,MYS,1961,0.57381946
Malaysia,MYS,1962,0.56998205
Malaysia,MYS,1963,0.67750007
Malaysia,MYS,1964,0.83813554
Malaysia,MYS,1965,0.92533624
Malaysia,MYS,1966,1.0592049
Malaysia,MYS,1967,1.0652665
Malaysia,MYS,1968,1.0827681
Malaysia,MYS,1969,0.9185888
Malaysia,MYS,1970,1.4329672
Malaysia,MYS,1971,1.5985656
Malaysia,MYS,1972,1.6765848
Malaysia,MYS,1973,1.6007435
Malaysia,MYS,1974,1.7002808
Malaysia,MYS,1975,1.695023
Malaysia,MYS,1976,2.0338259
Malaysia,MYS,1977,1.8794761
Malaysia,MYS,1978,1.8867737
Malaysia,MYS,1979,2.1623554
Malaysia,MYS,1980,2.1591163
Malaysia,MYS,1981,2.3044395
Malaysia,MYS,1982,2.215166
Malaysia,MYS,1983,2.6633441
Malaysia,MYS,1984,2.357504
Malaysia,MYS,1985,2.3819265
Malaysia,MYS,1986,2.5444674
Malaysia,MYS,1987,2.5114179
Malaysia,MYS,1988,2.552253
Malaysia,MYS,1989,2.8925128
Malaysia,MYS,1990,3.0431683
Malaysia,MYS,1991,3.5864918
Malaysia,MYS,1992,3.8737822
Malaysia,MYS,1993,4.482424
Malaysia,MYS,1994,4.4145036
Malaysia,MYS,1995,5.390652
Malaysia,MYS,1996,5.2809606
Malaysia,MYS,1997,5.5424604
Malaysia,MYS,1998,5.0113263
Malaysia,MYS,1999,4.634905
Malaysia,MYS,2000,5.3501554
Malaysia,MYS,2001,5.563507
Malaysia,MYS,2002,5.4780774
Malaysia,MYS,2003,6.215024
Malaysia,MYS,2004,6.717976
Malaysia,MYS,2005,6.5791078
Malaysia,MYS,2006,6.441329
Malaysia,MYS,2007,6.498702
Malaysia,MYS,2008,6.994802
Malaysia,MYS,2009,6.8310843
Malaysia,MYS,2010,6.956588
Malaysia,MYS,2011,6.9766316
Malaysia,MYS,2012,7.180488
Malaysia,MYS,2013,8.009178
Malaysia,MYS,2014,7.9832
Malaysia,MYS,2015,7.554295
Malaysia,MYS,2016,7.4644914
Malaysia,MYS,2017,7.5553155
Malaysia,MYS,2018,7.9805346
Malaysia,MYS,2019,8.303469
Malaysia,MYS,2020,7.735682
Malaysia,MYS,2021,7.9729576
Malaysia,MYS,2022,8.124508
Malaysia,MYS,2023,7.8658104
Malaysia,MYS,2024,8.16206
Mexico,MEX,1856,0.00095851073
Mexico,MEX,1857,0.0008691696
Mexico,MEX,1858,0.0018121735
Mexico,MEX,1859,0.0009232169
Mexico,MEX,1860,0.0005775319
Mexico,MEX,1861,0.001331543
Mexico,MEX,1862,0.003703798
Mexico,MEX,1863,0.0024288695
Mexico,MEX,1864,0.00068700104
Mexico,MEX,1865,0.002273419
Mexico,MEX,1866,0.0039144065
Mexico,MEX,1867,0.0016994319
Mexico,MEX,1868,0.0012793979
Mexico,MEX,1869,0.0003931628
Mexico,MEX,1870,0.0011390273
Mexico,MEX,1871,0.001367033
Mexico,MEX,1872,0.002698022
Mexico,MEX,1873,0.0035214568
Mexico,MEX,1874,0.0036017783
Mexico,MEX,1875,0.0038538147
Mexico,MEX,1876,0.003863628
Mexico,MEX,1877,0.004720613
Mexico,MEX,1878,0.006142203
Mexico,MEX,1879,0.007914399
Mexico,MEX,1880,0.008619002
Mexico,MEX,1881,0.0055783545
Mexico,MEX,1882,0.0075347214
Mexico,MEX,1883,0.0078541245
Mexico,MEX,1884,0.0066533433
Mexico,MEX,1885,0.0058702044
Mexico,MEX,1886,0.008031494
Mexico,MEX,1887,0.015524154
Mexico,MEX,1888,0.020622699
Mexico,MEX,1889,0.026079116
Mexico,MEX,1890,0.039537333
Mexico,MEX,1891,0.094419554
Mexico,MEX,1892,0.13667779
Mexico,MEX,1893,0.11807741
Mexico,MEX,1894,0.12757093
Mexico,MEX,1895,0.1217248
Mexico,MEX,1896,0.13116626
Mexico,MEX,1897,0.18134868
Mexico,MEX,1898,0.20253628
Mexico,MEX,1899,0.2488691
Mexico,MEX,1900,0.2642491
Mexico,MEX,1901,0.31311664
Mexico,MEX,1902,0.3373004
Mexico,MEX,1903,0.39364615
Mexico,MEX,1904,0.418555
Mexico,MEX,1905,0.44187477
Mexico,MEX,1906,0.45906234
Mexico,MEX,1907,0.5038305
Mexico,MEX,1908,0.4968962
Mexico,MEX,1909,0.49802184
Mexico,MEX,1910,0.5077544
Mexico,MEX,1911,0.76601315
Mexico,MEX,1912,0.74691576
Mexico,MEX,1913,0.935312
Mexico,MEX,1914,0.8214157
Mexico,MEX,1915,1.087278
Mexico,MEX,1916,1.2699639
Mexico,MEX,1917,1.8977097
Mexico,MEX,1918,2.2387018
Mexico,MEX,1919,2.9210167
Mexico,MEX,1920,5.3269854
Mexico,MEX,1921,6.2183194
Mexico,MEX,1922,5.8179207
Mexico,MEX,1923,4.861611
Mexico,MEX,1924,4.5062857
Mexico,MEX,1925,3.7061944
Mexico,MEX,1926,2.8677933
Mexico,MEX,1927,2.0584326
Mexico,MEX,1928,1.5104109
Mexico,MEX,1929,1.3680644
Mexico,MEX,1930,1.2414695
Mexico,MEX,1931,0.9994197
Mexico,MEX,1932,0.94686073
Mexico,MEX,1933,1.0050838
Mexico,MEX,1934,1.0683721
Mexico,MEX,1935,1.1932687
Mexico,MEX,1936,1.2027472
Mexico,MEX,1937,1.337558
Mexico,MEX,1938,1.2805452
Mexico,MEX,1939,1.1699218
Mexico,MEX,1940,1.1699253
Mexico,MEX,1941,1.106027
Mexico,MEX,1942,0.9031377
Mexico,MEX,1943,0.8771556
Mexico,MEX,1944,0.8955317
Mexico,MEX,1945,0.9730897
Mexico,MEX,1946,1.0590736
Mexico,MEX,1947,1.1733247
Mexico,MEX,1948,1.1795105
Mexico,MEX,1949,1.0834855
Mexico,MEX,1950,1.1058314
Mexico,MEX,1951,1.2319492
Mexico,MEX,1952,1.2792016
Mexico,MEX,1953,1.2276745
Mexico,MEX,1954,1.1794058
Mexico,MEX,1955,1.2531196
Mexico,MEX,1956,1.2929358
Mexico,MEX,1957,1.46823
Mexico,MEX,1958,1.5620531
Mexico,MEX,1959,1.6360216
Mexico,MEX,1960,1.7168945
Mexico,MEX,1961,1.7218182
Mexico,MEX,1962,1.6290572
Mexico,MEX,1963,1.6399189
Mexico,MEX,1964,1.7763104
Mexico,MEX,1965,1.7410264
Mexico,MEX,1966,1.8114763
Mexico,MEX,1967,1.9511447
Mexico,MEX,1968,1.9695944
Mexico,MEX,1969,2.0753517
Mexico,MEX,1970,2.2424634
Mexico,MEX,1971,2.4074821
Mexico,MEX,1972,2.4479055
Mexico,MEX,1973,2.587525
Mexico,MEX,1974,2.6989014
Mexico,MEX,1975,2.782249
Mexico,MEX,1976,3.028971
Mexico,MEX,1977,3.0868616
Mexico,MEX,1978,3.4706295
Mexico,MEX,1979,3.6584847
Mexico,MEX,1980,3.9768698
Mexico,MEX,1981,4.116389
Mexico,MEX,1982,4.312788
Mexico,MEX,1983,3.8547404
Mexico,MEX,1984,3.761433
Mexico,MEX,1985,3.826866
Mexico,MEX,1986,3.8286471
Mexico,MEX,1987,3.9135306
Mexico,MEX,1988,3.832314
Mexico,MEX,1989,3.9781811
Mexico,MEX,1990,3.8245006
Mexico,MEX,1991,3.9065359
Mexico,MEX,1992,3.8637242
Mexico,MEX,1993,3.852906
Mexico,MEX,1994,3.9383492
Mexico,MEX,1995,3.6418269
Mexico,MEX,1996,3.694254
Mexico,MEX,1997,3.8551505
Mexico,MEX,1998,3.987453
Mexico,MEX,1999,3.9750144
Mexico,MEX,2000,3.968903
Mexico,MEX,2001,4.0708127
Mexico,MEX,2002,4.040439
Mexico,MEX,2003,4.2335887
Mexico,MEX,2004,4.201275
Mexico,MEX,2005,4.379822
Mexico,MEX,2006,4.4243016
Mexico,MEX,2007,4.353924
Mexico,MEX,2008,4.2852488
Mexico,MEX,2009,4.109744
Mexico,MEX,2010,4.0168395
Mexico,MEX,2011,4.1937428
Mexico,MEX,2012,4.292929
Mexico,MEX,2013,4.1862144
Mexico,MEX,2014,4.040969
Mexico,MEX,2015,3.9598958
Mexico,MEX,2016,3.9167483
Mexico,MEX,2017,3.7634232
Mexico,MEX,2018,3.760188
Mexico,MEX,2019,3.7231612
Mexico,MEX,2020,3.382808
Mexico,MEX,2021,3.500541
Mexico,MEX,2022,3.5284045
Mexico,MEX,2023,3.5321004
Mexico,MEX,2024,3.5227275
Morocco,MAR,1928,0.004627955
Morocco,MAR,1929,0.00514265
Morocco,MAR,1930,0.0062046335
Morocco,MAR,1931,0.013900272
Morocco,MAR,1932,0.022447193
Morocco,MAR,1933,0.02585854
Morocco,MAR,1934,0.027544837
Morocco,MAR,1935,0.03333234
Morocco,MAR,1936,0.029688975
Morocco,MAR,1937,0.050872177
Morocco,MAR,1938,0.06287396
Morocco,MAR,1939,0.04240515
Morocco,MAR,1940,0.05178163
Morocco,MAR,1941,0.050019305
Morocco,MAR,1942,0.04181941
Morocco,MAR,1943,0.044334356
Morocco,MAR,1944,0.051810972
Morocco,MAR,1945,0.06350354
Morocco,MAR,1946,0.08177572
Morocco,MAR,1947,0.09779543
Morocco,MAR,1948,0.10907374
Morocco,MAR,1949,0.12391575
Morocco,MAR,1950,0.28648007
Morocco,MAR,1951,0.31945914
Morocco,MAR,1952,0.379283
Morocco,MAR,1953,0.43267795
Morocco,MAR,1954,0.3623033
Morocco,MAR,1955,0.3499465
Morocco,MAR,1956,0.33721906
Morocco,MAR,1957,0.28484794
Morocco,MAR,1958,0.29659772
Morocco,MAR,1959,0.29768097
Morocco,MAR,1960,0.31277636
Morocco,MAR,1961,0.3160956
Morocco,MAR,1962,0.2509516
Morocco,MAR,1963,0.3143756
Morocco,MAR,1964,0.34228083
Morocco,MAR,1965,0.32134846
Morocco,MAR,1966,0.40152398
Morocco,MAR,1967,0.38718367
Morocco,MAR,1968,0.39171094
Morocco,MAR,1969,0.3948216
Morocco,MAR,1970,0.48131415
Morocco,MAR,1971,0.527221
Morocco,MAR,1972,0.5040992
Morocco,MAR,1973,0.5887805
Morocco,MAR,1974,0.6632382
Morocco,MAR,1975,0.645186
Morocco,MAR,1976,0.65378225
Morocco,MAR,1977,0.7007887
Morocco,MAR,1978,0.7031122
Morocco,MAR,1979,0.83617526
Morocco,MAR,1980,0.81283575
Morocco,MAR,1981,0.7864797
Morocco,MAR,1982,0.8237994
Morocco,MAR,1983,0.836939
Morocco,MAR,1984,0.8171444
Morocco,MAR,1985,0.79957557
Morocco,MAR,1986,0.8266941
Morocco,MAR,1987,0.863388
Morocco,MAR,1988,0.89065266
Morocco,MAR,1989,0.9465839
Morocco,MAR,1990,0.9147687
Morocco,MAR,1991,0.9552058
Morocco,MAR,1992,0.9811329
Morocco,MAR,1993,1.0455822
Morocco,MAR,1994,1.0816504
Morocco,MAR,1995,1.0890489
Morocco,MAR,1996,1.101328
Morocco,MAR,1997,1.1015766
Morocco,MAR,1998,1.118006
Morocco,MAR,1999,1.1413679
Morocco,MAR,2000,1.1680162
Morocco,MAR,2001,1.2774382
Morocco,MAR,2002,1.2778043
Morocco,MAR,2003,1.2366714
Morocco,MAR,2004,1.4097261
Morocco,MAR,2005,1.4711298
Morocco,MAR,2006,1.5030109
Morocco,MAR,2007,1.5683955
Morocco,MAR,2008,1.6253583
Morocco,MAR,2009,1.5878394
Morocco,MAR,2010,1.6744752
Morocco,MAR,2011,1.6670716
Morocco,MAR,2012,1.7074838
Morocco,MAR,2013,1.6753621
Morocco,MAR,2014,1.6715473
Morocco,MAR,2015,1.6903471
Morocco,MAR,2016,1.6690949
Morocco,MAR,2017,1.7238358
Morocco,MAR,2018,1.7387096
Morocco,MAR,2019,1.8984194
Morocco,MAR,2020,1.764199
Morocco,MAR,2021,1.9016743
Morocco,MAR,2022,1.8693061
Morocco,MAR,2023,1.8286018
Morocco,MAR,2024,1.813556
Netherlands,NLD,1846,0.95263827
Netherlands,NLD,1847,1.2757093
Netherlands,NLD,1848,1.1947267
Netherlands,NLD,1849,1.0827162
Netherlands,NLD,1850,1.0124792
Netherlands,NLD,1851,0.99962234
Netherlands,NLD,1852,1.1980932
Netherlands,NLD,1853,1.318547
Netherlands,NLD,1854,1.8676915
Netherlands,NLD,1855,1.4503789
Netherlands,NLD,1856,1.4632076
Netherlands,NLD,1857,1.297662
Netherlands,NLD,1858,1.1331831
Netherlands,NLD,1859,1.0695207
Netherlands,NLD,1860,1.4444765
Netherlands,NLD,1861,1.3161191
Netherlands,NLD,1862,1.6813024
Netherlands,NLD,1863,1.2008796
Netherlands,NLD,1864,0.99217886
Netherlands,NLD,1865,1.1120216
Netherlands,NLD,1866,1.2087845
Netherlands,NLD,1867,1.148679
Netherlands,NLD,1868,1.1948302
Netherlands,NLD,1869,1.2209758
Netherlands,NLD,1870,1.3674717
Netherlands,NLD,1871,1.3636847
Netherlands,NLD,1872,1.4444301
Netherlands,NLD,1873,1.3771598
Netherlands,NLD,1874,1.255897
Netherlands,NLD,1875,1.4193223
Netherlands,NLD,1876,1.6083318
Netherlands,NLD,1877,1.6155936
Netherlands,NLD,1878,1.6929923
Netherlands,NLD,1879,1.8050797
Netherlands,NLD,1880,1.9733121
Netherlands,NLD,1881,1.9644061
Netherlands,NLD,1882,1.9669116
Netherlands,NLD,1883,2.1548223
Netherlands,NLD,1884,2.1320136
Netherlands,NLD,1885,2.2019415
Netherlands,NLD,1886,2.2225852
Netherlands,NLD,1887,2.2357767
Netherlands,NLD,1888,2.4527774
Netherlands,NLD,1889,2.3686888
Netherlands,NLD,1890,2.2687502
Netherlands,NLD,1891,2.5951877
Netherlands,NLD,1892,2.4372075
Netherlands,NLD,1893,2.4364529
Netherlands,NLD,1894,2.4391851
Netherlands,NLD,1895,2.4103265
Netherlands,NLD,1896,2.5580997
Netherlands,NLD,1897,2.6492193
Netherlands,NLD,1898,2.5825713
Netherlands,NLD,1899,2.6174834
Netherlands,NLD,1900,2.84698
Netherlands,NLD,1901,2.7469678
Netherlands,NLD,1902,2.7072656
Netherlands,NLD,1903,2.8554063
Netherlands,NLD,1904,2.975268
Netherlands,NLD,1905,3.0114248
Netherlands,NLD,1906,3.2308705
Netherlands,NLD,1907,3.2774491
Netherlands,NLD,1908,3.2914963
Netherlands,NLD,1909,3.4160914
Netherlands,NLD,1910,3.5226068
Netherlands,NLD,1911,3.6800907
Netherlands,NLD,1912,4.094524
Netherlands,NLD,1913,4.460978
Netherlands,NLD,1914,4.1213465
Netherlands,NLD,1915,3.8591523
Netherlands,NLD,1916,3.4724345
Netherlands,NLD,1917,1.3223999
Netherlands,NLD,1918,2.1878452
Netherlands,NLD,1919,3.2627368
Netherlands,NLD,1920,3.2441351
Netherlands,NLD,1921,3.3514786
Netherlands,NLD,1922,3.878566
Netherlands,NLD,1923,3.8140323
Netherlands,NLD,1924,4.2303185
Netherlands,NLD,1925,4.579762
Netherlands,NLD,1926,4.6146984
Netherlands,NLD,1927,5.0324025
Netherlands,NLD,1928,4.967271
Netherlands,NLD,1929,5.3203073
Netherlands,NLD,1930,5.1885905
Netherlands,NLD,1931,5.647594
Netherlands,NLD,1932,5.139247
Netherlands,NLD,1933,4.729386
Netherlands,NLD,1934,4.680594
Netherlands,NLD,1935,4.462104
Netherlands,NLD,1936,4.7202134
Netherlands,NLD,1937,5.144685
Netherlands,NLD,1938,5.003879
Netherlands,NLD,1939,4.6461873
Netherlands,NLD,1940,3.7701917
Netherlands,NLD,1941,4.1336946
Netherlands,NLD,1942,3.8028536
Netherlands,NLD,1943,3.7898493
Netherlands,NLD,1944,2.4992619
Netherlands,NLD,1945,1.5489123
Netherlands,NLD,1946,3.2455068
Netherlands,NLD,1947,4.5941772
Netherlands,NLD,1948,4.805172
Netherlands,NLD,1949,5.0680156
Netherlands,NLD,1950,5.0723896
Netherlands,NLD,1951,5.3569384
Netherlands,NLD,1952,5.2717795
Netherlands,NLD,1953,5.2675614
Netherlands,NLD,1954,5.5023265
Netherlands,NLD,1955,5.6742163
Netherlands,NLD,1956,5.9778023
Netherlands,NLD,1957,5.8426437
Netherlands,NLD,1958,5.9628506
Netherlands,NLD,1959,5.9160814
Netherlands,NLD,1960,6.3947506
Netherlands,NLD,1961,6.5152516
Netherlands,NLD,1962,7.0548253
Netherlands,NLD,1963,7.6164837
Netherlands,NLD,1964,7.9779463
Netherlands,NLD,1965,8.163033
Netherlands,NLD,1966,8.308925
Netherlands,NLD,1967,8.462153
Netherlands,NLD,1968,8.90465
Netherlands,NLD,1969,8.9837055
Netherlands,NLD,1970,10.864978
Netherlands,NLD,1971,10.650061
Netherlands,NLD,1972,11.804064
Netherlands,NLD,1973,12.283831
Netherlands,NLD,1974,11.798872
Netherlands,NLD,1975,11.149761
Netherlands,NLD,1976,12.267732
Netherlands,NLD,1977,11.797099
Netherlands,NLD,1978,12.168123
Netherlands,NLD,1979,13.309946
Netherlands,NLD,1980,12.471889
Netherlands,NLD,1981,11.506487
Netherlands,NLD,1982,9.312939
Netherlands,NLD,1983,9.541013
Netherlands,NLD,1984,9.96161
Netherlands,NLD,1985,10.10939
Netherlands,NLD,1986,9.846135
Netherlands,NLD,1987,10.287577
Netherlands,NLD,1988,9.820829
Netherlands,NLD,1989,10.834598
Netherlands,NLD,1990,10.846517
Netherlands,NLD,1991,11.314292
Netherlands,NLD,1992,11.211611
Netherlands,NLD,1993,11.123338
Netherlands,NLD,1994,11.104094
Netherlands,NLD,1995,11.145648
Netherlands,NLD,1996,11.671497
Netherlands,NLD,1997,11.159401
Netherlands,NLD,1998,11.145193
Netherlands,NLD,1999,10.73093
Netherlands,NLD,2000,10.72025
Netherlands,NLD,2001,10.9662895
Netherlands,NLD,2002,10.850785
Netherlands,NLD,2003,11.008101
Netherlands,NLD,2004,11.085795
Netherlands,NLD,2005,10.818227
Netherlands,NLD,2006,10.505694
Netherlands,NLD,2007,10.466663
Netherlands,NLD,2008,10.598356
Netherlands,NLD,2009,10.21529
Netherlands,NLD,2010,10.880462
Netherlands,NLD,2011,10.049582
Netherlands,NLD,2012,9.798995
Netherlands,NLD,2013,9.720324
Netherlands,NLD,2014,9.248505
Netherlands,NLD,2015,9.584029
Netherlands,NLD,2016,9.579465
Netherlands,NLD,2017,9.372927
Netherlands,NLD,2018,9.084534
Netherlands,NLD,2019,8.708599
Netherlands,NLD,2020,7.7664127
Netherlands,NLD,2021,7.889522
Netherlands,NLD,2022,7.1213217
Netherlands,NLD,2023,6.4676642
Netherlands,NLD,2024,6.29691
Nigeria,NGA,1915,0.00084196444
Nigeria,NGA,1916,0.0029996943
Nigeria,NGA,1917,0.010060412
Nigeria,NGA,1918,0.017813101
Nigeria,NGA,1919,0.016333163
Nigeria,NGA,1920,0.021254402
Nigeria,NGA,1921,0.024603045
Nigeria,NGA,1922,0.012901388
Nigeria,NGA,1923,0.019736933
Nigeria,NGA,1924,0.022288626
Nigeria,NGA,1925,0.026089506
Nigeria,NGA,1926,0.034872472
Nigeria,NGA,1927,0.037915815
Nigeria,NGA,1928,0.03732089
Nigeria,NGA,1929,0.035350967
Nigeria,NGA,1930,0.03508436
Nigeria,NGA,1931,0.032529827
Nigeria,NGA,1932,0.024598658
Nigeria,NGA,1933,0.022664359
Nigeria,NGA,1934,0.024654057
Nigeria,NGA,1935,0.024163857
Nigeria,NGA,1936,0.026940694
Nigeria,NGA,1937,0.03296395
Nigeria,NGA,1938,0.032356925
Nigeria,NGA,1939,0.026830088
Nigeria,NGA,1940,0.026873969
Nigeria,NGA,1941,0.0312984
Nigeria,NGA,1942,0.03862446
Nigeria,NGA,1943,0.041634936
Nigeria,NGA,1944,0.04969419
Nigeria,NGA,1945,0.04071559
Nigeria,NGA,1946,0.04742192
Nigeria,NGA,1947,0.044394936
Nigeria,NGA,1948,0.045759745
Nigeria,NGA,1949,0.040691152
Nigeria,NGA,1950,0.060537588
Nigeria,NGA,1951,0.044360593
Nigeria,NGA,1952,0.05630923
Nigeria,NGA,1953,0.061779197
Nigeria,NGA,1954,0.064020984
Nigeria,NGA,1955,0.065876685
Nigeria,NGA,1956,0.07219781
Nigeria,NGA,1957,0.07488722
Nigeria,NGA,1958,0.08591362
Nigeria,NGA,1959,0.08071628
Nigeria,NGA,1960,0.07553578
Nigeria,NGA,1961,0.089358844
Nigeria,NGA,1962,0.0888954
Nigeria,NGA,1963,0.11138707
Nigeria,NGA,1964,0.14826362
Nigeria,NGA,1965,0.2345955
Nigeria,NGA,1966,0.2518789
Nigeria,NGA,1967,0.24524254
Nigeria,NGA,1968,0.124003604
Nigeria,NGA,1969,0.22148049
Nigeria,NGA,1970,0.38501486
Nigeria,NGA,1971,0.5636327
Nigeria,NGA,1972,0.7060493
Nigeria,NGA,1973,0.8240929
Nigeria,NGA,1974,1.0086124
Nigeria,NGA,1975,0.7461823
Nigeria,NGA,1976,0.845213
Nigeria,NGA,1977,0.75062805
Nigeria,NGA,1978,0.69503826
Nigeria,NGA,1979,0.98104185
Nigeria,NGA,1980,0.92167175
Nigeria,NGA,1981,0.86436915
Nigeria,NGA,1982,0.8332502
Nigeria,NGA,1983,0.74121547
Nigeria,NGA,1984,0.84019023
Nigeria,NGA,1985,0.8193528
Nigeria,NGA,1986,0.8380418
Nigeria,NGA,1987,0.6578994
Nigeria,NGA,1988,0.76447517
Nigeria,NGA,1989,0.44478953
Nigeria,NGA,1990,0.39935368
Nigeria,NGA,1991,0.41958869
Nigeria,NGA,1992,0.45091593
Nigeria,NGA,1993,0.42526343
Nigeria,NGA,1994,0.74451894
Nigeria,NGA,1995,0.7600689
Nigeria,NGA,1996,0.85945815
Nigeria,NGA,1997,0.81922936
Nigeria,NGA,1998,0.720408
Nigeria,NGA,1999,0.68947214
Nigeria,NGA,2000,0.7661745
Nigeria,NGA,2001,0.7717245
Nigeria,NGA,2002,0.6735968
Nigeria,NGA,2003,0.7290653
Nigeria,NGA,2004,0.67321587
Nigeria,NGA,2005,0.7010616
Nigeria,NGA,2006,0.60436517
Nigeria,NGA,2007,0.53612256
Nigeria,NGA,2008,0.5488045
Nigeria,NGA,2009,0.47535717
Nigeria,NGA,2010,0.67239475
Nigeria,NGA,2011,0.73588383
Nigeria,NGA,2012,0.62499523
Nigeria,NGA,2013,0.648446
Nigeria,NGA,2014,0.6668816
Nigeria,NGA,2015,0.57965857
Nigeria,NGA,2016,0.5955475
Nigeria,NGA,2017,0.5619865
Nigeria,NGA,2018,0.52106166
Nigeria,NGA,2019,0.61034876
Nigeria,NGA,2020,0.58365196
Nigeria,NGA,2021,0.6762326
Nigeria,NGA,2022,0.58902264
Nigeria,NGA,2023,0.5677305
Nigeria,NGA,2024,0.5837386
Norway,NOR,1750,0
Norway,NOR,1760,0
Norway,NOR,1770,0
Norway,NOR,1780,0
Norway,NOR,1790,0
Norway,NOR,1800,0
Norway,NOR,1801,0
Norway,NOR,1802,0
Norway,NOR,1803,0
Norway,NOR,1804,0
Norway,NOR,1805,0
Norway,NOR,1806,0
Norway,NOR,1807,0
Norway,NOR,1808,0
Norway,NOR,1809,0
Norway,NOR,1810,0
Norway,NOR,1811,0
Norway,NOR,1812,0
Norway,NOR,1813,0
Norway,NOR,1814,0
Norway,NOR,1815,0
Norway,NOR,1816,0
Norway,NOR,1817,0
Norway,NOR,1818,0
Norway,NOR,1819,0
Norway,NOR,1820,0
Norway,NOR,1821,0
Norway,NOR,1822,0
Norway,NOR,1823,0
Norway,NOR,1824,0
Norway,NOR,1825,0
Norway,NOR,1826,0
Norway,NOR,1827,0
Norway,NOR,1828,0
Norway,NOR,1829,0.009932231
Norway,NOR,1830,0.0065375045
Norway,NOR,1831,0.0032304025
Norway,NOR,1832,0
Norway,NOR,1833,0
Norway,NOR,1834,0
Norway,NOR,1835,0.012408057
Norway,NOR,1836,0.0153572485
Norway,NOR,1837,0.021288287
Norway,NOR,1838,0.042157065
Norway,NOR,1839,0.032786433
Norway,NOR,1840,0.035391875
Norway,NOR,1841,0.046679433
Norway,NOR,1842,0.057700925
Norway,NOR,1843,0.048485868
Norway,NOR,1844,0.050751865
Norway,NOR,1845,0.075258635
Norway,NOR,1846,0.074399464
Norway,NOR,1847,0.07627414
Norway,NOR,1848,0.096947104
Norway,NOR,1849,0.07717001
Norway,NOR,1850,0.099875614
Norway,NOR,1851,0.10638039
Norway,NOR,1852,0.10497247
Norway,NOR,1853,0.11364036
Norway,NOR,1854,0.15941471
Norway,NOR,1855,0.17197877
Norway,NOR,1856,0.20113294
Norway,NOR,1857,0.19838622
Norway,NOR,1858,0.17210157
Norway,NOR,1859,0.2071832
Norway,NOR,1860,0.2093993
Norway,NOR,1861,0.26640996
Norway,NOR,1862,0.2278102
Norway,NOR,1863,0.22142568
Norway,NOR,1864,0.29053947
Norway,NOR,1865,0.2837035
Norway,NOR,1866,0.30967367
Norway,NOR,1867,0.3654634
Norway,NOR,1868,0.37097478
Norway,NOR,1869,0.32096925
Norway,NOR,1870,0.36228594
Norway,NOR,1871,0.34843832
Norway,NOR,1872,0.36982825
Norway,NOR,1873,0.3681372
Norway,NOR,1874,0.45147362
Norway,NOR,1875,0.5611456
Norway,NOR,1876,0.49000984
Norway,NOR,1877,0.6539466
Norway,NOR,1878,0.5773575
Norway,NOR,1879,0.6011349
Norway,NOR,1880,0.6519781
Norway,NOR,1881,0.67056686
Norway,NOR,1882,0.72940433
Norway,NOR,1883,0.78291
Norway,NOR,1884,0.7984825
Norway,NOR,1885,0.9091223
Norway,NOR,1886,0.88498867
Norway,NOR,1887,0.8499257
Norway,NOR,1888,0.97926545
Norway,NOR,1889,1.111468
Norway,NOR,1890,1.0327786
Norway,NOR,1891,1.1904045
Norway,NOR,1892,1.2039268
Norway,NOR,1893,1.1888568
Norway,NOR,1894,1.3874222
Norway,NOR,1895,1.4447643
Norway,NOR,1896,1.4596028
Norway,NOR,1897,1.5636258
Norway,NOR,1898,1.5463502
Norway,NOR,1899,1.830457
Norway,NOR,1900,1.8610289
Norway,NOR,1901,1.7297902
Norway,NOR,1902,1.8700955
Norway,NOR,1903,1.8559071
Norway,NOR,1904,1.8083662
Norway,NOR,1905,1.7914501
Norway,NOR,1906,1.8124046
Norway,NOR,1907,2.0375307
Norway,NOR,1908,2.4192793
Norway,NOR,1909,2.4213858
Norway,NOR,1910,2.4751422
Norway,NOR,1911,2.5110497
Norway,NOR,1912,2.8143475
Norway,NOR,1913,2.8024375
Norway,NOR,1914,3.091719
Norway,NOR,1915,3.354548
Norway,NOR,1916,3.1034336
Norway,NOR,1917,1.3600785
Norway,NOR,1918,1.7149223
Norway,NOR,1919,2.0193615
Norway,NOR,1920,2.0063963
Norway,NOR,1921,1.2671517
Norway,NOR,1922,2.4167676
Norway,NOR,1923,2.5169272
Norway,NOR,1924,2.8450587
Norway,NOR,1925,2.7788672
Norway,NOR,1926,2.3124485
Norway,NOR,1927,3.131306
Norway,NOR,1928,3.0347118
Norway,NOR,1929,3.3965983
Norway,NOR,1930,3.0944333
Norway,NOR,1931,2.8502915
Norway,NOR,1932,3.02887
Norway,NOR,1933,3.198203
Norway,NOR,1934,3.2858331
Norway,NOR,1935,3.369211
Norway,NOR,1936,3.575719
Norway,NOR,1937,4.0043383
Norway,NOR,1938,3.547229
Norway,NOR,1939,4.209471
Norway,NOR,1940,2.173844
Norway,NOR,1941,1.5946462
Norway,NOR,1942,1.5194427
Norway,NOR,1943,1.7712185
Norway,NOR,1944,1.5727881
Norway,NOR,1945,1.2810465
Norway,NOR,1946,2.2377732
Norway,NOR,1947,3.330741
Norway,NOR,1948,3.409945
Norway,NOR,1949,3.2011957
Norway,NOR,1950,2.58244
Norway,NOR,1951,2.875015
Norway,NOR,1952,2.910226
Norway,NOR,1953,2.9108584
Norway,NOR,1954,2.911372
Norway,NOR,1955,3.329059
Norway,NOR,1956,3.4532654
Norway,NOR,1957,3.2525854
Norway,NOR,1958,3.1750422
Norway,NOR,1959,3.3235946
Norway,NOR,1960,3.6543903
Norway,NOR,1961,3.6943865
Norway,NOR,1962,3.863975
Norway,NOR,1963,4.081629
Norway,NOR,1964,4.3770776
Norway,NOR,1965,4.4021378
Norway,NOR,1966,5.2068143
Norway,NOR,1967,5.101393
Norway,NOR,1968,5.532809
Norway,NOR,1969,5.768654
Norway,NOR,1970,7.219667
Norway,NOR,1971,6.9607387
Norway,NOR,1972,7.474118
Norway,NOR,1973,7.6987967
Norway,NOR,1974,6.9481187
Norway,NOR,1975,7.6364555
Norway,NOR,1976,8.278774
Norway,NOR,1977,8.238279
Norway,NOR,1978,8.038229
Norway,NOR,1979,8.5021925
Norway,NOR,1980,7.7778006
Norway,NOR,1981,7.7578516
Norway,NOR,1982,7.512525
Norway,NOR,1983,7.7385387
Norway,NOR,1984,8.166786
Norway,NOR,1985,7.7751675
Norway,NOR,1986,8.347309
Norway,NOR,1987,7.9313226
Norway,NOR,1988,8.455139
Norway,NOR,1989,8.078672
Norway,NOR,1990,8.254036
Norway,NOR,1991,7.8528857
Norway,NOR,1992,8.026121
Norway,NOR,1993,8.336998
Norway,NOR,1994,8.731301
Norway,NOR,1995,8.825208
Norway,NOR,1996,9.481557
Norway,NOR,1997,9.453828
Norway,NOR,1998,9.441456
Norway,NOR,1999,9.549757
Norway,NOR,2000,9.381491
Norway,NOR,2001,9.641643
Norway,NOR,2002,9.380972
Norway,NOR,2003,9.621514
Norway,NOR,2004,9.638396
Norway,NOR,2005,9.361427
Norway,NOR,2006,9.410819
Norway,NOR,2007,9.684611
Norway,NOR,2008,9.373132
Norway,NOR,2009,8.925522
Norway,NOR,2010,9.338823
Norway,NOR,2011,9.040032
Norway,NOR,2012,8.819053
Norway,NOR,2013,8.7673025
Norway,NOR,2014,8.754434
Norway,NOR,2015,8.7716675
Norway,NOR,2016,8.538622
Norway,NOR,2017,8.375709
Norway,NOR,2018,8.37238
Norway,NOR,2019,8.015733
Norway,NOR,2020,7.672967
Norway,NOR,2021,7.591971
Norway,NOR,2022,7.4829626
Norway,NOR,2023,7.042548
Norway,NOR,2024,6.667616
Pakistan,PAK,1946,0.018152596
Pakistan,PAK,1947,0.018432835
Pakistan,PAK,1948,0.019942466
Pakistan,PAK,1949,0.027750548
Pakistan,PAK,1950,0.14937443
Pakistan,PAK,1951,0.18076248
Pakistan,PAK,1952,0.18683763
Pakistan,PAK,1953,0.18589744
Pakistan,PAK,1954,0.18442197
Pakistan,PAK,1955,0.1854742
Pakistan,PAK,1956,0.21433769
Pakistan,PAK,1957,0.21582635
Pakistan,PAK,1958,0.23604545
Pakistan,PAK,1959,0.22296879
Pakistan,PAK,1960,0.26091918
Pakistan,PAK,1961,0.2631977
Pakistan,PAK,1962,0.2817893
Pakistan,PAK,1963,0.3154887
Pakistan,PAK,1964,0.31572762
Pakistan,PAK,1965,0.32235026
Pakistan,PAK,1966,0.3190419
Pakistan,PAK,1967,0.32918552
Pakistan,PAK,1968,0.36686504
Pakistan,PAK,1969,0.34575924
Pakistan,PAK,1970,0.34079316
Pakistan,PAK,1971,0.31433088
Pakistan,PAK,1972,0.29729635
Pakistan,PAK,1973,0.30565068
Pakistan,PAK,1974,0.31724754
Pakistan,PAK,1975,0.33382457
Pakistan,PAK,1976,0.31818548
Pakistan,PAK,1977,0.3290835
Pakistan,PAK,1978,0.34138972
Pakistan,PAK,1979,0.35614568
Pakistan,PAK,1980,0.38803208
Pakistan,PAK,1981,0.39897454
Pakistan,PAK,1982,0.4174423
Pakistan,PAK,1983,0.43394974
Pakistan,PAK,1984,0.44719544
Pakistan,PAK,1985,0.47657418
Pakistan,PAK,1986,0.48282826
Pakistan,PAK,1987,0.5040272
Pakistan,PAK,1988,0.5298461
Pakistan,PAK,1989,0.5369274
Pakistan,PAK,1990,0.5839355
Pakistan,PAK,1991,0.56202626
Pakistan,PAK,1992,0.58289564
Pakistan,PAK,1993,0.60758656
Pakistan,PAK,1994,0.6425968
Pakistan,PAK,1995,0.6212881
Pakistan,PAK,1996,0.67511857
Pakistan,PAK,1997,0.65801567
Pakistan,PAK,1998,0.6602456
Pakistan,PAK,1999,0.66010743
Pakistan,PAK,2000,0.67110217
Pakistan,PAK,2001,0.6617698
Pakistan,PAK,2002,0.67739564
Pakistan,PAK,2003,0.677049
Pakistan,PAK,2004,0.7276534
Pakistan,PAK,2005,0.7406387
Pakistan,PAK,2006,0.7675285
Pakistan,PAK,2007,0.8040892
Pakistan,PAK,2008,0.78048605
Pakistan,PAK,2009,0.76323503
Pakistan,PAK,2010,0.7403367
Pakistan,PAK,2011,0.7336991
Pakistan,PAK,2012,0.7249827
Pakistan,PAK,2013,0.7020431
Pakistan,PAK,2014,0.7038469
Pakistan,PAK,2015,0.66682756
Pakistan,PAK,2016,0.80286133
Pakistan,PAK,2017,0.9494198
Pakistan,PAK,2018,0.8967553
Pakistan,PAK,2019,0.8267986
Pakistan,PAK,2020,0.91705513
Pakistan,PAK,2021,1.0170143
Pakistan,PAK,2022,0.8697954
Pakistan,PAK,2023,0.7549797
Pakistan,PAK,2024,0.71556884
Peru,PER,1856,0.018031554
Peru,PER,1857,0.022778034
Peru,PER,1858,0.016980587
Peru,PER,1859,0.012872442
Peru,PER,1860,0.022710953
Peru,PER,1861,0.03194439
Peru,PER,1862,0.028122641
Peru,PER,1863,0.028023947
Peru,PER,1864,0.05080417
Peru,PER,1865,0.054228652
Peru,PER,1866,0.06385132
Peru,PER,1867,0.03548186
Peru,PER,1868,0.075473756
Peru,PER,1869,0.050913423
Peru,PER,1870,0.0931999
Peru,PER,1871,0.10914097
Peru,PER,1872,0.18983352
Peru,PER,1873,0.17499386
Peru,PER,1874,0.11994435
Peru,PER,1875,0.114137806
Peru,PER,1876,0.08452836
Peru,PER,1877,0.073997
Peru,PER,1878,0.07206287
Peru,PER,1879,0.08019629
Peru,PER,1880,0.041513734
Peru,PER,1881,0.041356616
Peru,PER,1882,0.059208587
Peru,PER,1883,0.055868376
Peru,PER,1884,0.07497224
Peru,PER,1885,0.048428126
Peru,PER,1886,0.04486781
Peru,PER,1887,0.0645258
Peru,PER,1888,0.14413318
Peru,PER,1889,0.050087877
Peru,PER,1890,0.05519095
Peru,PER,1891,0.050974272
Peru,PER,1892,0.06429952
Peru,PER,1893,0.04727566
Peru,PER,1894,0.043785103
Peru,PER,1895,0.04013875
Peru,PER,1896,0.037252758
Peru,PER,1897,0.029654654
Peru,PER,1898,0.04927601
Peru,PER,1899,0.06750689
Peru,PER,1900,0.07751742
Peru,PER,1901,0.08099777
Peru,PER,1902,0.07896277
Peru,PER,1903,0.086507276
Peru,PER,1904,0.12027863
Peru,PER,1905,0.10834606
Peru,PER,1906,0.12878588
Peru,PER,1907,0.23602152
Peru,PER,1908,0.37286893
Peru,PER,1909,0.3787889
Peru,PER,1910,0.3471633
Peru,PER,1911,0.38581485
Peru,PER,1912,0.3644264
Peru,PER,1913,0.398504
Peru,PER,1914,0.3760583
Peru,PER,1915,0.43599483
Peru,PER,1916,0.48712742
Peru,PER,1917,0.4960938
Peru,PER,1918,0.44340244
Peru,PER,1919,0.46831387
Peru,PER,1920,0.47993574
Peru,PER,1921,0.534198
Peru,PER,1922,0.63524204
Peru,PER,1923,0.6220592
Peru,PER,1924,0.7415366
Peru,PER,1925,0.95877826
Peru,PER,1926,0.93210614
Peru,PER,1927,0.9147438
Peru,PER,1928,1.0178169
Peru,PER,1929,1.3236676
Peru,PER,1930,1.0320945
Peru,PER,1931,0.8243385
Peru,PER,1932,0.7334933
Peru,PER,1933,1.1657174
Peru,PER,1934,1.1647669
Peru,PER,1935,1.2187177
Peru,PER,1936,1.2349087
Peru,PER,1937,1.4396818
Peru,PER,1938,1.2886585
Peru,PER,1939,0.92551357
Peru,PER,1940,0.82347053
Peru,PER,1941,0.80147743
Peru,PER,1942,0.9056878
Peru,PER,1943,0.9603511
Peru,PER,1944,0.9324829
Peru,PER,1945,0.88305163
Peru,PER,1946,0.7885879
Peru,PER,1947,0.801082
Peru,PER,1948,0.8589221
Peru,PER,1949,0.8767163
Peru,PER,1950,0.5920478
Peru,PER,1951,0.6046321
Peru,PER,1952,0.639023
Peru,PER,1953,0.6605834
Peru,PER,1954,0.72665113
Peru,PER,1955,0.6941735
Peru,PER,1956,0.6955269
Peru,PER,1957,0.71498835
Peru,PER,1958,0.7677493
Peru,PER,1959,0.7300671
Peru,PER,1960,0.8024885
Peru,PER,1961,0.824204
Peru,PER,1962,0.9235001
Peru,PER,1963,0.920832
Peru,PER,1964,1.0721731
Peru,PER,1965,1.0161923
Peru,PER,1966,1.0941843
Peru,PER,1967,1.0957137
Peru,PER,1968,1.131416
Peru,PER,1969,1.1608984
Peru,PER,1970,1.3158664
Peru,PER,1971,1.3434474
Peru,PER,1972,1.2771136
Peru,PER,1973,1.3524673
Peru,PER,1974,1.4258066
Peru,PER,1975,1.4299786
Peru,PER,1976,1.4252484
Peru,PER,1977,1.4460737
Peru,PER,1978,1.3570244
Peru,PER,1979,1.3120586
Peru,PER,1980,1.3861392
Peru,PER,1981,1.3499095
Peru,PER,1982,1.2934039
Peru,PER,1983,1.0901797
Peru,PER,1984,1.0760239
Peru,PER,1985,0.9901474
Peru,PER,1986,1.0824163
Peru,PER,1987,1.2483368
Peru,PER,1988,1.1882448
Peru,PER,1989,1.0106592
Peru,PER,1990,0.9721106
Peru,PER,1991,0.92323846
Peru,PER,1992,0.9145589
Peru,PER,1993,1.0201153
Peru,PER,1994,1.0123552
Peru,PER,1995,1.032615
Peru,PER,1996,0.99620783
Peru,PER,1997,1.0978477
Peru,PER,1998,1.0904388
Peru,PER,1999,1.1289179
Peru,PER,2000,1.0781703
Peru,PER,2001,0.936789
Peru,PER,2002,0.9378315
Peru,PER,2003,0.9033261
Peru,PER,2004,1.0233892
Peru,PER,2005,1.0789979
Peru,PER,2006,0.9991095
Peru,PER,2007,1.2115691
Peru,PER,2008,1.2386353
Peru,PER,2009,1.364297
Peru,PER,2010,1.4613583
Peru,PER,2011,1.4443991
Peru,PER,2012,1.5400378
Peru,PER,2013,1.4326204
Peru,PER,2014,1.6399359
Peru,PER,2015,1.6154937
Peru,PER,2016,1.7072773
Peru,PER,2017,1.7470704
Peru,PER,2018,1.7560439
Peru,PER,2019,1.8079982
Peru,PER,2020,1.4384526
Peru,PER,2021,1.8084831
Peru,PER,2022,1.9352938
Peru,PER,2023,1.9519441
Peru,PER,2024,2.0529242
Philippines,PHL,1907,0.0009838055
Philippines,PHL,1908,0.0024183611
Philippines,PHL,1909,0.0071336646
Philippines,PHL,1910,0.0065466347
Philippines,PHL,1911,0.0045978753
Philippines,PHL,1912,0.00045208787
Philippines,PHL,1913,0.00088903157
Philippines,PHL,1914,0.002185363
Philippines,PHL,1915,0.006446343
Philippines,PHL,1916,0.0059159
Philippines,PHL,1917,0.0012464845
Philippines,PHL,1918,0.0032611
Philippines,PHL,1919,0.0063966974
Philippines,PHL,1920,0.010975176
Philippines,PHL,1921,0.007299334
Philippines,PHL,1922,0.007904721
Philippines,PHL,1923,0.0077426326
Philippines,PHL,1924,0.00830614
Philippines,PHL,1925,0.008135821
Philippines,PHL,1926,0.0048506917
Philippines,PHL,1927,0.0037331067
Philippines,PHL,1928,0.0072888923
Philippines,PHL,1929,0.006155693
Philippines,PHL,1930,0.007607711
Philippines,PHL,1931,0.006821319
Philippines,PHL,1932,0.007273252
Philippines,PHL,1933,0.0062212343
Philippines,PHL,1934,0.0069535766
Philippines,PHL,1935,0.007644957
Philippines,PHL,1936,0.009133302
Philippines,PHL,1937,0.008922385
Philippines,PHL,1938,0.01136982
Philippines,PHL,1939,0.0059681945
Philippines,PHL,1940,0.007857779
Philippines,PHL,1941,0.0061382786
Philippines,PHL,1945,0.00089164276
Philippines,PHL,1946,0.0067858035
Philippines,PHL,1947,0.01153048
Philippines,PHL,1948,0.012302836
Philippines,PHL,1949,0.017680068
Philippines,PHL,1950,0.1912083
Philippines,PHL,1951,0.1815626
Philippines,PHL,1952,0.19928108
Philippines,PHL,1953,0.19083755
Philippines,PHL,1954,0.24245973
Philippines,PHL,1955,0.2891353
Philippines,PHL,1956,0.26243365
Philippines,PHL,1957,0.2711459
Philippines,PHL,1958,0.29253763
Philippines,PHL,1959,0.26855338
Philippines,PHL,1960,0.298476
Philippines,PHL,1961,0.30259573
Philippines,PHL,1962,0.34773505
Philippines,PHL,1963,0.37398255
Philippines,PHL,1964,0.40523353
Philippines,PHL,1965,0.4280309
Philippines,PHL,1966,0.47904384
Philippines,PHL,1967,0.52594405
Philippines,PHL,1968,0.6235639
Philippines,PHL,1969,0.6227214
Philippines,PHL,1970,0.6578939
Philippines,PHL,1971,0.71528125
Philippines,PHL,1972,0.6701429
Philippines,PHL,1973,0.7817846
Philippines,PHL,1974,0.74056613
Philippines,PHL,1975,0.77117294
Philippines,PHL,1976,0.81154245
Philippines,PHL,1977,0.8263668
Philippines,PHL,1978,0.8197813
Philippines,PHL,1979,0.8120261
Philippines,PHL,1980,0.76673377
Philippines,PHL,1981,0.69949627
Philippines,PHL,1982,0.6863548
Philippines,PHL,1983,0.67419356
Philippines,PHL,1984,0.57299006
Philippines,PHL,1985,0.5045075
Philippines,PHL,1986,0.5114189
Philippines,PHL,1987,0.5577806
Philippines,PHL,1988,0.626208
Philippines,PHL,1989,0.6338742
Philippines,PHL,1990,0.6487035
Philippines,PHL,1991,0.665936
Philippines,PHL,1992,0.7246253
Philippines,PHL,1993,0.715853
Philippines,PHL,1994,0.7748366
Philippines,PHL,1995,0.8394482
Philippines,PHL,1996,0.8371868
Philippines,PHL,1997,0.93557286
Philippines,PHL,1998,0.88900596
Philippines,PHL,1999,0.86549443
Philippines,PHL,2000,0.8975363
Philippines,PHL,2001,0.8574645
Philippines,PHL,2002,0.8365551
Philippines,PHL,2003,0.8202433
Philippines,PHL,2004,0.8333714
Philippines,PHL,2005,0.8218276
Philippines,PHL,2006,0.73339576
Philippines,PHL,2007,0.7687051
Philippines,PHL,2008,0.8263837
Philippines,PHL,2009,0.8007766
Philippines,PHL,2010,0.8537299
Philippines,PHL,2011,0.844595
Philippines,PHL,2012,0.8732301
Philippines,PHL,2013,0.92896587
Philippines,PHL,2014,0.9644077
Philippines,PHL,2015,1.0544406
Philippines,PHL,2016,1.1262923
Philippines,PHL,2017,1.235442
Philippines,PHL,2018,1.2776358
Philippines,PHL,2019,1.2869601
Philippines,PHL,2020,1.1728759
Philippines,PHL,2021,1.2402151
Philippines,PHL,2022,1.3246514
Philippines,PHL,2023,1.4011557
Philippines,PHL,2024,1.5096035
Poland,POL,1800,0.045189332
Poland,POL,1801,0.048899516
Poland,POL,1802,0.049343564
Poland,POL,1803,0.050176714
Poland,POL,1804,0.049413763
Poland,POL,1805,0.061216537
Poland,POL,1806,0.05531447
Poland,POL,1807,0.03982849
Poland,POL,1808,0.052587613
Poland,POL,1809,0.049153995
Poland,POL,1810,0.058625095
Poland,POL,1811,0.060448285
Poland,POL,1812,0.04621533
Poland,POL,1813,0.03847724
Poland,POL,1814,0.050314993
Poland,POL,1815,0.058696058
Poland,POL,1816,0.06695161
Poland,POL,1817,0.07292754
Poland,POL,1818,0.08986743
Poland,POL,1819,0.07327879
Poland,POL,1820,0.071687624
Poland,POL,1821,0.078836694
Poland,POL,1822,0.085877135
Poland,POL,1823,0.11446584
Poland,POL,1824,0.11874538
Poland,POL,1825,0.122617334
Poland,POL,1826,0.111967854
Poland,POL,1827,0.119157985
Poland,POL,1828,0.109338894
Poland,POL,1829,0.09571049
Poland,POL,1830,0.08815281
Poland,POL,1831,0.071625955
Poland,POL,1832,0.09072627
Poland,POL,1833,0.09357449
Poland,POL,1834,0.09764417
Poland,POL,1835,0.103852116
Poland,POL,1836,0.116836585
Poland,POL,1837,0.12466344
Poland,POL,1838,0.13329282
Poland,POL,1839,0.14026114
Poland,POL,1840,0.16289388
Poland,POL,1841,0.17585275
Poland,POL,1842,0.18622164
Poland,POL,1843,0.18188983
Poland,POL,1844,0.19233882
Poland,POL,1845,0.22279966
Poland,POL,1846,0.23364756
Poland,POL,1847,0.23769778
Poland,POL,1848,0.237672
Poland,POL,1849,0.23253947
Poland,POL,1850,0.2454724
Poland,POL,1851,0.2623792
Poland,POL,1852,0.30964217
Poland,POL,1853,0.3195806
Poland,POL,1854,0.34931052
Poland,POL,1855,0.40574992
Poland,POL,1856,0.45026627
Poland,POL,1857,0.47270885
Poland,POL,1858,0.5355126
Poland,POL,1859,0.48803973
Poland,POL,1860,0.5072211
Poland,POL,1861,0.51309466
Poland,POL,1862,0.5816763
Poland,POL,1863,0.65586
Poland,POL,1864,0.7226562
Poland,POL,1865,0.7899976
Poland,POL,1866,0.7632576
Poland,POL,1867,0.8243138
Poland,POL,1868,0.92566586
Poland,POL,1869,0.94349986
Poland,POL,1870,0.9934912
Poland,POL,1871,1.1153967
Poland,POL,1872,1.195611
Poland,POL,1873,1.2761083
Poland,POL,1874,1.3780894
Poland,POL,1875,1.333415
Poland,POL,1876,1.3427811
Poland,POL,1877,1.2447325
Poland,POL,1878,1.2899075
Poland,POL,1879,1.3834292
Poland,POL,1880,1.3558813
Poland,POL,1881,1.3299598
Poland,POL,1882,1.3610665
Poland,POL,1883,1.4730229
Poland,POL,1884,1.5131547
Poland,POL,1885,1.5575616
Poland,POL,1886,1.5737689
Poland,POL,1887,1.5619694
Poland,POL,1888,1.7137668
Poland,POL,1889,1.827004
Poland,POL,1890,1.8654754
Poland,POL,1891,1.9993907
Poland,POL,1892,1.8832577
Poland,POL,1893,1.9660541
Poland,POL,1894,1.9837779
Poland,POL,1895,2.0925136
Poland,POL,1896,2.2348957
Poland,POL,1897,2.3175058
Poland,POL,1898,2.498312
Poland,POL,1899,2.5655856
Poland,POL,1900,2.6038501
Poland,POL,1901,2.7316468
Poland,POL,1902,2.6551762
Poland,POL,1903,2.757266
Poland,POL,1904,2.7737193
Poland,POL,1905,2.972789
Poland,POL,1906,3.1020641
Poland,POL,1907,3.413258
Poland,POL,1908,3.6158361
Poland,POL,1909,3.7009327
Poland,POL,1910,3.6632185
Poland,POL,1911,3.8735087
Poland,POL,1912,4.3458357
Poland,POL,1913,4.6024585
Poland,POL,1914,3.884173
Poland,POL,1915,3.8353822
Poland,POL,1916,4.451905
Poland,POL,1917,5.001783
Poland,POL,1918,4.2455487
Poland,POL,1919,0.11475124
Poland,POL,1920,3.210359
Poland,POL,1921,3.1324885
Poland,POL,1922,2.9668422
Poland,POL,1923,2.137205
Poland,POL,1924,1.914162
Poland,POL,1925,1.8926381
Poland,POL,1926,1.8642147
Poland,POL,1927,2.3119197
Poland,POL,1928,2.3578176
Poland,POL,1929,2.6868458
Poland,POL,1930,2.0655017
Poland,POL,1931,1.9816872
Poland,POL,1932,1.5048476
Poland,POL,1933,1.5392022
Poland,POL,1934,1.6007956
Poland,POL,1935,1.623688
Poland,POL,1936,1.744612
Poland,POL,1937,1.9575403
Poland,POL,1938,2.0696678
Poland,POL,1939,1.7900759
Poland,POL,1940,5.790387
Poland,POL,1941,5.756054
Poland,POL,1942,6.4314394
Poland,POL,1943,7.13858
Poland,POL,1944,6.9538517
Poland,POL,1945,2.2291417
Poland,POL,1946,3.9965856
Poland,POL,1947,3.5651448
Poland,POL,1948,3.5295322
Poland,POL,1949,4.2344003
Poland,POL,1950,4.514354
Poland,POL,1951,4.8332953
Poland,POL,1952,4.9802575
Poland,POL,1953,5.3214955
Poland,POL,1954,5.545677
Poland,POL,1955,5.6942477
Poland,POL,1956,6.0406575
Poland,POL,1957,6.3612585
Poland,POL,1958,6.16858
Poland,POL,1959,6.5112576
Poland,POL,1960,6.7469563
Poland,POL,1961,6.9120374
Poland,POL,1962,7.1396546
Poland,POL,1963,7.530882
Poland,POL,1964,7.8362355
Poland,POL,1965,7.8935866
Poland,POL,1966,7.9961166
Poland,POL,1967,8.13778
Poland,POL,1968,8.597494
Poland,POL,1969,9.076341
Poland,POL,1970,9.346787
Poland,POL,1971,9.547628
Poland,POL,1972,9.9724655
Poland,POL,1973,10.067933
Poland,POL,1974,10.291765
Poland,POL,1975,11.034605
Poland,POL,1976,11.608321
Poland,POL,1977,12.069888
Poland,POL,1978,12.333964
Poland,POL,1979,12.520075
Poland,POL,1980,13.023558
Poland,POL,1981,11.392588
Poland,POL,1982,11.618479
Poland,POL,1983,11.511754
Poland,POL,1984,11.718339
Poland,POL,1985,11.948963
Poland,POL,1986,12.064739
Poland,POL,1987,12.311895
Poland,POL,1988,11.746854
Poland,POL,1989,11.129813
Poland,POL,1990,9.889295
Poland,POL,1991,9.786034
Poland,POL,1992,9.527805
Poland,POL,1993,9.530198
Poland,POL,1994,9.38838
Poland,POL,1995,9.448353
Poland,POL,1996,9.831252
Poland,POL,1997,9.575367
Poland,POL,1998,8.84455
Poland,POL,1999,8.598169
Poland,POL,2000,8.293836
Poland,POL,2001,8.190556
Poland,POL,2002,8.000449
Poland,POL,2003,8.343018
Poland,POL,2004,8.478947
Poland,POL,2005,8.461171
Poland,POL,2006,8.835748
Poland,POL,2007,8.830378
Poland,POL,2008,8.670105
Poland,POL,2009,8.312326
Poland,POL,2010,8.768195
Poland,POL,2011,8.725933
Poland,POL,2012,8.517539
Poland,POL,2013,8.409914
Poland,POL,2014,8.086096
Poland,POL,2015,8.167728
Poland,POL,2016,8.449371
Poland,POL,2017,8.796377
Poland,POL,2018,8.779007
Poland,POL,2019,8.304427
Poland,POL,2020,7.914448
Poland,POL,2021,8.693247
Poland,POL,2022,8.20336
Poland,POL,2023,7.307086
Poland,POL,2024,7.0801096
Portugal,PRT,1870,0.0050872993
Portugal,PRT,1871,0.008420395
Portugal,PRT,1872,0.11878141
Portugal,PRT,1873,0.16458248
Portugal,PRT,1874,0.11976907
Portugal,PRT,1875,0.2618337
Portugal,PRT,1876,0.25529215
Portugal,PRT,1877,0.14832091
Portugal,PRT,1878,0.14094433
Portugal,PRT,1879,0.15438981
Portugal,PRT,1880,0.1905984
Portugal,PRT,1881,0.19149476
Portugal,PRT,1882,0.2313571
Portugal,PRT,1883,0.24098594
Portugal,PRT,1884,0.25196797
Portugal,PRT,1885,0.23151828
Portugal,PRT,1886,0.25368288
Portugal,PRT,1887,0.2589812
Portugal,PRT,1888,0.27678412
Portugal,PRT,1889,0.315689
Portugal,PRT,1890,0.33432275
Portugal,PRT,1891,0.3440485
Portugal,PRT,1892,0.33213913
Portugal,PRT,1893,0.2947853
Portugal,PRT,1894,0.34369648
Portugal,PRT,1895,0.3257557
Portugal,PRT,1896,0.32970884
Portugal,PRT,1897,0.34399164
Portugal,PRT,1898,0.39110392
Portugal,PRT,1899,0.39981854
Portugal,PRT,1900,0.45642734
Portugal,PRT,1901,0.438673
Portugal,PRT,1902,0.47711617
Portugal,PRT,1903,0.45521906
Portugal,PRT,1904,0.46186873
Portugal,PRT,1905,0.44755688
Portugal,PRT,1906,0.51021147
Portugal,PRT,1907,0.5519483
Portugal,PRT,1908,0.5441126
Portugal,PRT,1909,0.54899365
Portugal,PRT,1910,0.5550772
Portugal,PRT,1911,0.53434503
Portugal,PRT,1912,0.61866874
Portugal,PRT,1913,0.6518441
Portugal,PRT,1914,0.5687578
Portugal,PRT,1915,0.5187191
Portugal,PRT,1916,0.5014904
Portugal,PRT,1917,0.2771171
Portugal,PRT,1918,0.18286845
Portugal,PRT,1919,0.35867843
Portugal,PRT,1920,0.34737837
Portugal,PRT,1921,0.3517803
Portugal,PRT,1922,0.48024017
Portugal,PRT,1923,0.42937863
Portugal,PRT,1924,0.48006994
Portugal,PRT,1925,0.48878124
Portugal,PRT,1926,0.48531604
Portugal,PRT,1927,0.5552652
Portugal,PRT,1928,0.6035273
Portugal,PRT,1929,0.59254307
Portugal,PRT,1930,0.6379018
Portugal,PRT,1931,0.5714587
Portugal,PRT,1932,0.4879904
Portugal,PRT,1933,0.5684927
Portugal,PRT,1934,0.5754067
Portugal,PRT,1935,0.60748434
Portugal,PRT,1936,0.56586677
Portugal,PRT,1937,0.66755605
Portugal,PRT,1938,0.55059016
Portugal,PRT,1939,0.6279087
Portugal,PRT,1940,0.50935525
Portugal,PRT,1941,0.48880404
Portugal,PRT,1942,0.38729438
Portugal,PRT,1943,0.3729306
Portugal,PRT,1944,0.40758967
Portugal,PRT,1945,0.4151064
Portugal,PRT,1946,0.4793121
Portugal,PRT,1947,0.6763992
Portugal,PRT,1948,0.6349517
Portugal,PRT,1949,0.66131324
Portugal,PRT,1950,0.6673406
Portugal,PRT,1951,0.6365774
Portugal,PRT,1952,0.62770104
Portugal,PRT,1953,0.6915984
Portugal,PRT,1954,0.6718877
Portugal,PRT,1955,0.74572676
Portugal,PRT,1956,0.82290936
Portugal,PRT,1957,0.8900599
Portugal,PRT,1958,0.85919416
Portugal,PRT,1959,0.90264255
Portugal,PRT,1960,0.92565095
Portugal,PRT,1961,1.0213373
Portugal,PRT,1962,1.0443039
Portugal,PRT,1963,1.1251111
Portugal,PRT,1964,1.2373776
Portugal,PRT,1965,1.3029188
Portugal,PRT,1966,1.333911
Portugal,PRT,1967,1.4008396
Portugal,PRT,1968,1.4747767
Portugal,PRT,1969,1.666942
Portugal,PRT,1970,1.7574764
Portugal,PRT,1971,1.8854183
Portugal,PRT,1972,2.076697
Portugal,PRT,1973,2.231183
Portugal,PRT,1974,2.2788968
Portugal,PRT,1975,2.3169808
Portugal,PRT,1976,2.3979747
Portugal,PRT,1977,2.395059
Portugal,PRT,1978,2.363315
Portugal,PRT,1979,2.5721657
Portugal,PRT,1980,2.7421687
Portugal,PRT,1981,2.744624
Portugal,PRT,1982,2.9334748
Portugal,PRT,1983,3.0126803
Portugal,PRT,1984,2.891847
Portugal,PRT,1985,2.718878
Portugal,PRT,1986,3.0242019
Portugal,PRT,1987,3.1192136
Portugal,PRT,1988,3.255262
Portugal,PRT,1989,4.0816593
Portugal,PRT,1990,4.5358243
Portugal,PRT,1991,4.702432
Portugal,PRT,1992,5.1159587
Portugal,PRT,1993,4.9606175
Portugal,PRT,1994,5.0250344
Portugal,PRT,1995,5.4330335
Portugal,PRT,1996,5.145144
Portugal,PRT,1997,5.4071655
Portugal,PRT,1998,5.8281155
Portugal,PRT,1999,6.547137
Portugal,PRT,2000,6.369969
Portugal,PRT,2001,6.2956595
Portugal,PRT,2002,6.682252
Portugal,PRT,2003,6.1680245
Portugal,PRT,2004,6.421131
Portugal,PRT,2005,6.6304703
Portugal,PRT,2006,6.162616
Portugal,PRT,2007,5.9145875
Portugal,PRT,2008,5.680534
Portugal,PRT,2009,5.403325
Portugal,PRT,2010,4.9996824
Portugal,PRT,2011,4.9051266
Portugal,PRT,2012,4.7494764
Portugal,PRT,2013,4.603641
Portugal,PRT,2014,4.607092
Portugal,PRT,2015,5.03681
Portugal,PRT,2016,4.8626604
Portugal,PRT,2017,5.339853
Portugal,PRT,2018,4.972253
Portugal,PRT,2019,4.6004105
Portugal,PRT,2020,4.024692
Portugal,PRT,2021,3.8783576
Portugal,PRT,2022,3.9092069
Portugal,PRT,2023,3.6068447
Portugal,PRT,2024,3.4089074
Saudi Arabia,SAU,1936,0.002714283
Saudi Arabia,SAU,1937,0.009413391
Saudi Arabia,SAU,1938,0.074620694
Saudi Arabia,SAU,1939,0.5954849
Saudi Arabia,SAU,1940,0.7666813
Saudi Arabia,SAU,1941,0.6404235
Saudi Arabia,SAU,1942,0.6667003
Saudi Arabia,SAU,1943,0.692445
Saudi Arabia,SAU,1944,1.1225336
Saudi Arabia,SAU,1945,3.0057127
Saudi Arabia,SAU,1946,8.501508
Saudi Arabia,SAU,1947,12.636632
Saudi Arabia,SAU,1948,5.954311
Saudi Arabia,SAU,1949,6.0323205
Saudi Arabia,SAU,1950,3.0180545
Saudi Arabia,SAU,1951,0
Saudi Arabia,SAU,1952,0
Saudi Arabia,SAU,1953,0.25173175
Saudi Arabia,SAU,1954,0.6316494
Saudi Arabia,SAU,1955,1.0404352
Saudi Arabia,SAU,1956,0.774121
Saudi Arabia,SAU,1957,0.961497
Saudi Arabia,SAU,1958,0.8819732
Saudi Arabia,SAU,1959,0.78947014
Saudi Arabia,SAU,1960,1.0981162
Saudi Arabia,SAU,1961,1.4124409
Saudi Arabia,SAU,1962,2.3846583
Saudi Arabia,SAU,1963,2.5516472
Saudi Arabia,SAU,1964,2.495125
Saudi Arabia,SAU,1965,1.4395939
Saudi Arabia,SAU,1966,2.1077485
Saudi Arabia,SAU,1967,8.072057
Saudi Arabia,SAU,1968,8.8582735
Saudi Arabia,SAU,1969,10.321827
Saudi Arabia,SAU,1970,12.702217
Saudi Arabia,SAU,1971,16.046154
Saudi Arabia,SAU,1972,17.99441
Saudi Arabia,SAU,1973,23.147812
Saudi Arabia,SAU,1974,22.828215
Saudi Arabia,SAU,1975,18.273563
Saudi Arabia,SAU,1976,21.102219
Saudi Arabia,SAU,1977,23.227917
Saudi Arabia,SAU,1978,21.371885
Saudi Arabia,SAU,1979,24.19486
Saudi Arabia,SAU,1980,27.981815
Saudi Arabia,SAU,1981,27.301842
Saudi Arabia,SAU,1982,23.133492
Saudi Arabia,SAU,1983,22.172148
Saudi Arabia,SAU,1984,20.200571
Saudi Arabia,SAU,1985,21.147978
Saudi Arabia,SAU,1986,23.708317
Saudi Arabia,SAU,1987,20.855421
Saudi Arabia,SAU,1988,20.999521
Saudi Arabia,SAU,1989,20.079727
Saudi Arabia,SAU,1990,17.101427
Saudi Arabia,SAU,1991,21.910164
Saudi Arabia,SAU,1992,23.617598
Saudi Arabia,SAU,1993,24.374388
Saudi Arabia,SAU,1994,22.839817
Saudi Arabia,SAU,1995,20.663662
Saudi Arabia,SAU,1996,19.485096
Saudi Arabia,SAU,1997,15.8017025
Saudi Arabia,SAU,1998,14.670433
Saudi Arabia,SAU,1999,15.364221
Saudi Arabia,SAU,2000,19.139835
Saudi Arabia,SAU,2001,19.034441
Saudi Arabia,SAU,2002,19.369787
Saudi Arabia,SAU,2003,18.695478
Saudi Arabia,SAU,2004,20.727654
Saudi Arabia,SAU,2005,20.050425
Saudi Arabia,SAU,2006,20.736025
Saudi Arabia,SAU,2007,18.92472
Saudi Arabia,SAU,2008,20.15771
Saudi Arabia,SAU,2009,20.81001
Saudi Arabia,SAU,2010,22.086767
Saudi Arabia,SAU,2011,20.694223
Saudi Arabia,SAU,2012,22.38202
Saudi Arabia,SAU,2013,20.807848
Saudi Arabia,SAU,2014,20.177479
Saudi Arabia,SAU,2015,20.835636
Saudi Arabia,SAU,2016,20.873049
Saudi Arabia,SAU,2017,20.936852
Saudi Arabia,SAU,2018,21.47873
Saudi Arabia,SAU,2019,23.244812
Saudi Arabia,SAU,2020,21.088715
Saudi Arabia,SAU,2021,22.196955
Saudi Arabia,SAU,2022,20.729954
Saudi Arabia,SAU,2023,20.36544
Saudi Arabia,SAU,2024,20.379194
Senegal,SEN,1949,0
Senegal,SEN,1950,0.14155255
Senegal,SEN,1951,0.11536343
Senegal,SEN,1952,0.12152574
Senegal,SEN,1953,0.09944295
Senegal,SEN,1954,0.11211442
Senegal,SEN,1955,0.100492276
Senegal,SEN,1956,0.11421816
Senegal,SEN,1957,0.11293937
Senegal,SEN,1958,0.11232692
Senegal,SEN,1959,0.11935413
Senegal,SEN,1960,0.24765213
Senegal,SEN,1961,0.23648876
Senegal,SEN,1962,0.22991139
Senegal,SEN,1963,0.23660515
Senegal,SEN,1964,0.24662107
Senegal,SEN,1965,0.43951064
Senegal,SEN,1966,0.43327722
Senegal,SEN,1967,0.17119563
Senegal,SEN,1968,0.023321172
Senegal,SEN,1969,0.11306722
Senegal,SEN,1970,0.292649
Senegal,SEN,1971,0.293584
Senegal,SEN,1972,0.3064854
Senegal,SEN,1973,0.3170165
Senegal,SEN,1974,0.36763155
Senegal,SEN,1975,0.49856773
Senegal,SEN,1976,0.33336604
Senegal,SEN,1977,0.41130865
Senegal,SEN,1978,0.47046524
Senegal,SEN,1979,0.5064335
Senegal,SEN,1980,0.57075715
Senegal,SEN,1981,0.5469012
Senegal,SEN,1982,0.49319333
Senegal,SEN,1983,0.4129035
Senegal,SEN,1984,0.5053059
Senegal,SEN,1985,0.39658636
Senegal,SEN,1986,0.3833047
Senegal,SEN,1987,0.34237972
Senegal,SEN,1988,0.37187237
Senegal,SEN,1989,0.48810625
Senegal,SEN,1990,0.3795022
Senegal,SEN,1991,0.39129224
Senegal,SEN,1992,0.3875756
Senegal,SEN,1993,0.39138624
Senegal,SEN,1994,0.4215789
Senegal,SEN,1995,0.33797503
Senegal,SEN,1996,0.35764647
Senegal,SEN,1997,0.3427981
Senegal,SEN,1998,0.35079262
Senegal,SEN,1999,0.37032485
Senegal,SEN,2000,0.39144757
Senegal,SEN,2001,0.4169318
Senegal,SEN,2002,0.4239283
Senegal,SEN,2003,0.45960554
Senegal,SEN,2004,0.4772559
Senegal,SEN,2005,0.49298495
Senegal,SEN,2006,0.3851897
Senegal,SEN,2007,0.44144446
Senegal,SEN,2008,0.39341933
Senegal,SEN,2009,0.42615724
Senegal,SEN,2010,0.54310757
Senegal,SEN,2011,0.6033564
Senegal,SEN,2012,0.5531069
Senegal,SEN,2013,0.57273364
Senegal,SEN,2014,0.61647093
Senegal,SEN,2015,0.67465156
Senegal,SEN,2016,0.6659878
Senegal,SEN,2017,0.695133
Senegal,SEN,2018,0.71195424
Senegal,SEN,2019,0.77731997
Senegal,SEN,2020,0.6444607
Senegal,SEN,2021,0.7153539
Senegal,SEN,2022,0.8006707
Senegal,SEN,2023,0.77896833
Senegal,SEN,2024,0.76163954
South Africa,ZAF,1884,0.0050736433
South Africa,ZAF,1885,0.008365839
South Africa,ZAF,1886,0.010759545
South Africa,ZAF,1887,0.01064474
South Africa,ZAF,1888,0.017821977
South Africa,ZAF,1889,0.028852092
South Africa,ZAF,1890,0.064224645
South Africa,ZAF,1891,0.06353949
South Africa,ZAF,1892,0.10166516
South Africa,ZAF,1893,0.3769856
South Africa,ZAF,1894,0.5043756
South Africa,ZAF,1895,0.68461627
South Africa,ZAF,1896,0.8639288
South Africa,ZAF,1897,0.9591635
South Africa,ZAF,1898,1.2014496
South Africa,ZAF,1899,1.0828559
South Africa,ZAF,1900,0.4512719
South Africa,ZAF,1901,0.7461658
South Africa,ZAF,1902,1.0945115
South Africa,ZAF,1903,1.4374822
South Africa,ZAF,1904,1.5922661
South Africa,ZAF,1905,1.7904944
South Africa,ZAF,1906,2.0124688
South Africa,ZAF,1907,2.1834621
South Africa,ZAF,1908,2.2070045
South Africa,ZAF,1909,2.498554
South Africa,ZAF,1910,2.7863219
South Africa,ZAF,1911,2.6380436
South Africa,ZAF,1912,2.7556145
South Africa,ZAF,1913,2.9671652
South Africa,ZAF,1914,2.8303142
South Africa,ZAF,1915,2.8018916
South Africa,ZAF,1916,3.2490325
South Africa,ZAF,1917,3.4212754
South Africa,ZAF,1918,3.2077305
South Africa,ZAF,1919,3.2852855
South Africa,ZAF,1920,3.580643
South Africa,ZAF,1921,3.4797127
South Africa,ZAF,1922,2.9246798
South Africa,ZAF,1923,3.4767804
South Africa,ZAF,1924,3.576961
South Africa,ZAF,1925,3.6516728
South Africa,ZAF,1926,3.7589078
South Africa,ZAF,1927,3.576474
South Africa,ZAF,1928,3.5102365
South Africa,ZAF,1929,3.5715163
South Africa,ZAF,1930,3.266413
South Africa,ZAF,1931,2.8492157
South Africa,ZAF,1932,2.56178
South Africa,ZAF,1933,2.7119203
South Africa,ZAF,1934,3.029633
South Africa,ZAF,1935,3.307719
South Africa,ZAF,1936,3.554351
South Africa,ZAF,1937,3.6386213
South Africa,ZAF,1938,3.749064
South Africa,ZAF,1939,3.8141108
South Africa,ZAF,1940,3.866799
South Africa,ZAF,1941,4.0492563
South Africa,ZAF,1942,4.339325
South Africa,ZAF,1943,4.2875905
South Africa,ZAF,1944,4.7074795
South Africa,ZAF,1945,4.7289643
South Africa,ZAF,1946,4.6544867
South Africa,ZAF,1947,4.5498047
South Africa,ZAF,1948,4.5651846
South Africa,ZAF,1949,4.7465005
South Africa,ZAF,1950,4.671846
South Africa,ZAF,1951,4.889043
South Africa,ZAF,1952,5.209913
South Africa,ZAF,1953,5.108652
South Africa,ZAF,1954,5.201396
South Africa,ZAF,1955,5.706095
South Africa,ZAF,1956,5.86343
South Africa,ZAF,1957,5.880295
South Africa,ZAF,1958,6.162016
South Africa,ZAF,1959,5.899035
South Africa,ZAF,1960,5.951708
South Africa,ZAF,1961,6.039721
South Africa,ZAF,1962,6.066533
South Africa,ZAF,1963,6.111272
South Africa,ZAF,1964,6.457979
South Africa,ZAF,1965,6.7126346
South Africa,ZAF,1966,6.5126657
South Africa,ZAF,1967,6.584604
South Africa,ZAF,1968,6.5826178
South Africa,ZAF,1969,6.6224833
South Africa,ZAF,1970,6.715526
South Africa,ZAF,1971,7.3405147
South Africa,ZAF,1972,7.2664576
South Africa,ZAF,1973,7.1355233
South Africa,ZAF,1974,7.0649953
South Africa,ZAF,1975,7.201168
South Africa,ZAF,1976,7.3084073
South Africa,ZAF,1977,7.365265
South Africa,ZAF,1978,7.2437434
South Africa,ZAF,1979,7.6367116
South Africa,ZAF,1980,7.7306995
South Africa,ZAF,1981,8.417489
South Africa,ZAF,1982,8.870282
South Africa,ZAF,1983,8.916063
South Africa,ZAF,1984,9.311615
South Africa,ZAF,1985,9.242169
South Africa,ZAF,1986,9.134771
South Africa,ZAF,1987,8.805399
South Africa,ZAF,1988,8.904788
South Africa,ZAF,1989,8.597703
South Africa,ZAF,1990,7.6800613
South Africa,ZAF,1991,7.8207426
South Africa,ZAF,1992,7.099532
South Africa,ZAF,1993,7.3989305
South Africa,ZAF,1994,7.6970315
South Africa,ZAF,1995,8.120774
South Africa,ZAF,1996,8.060904
South Africa,ZAF,1997,8.435343
South Africa,ZAF,1998,8.161872
South Africa,ZAF,1999,8.021964
South Africa,ZAF,2000,8.022367
South Africa,ZAF,2001,7.8122125
South Africa,ZAF,2002,7.4241047
South Africa,ZAF,2003,8.338209
South Africa,ZAF,2004,9.171435
South Africa,ZAF,2005,8.409871
South Africa,ZAF,2006,8.935195
South Africa,ZAF,2007,9.203381
South Africa,ZAF,2008,9.677716
South Africa,ZAF,2009,9.173127
South Africa,ZAF,2010,8.928475
South Africa,ZAF,2011,8.949351
South Africa,ZAF,2012,8.579701
South Africa,ZAF,2013,8.343052
South Africa,ZAF,2014,8.663356
South Africa,ZAF,2015,8.064963
South Africa,ZAF,2016,7.9820704
South Africa,ZAF,2017,7.6344075
South Africa,ZAF,2018,7.7417293
South Africa,ZAF,2019,7.899718
South Africa,ZAF,2020,7.1875925
South Africa,ZAF,2021,7.14546
South Africa,ZAF,2022,6.8738866
South Africa,ZAF,2023,6.9069405
South Africa,ZAF,2024,6.8715796
South Korea,KOR,1905,0.00007904359
South Korea,KOR,1909,0.00084252574
South Korea,KOR,1910,0.0010505881
South Korea,KOR,1911,0.0012330522
South Korea,KOR,1912,0.0015220849
South Korea,KOR,1913,0.0017427804
South Korea,KOR,1914,0.002454863
South Korea,KOR,1915,0.0030178302
South Korea,KOR,1916,0.0024709727
South Korea,KOR,1918,0.0023613453
South Korea,KOR,1919,0.0027516454
South Korea,KOR,1920,0.0035155378
South Korea,KOR,1921,0.0037243112
South Korea,KOR,1922,0.0037459387
South Korea,KOR,1923,0.004406232
South Korea,KOR,1924,0.004555411
South Korea,KOR,1925,0.0071488135
South Korea,KOR,1926,0.0075516426
South Korea,KOR,1927,0.007699354
South Korea,KOR,1928,0.008726238
South Korea,KOR,1929,0.009872459
South Korea,KOR,1930,0.009171892
South Korea,KOR,1931,0.009585923
South Korea,KOR,1932,0.011155082
South Korea,KOR,1933,0.012998396
South Korea,KOR,1934,0.017085185
South Korea,KOR,1935,0.019861618
South Korea,KOR,1936,0.023039337
South Korea,KOR,1937,0.024362974
South Korea,KOR,1938,0.03222253
South Korea,KOR,1939,0.041420978
South Korea,KOR,1940,0.052291572
South Korea,KOR,1941,0.057031173
South Korea,KOR,1942,0.061373632
South Korea,KOR,1943,0.05778662
South Korea,KOR,1944,0.059320096
South Korea,KOR,1945,0.00020727544
South Korea,KOR,1946,0.02700406
South Korea,KOR,1947,0.048331134
South Korea,KOR,1948,0.08740277
South Korea,KOR,1949,0.11088773
South Korea,KOR,1950,0.11052537
South Korea,KOR,1951,0.14715604
South Korea,KOR,1952,0.17114936
South Korea,KOR,1953,0.22591253
South Korea,KOR,1954,0.24088418
South Korea,KOR,1955,0.29128623
South Korea,KOR,1956,0.33028087
South Korea,KOR,1957,0.34716937
South Korea,KOR,1958,0.36808914
South Korea,KOR,1959,0.4435636
South Korea,KOR,1960,0.4801812
South Korea,KOR,1961,0.5380675
South Korea,KOR,1962,0.62748337
South Korea,KOR,1963,0.74907666
South Korea,KOR,1964,0.7721402
South Korea,KOR,1965,0.8529578
South Korea,KOR,1966,1.0045666
South Korea,KOR,1967,1.151415
South Korea,KOR,1968,1.1931609
South Korea,KOR,1969,1.3332661
South Korea,KOR,1970,1.6506673
South Korea,KOR,1971,1.7609502
South Korea,KOR,1972,1.7752897
South Korea,KOR,1973,2.107525
South Korea,KOR,1974,2.1409853
South Korea,KOR,1975,2.2763515
South Korea,KOR,1976,2.5592287
South Korea,KOR,1977,2.8623586
South Korea,KOR,1978,3.0341585
South Korea,KOR,1979,3.523497
South Korea,KOR,1980,3.5270195
South Korea,KOR,1981,3.6079779
South Korea,KOR,1982,3.577125
South Korea,KOR,1983,3.728252
South Korea,KOR,1984,3.9583046
South Korea,KOR,1985,4.1011415
South Korea,KOR,1986,4.2258763
South Korea,KOR,1987,4.3797073
South Korea,KOR,1988,4.914697
South Korea,KOR,1989,5.1352463
South Korea,KOR,1990,5.6829114
South Korea,KOR,1991,6.2037244
South Korea,KOR,1992,6.716251
South Korea,KOR,1993,7.3555517
South Korea,KOR,1994,7.8814135
South Korea,KOR,1995,8.456663
South Korea,KOR,1996,9.224541
South Korea,KOR,1997,9.685518
South Korea,KOR,1998,8.17717
South Korea,KOR,1999,8.828288
South Korea,KOR,2000,9.407999
South Korea,KOR,2001,9.685312
South Korea,KOR,2002,10.064984
South Korea,KOR,2003,10.211963
South Korea,KOR,2004,10.302297
South Korea,KOR,2005,10.421549
South Korea,KOR,2006,10.487704
South Korea,KOR,2007,10.828748
South Korea,KOR,2008,11.015084
South Korea,KOR,2009,11.078403
South Korea,KOR,2010,12.18674
South Korea,KOR,2011,12.690266
South Korea,KOR,2012,12.660249
South Korea,KOR,2013,12.673574
South Korea,KOR,2014,12.453072
South Korea,KOR,2015,12.438773
South Korea,KOR,2016,12.435496
South Korea,KOR,2017,12.712852
South Korea,KOR,2018,12.977481
South Korea,KOR,2019,12.480763
South Korea,KOR,2020,11.524331
South Korea,KOR,2021,11.882237
South Korea,KOR,2022,11.719733
South Korea,KOR,2023,11.385368
South Korea,KOR,2024,11.285893
Spain,ESP,1830,0.0002809471
Spain,ESP,1831,0.0002790868
Spain,ESP,1832,0.0002772386
Spain,ESP,1833,0.0002754025
Spain,ESP,1834,0.00027357854
Spain,ESP,1835,0.00027176665
Spain,ESP,1836,0.0016198008
Spain,ESP,1837,0.0026817883
Spain,ESP,1838,0.0018648191
Spain,ESP,1839,0.0034403016
Spain,ESP,1840,0.002628863
Spain,ESP,1841,0.0073120836
Spain,ESP,1842,0.010117266
Spain,ESP,1843,0.012111899
Spain,ESP,1844,0.014079683
Spain,ESP,1845,0.019072482
Spain,ESP,1846,0.019451473
Spain,ESP,1847,0.017817054
Spain,ESP,1848,0.019942673
Spain,ESP,1849,0.022047143
Spain,ESP,1850,0.033244286
Spain,ESP,1851,0.034038454
Spain,ESP,1852,0.03556558
Spain,ESP,1853,0.0431488
Spain,ESP,1854,0.03618359
Spain,ESP,1855,0.036246743
Spain,ESP,1856,0.04920746
Spain,ESP,1857,0.055147193
Spain,ESP,1858,0.07427399
Spain,ESP,1859,0.10477569
Spain,ESP,1860,0.12354513
Spain,ESP,1861,0.12771368
Spain,ESP,1862,0.13886075
Spain,ESP,1863,0.15390334
Spain,ESP,1864,0.14712763
Spain,ESP,1865,0.14477056
Spain,ESP,1866,0.14334562
Spain,ESP,1867,0.15952717
Spain,ESP,1868,0.16534485
Spain,ESP,1869,0.16338804
Spain,ESP,1870,0.18968914
Spain,ESP,1871,0.18063703
Spain,ESP,1872,0.1996796
Spain,ESP,1873,0.19128822
Spain,ESP,1874,0.18941519
Spain,ESP,1875,0.19908215
Spain,ESP,1876,0.21507293
Spain,ESP,1877,0.22697459
Spain,ESP,1878,0.22453922
Spain,ESP,1879,0.23646264
Spain,ESP,1880,0.26168555
Spain,ESP,1881,0.29093248
Spain,ESP,1882,0.31595033
Spain,ESP,1883,0.34469783
Spain,ESP,1884,0.34099776
Spain,ESP,1885,0.33287987
Spain,ESP,1886,0.35032672
Spain,ESP,1887,0.3512376
Spain,ESP,1888,0.3660981
Spain,ESP,1889,0.3862452
Spain,ESP,1890,0.41346508
Spain,ESP,1891,0.44519988
Spain,ESP,1892,0.4631973
Spain,ESP,1893,0.45116198
Spain,ESP,1894,0.48320773
Spain,ESP,1895,0.47379515
Spain,ESP,1896,0.51005864
Spain,ESP,1897,0.5209907
Spain,ESP,1898,0.5093165
Spain,ESP,1899,0.5745804
Spain,ESP,1900,0.6034273
Spain,ESP,1901,0.6312693
Spain,ESP,1902,0.65554905
Spain,ESP,1903,0.642644
Spain,ESP,1904,0.6811722
Spain,ESP,1905,0.70675224
Spain,ESP,1906,0.7169859
Spain,ESP,1907,0.72422665
Spain,ESP,1908,0.7545255
Spain,ESP,1909,0.768789
Spain,ESP,1910,0.7499924
Spain,ESP,1911,0.7367331
Spain,ESP,1912,0.7940737
Spain,ESP,1913,0.85966367
Spain,ESP,1914,0.8481831
Spain,ESP,1915,0.74564177
Spain,ESP,1916,0.86420304
Spain,ESP,1917,0.7616103
Spain,ESP,1918,0.7986781
Spain,ESP,1919,0.7546415
Spain,ESP,1920,0.6606284
Spain,ESP,1921,0.69182307
Spain,ESP,1922,0.6898295
Spain,ESP,1923,0.78686756
Spain,ESP,1924,0.83233833
Spain,ESP,1925,0.8538471
Spain,ESP,1926,0.8155083
Spain,ESP,1927,0.9422007
Spain,ESP,1928,0.93566215
Spain,ESP,1929,1.0325426
Spain,ESP,1930,1.0083408
Spain,ESP,1931,0.9519823
Spain,ESP,1932,0.88627225
Spain,ESP,1933,0.7755896
Spain,ESP,1934,0.8315435
Spain,ESP,1935,0.9136579
Spain,ESP,1936,0.3246671
Spain,ESP,1937,0.2094474
Spain,ESP,1938,0.5229777
Spain,ESP,1939,0.61586934
Spain,ESP,1940,0.83965087
Spain,ESP,1941,0.8279653
Spain,ESP,1942,0.87990457
Spain,ESP,1943,0.9023273
Spain,ESP,1944,0.96744514
Spain,ESP,1945,1.0512903
Spain,ESP,1946,1.0356616
Spain,ESP,1947,1.1396006
Spain,ESP,1948,1.1857615
Spain,ESP,1949,1.2848823
Spain,ESP,1950,1.1758207
Spain,ESP,1951,1.1717346
Spain,ESP,1952,1.3220783
Spain,ESP,1953,1.3586679
Spain,ESP,1954,1.375544
Spain,ESP,1955,1.3839015
Spain,ESP,1956,1.4432735
Spain,ESP,1957,1.6981198
Spain,ESP,1958,1.8715618
Spain,ESP,1959,1.7277386
Spain,ESP,1960,1.6070457
Spain,ESP,1961,1.7460642
Spain,ESP,1962,1.932205
Spain,ESP,1963,1.8719956
Spain,ESP,1964,2.0264838
Spain,ESP,1965,2.21174
Spain,ESP,1966,2.3907254
Spain,ESP,1967,2.6322973
Spain,ESP,1968,2.9245067
Spain,ESP,1969,2.8876965
Spain,ESP,1970,3.4533224
Spain,ESP,1971,3.7607775
Spain,ESP,1972,4.189826
Spain,ESP,1973,4.436667
Spain,ESP,1974,4.8828363
Spain,ESP,1975,5.0579677
Spain,ESP,1976,5.466273
Spain,ESP,1977,5.3302965
Spain,ESP,1978,5.406152
Spain,ESP,1979,5.44573
Spain,ESP,1980,5.698701
Spain,ESP,1981,5.450538
Spain,ESP,1982,5.4825435
Spain,ESP,1983,5.318402
Spain,ESP,1984,5.143612
Spain,ESP,1985,5.1796837
Spain,ESP,1986,4.8824115
Spain,ESP,1987,4.8778787
Spain,ESP,1988,5.0693226
Spain,ESP,1989,5.7621193
Spain,ESP,1990,5.8688183
Spain,ESP,1991,6.104081
Spain,ESP,1992,6.283217
Spain,ESP,1993,6.03
Spain,ESP,1994,6.306981
Spain,ESP,1995,6.6179895
Spain,ESP,1996,6.276799
Spain,ESP,1997,6.5530524
Spain,ESP,1998,6.73725
Spain,ESP,1999,7.277729
Spain,ESP,2000,7.5392795
Spain,ESP,2001,7.5409565
Spain,ESP,2002,7.9277363
Spain,ESP,2003,7.8938184
Spain,ESP,2004,8.144856
Spain,ESP,2005,8.358881
Spain,ESP,2006,8.029218
Spain,ESP,2007,8.051333
Spain,ESP,2008,7.2517366
Spain,ESP,2009,6.350556
Spain,ESP,2010,6.032926
Spain,ESP,2011,6.02738
Spain,ESP,2012,5.9005117
Spain,ESP,2013,5.3800054
Spain,ESP,2014,5.4292984
Spain,ESP,2015,5.7889185
Spain,ESP,2016,5.554019
Spain,ESP,2017,5.83512
Spain,ESP,2018,5.701944
Spain,ESP,2019,5.284558
Spain,ESP,2020,4.441423
Spain,ESP,2021,4.793181
Spain,ESP,2022,4.8971643
Spain,ESP,2023,4.4970493
Spain,ESP,2024,4.599015
Sweden,SWE,1834,0.011093442
Sweden,SWE,1839,0.014188319
Sweden,SWE,1840,0.012888442
Sweden,SWE,1841,0.0127667
Sweden,SWE,1842,0.02528186
Sweden,SWE,1843,0.018198298
Sweden,SWE,1844,0.030394783
Sweden,SWE,1845,0.026740598
Sweden,SWE,1846,0.024260907
Sweden,SWE,1847,0.024012173
Sweden,SWE,1848,0.041050352
Sweden,SWE,1849,0.056671623
Sweden,SWE,1850,0.058215737
Sweden,SWE,1851,0.061820935
Sweden,SWE,1852,0.061202973
Sweden,SWE,1853,0.063676566
Sweden,SWE,1854,0.09354991
Sweden,SWE,1855,0.08658076
Sweden,SWE,1856,0.12957877
Sweden,SWE,1857,0.16480656
Sweden,SWE,1858,0.13678974
Sweden,SWE,1859,0.19933638
Sweden,SWE,1860,0.1965134
Sweden,SWE,1861,0.25077543
Sweden,SWE,1862,0.25327882
Sweden,SWE,1863,0.25112277
Sweden,SWE,1864,0.2619435
Sweden,SWE,1865,0.27072632
Sweden,SWE,1866,0.27661097
Sweden,SWE,1867,0.255311
Sweden,SWE,1868,0.29875615
Sweden,SWE,1869,0.26335457
Sweden,SWE,1870,0.32166725
Sweden,SWE,1871,0.3405428
Sweden,SWE,1872,0.40300417
Sweden,SWE,1873,0.4052267
Sweden,SWE,1874,0.43278047
Sweden,SWE,1875,0.5210333
Sweden,SWE,1876,0.5510797
Sweden,SWE,1877,0.57804954
Sweden,SWE,1878,0.48536888
Sweden,SWE,1879,0.48859793
Sweden,SWE,1880,0.6198969
Sweden,SWE,1881,0.59917504
Sweden,SWE,1882,0.68161714
Sweden,SWE,1883,0.69357955
Sweden,SWE,1884,0.7620438
Sweden,SWE,1885,0.81813866
Sweden,SWE,1886,0.7981141
Sweden,SWE,1887,0.8054096
Sweden,SWE,1888,0.8952767
Sweden,SWE,1889,1.0399652
Sweden,SWE,1890,1.0320369
Sweden,SWE,1891,1.0951165
Sweden,SWE,1892,1.0821141
Sweden,SWE,1893,1.0807339
Sweden,SWE,1894,1.1977569
Sweden,SWE,1895,1.2021643
Sweden,SWE,1896,1.2343763
Sweden,SWE,1897,1.3653374
Sweden,SWE,1898,1.4437213
Sweden,SWE,1899,1.7946944
Sweden,SWE,1900,1.7899847
Sweden,SWE,1901,1.6525861
Sweden,SWE,1902,1.7196615
Sweden,SWE,1903,1.8771901
Sweden,SWE,1904,1.9643533
Sweden,SWE,1905,1.9215051
Sweden,SWE,1906,2.121408
Sweden,SWE,1907,2.3843796
Sweden,SWE,1908,2.551662
Sweden,SWE,1909,2.3348954
Sweden,SWE,1910,2.40091
Sweden,SWE,1911,2.3249884
Sweden,SWE,1912,2.5596864
Sweden,SWE,1913,2.8565013
Sweden,SWE,1914,2.662914
Sweden,SWE,1915,2.663359
Sweden,SWE,1916,2.7885792
Sweden,SWE,1917,1.1992307
Sweden,SWE,1918,1.3991245
Sweden,SWE,1919,1.3350625
Sweden,SWE,1920,1.7938646
Sweden,SWE,1921,1.0378902
Sweden,SWE,1922,1.7052435
Sweden,SWE,1923,2.06147
Sweden,SWE,1924,2.4448225
Sweden,SWE,1925,2.1812606
Sweden,SWE,1926,2.114035
Sweden,SWE,1927,2.9467258
Sweden,SWE,1928,2.666674
Sweden,SWE,1929,3.1665692
Sweden,SWE,1930,3.0827384
Sweden,SWE,1931,3.072796
Sweden,SWE,1932,3.02784
Sweden,SWE,1933,3.142595
Sweden,SWE,1934,3.486695
Sweden,SWE,1935,3.6550362
Sweden,SWE,1936,3.9896905
Sweden,SWE,1937,4.5934396
Sweden,SWE,1938,4.1329975
Sweden,SWE,1939,4.61101
Sweden,SWE,1940,2.889667
Sweden,SWE,1941,2.3354127
Sweden,SWE,1942,2.00449
Sweden,SWE,1943,2.4136796
Sweden,SWE,1944,1.8778677
Sweden,SWE,1945,0.67989767
Sweden,SWE,1946,2.5713384
Sweden,SWE,1947,3.676768
Sweden,SWE,1948,4.4690375
Sweden,SWE,1949,3.85768
Sweden,SWE,1950,4.084497
Sweden,SWE,1951,4.7336736
Sweden,SWE,1952,4.8514423
Sweden,SWE,1953,4.540211
Sweden,SWE,1954,4.7834063
Sweden,SWE,1955,5.384867
Sweden,SWE,1956,5.9302244
Sweden,SWE,1957,5.2731705
Sweden,SWE,1958,5.6747475
Sweden,SWE,1959,5.68749
Sweden,SWE,1960,6.5695615
Sweden,SWE,1961,6.489772
Sweden,SWE,1962,6.780742
Sweden,SWE,1963,7.274022
Sweden,SWE,1964,7.8797393
Sweden,SWE,1965,8.090737
Sweden,SWE,1966,9.290445
Sweden,SWE,1967,8.762549
Sweden,SWE,1968,9.808948
Sweden,SWE,1969,10.841437
Sweden,SWE,1970,11.474514
Sweden,SWE,1971,10.435636
Sweden,SWE,1972,10.428316
Sweden,SWE,1973,10.727264
Sweden,SWE,1974,9.781448
Sweden,SWE,1975,9.85765
Sweden,SWE,1976,10.731781
Sweden,SWE,1977,10.390635
Sweden,SWE,1978,9.603495
Sweden,SWE,1979,10.232837
Sweden,SWE,1980,8.629318
Sweden,SWE,1981,8.339503
Sweden,SWE,1982,7.478127
Sweden,SWE,1983,6.9959073
Sweden,SWE,1984,6.874373
Sweden,SWE,1985,7.4685206
Sweden,SWE,1986,7.4088583
Sweden,SWE,1987,7.1085005
Sweden,SWE,1988,6.8068614
Sweden,SWE,1989,6.537387
Sweden,SWE,1990,6.708656
Sweden,SWE,1991,6.691918
Sweden,SWE,1992,6.635051
Sweden,SWE,1993,6.5974426
Sweden,SWE,1994,6.833269
Sweden,SWE,1995,6.739775
Sweden,SWE,1996,7.1659117
Sweden,SWE,1997,6.597155
Sweden,SWE,1998,6.6399035
Sweden,SWE,1999,6.315034
Sweden,SWE,2000,6.187081
Sweden,SWE,2001,6.2704806
Sweden,SWE,2002,6.3454914
Sweden,SWE,2003,6.3873878
Sweden,SWE,2004,6.2740436
Sweden,SWE,2005,5.9566827
Sweden,SWE,2006,5.9082747
Sweden,SWE,2007,5.7801905
Sweden,SWE,2008,5.506071
Sweden,SWE,2009,5.069861
Sweden,SWE,2010,5.654432
Sweden,SWE,2011,5.1976295
Sweden,SWE,2012,4.8959537
Sweden,SWE,2013,4.698226
Sweden,SWE,2014,4.4742975
Sweden,SWE,2015,4.419636
Sweden,SWE,2016,4.3643203
Sweden,SWE,2017,4.211175
Sweden,SWE,2018,4.1134505
Sweden,SWE,2019,3.9665341
Sweden,SWE,2020,3.5371203
Sweden,SWE,2021,3.7027159
Sweden,SWE,2022,3.4653375
Sweden,SWE,2023,3.4789953
Sweden,SWE,2024,3.5916543
Switzerland,CHE,1858,0.059032958
Switzerland,CHE,1859,0.08220266
Switzerland,CHE,1860,0.121176094
Switzerland,CHE,1861,0.16842847
Switzerland,CHE,1862,0.18482648
Switzerland,CHE,1863,0.18379712
Switzerland,CHE,1864,0.22275527
Switzerland,CHE,1865,0.2697936
Switzerland,CHE,1866,0.26546693
Switzerland,CHE,1867,0.2583718
Switzerland,CHE,1868,0.29323864
Switzerland,CHE,1869,0.28182352
Switzerland,CHE,1870,0.3380895
Switzerland,CHE,1871,0.41552633
Switzerland,CHE,1872,0.47416753
Switzerland,CHE,1873,0.45748076
Switzerland,CHE,1874,0.42889434
Switzerland,CHE,1875,0.46611035
Switzerland,CHE,1876,0.5412863
Switzerland,CHE,1877,0.5100133
Switzerland,CHE,1878,0.48436847
Switzerland,CHE,1879,0.51395345
Switzerland,CHE,1880,0.5900532
Switzerland,CHE,1881,0.54979306
Switzerland,CHE,1882,0.60506636
Switzerland,CHE,1883,0.6665993
Switzerland,CHE,1884,0.68185574
Switzerland,CHE,1885,0.70712334
Switzerland,CHE,1886,0.7183012
Switzerland,CHE,1887,0.774655
Switzerland,CHE,1888,0.7879734
Switzerland,CHE,1889,0.8647928
Switzerland,CHE,1890,0.97156745
Switzerland,CHE,1891,1.179614
Switzerland,CHE,1892,1.1511933
Switzerland,CHE,1893,0.9436851
Switzerland,CHE,1894,1.1626678
Switzerland,CHE,1895,1.2344265
Switzerland,CHE,1896,1.3358426
Switzerland,CHE,1897,1.393468
Switzerland,CHE,1898,1.4735289
Switzerland,CHE,1899,1.5714949
Switzerland,CHE,1900,1.7210897
Switzerland,CHE,1901,1.5536394
Switzerland,CHE,1902,1.550116
Switzerland,CHE,1903,1.6585895
Switzerland,CHE,1904,1.7218349
Switzerland,CHE,1905,1.7801423
Switzerland,CHE,1906,1.9431022
Switzerland,CHE,1907,2.2262087
Switzerland,CHE,1908,2.2008965
Switzerland,CHE,1909,2.194669
Switzerland,CHE,1910,2.1002643
Switzerland,CHE,1911,2.305075
Switzerland,CHE,1912,2.3326352
Switzerland,CHE,1913,2.454267
Switzerland,CHE,1914,2.2273138
Switzerland,CHE,1915,2.3503044
Switzerland,CHE,1916,2.2253122
Switzerland,CHE,1917,1.5964996
Switzerland,CHE,1918,1.4960932
Switzerland,CHE,1919,1.1947299
Switzerland,CHE,1920,1.8687274
Switzerland,CHE,1921,1.1492369
Switzerland,CHE,1922,1.5761833
Switzerland,CHE,1923,1.9552894
Switzerland,CHE,1924,1.8369185
Switzerland,CHE,1925,1.9057696
Switzerland,CHE,1926,1.8771276
Switzerland,CHE,1927,2.154521
Switzerland,CHE,1928,2.2367952
Switzerland,CHE,1929,2.550196
Switzerland,CHE,1930,2.3641477
Switzerland,CHE,1931,2.4866319
Switzerland,CHE,1932,2.5075653
Switzerland,CHE,1933,2.336685
Switzerland,CHE,1934,2.3241498
Switzerland,CHE,1935,2.2948186
Switzerland,CHE,1936,2.3924453
Switzerland,CHE,1937,2.5130696
Switzerland,CHE,1938,2.5009625
Switzerland,CHE,1939,2.8207507
Switzerland,CHE,1940,1.9632797
Switzerland,CHE,1941,1.5525644
Switzerland,CHE,1942,1.3555924
Switzerland,CHE,1943,1.4181014
Switzerland,CHE,1944,1.011716
Switzerland,CHE,1945,0.36479387
Switzerland,CHE,1946,1.2832824
Switzerland,CHE,1947,2.0808475
Switzerland,CHE,1948,2.225985
Switzerland,CHE,1949,1.8389218
Switzerland,CHE,1950,2.1845193
Switzerland,CHE,1951,2.594848
Switzerland,CHE,1952,2.3358543
Switzerland,CHE,1953,2.123149
Switzerland,CHE,1954,2.5535774
Switzerland,CHE,1955,2.7253482
Switzerland,CHE,1956,3.3723254
Switzerland,CHE,1957,3.4533043
Switzerland,CHE,1958,3.1380975
Switzerland,CHE,1959,3.1573226
Switzerland,CHE,1960,3.6625376
Switzerland,CHE,1961,3.7495637
Switzerland,CHE,1962,4.3300924
Switzerland,CHE,1963,5.107865
Switzerland,CHE,1964,4.8614626
Switzerland,CHE,1965,5.1806326
Switzerland,CHE,1966,5.322196
Switzerland,CHE,1967,5.4286466
Switzerland,CHE,1968,5.9312277
Switzerland,CHE,1969,6.201451
Switzerland,CHE,1970,6.51224
Switzerland,CHE,1971,6.7423453
Switzerland,CHE,1972,6.8544397
Switzerland,CHE,1973,7.3255005
Switzerland,CHE,1974,6.5324173
Switzerland,CHE,1975,6.1605844
Switzerland,CHE,1976,6.4155893
Switzerland,CHE,1977,6.532135
Switzerland,CHE,1978,6.711996
Switzerland,CHE,1979,6.331979
Switzerland,CHE,1980,6.4054956
Switzerland,CHE,1981,6.106163
Switzerland,CHE,1982,5.7221565
Switzerland,CHE,1983,6.232855
Switzerland,CHE,1984,6.0709605
Switzerland,CHE,1985,6.14473
Switzerland,CHE,1986,6.4915795
Switzerland,CHE,1987,6.1386414
Switzerland,CHE,1988,6.1630116
Switzerland,CHE,1989,5.9250574
Switzerland,CHE,1990,6.5764318
Switzerland,CHE,1991,6.7869825
Switzerland,CHE,1992,6.6934896
Switzerland,CHE,1993,6.2855296
Switzerland,CHE,1994,6.1010094
Switzerland,CHE,1995,6.1663036
Switzerland,CHE,1996,6.2369266
Switzerland,CHE,1997,6.072131
Switzerland,CHE,1998,6.2757573
Switzerland,CHE,1999,6.2214174
Switzerland,CHE,2000,6.071895
Switzerland,CHE,2001,6.2389235
Switzerland,CHE,2002,5.9717827
Switzerland,CHE,2003,6.088628
Switzerland,CHE,2004,6.1253977
Switzerland,CHE,2005,6.1594725
Switzerland,CHE,2006,6.0660357
Switzerland,CHE,2007,5.7464805
Switzerland,CHE,2008,5.849575
Switzerland,CHE,2009,5.625207
Switzerland,CHE,2010,5.754552
Switzerland,CHE,2011,5.1770616
Switzerland,CHE,2012,5.280982
Switzerland,CHE,2013,5.3370247
Switzerland,CHE,2014,4.791576
Switzerland,CHE,2015,4.6784573
Switzerland,CHE,2016,4.6836095
Switzerland,CHE,2017,4.522791
Switzerland,CHE,2018,4.3381386
Switzerland,CHE,2019,4.2928753
Switzerland,CHE,2020,3.974646
Switzerland,CHE,2021,4.1233916
Switzerland,CHE,2022,3.7477124
Switzerland,CHE,2023,3.604899
Switzerland,CHE,2024,3.5946856
Tanzania,TZA,1950,0.06535004
Tanzania,TZA,1951,0.05721356
Tanzania,TZA,1952,0.06724965
Tanzania,TZA,1953,0.06424066
Tanzania,TZA,1954,0.06393131
Tanzania,TZA,1955,0.064423054
Tanzania,TZA,1956,0.07431395
Tanzania,TZA,1957,0.08360349
Tanzania,TZA,1958,0.08565869
Tanzania,TZA,1959,0.07153523
Tanzania,TZA,1960,0.083630815
Tanzania,TZA,1961,0.0690514
Tanzania,TZA,1962,0.07301619
Tanzania,TZA,1963,0.07430101
Tanzania,TZA,1964,0.09285262
Tanzania,TZA,1965,0.10125671
Tanzania,TZA,1966,0.11584303
Tanzania,TZA,1967,0.14410734
Tanzania,TZA,1968,0.13107689
Tanzania,TZA,1969,0.13766344
Tanzania,TZA,1970,0.13083878
Tanzania,TZA,1971,0.17618032
Tanzania,TZA,1972,0.14948729
Tanzania,TZA,1973,0.21203977
Tanzania,TZA,1974,0.14802219
Tanzania,TZA,1975,0.14137746
Tanzania,TZA,1976,0.16646343
Tanzania,TZA,1977,0.1156935
Tanzania,TZA,1978,0.122233115
Tanzania,TZA,1979,0.110950135
Tanzania,TZA,1980,0.09763755
Tanzania,TZA,1981,0.10648752
Tanzania,TZA,1982,0.105316184
Tanzania,TZA,1983,0.104189605
Tanzania,TZA,1984,0.10776326
Tanzania,TZA,1985,0.10389884
Tanzania,TZA,1986,0.09792326
Tanzania,TZA,1987,0.09852155
Tanzania,TZA,1988,0.09171233
Tanzania,TZA,1989,0.08497262
Tanzania,TZA,1990,0.08089973
Tanzania,TZA,1991,0.08421326
Tanzania,TZA,1992,0.079307295
Tanzania,TZA,1993,0.085626744
Tanzania,TZA,1994,0.0700733
Tanzania,TZA,1995,0.08010566
Tanzania,TZA,1996,0.081649505
Tanzania,TZA,1997,0.08944042
Tanzania,TZA,1998,0.0765238
Tanzania,TZA,1999,0.073835745
Tanzania,TZA,2000,0.07506744
Tanzania,TZA,2001,0.086390816
Tanzania,TZA,2002,0.09649752
Tanzania,TZA,2003,0.09941454
Tanzania,TZA,2004,0.11076673
Tanzania,TZA,2005,0.13669047
Tanzania,TZA,2006,0.14583088
Tanzania,TZA,2007,0.1377115
Tanzania,TZA,2008,0.14067575
Tanzania,TZA,2009,0.13309541
Tanzania,TZA,2010,0.16073172
Tanzania,TZA,2011,0.1833679
Tanzania,TZA,2012,0.21884245
Tanzania,TZA,2013,0.23044902
Tanzania,TZA,2014,0.2184132
Tanzania,TZA,2015,0.24572158
Tanzania,TZA,2016,0.25136462
Tanzania,TZA,2017,0.24281736
Tanzania,TZA,2018,0.24780245
Tanzania,TZA,2019,0.27361012
Tanzania,TZA,2020,0.261632
Tanzania,TZA,2021,0.28135568
Tanzania,TZA,2022,0.30446345
Tanzania,TZA,2023,0.30486846
Tanzania,TZA,2024,0.29198244
Thailand,THA,1931,0.0022618594
Thailand,THA,1932,0.0019348214
Thailand,THA,1933,0.0016216022
Thailand,THA,1934,0.0018498222
Thailand,THA,1935,0.0018087334
Thailand,THA,1936,0.0020211884
Thailand,THA,1937,0.0024704002
Thailand,THA,1938,0.0026570598
Thailand,THA,1939,0.0030684164
Thailand,THA,1940,0.0036878155
Thailand,THA,1941,0.0035989257
Thailand,THA,1943,0.0019244674
Thailand,THA,1944,0.0008336704
Thailand,THA,1947,0.001544021
Thailand,THA,1948,0.0020693545
Thailand,THA,1949,0.00311325
Thailand,THA,1950,0.046778895
Thailand,THA,1951,0.05202071
Thailand,THA,1952,0.05935311
Thailand,THA,1953,0.074356735
Thailand,THA,1954,0.09026819
Thailand,THA,1955,0.10164541
Thailand,THA,1956,0.109102346
Thailand,THA,1957,0.118429825
Thailand,THA,1958,0.1189456
Thailand,THA,1959,0.12730742
Thailand,THA,1960,0.13814712
Thailand,THA,1961,0.14978118
Thailand,THA,1962,0.17655762
Thailand,THA,1963,0.18963578
Thailand,THA,1964,0.2472208
Thailand,THA,1965,0.23900701
Thailand,THA,1966,0.29517886
Thailand,THA,1967,0.36796692
Thailand,THA,1968,0.50241274
Thailand,THA,1969,0.4159877
Thailand,THA,1970,0.42726782
Thailand,THA,1971,0.5201444
Thailand,THA,1972,0.5739219
Thailand,THA,1973,0.62537885
Thailand,THA,1974,0.6036208
Thailand,THA,1975,0.59242517
Thailand,THA,1976,0.68177915
Thailand,THA,1977,0.7440401
Thailand,THA,1978,0.7938084
Thailand,THA,1979,0.81388354
Thailand,THA,1980,0.8707663
Thailand,THA,1981,0.8060085
Thailand,THA,1982,0.78655374
Thailand,THA,1983,0.86290234
Thailand,THA,1984,0.9149561
Thailand,THA,1985,0.9521474
Thailand,THA,1986,0.95685625
Thailand,THA,1987,1.0334193
Thailand,THA,1988,1.1465358
Thailand,THA,1989,1.3314259
Thailand,THA,1990,1.5814012
Thailand,THA,1991,1.708289
Thailand,THA,1992,1.8665421
Thailand,THA,1993,2.1226072
Thailand,THA,1994,2.3492622
Thailand,THA,1995,2.599909
Thailand,THA,1996,2.896623
Thailand,THA,1997,2.9840093
Thailand,THA,1998,2.5958583
Thailand,THA,1999,2.6843865
Thailand,THA,2000,2.656054
Thailand,THA,2001,2.7064219
Thailand,THA,2002,2.8734357
Thailand,THA,2003,2.9457862
Thailand,THA,2004,3.167673
Thailand,THA,2005,3.246494
Thailand,THA,2006,3.2421837
Thailand,THA,2007,3.3394127
Thailand,THA,2008,3.3163161
Thailand,THA,2009,3.3592572
Thailand,THA,2010,3.5144494
Thailand,THA,2011,3.548588
Thailand,THA,2012,3.778261
Thailand,THA,2013,3.776263
Thailand,THA,2014,3.880686
Thailand,THA,2015,3.9282057
Thailand,THA,2016,4.008554
Thailand,THA,2017,3.9818282
Thailand,THA,2018,4.039237
Thailand,THA,2019,3.9411147
Thailand,THA,2020,3.7956123
Thailand,THA,2021,3.7244072
Thailand,THA,2022,3.7997093
Thailand,THA,2023,3.6921155
Thailand,THA,2024,3.7361188
Tunisia,TUN,1916,0.0048174607
Tunisia,TUN,1917,0.012776712
Tunisia,TUN,1918,0.017479597
Tunisia,TUN,1920,0.012539297
Tunisia,TUN,1921,0.009323392
Tunisia,TUN,1933,0.0066278065
Tunisia,TUN,1934,0.006512621
Tunisia,TUN,1935,0.0063994383
Tunisia,TUN,1936,0.008803719
Tunisia,TUN,1937,0.009886439
Tunisia,TUN,1938,0.0109292
Tunisia,TUN,1939,0.010753625
Tunisia,TUN,1940,0.018861877
Tunisia,TUN,1941,0.043039676
Tunisia,TUN,1942,0.05041329
Tunisia,TUN,1943,0.01579693
Tunisia,TUN,1944,0.027771074
Tunisia,TUN,1945,0.028457304
Tunisia,TUN,1946,0.038817342
Tunisia,TUN,1947,0.037137415
Tunisia,TUN,1948,0.041782767
Tunisia,TUN,1949,0.035958927
Tunisia,TUN,1950,0.33788586
Tunisia,TUN,1951,0.3739497
Tunisia,TUN,1952,0.38390407
Tunisia,TUN,1953,0.35876936
Tunisia,TUN,1954,0.3586694
Tunisia,TUN,1955,0.3984782
Tunisia,TUN,1956,0.3819637
Tunisia,TUN,1957,0.38047734
Tunisia,TUN,1958,0.346095
Tunisia,TUN,1959,0.37631652
Tunisia,TUN,1960,0.40402746
Tunisia,TUN,1961,0.4088499
Tunisia,TUN,1962,0.41058457
Tunisia,TUN,1963,0.4391395
Tunisia,TUN,1964,0.61326563
Tunisia,TUN,1965,0.5393889
Tunisia,TUN,1966,0.6194011
Tunisia,TUN,1967,0.6475955
Tunisia,TUN,1968,0.7361482
Tunisia,TUN,1969,0.76969624
Tunisia,TUN,1970,0.7286018
Tunisia,TUN,1971,0.80155975
Tunisia,TUN,1972,0.8807076
Tunisia,TUN,1973,0.87592566
Tunisia,TUN,1974,0.9548508
Tunisia,TUN,1975,0.95800585
Tunisia,TUN,1976,0.9823778
Tunisia,TUN,1977,1.1077493
Tunisia,TUN,1978,1.2050183
Tunisia,TUN,1979,1.3896054
Tunisia,TUN,1980,1.4810033
Tunisia,TUN,1981,1.5092261
Tunisia,TUN,1982,1.4297857
Tunisia,TUN,1983,1.6898792
Tunisia,TUN,1984,1.6888292
Tunisia,TUN,1985,1.7144326
Tunisia,TUN,1986,1.6921909
Tunisia,TUN,1987,1.6325243
Tunisia,TUN,1988,1.6849378
Tunisia,TUN,1989,1.7508969
Tunisia,TUN,1990,1.7565033
Tunisia,TUN,1991,1.9707916
Tunisia,TUN,1992,1.8247521
Tunisia,TUN,1993,1.9394912
Tunisia,TUN,1994,1.8584723
Tunisia,TUN,1995,1.814501
Tunisia,TUN,1996,1.8517565
Tunisia,TUN,1997,1.8903594
Tunisia,TUN,1998,1.9170797
Tunisia,TUN,1999,1.9375789
Tunisia,TUN,2000,1.9903848
Tunisia,TUN,2001,2.0528083
Tunisia,TUN,2002,2.0438244
Tunisia,TUN,2003,2.0891855
Tunisia,TUN,2004,2.178221
Tunisia,TUN,2005,2.1955013
Tunisia,TUN,2006,2.2147713
Tunisia,TUN,2007,2.3679278
Tunisia,TUN,2008,2.4143114
Tunisia,TUN,2009,2.380448
Tunisia,TUN,2010,2.5914676
Tunisia,TUN,2011,2.427807
Tunisia,TUN,2012,2.5608695
Tunisia,TUN,2013,2.5825608
Tunisia,TUN,2014,2.6497953
Tunisia,TUN,2015,2.7521307
Tunisia,TUN,2016,2.6864736
Tunisia,TUN,2017,2.718931
Tunisia,TUN,2018,2.6451635
Tunisia,TUN,2019,2.5750186
Tunisia,TUN,2020,2.408942
Tunisia,TUN,2021,2.6166234
Tunisia,TUN,2022,2.5401497
Tunisia,TUN,2023,2.6013684
Tunisia,TUN,2024,2.6605377
United Kingdom,GBR,1750,1.0019121
United Kingdom,GBR,1760,1.070363
United Kingdom,GBR,1770,1.2627987
United Kingdom,GBR,1780,1.4520383
United Kingdom,GBR,1790,1.7707893
United Kingdom,GBR,1800,2.9153564
United Kingdom,GBR,1801,2.8286498
United Kingdom,GBR,1802,2.7656965
United Kingdom,GBR,1803,2.5437405
United Kingdom,GBR,1804,2.4763212
United Kingdom,GBR,1805,2.5825114
United Kingdom,GBR,1806,2.695625
United Kingdom,GBR,1807,2.811327
United Kingdom,GBR,1808,2.8766963
United Kingdom,GBR,1809,2.915259
United Kingdom,GBR,1810,2.8722124
United Kingdom,GBR,1811,2.8188872
United Kingdom,GBR,1812,2.7279038
United Kingdom,GBR,1813,2.6192143
United Kingdom,GBR,1814,2.5276635
United Kingdom,GBR,1815,2.4391406
United Kingdom,GBR,1816,2.3177464
United Kingdom,GBR,1817,2.3279696
United Kingdom,GBR,1818,2.303634
United Kingdom,GBR,1819,2.1739373
United Kingdom,GBR,1820,2.0557053
United Kingdom,GBR,1821,2.0387487
United Kingdom,GBR,1822,2.0682518
United Kingdom,GBR,1823,2.1145442
United Kingdom,GBR,1824,2.1529691
United Kingdom,GBR,1825,2.1886015
United Kingdom,GBR,1826,2.1842163
United Kingdom,GBR,1827,2.2401965
United Kingdom,GBR,1828,2.2364638
United Kingdom,GBR,1829,2.234891
United Kingdom,GBR,1830,2.8095102
United Kingdom,GBR,1831,2.6452432
United Kingdom,GBR,1832,2.5387402
United Kingdom,GBR,1833,2.4873807
United Kingdom,GBR,1834,2.6161683
United Kingdom,GBR,1835,2.8411562
United Kingdom,GBR,1836,3.0594063
United Kingdom,GBR,1837,2.9013233
United Kingdom,GBR,1838,2.8080924
United Kingdom,GBR,1839,2.8675888
United Kingdom,GBR,1840,3.0363529
United Kingdom,GBR,1841,3.0412488
United Kingdom,GBR,1842,3.1750915
United Kingdom,GBR,1843,3.2955952
United Kingdom,GBR,1844,3.490339
United Kingdom,GBR,1845,3.7006795
United Kingdom,GBR,1846,3.5360403
United Kingdom,GBR,1847,3.7643142
United Kingdom,GBR,1848,4.0223227
United Kingdom,GBR,1849,4.3204474
United Kingdom,GBR,1850,4.489172
United Kingdom,GBR,1851,4.252994
United Kingdom,GBR,1852,4.2159934
United Kingdom,GBR,1853,4.167399
United Kingdom,GBR,1854,4.9915624
United Kingdom,GBR,1855,4.6457763
United Kingdom,GBR,1856,4.969304
United Kingdom,GBR,1857,4.8508296
United Kingdom,GBR,1858,4.7254786
United Kingdom,GBR,1859,5.21251
United Kingdom,GBR,1860,5.8072352
United Kingdom,GBR,1861,6.007872
United Kingdom,GBR,1862,5.7708826
United Kingdom,GBR,1863,6.086277
United Kingdom,GBR,1864,6.4942226
United Kingdom,GBR,1865,6.8250237
United Kingdom,GBR,1866,6.974182
United Kingdom,GBR,1867,7.1007743
United Kingdom,GBR,1868,6.907395
United Kingdom,GBR,1869,7.185026
United Kingdom,GBR,1870,7.273863
United Kingdom,GBR,1871,7.6345577
United Kingdom,GBR,1872,7.967353
United Kingdom,GBR,1873,8.189286
United Kingdom,GBR,1874,7.8809423
United Kingdom,GBR,1875,8.238478
United Kingdom,GBR,1876,8.144492
United Kingdom,GBR,1877,8.210754
United Kingdom,GBR,1878,7.9860015
United Kingdom,GBR,1879,7.9602866
United Kingdom,GBR,1880,8.59724
United Kingdom,GBR,1881,8.958958
United Kingdom,GBR,1882,8.960591
United Kingdom,GBR,1883,9.250244
United Kingdom,GBR,1884,8.935579
United Kingdom,GBR,1885,8.759362
United Kingdom,GBR,1886,8.611424
United Kingdom,GBR,1887,8.762649
United Kingdom,GBR,1888,9.038788
United Kingdom,GBR,1889,9.284015
United Kingdom,GBR,1890,9.419005
United Kingdom,GBR,1891,9.533845
United Kingdom,GBR,1892,9.25243
United Kingdom,GBR,1893,8.21112
United Kingdom,GBR,1894,9.315627
United Kingdom,GBR,1895,9.317141
United Kingdom,GBR,1896,9.494172
United Kingdom,GBR,1897,9.656031
United Kingdom,GBR,1898,9.589032
United Kingdom,GBR,1899,10.180933
United Kingdom,GBR,1900,10.215249
United Kingdom,GBR,1901,9.90617
United Kingdom,GBR,1902,10.200084
United Kingdom,GBR,1903,10.190824
United Kingdom,GBR,1904,10.149534
United Kingdom,GBR,1905,10.193703
United Kingdom,GBR,1906,10.467203
United Kingdom,GBR,1907,10.839091
United Kingdom,GBR,1908,10.481716
United Kingdom,GBR,1909,10.493224
United Kingdom,GBR,1910,10.50297
United Kingdom,GBR,1911,10.698935
United Kingdom,GBR,1912,10.082025
United Kingdom,GBR,1913,10.975125
United Kingdom,GBR,1914,10.597855
United Kingdom,GBR,1915,10.691779
United Kingdom,GBR,1916,11.030396
United Kingdom,GBR,1917,10.85709
United Kingdom,GBR,1918,10.07166
United Kingdom,GBR,1919,9.811919
United Kingdom,GBR,1920,10.318364
United Kingdom,GBR,1921,7.1308627
United Kingdom,GBR,1922,9.444493
United Kingdom,GBR,1923,10.033588
United Kingdom,GBR,1924,10.532615
United Kingdom,GBR,1925,9.965467
United Kingdom,GBR,1926,5.655135
United Kingdom,GBR,1927,10.448244
United Kingdom,GBR,1928,9.884894
United Kingdom,GBR,1929,10.408271
United Kingdom,GBR,1930,10.021771
United Kingdom,GBR,1931,9.352548
United Kingdom,GBR,1932,8.96392
United Kingdom,GBR,1933,8.869657
United Kingdom,GBR,1934,9.531863
United Kingdom,GBR,1935,9.610427
United Kingdom,GBR,1936,10.09914
United Kingdom,GBR,1937,10.368437
United Kingdom,GBR,1938,9.919003
United Kingdom,GBR,1939,9.903666
United Kingdom,GBR,1940,10.3948345
United Kingdom,GBR,1941,10.344048
United Kingdom,GBR,1942,10.161616
United Kingdom,GBR,1943,10.065381
United Kingdom,GBR,1944,10.015328
United Kingdom,GBR,1945,9.231059
United Kingdom,GBR,1946,9.4255495
United Kingdom,GBR,1947,9.810102
United Kingdom,GBR,1948,10.14036
United Kingdom,GBR,1949,10.181252
United Kingdom,GBR,1950,9.9604435
United Kingdom,GBR,1951,10.800899
United Kingdom,GBR,1952,10.444595
United Kingdom,GBR,1953,10.62748
United Kingdom,GBR,1954,10.8330145
United Kingdom,GBR,1955,11.257455
United Kingdom,GBR,1956,11.162249
United Kingdom,GBR,1957,11.039372
United Kingdom,GBR,1958,10.705431
United Kingdom,GBR,1959,10.461445
United Kingdom,GBR,1960,11.113797
United Kingdom,GBR,1961,11.129407
United Kingdom,GBR,1962,11.129884
United Kingdom,GBR,1963,11.246019
United Kingdom,GBR,1964,11.254874
United Kingdom,GBR,1965,11.444563
United Kingdom,GBR,1966,11.30431
United Kingdom,GBR,1967,10.769963
United Kingdom,GBR,1968,10.979154
United Kingdom,GBR,1969,11.331282
United Kingdom,GBR,1970,11.723682
United Kingdom,GBR,1971,11.815909
United Kingdom,GBR,1972,11.555677
United Kingdom,GBR,1973,11.738719
United Kingdom,GBR,1974,10.977184
United Kingdom,GBR,1975,10.730219
United Kingdom,GBR,1976,10.649842
United Kingdom,GBR,1977,10.758524
United Kingdom,GBR,1978,10.764969
United Kingdom,GBR,1979,11.464309
United Kingdom,GBR,1980,10.288156
United Kingdom,GBR,1981,9.955621
United Kingdom,GBR,1982,9.738896
United Kingdom,GBR,1983,9.683191
United Kingdom,GBR,1984,9.372629
United Kingdom,GBR,1985,9.886416
United Kingdom,GBR,1986,10.018491
United Kingdom,GBR,1987,10.049029
United Kingdom,GBR,1988,10.000239
United Kingdom,GBR,1989,10.170335
United Kingdom,GBR,1990,10.4927225
United Kingdom,GBR,1991,10.588317
United Kingdom,GBR,1992,10.288521
United Kingdom,GBR,1993,10.017321
United Kingdom,GBR,1994,9.896297
United Kingdom,GBR,1995,9.735405
United Kingdom,GBR,1996,10.0647545
United Kingdom,GBR,1997,9.62765
United Kingdom,GBR,1998,9.697672
United Kingdom,GBR,1999,9.545588
United Kingdom,GBR,2000,9.635275
United Kingdom,GBR,2001,9.748509
United Kingdom,GBR,2002,9.40991
United Kingdom,GBR,2003,9.555585
United Kingdom,GBR,2004,9.530167
United Kingdom,GBR,2005,9.412128
United Kingdom,GBR,2006,9.301154
United Kingdom,GBR,2007,9.09334
United Kingdom,GBR,2008,8.785364
United Kingdom,GBR,2009,7.9049363
United Kingdom,GBR,2010,8.124634
United Kingdom,GBR,2011,7.3959785
United Kingdom,GBR,2012,7.62153
United Kingdom,GBR,2013,7.4175463
United Kingdom,GBR,2014,6.764833
United Kingdom,GBR,2015,6.461413
United Kingdom,GBR,2016,6.061766
United Kingdom,GBR,2017,5.8378453
United Kingdom,GBR,2018,5.6886244
United Kingdom,GBR,2019,5.4350777
United Kingdom,GBR,2020,4.84416
United Kingdom,GBR,2021,5.059431
United Kingdom,GBR,2022,4.563232
United Kingdom,GBR,2023,4.481841
United Kingdom,GBR,2024,4.5257993
United States,USA,1800,0.042136
United States,USA,1801,0.043749023
United States,USA,1802,0.046463702
United States,USA,1803,0.04675338
United States,USA,1804,0.051547863
United States,USA,1805,0.05170035
United States,USA,1806,0.049647022
United States,USA,1807,0.055148073
United States,USA,1808,0.056223534
United States,USA,1809,0.05672419
United States,USA,1810,0.057195846
United States,USA,1811,0.05957973
United States,USA,1812,0.0625836
United States,USA,1813,0.06519789
United States,USA,1814,0.06802918
United States,USA,1815,0.070616506
United States,USA,1816,0.07547438
United States,USA,1817,0.079147205
United States,USA,1818,0.08329477
United States,USA,1819,0.0788342
United States,USA,1820,0.07940742
United States,USA,1821,0.08064995
United States,USA,1822,0.08181233
United States,USA,1823,0.08290245
United States,USA,1824,0.09074809
United States,USA,1825,0.09872902
United States,USA,1826,0.111148365
United States,USA,1827,0.11888613
United States,USA,1828,0.12727666
United States,USA,1829,0.13939415
United States,USA,1830,0.15767905
United States,USA,1831,0.16626401
United States,USA,1832,0.21589011
United States,USA,1833,0.2451494
United States,USA,1834,0.22857675
United States,USA,1835,0.28379282
United States,USA,1836,0.30255765
United States,USA,1837,0.33012334
United States,USA,1838,0.3045117
United States,USA,1839,0.3247494
United States,USA,1840,0.3359056
United States,USA,1841,0.34518078
United States,USA,1842,0.37302932
United States,USA,1843,0.40623948
United States,USA,1844,0.47249264
United States,USA,1845,0.5519618
United States,USA,1846,0.6075555
United States,USA,1847,0.6989572
United States,USA,1848,0.7553745
United States,USA,1849,0.79568434
United States,USA,1850,0.83870095
United States,USA,1851,1.0133029
United States,USA,1852,1.0699053
United States,USA,1853,1.1693825
United States,USA,1854,1.2480785
United States,USA,1855,1.394424
United States,USA,1856,1.4202958
United States,USA,1857,1.4139436
United States,USA,1858,1.3925428
United States,USA,1859,1.4731518
United States,USA,1860,1.5011375
United States,USA,1861,1.4090402
United States,USA,1862,1.4285618
United States,USA,1863,1.6126716
United States,USA,1864,1.6866376
United States,USA,1865,1.6529324
United States,USA,1866,1.6266301
United States,USA,1867,1.9555545
United States,USA,1868,2.1599026
United States,USA,1869,2.401964
United States,USA,1870,2.4715502
United States,USA,1871,2.524375
United States,USA,1872,3.0265274
United States,USA,1873,3.2694678
United States,USA,1874,3.0782638
United States,USA,1875,3.0432105
United States,USA,1876,2.912211
United States,USA,1877,3.1561265
United States,USA,1878,3.0182126
United States,USA,1879,3.5994267
United States,USA,1880,3.9895415
United States,USA,1881,4.1283484
United States,USA,1882,4.5223513
United States,USA,1883,4.7712994
United States,USA,1884,4.9176164
United States,USA,1885,4.8917246
United States,USA,1886,5.053227
United States,USA,1887,5.2871504
United States,USA,1888,6.287121
United States,USA,1889,5.5244336
United States,USA,1890,6.478781
United States,USA,1891,6.756879
United States,USA,1892,6.9861884
United States,USA,1893,6.9135346
United States,USA,1894,6.3546634
United States,USA,1895,7.0439777
United States,USA,1896,6.9301863
United States,USA,1897,7.0799294
United States,USA,1898,7.5769787
United States,USA,1899,8.534078
United States,USA,1900,8.8752165
United States,USA,1901,9.484995
United States,USA,1902,9.867036
United States,USA,1903,11.326901
United States,USA,1904,10.963299
United States,USA,1905,12.035906
United States,USA,1906,12.405631
United States,USA,1907,14.144756
United States,USA,1908,12.144965
United States,USA,1909,13.216985
United States,USA,1910,14.18195
United States,USA,1911,13.820649
United States,USA,1912,14.535418
United States,USA,1913,15.396738
United States,USA,1914,13.879315
United States,USA,1915,14.201243
United States,USA,1916,15.553448
United States,USA,1917,16.86919
United States,USA,1918,17.372637
United States,USA,1919,14.513221
United States,USA,1920,16.816145
United States,USA,1921,13.589925
United States,USA,1922,13.520765
United States,USA,1923,17.591671
United States,USA,1924,15.544684
United States,USA,1925,15.735723
United States,USA,1926,16.812035
United States,USA,1927,16.192951
United States,USA,1928,15.685378
United States,USA,1929,16.603048
United States,USA,1930,14.58597
United States,USA,1931,12.289558
United States,USA,1932,10.321664
United States,USA,1933,10.991698
United States,USA,1934,11.621933
United States,USA,1935,11.991493
United States,USA,1936,13.672
United States,USA,1937,14.204154
United States,USA,1938,11.926593
United States,USA,1939,13.037762
United States,USA,1940,14.487894
United States,USA,1941,15.615902
United States,USA,1942,16.58958
United States,USA,1943,16.911407
United States,USA,1944,17.948437
United States,USA,1945,17.084375
United States,USA,1946,16.121332
United States,USA,1947,17.508738
United States,USA,1948,17.940481
United States,USA,1949,14.822593
United States,USA,1950,16.48146
United States,USA,1951,16.734932
United States,USA,1952,16.066175
United States,USA,1953,16.212685
United States,USA,1954,15.213387
United States,USA,1955,16.417015
United States,USA,1956,16.940548
United States,USA,1957,16.535189
United States,USA,1958,15.768463
United States,USA,1959,15.986317
United States,USA,1960,16.07164
United States,USA,1961,15.733118
United States,USA,1962,16.033794
United States,USA,1963,16.47033
United States,USA,1964,16.929342
United States,USA,1965,17.37528
United States,USA,1966,18.013317
United States,USA,1967,18.462694
United States,USA,1968,18.919777
United States,USA,1969,19.654922
United States,USA,1970,20.884413
United States,USA,1971,20.74589
United States,USA,1972,21.485521
United States,USA,1973,22.2213
United States,USA,1974,21.229671
United States,USA,1975,20.145435
United States,USA,1976,20.895985
United States,USA,1977,21.273462
United States,USA,1978,21.727701
United States,USA,1979,21.569876
United States,USA,1980,20.578814
United States,USA,1981,19.567621
United States,USA,1982,18.381195
United States,USA,1983,18.340216
United States,USA,1984,18.714457
United States,USA,1985,18.599737
United States,USA,1986,18.438473
United States,USA,1987,19.06039
United States,USA,1988,19.717833
United States,USA,1989,19.78752
United States,USA,1990,20.253748
United States,USA,1991,19.793287
United States,USA,1992,19.948572
United States,USA,1993,20.102255
United States,USA,1994,20.197258
United States,USA,1995,20.230127
United States,USA,1996,20.678873
United States,USA,1997,20.745182
United States,USA,1998,20.774931
United States,USA,1999,20.805534
United States,USA,2000,21.39786
United States,USA,2001,20.766743
United States,USA,2002,20.718021
United States,USA,2003,20.718428
United States,USA,2004,20.873743
United States,USA,2005,20.71883
United States,USA,2006,20.236742
United States,USA,2007,20.28047
United States,USA,2008,19.409172
United States,USA,2009,17.81067
United States,USA,2010,18.22542
United States,USA,2011,17.634142
United States,USA,2012,16.812391
United States,USA,2013,17.09857
United States,USA,2014,17.118917
United States,USA,2015,16.461393
United States,USA,2016,15.934658
United States,USA,2017,15.639208
United States,USA,2018,16.000992
United States,USA,2019,15.500492
United States,USA,2020,13.8168955
United States,USA,2021,14.758024
United States,USA,2022,14.802047
United States,USA,2023,14.31945
United States,USA,2024,14.197287
Venezuela,VEN,1870,0.0005971774
Venezuela,VEN,1871,0.00044495155
Venezuela,VEN,1872,0.00028733
Venezuela,VEN,1873,0.00073550164
Venezuela,VEN,1874,0.0010562624
Venezuela,VEN,1875,0.00035430052
Venezuela,VEN,1876,0.00088463275
Venezuela,VEN,1877,0.0013919105
Venezuela,VEN,1878,0.0014367794
Venezuela,VEN,1879,0.001403342
Venezuela,VEN,1880,0.0015490687
Venezuela,VEN,1881,0.0013040575
Venezuela,VEN,1882,0.0008029225
Venezuela,VEN,1883,0.0006785995
Venezuela,VEN,1884,0.0016021087
Venezuela,VEN,1885,0.014533375
Venezuela,VEN,1886,0.0116530135
Venezuela,VEN,1887,0.019857233
Venezuela,VEN,1888,0.026868764
Venezuela,VEN,1889,0.03168629
Venezuela,VEN,1890,0.03819318
Venezuela,VEN,1891,0.04118616
Venezuela,VEN,1892,0.032441754
Venezuela,VEN,1893,0.03479127
Venezuela,VEN,1894,0.028723123
Venezuela,VEN,1895,0.028503466
Venezuela,VEN,1896,0.024697496
Venezuela,VEN,1897,0.026218785
Venezuela,VEN,1898,0.019798417
Venezuela,VEN,1899,0.020090237
Venezuela,VEN,1900,0.013957455
Venezuela,VEN,1901,0.018438289
Venezuela,VEN,1902,0.018568102
Venezuela,VEN,1903,0.012496777
Venezuela,VEN,1904,0.02238612
Venezuela,VEN,1905,0.016072629
Venezuela,VEN,1906,0.0121898735
Venezuela,VEN,1907,0.016376497
Venezuela,VEN,1908,0.012617071
Venezuela,VEN,1909,0.012251078
Venezuela,VEN,1910,0.009927467
Venezuela,VEN,1911,0.013753241
Venezuela,VEN,1912,0.019189792
Venezuela,VEN,1913,0.021995312
Venezuela,VEN,1914,0.027472664
Venezuela,VEN,1915,0.02865093
Venezuela,VEN,1916,0.03787227
Venezuela,VEN,1917,0.030042406
Venezuela,VEN,1918,0.05007614
Venezuela,VEN,1919,0.06512073
Venezuela,VEN,1920,0.042536534
Venezuela,VEN,1921,0.057205528
Venezuela,VEN,1922,0.074399866
Venezuela,VEN,1923,0.11528534
Venezuela,VEN,1924,0.100841224
Venezuela,VEN,1925,0.18382978
Venezuela,VEN,1926,0.30816218
Venezuela,VEN,1927,0.29943958
Venezuela,VEN,1928,0.55199254
Venezuela,VEN,1929,0.56660116
Venezuela,VEN,1930,0.01675776
Venezuela,VEN,1931,0.015868254
Venezuela,VEN,1932,1.0453842
Venezuela,VEN,1933,0.76933604
Venezuela,VEN,1934,1.3941987
Venezuela,VEN,1935,1.5707196
Venezuela,VEN,1936,0.8243196
Venezuela,VEN,1937,2.3949704
Venezuela,VEN,1938,1.5446432
Venezuela,VEN,1939,1.733437
Venezuela,VEN,1940,2.9872956
Venezuela,VEN,1941,3.5592494
Venezuela,VEN,1942,2.664231
Venezuela,VEN,1943,2.3177958
Venezuela,VEN,1944,3.2929263
Venezuela,VEN,1945,3.3358002
Venezuela,VEN,1946,3.6938837
Venezuela,VEN,1947,4.102703
Venezuela,VEN,1948,4.9724083
Venezuela,VEN,1949,5.421449
Venezuela,VEN,1950,6.9852467
Venezuela,VEN,1951,8.265066
Venezuela,VEN,1952,8.483499
Venezuela,VEN,1953,7.6755314
Venezuela,VEN,1954,7.8855643
Venezuela,VEN,1955,8.844376
Venezuela,VEN,1956,9.254722
Venezuela,VEN,1957,9.532687
Venezuela,VEN,1958,7.182181
Venezuela,VEN,1959,8.278999
Venezuela,VEN,1960,6.9872823
Venezuela,VEN,1961,6.13532
Venezuela,VEN,1962,6.1729875
Venezuela,VEN,1963,6.1950154
Venezuela,VEN,1964,6.0302553
Venezuela,VEN,1965,6.2622085
Venezuela,VEN,1966,5.6832724
Venezuela,VEN,1967,6.3476653
Venezuela,VEN,1968,6.129641
Venezuela,VEN,1969,6.243789
Venezuela,VEN,1970,6.541157
Venezuela,VEN,1971,5.323236
Venezuela,VEN,1972,5.166803
Venezuela,VEN,1973,5.330168
Venezuela,VEN,1974,5.8477206
Venezuela,VEN,1975,4.8240423
Venezuela,VEN,1976,4.2096677
Venezuela,VEN,1977,4.54479
Venezuela,VEN,1978,4.75869
Venezuela,VEN,1979,5.154691
Venezuela,VEN,1980,5.942461
Venezuela,VEN,1981,5.8536997
Venezuela,VEN,1982,5.784029
Venezuela,VEN,1983,5.612365
Venezuela,VEN,1984,5.471131
Venezuela,VEN,1985,5.7895436
Venezuela,VEN,1986,6.099254
Venezuela,VEN,1987,6.0209045
Venezuela,VEN,1988,6.139265
Venezuela,VEN,1989,5.615367
Venezuela,VEN,1990,6.095922
Venezuela,VEN,1991,5.62527
Venezuela,VEN,1992,5.040127
Venezuela,VEN,1993,5.789427
Venezuela,VEN,1994,5.4802866
Venezuela,VEN,1995,5.624556
Venezuela,VEN,1996,5.222229
Venezuela,VEN,1997,5.609388
Venezuela,VEN,1998,5.7197266
Venezuela,VEN,1999,5.9470773
Venezuela,VEN,2000,5.826397
Venezuela,VEN,2001,5.228908
Venezuela,VEN,2002,6.4567943
Venezuela,VEN,2003,5.9616804
Venezuela,VEN,2004,5.422836
Venezuela,VEN,2005,5.540558
Venezuela,VEN,2006,5.724261
Venezuela,VEN,2007,5.5758047
Venezuela,VEN,2008,5.5521493
Venezuela,VEN,2009,5.3510833
Venezuela,VEN,2010,6.579704
Venezuela,VEN,2011,5.7807517
Venezuela,VEN,2012,5.9499927
Venezuela,VEN,2013,6.63449
Venezuela,VEN,2014,5.8171196
Venezuela,VEN,2015,5.4401956
Venezuela,VEN,2016,4.9644036
Venezuela,VEN,2017,4.5506883
Venezuela,VEN,2018,3.7319212
Venezuela,VEN,2019,3.6433108
Venezuela,VEN,2020,2.8442175
Venezuela,VEN,2021,3.3608282
Venezuela,VEN,2022,3.8430314
Venezuela,VEN,2023,4.2255874
Venezuela,VEN,2024,4.085203
Vietnam,VNM,1892,0.018991606
Vietnam,VNM,1893,0.059098076
Vietnam,VNM,1894,0.027023021
Vietnam,VNM,1895,0.015907902
Vietnam,VNM,1896,0.032048896
Vietnam,VNM,1897,0.04616097
Vietnam,VNM,1898,0.05761731
Vietnam,VNM,1899,0.063550964
Vietnam,VNM,1900,0.043468192
Vietnam,VNM,1901,0.04114657
Vietnam,VNM,1902,0.03136255
Vietnam,VNM,1903,0.041523535
Vietnam,VNM,1904,0.056801613
Vietnam,VNM,1905,0.053190757
Vietnam,VNM,1906,0.053306863
Vietnam,VNM,1907,0.051499393
Vietnam,VNM,1908,0.052899763
Vietnam,VNM,1909,0.056311063
Vietnam,VNM,1910,0.071080394
Vietnam,VNM,1911,0.061144203
Vietnam,VNM,1912,0.05978007
Vietnam,VNM,1913,0.071249604
Vietnam,VNM,1914,0.087088846
Vietnam,VNM,1915,0.090795055
Vietnam,VNM,1916,0.09707738
Vietnam,VNM,1917,0.093191184
Vietnam,VNM,1918,0.091037005
Vietnam,VNM,1919,0.095605895
Vietnam,VNM,1920,0.10101042
Vietnam,VNM,1921,0.13347645
Vietnam,VNM,1922,0.1441181
Vietnam,VNM,1923,0.15444769
Vietnam,VNM,1924,0.18149455
Vietnam,VNM,1925,0.20103806
Vietnam,VNM,1926,0.19108589
Vietnam,VNM,1927,0.22193514
Vietnam,VNM,1928,0.29842663
Vietnam,VNM,1929,0.30051544
Vietnam,VNM,1930,0.2975875
Vietnam,VNM,1931,0.2622124
Vietnam,VNM,1932,0.25934196
Vietnam,VNM,1933,0.23798524
Vietnam,VNM,1934,0.2367455
Vietnam,VNM,1935,0.26146224
Vietnam,VNM,1936,0.32017457
Vietnam,VNM,1937,0.33778208
Vietnam,VNM,1938,0.3415506
Vietnam,VNM,1939,0.3769991
Vietnam,VNM,1940,0.35416952
Vietnam,VNM,1941,0.3242806
Vietnam,VNM,1942,0.16925097
Vietnam,VNM,1943,0.13452716
Vietnam,VNM,1944,0.067256406
Vietnam,VNM,1945,0.028215574
Vietnam,VNM,1946,0.03180984
Vietnam,VNM,1947,0.030742902
Vietnam,VNM,1948,0.042019017
Vietnam,VNM,1949,0.04401315
Vietnam,VNM,1950,0.05894888
Vietnam,VNM,1951,0.05020267
Vietnam,VNM,1952,0.07129976
Vietnam,VNM,1953,0.06540868
Vietnam,VNM,1954,0.09734669
Vietnam,VNM,1955,0.12509741
Vietnam,VNM,1956,0.10055951
Vietnam,VNM,1957,0.09664399
Vietnam,VNM,1958,0.16356982
Vietnam,VNM,1959,0.20910344
Vietnam,VNM,1960,0.23004839
Vietnam,VNM,1961,0.23880798
Vietnam,VNM,1962,0.2723259
Vietnam,VNM,1963,0.25845695
Vietnam,VNM,1964,0.32561684
Vietnam,VNM,1965,0.35416234
Vietnam,VNM,1966,0.5044371
Vietnam,VNM,1967,0.59036195
Vietnam,VNM,1968,0.5939634
Vietnam,VNM,1969,0.66668904
Vietnam,VNM,1970,0.6792725
Vietnam,VNM,1971,0.5772441
Vietnam,VNM,1972,0.5304003
Vietnam,VNM,1973,0.5644668
Vietnam,VNM,1974,0.41965503
Vietnam,VNM,1975,0.46837413
Vietnam,VNM,1976,0.29146856
Vietnam,VNM,1977,0.31144586
Vietnam,VNM,1978,0.30622536
Vietnam,VNM,1979,0.3162762
Vietnam,VNM,1980,0.31985152
Vietnam,VNM,1981,0.32928845
Vietnam,VNM,1982,0.3334157
Vietnam,VNM,1983,0.3420377
Vietnam,VNM,1984,0.30317715
Vietnam,VNM,1985,0.35721636
Vietnam,VNM,1986,0.3411048
Vietnam,VNM,1987,0.3782907
Vietnam,VNM,1988,0.36714432
Vietnam,VNM,1989,0.27121788
Vietnam,VNM,1990,0.32514757
Vietnam,VNM,1991,0.31955397
Vietnam,VNM,1992,0.31447926
Vietnam,VNM,1993,0.32841194
Vietnam,VNM,1994,0.38617438
Vietnam,VNM,1995,0.41760576
Vietnam,VNM,1996,0.48500863
Vietnam,VNM,1997,0.6130133
Vietnam,VNM,1998,0.6356782
Vietnam,VNM,1999,0.63638675
Vietnam,VNM,2000,0.69906235
Vietnam,VNM,2001,0.78214556
Vietnam,VNM,2002,0.8826836
Vietnam,VNM,2003,0.9710582
Vietnam,VNM,2004,1.107049
Vietnam,VNM,2005,1.1819466
Vietnam,VNM,2006,1.2128327
Vietnam,VNM,2007,1.2128248
Vietnam,VNM,2008,1.3419256
Vietnam,VNM,2009,1.4398954
Vietnam,VNM,2010,1.5958333
Vietnam,VNM,2011,1.7245036
Vietnam,VNM,2012,1.6119647
Vietnam,VNM,2013,1.6722333
Vietnam,VNM,2014,1.963878
Vietnam,VNM,2015,2.2988992
Vietnam,VNM,2016,2.3513482
Vietnam,VNM,2017,2.392326
Vietnam,VNM,2018,2.654567
Vietnam,VNM,2019,3.4918098
Vietnam,VNM,2020,3.697001
Vietnam,VNM,2021,3.175785
Vietnam,VNM,2022,3.2368684
Vietnam,VNM,2023,3.4617958
Vietnam,VNM,2024,3.6730351