STRUCTURE,STRUCTURE_ID,STRUCTURE_NAME,freq,Time frequency,unit,Unit of measure,crops,Crops,agprdmet,Agricultural production methods,geo,Geopolitical entity (reporting),TIME_PERIOD,Time,OBS_VALUE,Observation value,OBS_FLAG,Observation status (Flag) V2 structure,CONF_STATUS,Confidentiality status (flag)
dataflow,ESTAT:SDG_02_40(1.0),Area under organic farming,A,Annual,PC_UAA,Percentage of total utilised agricultural area,UAAXK0000,Utilised agricultural area excluding kitchen gardens,TOTAL,Total fully converted and under conversion to organic farming,AL,Albania,2021,,0.09,,,,,
dataflow,ESTAT:SDG_02_40(1.0),Area under organic farming,A,Annual,PC_UAA,Percentage of total utilised agricultural area,UAAXK0000,Utilised agricultural area excluding kitchen gardens,TOTAL,Total fully converted and under conversion to organic farming,AL,Albania,2022,,0.06,,,,,
dataflow,ESTAT:SDG_02_40(1.0),Area under organic farming,A,Annual,PC_UAA,Percentage of total utilised agricultural area,UAAXK0000,Utilised agricultural area excluding kitchen gardens,TOTAL,Total fully converted and under conversion to organic farming,AL,Albania,2023,,0.07,,,,,
dataflow,ESTAT:SDG_02_40(1.0),Area under organic farming,A,Annual,PC_UAA,Percentage of total utilised agricultural area,UAAXK0000,Utilised agricultural area excluding kitchen gardens,TOTAL,Total fully converted and under conversion to organic farming,AL,Albania,2024,,0.07,,,,,
dataflow,ESTAT:SDG_02_40(1.0),Area under organic farming,A,Annual,PC_UAA,Percentage of total utilised agricultural area,UAAXK0000,Utilised agricultural area excluding kitchen gardens,TOTAL,Total fully converted and under conversion to organic farming,AT,Austria,2000,,13.8,,,,,
dataflow,ESTAT:SDG_02_40(1.0),Area under organic farming,A,Annual,PC_UAA,Percentage of total utilised agricultural area,UAAXK0000,Utilised agricultural area excluding kitchen gardens,TOTAL,Total fully converted and under conversion to organic farming,AT,Austria,2001,,14.0,,,,,
dataflow,ESTAT:SDG_02_40(1.0),Area under organic farming,A,Annual,PC_UAA,Percentage of total utilised agricultural area,UAAXK0000,Utilised agricultural area excluding kitchen gardens,TOTAL,Total fully converted and under conversion to organic farming,AT,Austria,2002,,14.5,,,,,
dataflow,ESTAT:SDG_02_40(1.0),Area under organic farming,A,Annual,PC_UAA,Percentage of total utilised agricultural area,UAAXK0000,Utilised agricultural area excluding kitchen gardens,TOTAL,Total fully converted and under conversion to organic farming,AT,Austria,2003,,15.4,,,,,
dataflow,ESTAT:SDG_02_40(1.0),Area under organic farming,A,Annual,PC_UAA,Percentage of total utilised agricultural area,UAAXK0000,Utilised agricultural area excluding kitchen gardens,TOTAL,Total fully converted and under conversion to organic farming,AT,Austria,2004,,16.0,,,,,
dataflow,ESTAT:SDG_02_40(1.0),Area under organic farming,A,Annual,PC_UAA,Percentage of total utilised agricultural area,UAAXK0000,Utilised agricultural area excluding kitchen gardens,TOTAL,Total fully converted and under conversion to organic farming,AT,Austria,2005,,16.7,,,,,
dataflow,ESTAT:SDG_02_40(1.0),Area under organic farming,A,Annual,PC_UAA,Percentage of total utilised agricultural area,UAAXK0000,Utilised agricultural area excluding kitchen gardens,TOTAL,Total fully converted and under conversion to organic farming,AT,Austria,2006,,16.7,,,,,
dataflow,ESTAT:SDG_02_40(1.0),Area under organic farming,A,Annual,PC_UAA,Percentage of total utilised agricultural area,UAAXK0000,Utilised agricultural area excluding kitchen gardens,TOTAL,Total fully converted and under conversion to organic farming,AT,Austria,2007,,17.0,,,,,
dataflow,ESTAT:SDG_02_40(1.0),Area under organic farming,A,Annual,PC_UAA,Percentage of total utilised agricultural area,UAAXK0000,Utilised agricultural area excluding kitchen gardens,TOTAL,Total fully converted and under conversion to organic farming,AT,Austria,2008,,17.4,,,,,
dataflow,ESTAT:SDG_02_40(1.0),Area under organic farming,A,Annual,PC_UAA,Percentage of total utilised agricultural area,UAAXK0000,Utilised agricultural area excluding kitchen gardens,TOTAL,Total fully converted and under conversion to organic farming,AT,Austria,2009,,18.5,,,,,
dataflow,ESTAT:SDG_02_40(1.0),Area under organic farming,A,Annual,PC_UAA,Percentage of total utilised agricultural area,UAAXK0000,Utilised agricultural area excluding kitchen gardens,TOTAL,Total fully converted and under conversion to organic farming,AT,Austria,2010,,19.5,,,,,
dataflow,ESTAT:SDG_02_40(1.0),Area under organic farming,A,Annual,PC_UAA,Percentage of total utilised agricultural area,UAAXK0000,Utilised agricultural area excluding kitchen gardens,TOTAL,Total fully converted and under conversion to organic farming,AT,Austria,2011,,19.6,,,,,
dataflow,ESTAT:SDG_02_40(1.0),Area under organic farming,A,Annual,PC_UAA,Percentage of total utilised agricultural area,UAAXK0000,Utilised agricultural area excluding kitchen gardens,TOTAL,Total fully converted and under conversion to organic farming,AT,Austria,2012,,18.62,,,,,
dataflow,ESTAT:SDG_02_40(1.0),Area under organic farming,A,Annual,PC_UAA,Percentage of total utilised agricultural area,UAAXK0000,Utilised agricultural area excluding kitchen gardens,TOTAL,Total fully converted and under conversion to organic farming,AT,Austria,2013,,18.40,,,,,
dataflow,ESTAT:SDG_02_40(1.0),Area under organic farming,A,Annual,PC_UAA,Percentage of total utilised agricultural area,UAAXK0000,Utilised agricultural area excluding kitchen gardens,TOTAL,Total fully converted and under conversion to organic farming,AT,Austria,2014,,19.35,,,,,
dataflow,ESTAT:SDG_02_40(1.0),Area under organic farming,A,Annual,PC_UAA,Percentage of total utilised agricultural area,UAAXK0000,Utilised agricultural area excluding kitchen gardens,TOTAL,Total fully converted and under conversion to organic farming,AT,Austria,2015,,20.30,,,,,
dataflow,ESTAT:SDG_02_40(1.0),Area under organic farming,A,Annual,PC_UAA,Percentage of total utilised agricultural area,UAAXK0000,Utilised agricultural area excluding kitchen gardens,TOTAL,Total fully converted and under conversion to organic farming,AT,Austria,2016,,21.25,,,,,
dataflow,ESTAT:SDG_02_40(1.0),Area under organic farming,A,Annual,PC_UAA,Percentage of total utilised agricultural area,UAAXK0000,Utilised agricultural area excluding kitchen gardens,TOTAL,Total fully converted and under conversion to organic farming,AT,Austria,2017,,23.37,,,,,
dataflow,ESTAT:SDG_02_40(1.0),Area under organic farming,A,Annual,PC_UAA,Percentage of total utilised agricultural area,UAAXK0000,Utilised agricultural area excluding kitchen gardens,TOTAL,Total fully converted and under conversion to organic farming,AT,Austria,2018,,24.08,,,,,
dataflow,ESTAT:SDG_02_40(1.0),Area under organic farming,A,Annual,PC_UAA,Percentage of total utilised agricultural area,UAAXK0000,Utilised agricultural area excluding kitchen gardens,TOTAL,Total fully converted and under conversion to organic farming,AT,Austria,2019,,25.33,,,,,
dataflow,ESTAT:SDG_02_40(1.0),Area under organic farming,A,Annual,PC_UAA,Percentage of total utilised agricultural area,UAAXK0000,Utilised agricultural area excluding kitchen gardens,TOTAL,Total fully converted and under conversion to organic farming,AT,Austria,2020,,25.69,,,,,
dataflow,ESTAT:SDG_02_40(1.0),Area under organic farming,A,Annual,PC_UAA,Percentage of total utilised agricultural area,UAAXK0000,Utilised agricultural area excluding kitchen gardens,TOTAL,Total fully converted and under conversion to organic farming,BE,Belgium,2000,,1.5,,,,,
dataflow,ESTAT:SDG_02_40(1.0),Area under organic farming,A,Annual,PC_UAA,Percentage of total utilised agricultural area,UAAXK0000,Utilised agricultural area excluding kitchen gardens,TOTAL,Total fully converted and under conversion to organic farming,BE,Belgium,2001,,1.6,,,,,
dataflow,ESTAT:SDG_02_40(1.0),Area under organic farming,A,Annual,PC_UAA,Percentage of total utilised agricultural area,UAAXK0000,Utilised agricultural area excluding kitchen gardens,TOTAL,Total fully converted and under conversion to organic farming,BE,Belgium,2002,,2.1,,,,,
dataflow,ESTAT:SDG_02_40(1.0),Area under organic farming,A,Annual,PC_UAA,Percentage of total utilised agricultural area,UAAXK0000,Utilised agricultural area excluding kitchen gardens,TOTAL,Total fully converted and under conversion to organic farming,BE,Belgium,2003,,1.7,,,,,
dataflow,ESTAT:SDG_02_40(1.0),Area under organic farming,A,Annual,PC_UAA,Percentage of total utilised agricultural area,UAAXK0000,Utilised agricultural area excluding kitchen gardens,TOTAL,Total fully converted and under conversion to organic farming,BE,Belgium,2004,,1.7,,,,,
dataflow,ESTAT:SDG_02_40(1.0),Area under organic farming,A,Annual,PC_UAA,Percentage of total utilised agricultural area,UAAXK0000,Utilised agricultural area excluding kitchen gardens,TOTAL,Total fully converted and under conversion to organic farming,BE,Belgium,2005,,1.7,,,,,
dataflow,ESTAT:SDG_02_40(1.0),Area under organic farming,A,Annual,PC_UAA,Percentage of total utilised agricultural area,UAAXK0000,Utilised agricultural area excluding kitchen gardens,TOTAL,Total fully converted and under conversion to organic farming,BE,Belgium,2006,,2.1,,,,,
dataflow,ESTAT:SDG_02_40(1.0),Area under organic farming,A,Annual,PC_UAA,Percentage of total utilised agricultural area,UAAXK0000,Utilised agricultural area excluding kitchen gardens,TOTAL,Total fully converted and under conversion to organic farming,BE,Belgium,2007,,2.4,,,,,
dataflow,ESTAT:SDG_02_40(1.0),Area under organic farming,A,Annual,PC_UAA,Percentage of total utilised agricultural area,UAAXK0000,Utilised agricultural area excluding kitchen gardens,TOTAL,Total fully converted and under conversion to organic farming,BE,Belgium,2008,,2.6,,,,,
dataflow,ESTAT:SDG_02_40(1.0),Area under organic farming,A,Annual,PC_UAA,Percentage of total utilised agricultural area,UAAXK0000,Utilised agricultural area excluding kitchen gardens,TOTAL,Total fully converted and under conversion to organic farming,BE,Belgium,2009,,3,,,,,
dataflow,ESTAT:SDG_02_40(1.0),Area under organic farming,A,Annual,PC_UAA,Percentage of total utilised agricultural area,UAAXK0000,Utilised agricultural area excluding kitchen gardens,TOTAL,Total fully converted and under conversion to organic farming,BE,Belgium,2010,,3.6,,,,,
dataflow,ESTAT:SDG_02_40(1.0),Area under organic farming,A,Annual,PC_UAA,Percentage of total utilised agricultural area,UAAXK0000,Utilised agricultural area excluding kitchen gardens,TOTAL,Total fully converted and under conversion to organic farming,BE,Belgium,2011,,4.1,,,,,
dataflow,ESTAT:SDG_02_40(1.0),Area under organic farming,A,Annual,PC_UAA,Percentage of total utilised agricultural area,UAAXK0000,Utilised agricultural area excluding kitchen gardens,TOTAL,Total fully converted and under conversion to organic farming,BE,Belgium,2012,,4.48,,,,,
dataflow,ESTAT:SDG_02_40(1.0),Area under organic farming,A,Annual,PC_UAA,Percentage of total utilised agricultural area,UAAXK0000,Utilised agricultural area excluding kitchen gardens,TOTAL,Total fully converted and under conversion to organic farming,BE,Belgium,2013,,4.67,,,,,
dataflow,ESTAT:SDG_02_40(1.0),Area under organic farming,A,Annual,PC_UAA,Percentage of total utilised agricultural area,UAAXK0000,Utilised agricultural area excluding kitchen gardens,TOTAL,Total fully converted and under conversion to organic farming,BE,Belgium,2014,,5.00,,,,,
dataflow,ESTAT:SDG_02_40(1.0),Area under organic farming,A,Annual,PC_UAA,Percentage of total utilised agricultural area,UAAXK0000,Utilised agricultural area excluding kitchen gardens,TOTAL,Total fully converted and under conversion to organic farming,BE,Belgium,2015,,5.17,,,,,
dataflow,ESTAT:SDG_02_40(1.0),Area under organic farming,A,Annual,PC_UAA,Percentage of total utilised agricultural area,UAAXK0000,Utilised agricultural area excluding kitchen gardens,TOTAL,Total fully converted and under conversion to organic farming,BE,Belgium,2016,,5.80,,,,,
dataflow,ESTAT:SDG_02_40(1.0),Area under organic farming,A,Annual,PC_UAA,Percentage of total utilised agricultural area,UAAXK0000,Utilised agricultural area excluding kitchen gardens,TOTAL,Total fully converted and under conversion to organic farming,BE,Belgium,2017,,6.28,,,,,
dataflow,ESTAT:SDG_02_40(1.0),Area under organic farming,A,Annual,PC_UAA,Percentage of total utilised agricultural area,UAAXK0000,Utilised agricultural area excluding kitchen gardens,TOTAL,Total fully converted and under conversion to organic farming,BE,Belgium,2018,,6.56,,,,,
dataflow,ESTAT:SDG_02_40(1.0),Area under organic farming,A,Annual,PC_UAA,Percentage of total utilised agricultural area,UAAXK0000,Utilised agricultural area excluding kitchen gardens,TOTAL,Total fully converted and under conversion to organic farming,BE,Belgium,2019,,6.85,,,,,
dataflow,ESTAT:SDG_02_40(1.0),Area under organic farming,A,Annual,PC_UAA,Percentage of total utilised agricultural area,UAAXK0000,Utilised agricultural area excluding kitchen gardens,TOTAL,Total fully converted and under conversion to organic farming,BE,Belgium,2020,,7.25,,,,,
dataflow,ESTAT:SDG_02_40(1.0),Area under organic farming,A,Annual,PC_UAA,Percentage of total utilised agricultural area,UAAXK0000,Utilised agricultural area excluding kitchen gardens,TOTAL,Total fully converted and under conversion to organic farming,BE,Belgium,2021,,7.48,,,,,
dataflow,ESTAT:SDG_02_40(1.0),Area under organic farming,A,Annual,PC_UAA,Percentage of total utilised agricultural area,UAAXK0000,Utilised agricultural area excluding kitchen gardens,TOTAL,Total fully converted and under conversion to organic farming,BE,Belgium,2022,,7.60,,,,,
dataflow,ESTAT:SDG_02_40(1.0),Area under organic farming,A,Annual,PC_UAA,Percentage of total utilised agricultural area,UAAXK0000,Utilised agricultural area excluding kitchen gardens,TOTAL,Total fully converted and under conversion to organic farming,BE,Belgium,2023,,7.56,,,,,
dataflow,ESTAT:SDG_02_40(1.0),Area under organic farming,A,Annual,PC_UAA,Percentage of total utilised agricultural area,UAAXK0000,Utilised agricultural area excluding kitchen gardens,TOTAL,Total fully converted and under conversion to organic farming,BE,Belgium,2024,,7.43,,,,,
dataflow,ESTAT:SDG_02_40(1.0),Area under organic farming,A,Annual,PC_UAA,Percentage of total utilised agricultural area,UAAXK0000,Utilised agricultural area excluding kitchen gardens,TOTAL,Total fully converted and under conversion to organic farming,BG,Bulgaria,2005,,0.2,,e,estimated,,
dataflow,ESTAT:SDG_02_40(1.0),Area under organic farming,A,Annual,PC_UAA,Percentage of total utilised agricultural area,UAAXK0000,Utilised agricultural area excluding kitchen gardens,TOTAL,Total fully converted and under conversion to organic farming,BG,Bulgaria,2006,,0.1,,,,,
dataflow,ESTAT:SDG_02_40(1.0),Area under organic farming,A,Annual,PC_UAA,Percentage of total utilised agricultural area,UAAXK0000,Utilised agricultural area excluding kitchen gardens,TOTAL,Total fully converted and under conversion to organic farming,BG,Bulgaria,2007,,0.3,,,,,
dataflow,ESTAT:SDG_02_40(1.0),Area under organic farming,A,Annual,PC_UAA,Percentage of total utilised agricultural area,UAAXK0000,Utilised agricultural area excluding kitchen gardens,TOTAL,Total fully converted and under conversion to organic farming,BG,Bulgaria,2008,,0.3,,,,,
dataflow,ESTAT:SDG_02_40(1.0),Area under organic farming,A,Annual,PC_UAA,Percentage of total utilised agricultural area,UAAXK0000,Utilised agricultural area excluding kitchen gardens,TOTAL,Total fully converted and under conversion to organic farming,BG,Bulgaria,2009,,0.2,,,,,
dataflow,ESTAT:SDG_02_40(1.0),Area under organic farming,A,Annual,PC_UAA,Percentage of total utilised agricultural area,UAAXK0000,Utilised agricultural area excluding kitchen gardens,TOTAL,Total fully converted and under conversion to organic farming,BG,Bulgaria,2010,,0.5,,,,,
dataflow,ESTAT:SDG_02_40(1.0),Area under organic farming,A,Annual,PC_UAA,Percentage of total utilised agricultural area,UAAXK0000,Utilised agricultural area excluding kitchen gardens,TOTAL,Total fully converted and under conversion to organic farming,BG,Bulgaria,2011,,0.5,,,,,
dataflow,ESTAT:SDG_02_40(1.0),Area under organic farming,A,Annual,PC_UAA,Percentage of total utilised agricultural area,UAAXK0000,Utilised agricultural area excluding kitchen gardens,TOTAL,Total fully converted and under conversion to organic farming,BG,Bulgaria,2012,,0.76,,,,,
dataflow,ESTAT:SDG_02_40(1.0),Area under organic farming,A,Annual,PC_UAA,Percentage of total utilised agricultural area,UAAXK0000,Utilised agricultural area excluding kitchen gardens,TOTAL,Total fully converted and under conversion to organic farming,BG,Bulgaria,2013,,1.13,,,,,
dataflow,ESTAT:SDG_02_40(1.0),Area under organic farming,A,Annual,PC_UAA,Percentage of total utilised agricultural area,UAAXK0000,Utilised agricultural area excluding kitchen gardens,TOTAL,Total fully converted and under conversion to organic farming,BG,Bulgaria,2014,,0.96,,,,,
dataflow,ESTAT:SDG_02_40(1.0),Area under organic farming,A,Annual,PC_UAA,Percentage of total utilised agricultural area,UAAXK0000,Utilised agricultural area excluding kitchen gardens,TOTAL,Total fully converted and under conversion to organic farming,BG,Bulgaria,2015,,2.37,,,,,
dataflow,ESTAT:SDG_02_40(1.0),Area under organic farming,A,Annual,PC_UAA,Percentage of total utilised agricultural area,UAAXK0000,Utilised agricultural area excluding kitchen gardens,TOTAL,Total fully converted and under conversion to organic farming,BG,Bulgaria,2016,,3.20,,,,,
dataflow,ESTAT:SDG_02_40(1.0),Area under organic farming,A,Annual,PC_UAA,Percentage of total utilised agricultural area,UAAXK0000,Utilised agricultural area excluding kitchen gardens,TOTAL,Total fully converted and under conversion to organic farming,BG,Bulgaria,2017,,2.72,,,,,
dataflow,ESTAT:SDG_02_40(1.0),Area under organic farming,A,Annual,PC_UAA,Percentage of total utilised agricultural area,UAAXK0000,Utilised agricultural area excluding kitchen gardens,TOTAL,Total fully converted and under conversion to organic farming,BG,Bulgaria,2018,,2.56,,,,,
dataflow,ESTAT:SDG_02_40(1.0),Area under organic farming,A,Annual,PC_UAA,Percentage of total utilised agricultural area,UAAXK0000,Utilised agricultural area excluding kitchen gardens,TOTAL,Total fully converted and under conversion to organic farming,BG,Bulgaria,2019,,2.34,,,,,
dataflow,ESTAT:SDG_02_40(1.0),Area under organic farming,A,Annual,PC_UAA,Percentage of total utilised agricultural area,UAAXK0000,Utilised agricultural area excluding kitchen gardens,TOTAL,Total fully converted and under conversion to organic farming,BG,Bulgaria,2020,,2.30,,,,,
dataflow,ESTAT:SDG_02_40(1.0),Area under organic farming,A,Annual,PC_UAA,Percentage of total utilised agricultural area,UAAXK0000,Utilised agricultural area excluding kitchen gardens,TOTAL,Total fully converted and under conversion to organic farming,BG,Bulgaria,2021,,1.71,,,,,
dataflow,ESTAT:SDG_02_40(1.0),Area under organic farming,A,Annual,PC_UAA,Percentage of total utilised agricultural area,UAAXK0000,Utilised agricultural area excluding kitchen gardens,TOTAL,Total fully converted and under conversion to organic farming,BG,Bulgaria,2022,,2.20,,,,,
dataflow,ESTAT:SDG_02_40(1.0),Area under organic farming,A,Annual,PC_UAA,Percentage of total utilised agricultural area,UAAXK0000,Utilised agricultural area excluding kitchen gardens,TOTAL,Total fully converted and under conversion to organic farming,BG,Bulgaria,2023,,2.95,,,,,
dataflow,ESTAT:SDG_02_40(1.0),Area under organic farming,A,Annual,PC_UAA,Percentage of total utilised agricultural area,UAAXK0000,Utilised agricultural area excluding kitchen gardens,TOTAL,Total fully converted and under conversion to organic farming,BG,Bulgaria,2024,,3.95,,,,,
dataflow,ESTAT:SDG_02_40(1.0),Area under organic farming,A,Annual,PC_UAA,Percentage of total utilised agricultural area,UAAXK0000,Utilised agricultural area excluding kitchen gardens,TOTAL,Total fully converted and under conversion to organic farming,CH,Switzerland,2005,,11,,,,,
dataflow,ESTAT:SDG_02_40(1.0),Area under organic farming,A,Annual,PC_UAA,Percentage of total utilised agricultural area,UAAXK0000,Utilised agricultural area excluding kitchen gardens,TOTAL,Total fully converted and under conversion to organic farming,CH,Switzerland,2012,,11.57,,,,,
dataflow,ESTAT:SDG_02_40(1.0),Area under organic farming,A,Annual,PC_UAA,Percentage of total utilised agricultural area,UAAXK0000,Utilised agricultural area excluding kitchen gardens,TOTAL,Total fully converted and under conversion to organic farming,CH,Switzerland,2013,,12.19,,,,,
dataflow,ESTAT:SDG_02_40(1.0),Area under organic farming,A,Annual,PC_UAA,Percentage of total utilised agricultural area,UAAXK0000,Utilised agricultural area excluding kitchen gardens,TOTAL,Total fully converted and under conversion to organic farming,CH,Switzerland,2014,,12.73,,,,,
dataflow,ESTAT:SDG_02_40(1.0),Area under organic farming,A,Annual,PC_UAA,Percentage of total utilised agricultural area,UAAXK0000,Utilised agricultural area excluding kitchen gardens,TOTAL,Total fully converted and under conversion to organic farming,CH,Switzerland,2015,,12.91,,,,,
dataflow,ESTAT:SDG_02_40(1.0),Area under organic farming,A,Annual,PC_UAA,Percentage of total utilised agricultural area,UAAXK0000,Utilised agricultural area excluding kitchen gardens,TOTAL,Total fully converted and under conversion to organic farming,CH,Switzerland,2016,,13.40,,,,,
dataflow,ESTAT:SDG_02_40(1.0),Area under organic farming,A,Annual,PC_UAA,Percentage of total utilised agricultural area,UAAXK0000,Utilised agricultural area excluding kitchen gardens,TOTAL,Total fully converted and under conversion to organic farming,CH,Switzerland,2017,,14.37,,,,,
dataflow,ESTAT:SDG_02_40(1.0),Area under organic farming,A,Annual,PC_UAA,Percentage of total utilised agricultural area,UAAXK0000,Utilised agricultural area excluding kitchen gardens,TOTAL,Total fully converted and under conversion to organic farming,CH,Switzerland,2018,,15.40,,,,,
dataflow,ESTAT:SDG_02_40(1.0),Area under organic farming,A,Annual,PC_UAA,Percentage of total utilised agricultural area,UAAXK0000,Utilised agricultural area excluding kitchen gardens,TOTAL,Total fully converted and under conversion to organic farming,CH,Switzerland,2019,,16.27,,,,,
dataflow,ESTAT:SDG_02_40(1.0),Area under organic farming,A,Annual,PC_UAA,Percentage of total utilised agricultural area,UAAXK0000,Utilised agricultural area excluding kitchen gardens,TOTAL,Total fully converted and under conversion to organic farming,CH,Switzerland,2020,,16.98,,,,,
dataflow,ESTAT:SDG_02_40(1.0),Area under organic farming,A,Annual,PC_UAA,Percentage of total utilised agricultural area,UAAXK0000,Utilised agricultural area excluding kitchen gardens,TOTAL,Total fully converted and under conversion to organic farming,CH,Switzerland,2023,,18.22,,d,definition differs (see metadata),,
dataflow,ESTAT:SDG_02_40(1.0),Area under organic farming,A,Annual,PC_UAA,Percentage of total utilised agricultural area,UAAXK0000,Utilised agricultural area excluding kitchen gardens,TOTAL,Total fully converted and under conversion to organic farming,CH,Switzerland,2024,,18.33,,d,definition differs (see metadata),,
dataflow,ESTAT:SDG_02_40(1.0),Area under organic farming,A,Annual,PC_UAA,Percentage of total utilised agricultural area,UAAXK0000,Utilised agricultural area excluding kitchen gardens,TOTAL,Total fully converted and under conversion to organic farming,CY,Cyprus,2004,,0.6,,,,,
dataflow,ESTAT:SDG_02_40(1.0),Area under organic farming,A,Annual,PC_UAA,Percentage of total utilised agricultural area,UAAXK0000,Utilised agricultural area excluding kitchen gardens,TOTAL,Total fully converted and under conversion to organic farming,CY,Cyprus,2005,,1,,,,,
dataflow,ESTAT:SDG_02_40(1.0),Area under organic farming,A,Annual,PC_UAA,Percentage of total utilised agricultural area,UAAXK0000,Utilised agricultural area excluding kitchen gardens,TOTAL,Total fully converted and under conversion to organic farming,CY,Cyprus,2006,,1.2,,,,,
dataflow,ESTAT:SDG_02_40(1.0),Area under organic farming,A,Annual,PC_UAA,Percentage of total utilised agricultural area,UAAXK0000,Utilised agricultural area excluding kitchen gardens,TOTAL,Total fully converted and under conversion to organic farming,CY,Cyprus,2007,,1.5,,,,,
dataflow,ESTAT:SDG_02_40(1.0),Area under organic farming,A,Annual,PC_UAA,Percentage of total utilised agricultural area,UAAXK0000,Utilised agricultural area excluding kitchen gardens,TOTAL,Total fully converted and under conversion to organic farming,CY,Cyprus,2008,,1.6,,e,estimated,,
dataflow,ESTAT:SDG_02_40(1.0),Area under organic farming,A,Annual,PC_UAA,Percentage of total utilised agricultural area,UAAXK0000,Utilised agricultural area excluding kitchen gardens,TOTAL,Total fully converted and under conversion to organic farming,CY,Cyprus,2009,,2.6,,,,,
dataflow,ESTAT:SDG_02_40(1.0),Area under organic farming,A,Annual,PC_UAA,Percentage of total utilised agricultural area,UAAXK0000,Utilised agricultural area excluding kitchen gardens,TOTAL,Total fully converted and under conversion to organic farming,CY,Cyprus,2010,,2.8,,e,estimated,,
dataflow,ESTAT:SDG_02_40(1.0),Area under organic farming,A,Annual,PC_UAA,Percentage of total utilised agricultural area,UAAXK0000,Utilised agricultural area excluding kitchen gardens,TOTAL,Total fully converted and under conversion to organic farming,CY,Cyprus,2011,,2.9,,e,estimated,,
dataflow,ESTAT:SDG_02_40(1.0),Area under organic farming,A,Annual,PC_UAA,Percentage of total utilised agricultural area,UAAXK0000,Utilised agricultural area excluding kitchen gardens,TOTAL,Total fully converted and under conversion to organic farming,CY,Cyprus,2012,,3.38,,,,,
dataflow,ESTAT:SDG_02_40(1.0),Area under organic farming,A,Annual,PC_UAA,Percentage of total utilised agricultural area,UAAXK0000,Utilised agricultural area excluding kitchen gardens,TOTAL,Total fully converted and under conversion to organic farming,CY,Cyprus,2013,,4.03,,,,,
dataflow,ESTAT:SDG_02_40(1.0),Area under organic farming,A,Annual,PC_UAA,Percentage of total utilised agricultural area,UAAXK0000,Utilised agricultural area excluding kitchen gardens,TOTAL,Total fully converted and under conversion to organic farming,CY,Cyprus,2014,,3.63,,,,,
dataflow,ESTAT:SDG_02_40(1.0),Area under organic farming,A,Annual,PC_UAA,Percentage of total utilised agricultural area,UAAXK0000,Utilised agricultural area excluding kitchen gardens,TOTAL,Total fully converted and under conversion to organic farming,CY,Cyprus,2015,,3.72,,,,,
dataflow,ESTAT:SDG_02_40(1.0),Area under organic farming,A,Annual,PC_UAA,Percentage of total utilised agricultural area,UAAXK0000,Utilised agricultural area excluding kitchen gardens,TOTAL,Total fully converted and under conversion to organic farming,CY,Cyprus,2016,,4.94,,,,,
dataflow,ESTAT:SDG_02_40(1.0),Area under organic farming,A,Annual,PC_UAA,Percentage of total utilised agricultural area,UAAXK0000,Utilised agricultural area excluding kitchen gardens,TOTAL,Total fully converted and under conversion to organic farming,CY,Cyprus,2017,,4.61,,,,,
dataflow,ESTAT:SDG_02_40(1.0),Area under organic farming,A,Annual,PC_UAA,Percentage of total utilised agricultural area,UAAXK0000,Utilised agricultural area excluding kitchen gardens,TOTAL,Total fully converted and under conversion to organic farming,CY,Cyprus,2018,,4.55,,,,,
dataflow,ESTAT:SDG_02_40(1.0),Area under organic farming,A,Annual,PC_UAA,Percentage of total utilised agricultural area,UAAXK0000,Utilised agricultural area excluding kitchen gardens,TOTAL,Total fully converted and under conversion to organic farming,CY,Cyprus,2019,,4.98,,,,,
dataflow,ESTAT:SDG_02_40(1.0),Area under organic farming,A,Annual,PC_UAA,Percentage of total utilised agricultural area,UAAXK0000,Utilised agricultural area excluding kitchen gardens,TOTAL,Total fully converted and under conversion to organic farming,CY,Cyprus,2020,,4.63,,,,,
dataflow,ESTAT:SDG_02_40(1.0),Area under organic farming,A,Annual,PC_UAA,Percentage of total utilised agricultural area,UAAXK0000,Utilised agricultural area excluding kitchen gardens,TOTAL,Total fully converted and under conversion to organic farming,CY,Cyprus,2021,,6.43,,,,,
dataflow,ESTAT:SDG_02_40(1.0),Area under organic farming,A,Annual,PC_UAA,Percentage of total utilised agricultural area,UAAXK0000,Utilised agricultural area excluding kitchen gardens,TOTAL,Total fully converted and under conversion to organic farming,CY,Cyprus,2022,,6.31,,,,,
dataflow,ESTAT:SDG_02_40(1.0),Area under organic farming,A,Annual,PC_UAA,Percentage of total utilised agricultural area,UAAXK0000,Utilised agricultural area excluding kitchen gardens,TOTAL,Total fully converted and under conversion to organic farming,CY,Cyprus,2023,,8.37,,,,,
dataflow,ESTAT:SDG_02_40(1.0),Area under organic farming,A,Annual,PC_UAA,Percentage of total utilised agricultural area,UAAXK0000,Utilised agricultural area excluding kitchen gardens,TOTAL,Total fully converted and under conversion to organic farming,CY,Cyprus,2024,,8.76,,p,provisional,,
dataflow,ESTAT:SDG_02_40(1.0),Area under organic farming,A,Annual,PC_UAA,Percentage of total utilised agricultural area,UAAXK0000,Utilised agricultural area excluding kitchen gardens,TOTAL,Total fully converted and under conversion to organic farming,CZ,Czechia,2003,,7,,,,,
dataflow,ESTAT:SDG_02_40(1.0),Area under organic farming,A,Annual,PC_UAA,Percentage of total utilised agricultural area,UAAXK0000,Utilised agricultural area excluding kitchen gardens,TOTAL,Total fully converted and under conversion to organic farming,CZ,Czechia,2004,,7.2,,,,,
dataflow,ESTAT:SDG_02_40(1.0),Area under organic farming,A,Annual,PC_UAA,Percentage of total utilised agricultural area,UAAXK0000,Utilised agricultural area excluding kitchen gardens,TOTAL,Total fully converted and under conversion to organic farming,CZ,Czechia,2005,,7.1,,,,,
dataflow,ESTAT:SDG_02_40(1.0),Area under organic farming,A,Annual,PC_UAA,Percentage of total utilised agricultural area,UAAXK0000,Utilised agricultural area excluding kitchen gardens,TOTAL,Total fully converted and under conversion to organic farming,CZ,Czechia,2006,,7.2,,,,,
dataflow,ESTAT:SDG_02_40(1.0),Area under organic farming,A,Annual,PC_UAA,Percentage of total utilised agricultural area,UAAXK0000,Utilised agricultural area excluding kitchen gardens,TOTAL,Total fully converted and under conversion to organic farming,CZ,Czechia,2007,,8.2,,,,,
dataflow,ESTAT:SDG_02_40(1.0),Area under organic farming,A,Annual,PC_UAA,Percentage of total utilised agricultural area,UAAXK0000,Utilised agricultural area excluding kitchen gardens,TOTAL,Total fully converted and under conversion to organic farming,CZ,Czechia,2008,,9,,,,,
dataflow,ESTAT:SDG_02_40(1.0),Area under organic farming,A,Annual,PC_UAA,Percentage of total utilised agricultural area,UAAXK0000,Utilised agricultural area excluding kitchen gardens,TOTAL,Total fully converted and under conversion to organic farming,CZ,Czechia,2009,,10.6,,,,,
dataflow,ESTAT:SDG_02_40(1.0),Area under organic farming,A,Annual,PC_UAA,Percentage of total utilised agricultural area,UAAXK0000,Utilised agricultural area excluding kitchen gardens,TOTAL,Total fully converted and under conversion to organic farming,CZ,Czechia,2010,,12.4,,,,,
dataflow,ESTAT:SDG_02_40(1.0),Area under organic farming,A,Annual,PC_UAA,Percentage of total utilised agricultural area,UAAXK0000,Utilised agricultural area excluding kitchen gardens,TOTAL,Total fully converted and under conversion to organic farming,CZ,Czechia,2011,,13.1,,,,,
dataflow,ESTAT:SDG_02_40(1.0),Area under organic farming,A,Annual,PC_UAA,Percentage of total utilised agricultural area,UAAXK0000,Utilised agricultural area excluding kitchen gardens,TOTAL,Total fully converted and under conversion to organic farming,CZ,Czechia,2012,,13.29,,,,,
dataflow,ESTAT:SDG_02_40(1.0),Area under organic farming,A,Annual,PC_UAA,Percentage of total utilised agricultural area,UAAXK0000,Utilised agricultural area excluding kitchen gardens,TOTAL,Total fully converted and under conversion to organic farming,CZ,Czechia,2013,,13.47,,,,,
dataflow,ESTAT:SDG_02_40(1.0),Area under organic farming,A,Annual,PC_UAA,Percentage of total utilised agricultural area,UAAXK0000,Utilised agricultural area excluding kitchen gardens,TOTAL,Total fully converted and under conversion to organic farming,CZ,Czechia,2014,,13.44,,,,,
dataflow,ESTAT:SDG_02_40(1.0),Area under organic farming,A,Annual,PC_UAA,Percentage of total utilised agricultural area,UAAXK0000,Utilised agricultural area excluding kitchen gardens,TOTAL,Total fully converted and under conversion to organic farming,CZ,Czechia,2015,,13.68,,,,,
dataflow,ESTAT:SDG_02_40(1.0),Area under organic farming,A,Annual,PC_UAA,Percentage of total utilised agricultural area,UAAXK0000,Utilised agricultural area excluding kitchen gardens,TOTAL,Total fully converted and under conversion to organic farming,CZ,Czechia,2016,,14.00,,,,,
dataflow,ESTAT:SDG_02_40(1.0),Area under organic farming,A,Annual,PC_UAA,Percentage of total utilised agricultural area,UAAXK0000,Utilised agricultural area excluding kitchen gardens,TOTAL,Total fully converted and under conversion to organic farming,CZ,Czechia,2017,,14.09,,,,,
dataflow,ESTAT:SDG_02_40(1.0),Area under organic farming,A,Annual,PC_UAA,Percentage of total utilised agricultural area,UAAXK0000,Utilised agricultural area excluding kitchen gardens,TOTAL,Total fully converted and under conversion to organic farming,CZ,Czechia,2018,,14.76,,,,,
dataflow,ESTAT:SDG_02_40(1.0),Area under organic farming,A,Annual,PC_UAA,Percentage of total utilised agricultural area,UAAXK0000,Utilised agricultural area excluding kitchen gardens,TOTAL,Total fully converted and under conversion to organic farming,CZ,Czechia,2019,,15.19,,,,,
dataflow,ESTAT:SDG_02_40(1.0),Area under organic farming,A,Annual,PC_UAA,Percentage of total utilised agricultural area,UAAXK0000,Utilised agricultural area excluding kitchen gardens,TOTAL,Total fully converted and under conversion to organic farming,CZ,Czechia,2020,,15.33,,,,,
dataflow,ESTAT:SDG_02_40(1.0),Area under organic farming,A,Annual,PC_UAA,Percentage of total utilised agricultural area,UAAXK0000,Utilised agricultural area excluding kitchen gardens,TOTAL,Total fully converted and under conversion to organic farming,CZ,Czechia,2021,,15.55,,,,,
dataflow,ESTAT:SDG_02_40(1.0),Area under organic farming,A,Annual,PC_UAA,Percentage of total utilised agricultural area,UAAXK0000,Utilised agricultural area excluding kitchen gardens,TOTAL,Total fully converted and under conversion to organic farming,CZ,Czechia,2022,,15.97,,,,,
dataflow,ESTAT:SDG_02_40(1.0),Area under organic farming,A,Annual,PC_UAA,Percentage of total utilised agricultural area,UAAXK0000,Utilised agricultural area excluding kitchen gardens,TOTAL,Total fully converted and under conversion to organic farming,CZ,Czechia,2023,,16.20,,e,estimated,,
dataflow,ESTAT:SDG_02_40(1.0),Area under organic farming,A,Annual,PC_UAA,Percentage of total utilised agricultural area,UAAXK0000,Utilised agricultural area excluding kitchen gardens,TOTAL,Total fully converted and under conversion to organic farming,CZ,Czechia,2024,,15.96,,e,estimated,,
dataflow,ESTAT:SDG_02_40(1.0),Area under organic farming,A,Annual,PC_UAA,Percentage of total utilised agricultural area,UAAXK0000,Utilised agricultural area excluding kitchen gardens,TOTAL,Total fully converted and under conversion to organic farming,DE,Germany,2000,,3.2,,,,,
dataflow,ESTAT:SDG_02_40(1.0),Area under organic farming,A,Annual,PC_UAA,Percentage of total utilised agricultural area,UAAXK0000,Utilised agricultural area excluding kitchen gardens,TOTAL,Total fully converted and under conversion to organic farming,DE,Germany,2001,,3.7,,,,,
dataflow,ESTAT:SDG_02_40(1.0),Area under organic farming,A,Annual,PC_UAA,Percentage of total utilised agricultural area,UAAXK0000,Utilised agricultural area excluding kitchen gardens,TOTAL,Total fully converted and under conversion to organic farming,DE,Germany,2002,,4.1,,,,,
dataflow,ESTAT:SDG_02_40(1.0),Area under organic farming,A,Annual,PC_UAA,Percentage of total utilised agricultural area,UAAXK0000,Utilised agricultural area excluding kitchen gardens,TOTAL,Total fully converted and under conversion to organic farming,DE,Germany,2003,,4.3,,,,,
dataflow,ESTAT:SDG_02_40(1.0),Area under organic farming,A,Annual,PC_UAA,Percentage of total utilised agricultural area,UAAXK0000,Utilised agricultural area excluding kitchen gardens,TOTAL,Total fully converted and under conversion to organic farming,DE,Germany,2004,,4.5,,,,,
dataflow,ESTAT:SDG_02_40(1.0),Area under organic farming,A,Annual,PC_UAA,Percentage of total utilised agricultural area,UAAXK0000,Utilised agricultural area excluding kitchen gardens,TOTAL,Total fully converted and under conversion to organic farming,DE,Germany,2005,,4.7,,,,,
dataflow,ESTAT:SDG_02_40(1.0),Area under organic farming,A,Annual,PC_UAA,Percentage of total utilised agricultural area,UAAXK0000,Utilised agricultural area excluding kitchen gardens,TOTAL,Total fully converted and under conversion to organic farming,DE,Germany,2006,,4.9,,,,,
dataflow,ESTAT:SDG_02_40(1.0),Area under organic farming,A,Annual,PC_UAA,Percentage of total utilised agricultural area,UAAXK0000,Utilised agricultural area excluding kitchen gardens,TOTAL,Total fully converted and under conversion to organic farming,DE,Germany,2007,,5.1,,,,,
dataflow,ESTAT:SDG_02_40(1.0),Area under organic farming,A,Annual,PC_UAA,Percentage of total utilised agricultural area,UAAXK0000,Utilised agricultural area excluding kitchen gardens,TOTAL,Total fully converted and under conversion to organic farming,DE,Germany,2008,,5.4,,,,,
dataflow,ESTAT:SDG_02_40(1.0),Area under organic farming,A,Annual,PC_UAA,Percentage of total utilised agricultural area,UAAXK0000,Utilised agricultural area excluding kitchen gardens,TOTAL,Total fully converted and under conversion to organic farming,DE,Germany,2009,,5.6,,,,,
dataflow,ESTAT:SDG_02_40(1.0),Area under organic farming,A,Annual,PC_UAA,Percentage of total utilised agricultural area,UAAXK0000,Utilised agricultural area excluding kitchen gardens,TOTAL,Total fully converted and under conversion to organic farming,DE,Germany,2010,,5.9,,,,,
dataflow,ESTAT:SDG_02_40(1.0),Area under organic farming,A,Annual,PC_UAA,Percentage of total utilised agricultural area,UAAXK0000,Utilised agricultural area excluding kitchen gardens,TOTAL,Total fully converted and under conversion to organic farming,DE,Germany,2011,,6.1,,,,,
dataflow,ESTAT:SDG_02_40(1.0),Area under organic farming,A,Annual,PC_UAA,Percentage of total utilised agricultural area,UAAXK0000,Utilised agricultural area excluding kitchen gardens,TOTAL,Total fully converted and under conversion to organic farming,DE,Germany,2012,,5.76,,,,,
dataflow,ESTAT:SDG_02_40(1.0),Area under organic farming,A,Annual,PC_UAA,Percentage of total utilised agricultural area,UAAXK0000,Utilised agricultural area excluding kitchen gardens,TOTAL,Total fully converted and under conversion to organic farming,DE,Germany,2013,,6.04,,,,,
dataflow,ESTAT:SDG_02_40(1.0),Area under organic farming,A,Annual,PC_UAA,Percentage of total utilised agricultural area,UAAXK0000,Utilised agricultural area excluding kitchen gardens,TOTAL,Total fully converted and under conversion to organic farming,DE,Germany,2014,,6.18,,,,,
dataflow,ESTAT:SDG_02_40(1.0),Area under organic farming,A,Annual,PC_UAA,Percentage of total utilised agricultural area,UAAXK0000,Utilised agricultural area excluding kitchen gardens,TOTAL,Total fully converted and under conversion to organic farming,DE,Germany,2015,,6.34,,,,,
dataflow,ESTAT:SDG_02_40(1.0),Area under organic farming,A,Annual,PC_UAA,Percentage of total utilised agricultural area,UAAXK0000,Utilised agricultural area excluding kitchen gardens,TOTAL,Total fully converted and under conversion to organic farming,DE,Germany,2016,,6.82,,,,,
dataflow,ESTAT:SDG_02_40(1.0),Area under organic farming,A,Annual,PC_UAA,Percentage of total utilised agricultural area,UAAXK0000,Utilised agricultural area excluding kitchen gardens,TOTAL,Total fully converted and under conversion to organic farming,DE,Germany,2017,,6.82,,,,,
dataflow,ESTAT:SDG_02_40(1.0),Area under organic farming,A,Annual,PC_UAA,Percentage of total utilised agricultural area,UAAXK0000,Utilised agricultural area excluding kitchen gardens,TOTAL,Total fully converted and under conversion to organic farming,DE,Germany,2018,,7.34,,e,estimated,,
dataflow,ESTAT:SDG_02_40(1.0),Area under organic farming,A,Annual,PC_UAA,Percentage of total utilised agricultural area,UAAXK0000,Utilised agricultural area excluding kitchen gardens,TOTAL,Total fully converted and under conversion to organic farming,DE,Germany,2019,,7.75,,e,estimated,,
dataflow,ESTAT:SDG_02_40(1.0),Area under organic farming,A,Annual,PC_UAA,Percentage of total utilised agricultural area,UAAXK0000,Utilised agricultural area excluding kitchen gardens,TOTAL,Total fully converted and under conversion to organic farming,DE,Germany,2020,,9.59,,e,estimated,,
dataflow,ESTAT:SDG_02_40(1.0),Area under organic farming,A,Annual,PC_UAA,Percentage of total utilised agricultural area,UAAXK0000,Utilised agricultural area excluding kitchen gardens,TOTAL,Total fully converted and under conversion to organic farming,DE,Germany,2021,,9.65,,,,,
dataflow,ESTAT:SDG_02_40(1.0),Area under organic farming,A,Annual,PC_UAA,Percentage of total utilised agricultural area,UAAXK0000,Utilised agricultural area excluding kitchen gardens,TOTAL,Total fully converted and under conversion to organic farming,DE,Germany,2022,,9.83,,,,,
dataflow,ESTAT:SDG_02_40(1.0),Area under organic farming,A,Annual,PC_UAA,Percentage of total utilised agricultural area,UAAXK0000,Utilised agricultural area excluding kitchen gardens,TOTAL,Total fully converted and under conversion to organic farming,DE,Germany,2023,,11.16,,,,,
dataflow,ESTAT:SDG_02_40(1.0),Area under organic farming,A,Annual,PC_UAA,Percentage of total utilised agricultural area,UAAXK0000,Utilised agricultural area excluding kitchen gardens,TOTAL,Total fully converted and under conversion to organic farming,DE,Germany,2024,,11.11,,,,,
dataflow,ESTAT:SDG_02_40(1.0),Area under organic farming,A,Annual,PC_UAA,Percentage of total utilised agricultural area,UAAXK0000,Utilised agricultural area excluding kitchen gardens,TOTAL,Total fully converted and under conversion to organic farming,DK,Denmark,2000,,5.9,,,,,
dataflow,ESTAT:SDG_02_40(1.0),Area under organic farming,A,Annual,PC_UAA,Percentage of total utilised agricultural area,UAAXK0000,Utilised agricultural area excluding kitchen gardens,TOTAL,Total fully converted and under conversion to organic farming,DK,Denmark,2001,,6.3,,,,,
dataflow,ESTAT:SDG_02_40(1.0),Area under organic farming,A,Annual,PC_UAA,Percentage of total utilised agricultural area,UAAXK0000,Utilised agricultural area excluding kitchen gardens,TOTAL,Total fully converted and under conversion to organic farming,DK,Denmark,2002,,6.5,,,,,
dataflow,ESTAT:SDG_02_40(1.0),Area under organic farming,A,Annual,PC_UAA,Percentage of total utilised agricultural area,UAAXK0000,Utilised agricultural area excluding kitchen gardens,TOTAL,Total fully converted and under conversion to organic farming,DK,Denmark,2003,,6.3,,,,,
dataflow,ESTAT:SDG_02_40(1.0),Area under organic farming,A,Annual,PC_UAA,Percentage of total utilised agricultural area,UAAXK0000,Utilised agricultural area excluding kitchen gardens,TOTAL,Total fully converted and under conversion to organic farming,DK,Denmark,2004,,5.8,,,,,
dataflow,ESTAT:SDG_02_40(1.0),Area under organic farming,A,Annual,PC_UAA,Percentage of total utilised agricultural area,UAAXK0000,Utilised agricultural area excluding kitchen gardens,TOTAL,Total fully converted and under conversion to organic farming,DK,Denmark,2005,,4.9,,,,,
dataflow,ESTAT:SDG_02_40(1.0),Area under organic farming,A,Annual,PC_UAA,Percentage of total utilised agricultural area,UAAXK0000,Utilised agricultural area excluding kitchen gardens,TOTAL,Total fully converted and under conversion to organic farming,DK,Denmark,2006,,5.1,,,,,
dataflow,ESTAT:SDG_02_40(1.0),Area under organic farming,A,Annual,PC_UAA,Percentage of total utilised agricultural area,UAAXK0000,Utilised agricultural area excluding kitchen gardens,TOTAL,Total fully converted and under conversion to organic farming,DK,Denmark,2007,,5,,e,estimated,,
dataflow,ESTAT:SDG_02_40(1.0),Area under organic farming,A,Annual,PC_UAA,Percentage of total utilised agricultural area,UAAXK0000,Utilised agricultural area excluding kitchen gardens,TOTAL,Total fully converted and under conversion to organic farming,DK,Denmark,2008,,5.6,,,,,
dataflow,ESTAT:SDG_02_40(1.0),Area under organic farming,A,Annual,PC_UAA,Percentage of total utilised agricultural area,UAAXK0000,Utilised agricultural area excluding kitchen gardens,TOTAL,Total fully converted and under conversion to organic farming,DK,Denmark,2009,,5.9,,,,,
dataflow,ESTAT:SDG_02_40(1.0),Area under organic farming,A,Annual,PC_UAA,Percentage of total utilised agricultural area,UAAXK0000,Utilised agricultural area excluding kitchen gardens,TOTAL,Total fully converted and under conversion to organic farming,DK,Denmark,2010,,6.1,,,,,
dataflow,ESTAT:SDG_02_40(1.0),Area under organic farming,A,Annual,PC_UAA,Percentage of total utilised agricultural area,UAAXK0000,Utilised agricultural area excluding kitchen gardens,TOTAL,Total fully converted and under conversion to organic farming,DK,Denmark,2011,,6.1,,,,,
dataflow,ESTAT:SDG_02_40(1.0),Area under organic farming,A,Annual,PC_UAA,Percentage of total utilised agricultural area,UAAXK0000,Utilised agricultural area excluding kitchen gardens,TOTAL,Total fully converted and under conversion to organic farming,DK,Denmark,2012,,7.31,,,,,
dataflow,ESTAT:SDG_02_40(1.0),Area under organic farming,A,Annual,PC_UAA,Percentage of total utilised agricultural area,UAAXK0000,Utilised agricultural area excluding kitchen gardens,TOTAL,Total fully converted and under conversion to organic farming,DK,Denmark,2013,,6.44,,,,,
dataflow,ESTAT:SDG_02_40(1.0),Area under organic farming,A,Annual,PC_UAA,Percentage of total utilised agricultural area,UAAXK0000,Utilised agricultural area excluding kitchen gardens,TOTAL,Total fully converted and under conversion to organic farming,DK,Denmark,2014,,6.25,,,,,
dataflow,ESTAT:SDG_02_40(1.0),Area under organic farming,A,Annual,PC_UAA,Percentage of total utilised agricultural area,UAAXK0000,Utilised agricultural area excluding kitchen gardens,TOTAL,Total fully converted and under conversion to organic farming,DK,Denmark,2015,,6.33,,,,,
dataflow,ESTAT:SDG_02_40(1.0),Area under organic farming,A,Annual,PC_UAA,Percentage of total utilised agricultural area,UAAXK0000,Utilised agricultural area excluding kitchen gardens,TOTAL,Total fully converted and under conversion to organic farming,DK,Denmark,2016,,7.81,,,,,
dataflow,ESTAT:SDG_02_40(1.0),Area under organic farming,A,Annual,PC_UAA,Percentage of total utilised agricultural area,UAAXK0000,Utilised agricultural area excluding kitchen gardens,TOTAL,Total fully converted and under conversion to organic farming,DK,Denmark,2017,,8.60,,,,,
dataflow,ESTAT:SDG_02_40(1.0),Area under organic farming,A,Annual,PC_UAA,Percentage of total utilised agricultural area,UAAXK0000,Utilised agricultural area excluding kitchen gardens,TOTAL,Total fully converted and under conversion to organic farming,DK,Denmark,2018,,9.75,,,,,
dataflow,ESTAT:SDG_02_40(1.0),Area under organic farming,A,Annual,PC_UAA,Percentage of total utilised agricultural area,UAAXK0000,Utilised agricultural area excluding kitchen gardens,TOTAL,Total fully converted and under conversion to organic farming,DK,Denmark,2019,,11.09,,,,,
dataflow,ESTAT:SDG_02_40(1.0),Area under organic farming,A,Annual,PC_UAA,Percentage of total utilised agricultural area,UAAXK0000,Utilised agricultural area excluding kitchen gardens,TOTAL,Total fully converted and under conversion to organic farming,DK,Denmark,2020,,11.45,,,,,
dataflow,ESTAT:SDG_02_40(1.0),Area under organic farming,A,Annual,PC_UAA,Percentage of total utilised agricultural area,UAAXK0000,Utilised agricultural area excluding kitchen gardens,TOTAL,Total fully converted and under conversion to organic farming,DK,Denmark,2021,,11.58,,,,,
dataflow,ESTAT:SDG_02_40(1.0),Area under organic farming,A,Annual,PC_UAA,Percentage of total utilised agricultural area,UAAXK0000,Utilised agricultural area excluding kitchen gardens,TOTAL,Total fully converted and under conversion to organic farming,DK,Denmark,2022,,11.43,,,,,
dataflow,ESTAT:SDG_02_40(1.0),Area under organic farming,A,Annual,PC_UAA,Percentage of total utilised agricultural area,UAAXK0000,Utilised agricultural area excluding kitchen gardens,TOTAL,Total fully converted and under conversion to organic farming,DK,Denmark,2023,,11.38,,,,,
dataflow,ESTAT:SDG_02_40(1.0),Area under organic farming,A,Annual,PC_UAA,Percentage of total utilised agricultural area,UAAXK0000,Utilised agricultural area excluding kitchen gardens,TOTAL,Total fully converted and under conversion to organic farming,DK,Denmark,2024,,11.10,,,,,
dataflow,ESTAT:SDG_02_40(1.0),Area under organic farming,A,Annual,PC_UAA,Percentage of total utilised agricultural area,UAAXK0000,Utilised agricultural area excluding kitchen gardens,TOTAL,Total fully converted and under conversion to organic farming,EE,Estonia,2004,,7.2,,e,estimated,,
dataflow,ESTAT:SDG_02_40(1.0),Area under organic farming,A,Annual,PC_UAA,Percentage of total utilised agricultural area,UAAXK0000,Utilised agricultural area excluding kitchen gardens,TOTAL,Total fully converted and under conversion to organic farming,EE,Estonia,2005,,7.2,,,,,
dataflow,ESTAT:SDG_02_40(1.0),Area under organic farming,A,Annual,PC_UAA,Percentage of total utilised agricultural area,UAAXK0000,Utilised agricultural area excluding kitchen gardens,TOTAL,Total fully converted and under conversion to organic farming,EE,Estonia,2006,,9.6,,,,,
dataflow,ESTAT:SDG_02_40(1.0),Area under organic farming,A,Annual,PC_UAA,Percentage of total utilised agricultural area,UAAXK0000,Utilised agricultural area excluding kitchen gardens,TOTAL,Total fully converted and under conversion to organic farming,EE,Estonia,2007,,8.7,,,,,
dataflow,ESTAT:SDG_02_40(1.0),Area under organic farming,A,Annual,PC_UAA,Percentage of total utilised agricultural area,UAAXK0000,Utilised agricultural area excluding kitchen gardens,TOTAL,Total fully converted and under conversion to organic farming,EE,Estonia,2008,,9.6,,,,,
dataflow,ESTAT:SDG_02_40(1.0),Area under organic farming,A,Annual,PC_UAA,Percentage of total utilised agricultural area,UAAXK0000,Utilised agricultural area excluding kitchen gardens,TOTAL,Total fully converted and under conversion to organic farming,EE,Estonia,2009,,11,,,,,
dataflow,ESTAT:SDG_02_40(1.0),Area under organic farming,A,Annual,PC_UAA,Percentage of total utilised agricultural area,UAAXK0000,Utilised agricultural area excluding kitchen gardens,TOTAL,Total fully converted and under conversion to organic farming,EE,Estonia,2010,,12.8,,,,,
dataflow,ESTAT:SDG_02_40(1.0),Area under organic farming,A,Annual,PC_UAA,Percentage of total utilised agricultural area,UAAXK0000,Utilised agricultural area excluding kitchen gardens,TOTAL,Total fully converted and under conversion to organic farming,EE,Estonia,2011,,14.1,,,,,
dataflow,ESTAT:SDG_02_40(1.0),Area under organic farming,A,Annual,PC_UAA,Percentage of total utilised agricultural area,UAAXK0000,Utilised agricultural area excluding kitchen gardens,TOTAL,Total fully converted and under conversion to organic farming,EE,Estonia,2012,,14.86,,,,,
dataflow,ESTAT:SDG_02_40(1.0),Area under organic farming,A,Annual,PC_UAA,Percentage of total utilised agricultural area,UAAXK0000,Utilised agricultural area excluding kitchen gardens,TOTAL,Total fully converted and under conversion to organic farming,EE,Estonia,2013,,15.65,,,,,
dataflow,ESTAT:SDG_02_40(1.0),Area under organic farming,A,Annual,PC_UAA,Percentage of total utilised agricultural area,UAAXK0000,Utilised agricultural area excluding kitchen gardens,TOTAL,Total fully converted and under conversion to organic farming,EE,Estonia,2014,,15.96,,,,,
dataflow,ESTAT:SDG_02_40(1.0),Area under organic farming,A,Annual,PC_UAA,Percentage of total utilised agricultural area,UAAXK0000,Utilised agricultural area excluding kitchen gardens,TOTAL,Total fully converted and under conversion to organic farming,EE,Estonia,2015,,15.68,,,,,
dataflow,ESTAT:SDG_02_40(1.0),Area under organic farming,A,Annual,PC_UAA,Percentage of total utilised agricultural area,UAAXK0000,Utilised agricultural area excluding kitchen gardens,TOTAL,Total fully converted and under conversion to organic farming,EE,Estonia,2016,,18.02,,,,,
dataflow,ESTAT:SDG_02_40(1.0),Area under organic farming,A,Annual,PC_UAA,Percentage of total utilised agricultural area,UAAXK0000,Utilised agricultural area excluding kitchen gardens,TOTAL,Total fully converted and under conversion to organic farming,EE,Estonia,2017,,20.01,,,,,
dataflow,ESTAT:SDG_02_40(1.0),Area under organic farming,A,Annual,PC_UAA,Percentage of total utilised agricultural area,UAAXK0000,Utilised agricultural area excluding kitchen gardens,TOTAL,Total fully converted and under conversion to organic farming,EE,Estonia,2018,,20.98,,,,,
dataflow,ESTAT:SDG_02_40(1.0),Area under organic farming,A,Annual,PC_UAA,Percentage of total utilised agricultural area,UAAXK0000,Utilised agricultural area excluding kitchen gardens,TOTAL,Total fully converted and under conversion to organic farming,EE,Estonia,2019,,22.33,,,,,
dataflow,ESTAT:SDG_02_40(1.0),Area under organic farming,A,Annual,PC_UAA,Percentage of total utilised agricultural area,UAAXK0000,Utilised agricultural area excluding kitchen gardens,TOTAL,Total fully converted and under conversion to organic farming,EE,Estonia,2020,,22.41,,,,,
dataflow,ESTAT:SDG_02_40(1.0),Area under organic farming,A,Annual,PC_UAA,Percentage of total utilised agricultural area,UAAXK0000,Utilised agricultural area excluding kitchen gardens,TOTAL,Total fully converted and under conversion to organic farming,EE,Estonia,2021,,22.97,,,,,
dataflow,ESTAT:SDG_02_40(1.0),Area under organic farming,A,Annual,PC_UAA,Percentage of total utilised agricultural area,UAAXK0000,Utilised agricultural area excluding kitchen gardens,TOTAL,Total fully converted and under conversion to organic farming,EE,Estonia,2022,,23.42,,,,,
dataflow,ESTAT:SDG_02_40(1.0),Area under organic farming,A,Annual,PC_UAA,Percentage of total utilised agricultural area,UAAXK0000,Utilised agricultural area excluding kitchen gardens,TOTAL,Total fully converted and under conversion to organic farming,EE,Estonia,2023,,22.80,,,,,
dataflow,ESTAT:SDG_02_40(1.0),Area under organic farming,A,Annual,PC_UAA,Percentage of total utilised agricultural area,UAAXK0000,Utilised agricultural area excluding kitchen gardens,TOTAL,Total fully converted and under conversion to organic farming,EE,Estonia,2024,,22.58,,,,,
dataflow,ESTAT:SDG_02_40(1.0),Area under organic farming,A,Annual,PC_UAA,Percentage of total utilised agricultural area,UAAXK0000,Utilised agricultural area excluding kitchen gardens,TOTAL,Total fully converted and under conversion to organic farming,EL,Greece,2000,,0.7,,e,estimated,,
dataflow,ESTAT:SDG_02_40(1.0),Area under organic farming,A,Annual,PC_UAA,Percentage of total utilised agricultural area,UAAXK0000,Utilised agricultural area excluding kitchen gardens,TOTAL,Total fully converted and under conversion to organic farming,EL,Greece,2001,,0.7,,e,estimated,,
dataflow,ESTAT:SDG_02_40(1.0),Area under organic farming,A,Annual,PC_UAA,Percentage of total utilised agricultural area,UAAXK0000,Utilised agricultural area excluding kitchen gardens,TOTAL,Total fully converted and under conversion to organic farming,EL,Greece,2002,,2,,,,,
dataflow,ESTAT:SDG_02_40(1.0),Area under organic farming,A,Annual,PC_UAA,Percentage of total utilised agricultural area,UAAXK0000,Utilised agricultural area excluding kitchen gardens,TOTAL,Total fully converted and under conversion to organic farming,EL,Greece,2003,,6.4,,,,,
dataflow,ESTAT:SDG_02_40(1.0),Area under organic farming,A,Annual,PC_UAA,Percentage of total utilised agricultural area,UAAXK0000,Utilised agricultural area excluding kitchen gardens,TOTAL,Total fully converted and under conversion to organic farming,EL,Greece,2004,,6.5,,,,,
dataflow,ESTAT:SDG_02_40(1.0),Area under organic farming,A,Annual,PC_UAA,Percentage of total utilised agricultural area,UAAXK0000,Utilised agricultural area excluding kitchen gardens,TOTAL,Total fully converted and under conversion to organic farming,EL,Greece,2005,,7.6,,,,,
dataflow,ESTAT:SDG_02_40(1.0),Area under organic farming,A,Annual,PC_UAA,Percentage of total utilised agricultural area,UAAXK0000,Utilised agricultural area excluding kitchen gardens,TOTAL,Total fully converted and under conversion to organic farming,EL,Greece,2006,,7.6,,,,,
dataflow,ESTAT:SDG_02_40(1.0),Area under organic farming,A,Annual,PC_UAA,Percentage of total utilised agricultural area,UAAXK0000,Utilised agricultural area excluding kitchen gardens,TOTAL,Total fully converted and under conversion to organic farming,EL,Greece,2007,,7,,,,,
dataflow,ESTAT:SDG_02_40(1.0),Area under organic farming,A,Annual,PC_UAA,Percentage of total utilised agricultural area,UAAXK0000,Utilised agricultural area excluding kitchen gardens,TOTAL,Total fully converted and under conversion to organic farming,EL,Greece,2008,,7.8,,,,,
dataflow,ESTAT:SDG_02_40(1.0),Area under organic farming,A,Annual,PC_UAA,Percentage of total utilised agricultural area,UAAXK0000,Utilised agricultural area excluding kitchen gardens,TOTAL,Total fully converted and under conversion to organic farming,EL,Greece,2009,,8.5,,,,,
dataflow,ESTAT:SDG_02_40(1.0),Area under organic farming,A,Annual,PC_UAA,Percentage of total utilised agricultural area,UAAXK0000,Utilised agricultural area excluding kitchen gardens,TOTAL,Total fully converted and under conversion to organic farming,EL,Greece,2010,,8.4,,,,,
dataflow,ESTAT:SDG_02_40(1.0),Area under organic farming,A,Annual,PC_UAA,Percentage of total utilised agricultural area,UAAXK0000,Utilised agricultural area excluding kitchen gardens,TOTAL,Total fully converted and under conversion to organic farming,EL,Greece,2011,,5.2,,,,,
dataflow,ESTAT:SDG_02_40(1.0),Area under organic farming,A,Annual,PC_UAA,Percentage of total utilised agricultural area,UAAXK0000,Utilised agricultural area excluding kitchen gardens,TOTAL,Total fully converted and under conversion to organic farming,EL,Greece,2012,,9.01,,,,,
dataflow,ESTAT:SDG_02_40(1.0),Area under organic farming,A,Annual,PC_UAA,Percentage of total utilised agricultural area,UAAXK0000,Utilised agricultural area excluding kitchen gardens,TOTAL,Total fully converted and under conversion to organic farming,EL,Greece,2013,,7.36,,,,,
dataflow,ESTAT:SDG_02_40(1.0),Area under organic farming,A,Annual,PC_UAA,Percentage of total utilised agricultural area,UAAXK0000,Utilised agricultural area excluding kitchen gardens,TOTAL,Total fully converted and under conversion to organic farming,EL,Greece,2014,,6.71,,,,,
dataflow,ESTAT:SDG_02_40(1.0),Area under organic farming,A,Annual,PC_UAA,Percentage of total utilised agricultural area,UAAXK0000,Utilised agricultural area excluding kitchen gardens,TOTAL,Total fully converted and under conversion to organic farming,EL,Greece,2015,,7.69,,,,,
dataflow,ESTAT:SDG_02_40(1.0),Area under organic farming,A,Annual,PC_UAA,Percentage of total utilised agricultural area,UAAXK0000,Utilised agricultural area excluding kitchen gardens,TOTAL,Total fully converted and under conversion to organic farming,EL,Greece,2016,,6.51,,,,,
dataflow,ESTAT:SDG_02_40(1.0),Area under organic farming,A,Annual,PC_UAA,Percentage of total utilised agricultural area,UAAXK0000,Utilised agricultural area excluding kitchen gardens,TOTAL,Total fully converted and under conversion to organic farming,EL,Greece,2017,,7.96,,,,,
dataflow,ESTAT:SDG_02_40(1.0),Area under organic farming,A,Annual,PC_UAA,Percentage of total utilised agricultural area,UAAXK0000,Utilised agricultural area excluding kitchen gardens,TOTAL,Total fully converted and under conversion to organic farming,EL,Greece,2018,,9.32,,,,,
dataflow,ESTAT:SDG_02_40(1.0),Area under organic farming,A,Annual,PC_UAA,Percentage of total utilised agricultural area,UAAXK0000,Utilised agricultural area excluding kitchen gardens,TOTAL,Total fully converted and under conversion to organic farming,EL,Greece,2019,,10.26,,,,,
dataflow,ESTAT:SDG_02_40(1.0),Area under organic farming,A,Annual,PC_UAA,Percentage of total utilised agricultural area,UAAXK0000,Utilised agricultural area excluding kitchen gardens,TOTAL,Total fully converted and under conversion to organic farming,EL,Greece,2020,,10.15,,,,,
dataflow,ESTAT:SDG_02_40(1.0),Area under organic farming,A,Annual,PC_UAA,Percentage of total utilised agricultural area,UAAXK0000,Utilised agricultural area excluding kitchen gardens,TOTAL,Total fully converted and under conversion to organic farming,EL,Greece,2021,,12.22,,e,estimated,,
dataflow,ESTAT:SDG_02_40(1.0),Area under organic farming,A,Annual,PC_UAA,Percentage of total utilised agricultural area,UAAXK0000,Utilised agricultural area excluding kitchen gardens,TOTAL,Total fully converted and under conversion to organic farming,ES,Spain,2000,,1.5,,,,,
dataflow,ESTAT:SDG_02_40(1.0),Area under organic farming,A,Annual,PC_UAA,Percentage of total utilised agricultural area,UAAXK0000,Utilised agricultural area excluding kitchen gardens,TOTAL,Total fully converted and under conversion to organic farming,ES,Spain,2001,,1.9,,,,,
dataflow,ESTAT:SDG_02_40(1.0),Area under organic farming,A,Annual,PC_UAA,Percentage of total utilised agricultural area,UAAXK0000,Utilised agricultural area excluding kitchen gardens,TOTAL,Total fully converted and under conversion to organic farming,ES,Spain,2002,,2.6,,,,,
dataflow,ESTAT:SDG_02_40(1.0),Area under organic farming,A,Annual,PC_UAA,Percentage of total utilised agricultural area,UAAXK0000,Utilised agricultural area excluding kitchen gardens,TOTAL,Total fully converted and under conversion to organic farming,ES,Spain,2003,,2.9,,,,,
dataflow,ESTAT:SDG_02_40(1.0),Area under organic farming,A,Annual,PC_UAA,Percentage of total utilised agricultural area,UAAXK0000,Utilised agricultural area excluding kitchen gardens,TOTAL,Total fully converted and under conversion to organic farming,ES,Spain,2004,,2.9,,e,estimated,,
dataflow,ESTAT:SDG_02_40(1.0),Area under organic farming,A,Annual,PC_UAA,Percentage of total utilised agricultural area,UAAXK0000,Utilised agricultural area excluding kitchen gardens,TOTAL,Total fully converted and under conversion to organic farming,ES,Spain,2005,,3.1,,,,,
dataflow,ESTAT:SDG_02_40(1.0),Area under organic farming,A,Annual,PC_UAA,Percentage of total utilised agricultural area,UAAXK0000,Utilised agricultural area excluding kitchen gardens,TOTAL,Total fully converted and under conversion to organic farming,ES,Spain,2006,,3.7,,,,,
dataflow,ESTAT:SDG_02_40(1.0),Area under organic farming,A,Annual,PC_UAA,Percentage of total utilised agricultural area,UAAXK0000,Utilised agricultural area excluding kitchen gardens,TOTAL,Total fully converted and under conversion to organic farming,ES,Spain,2007,,4,,,,,
dataflow,ESTAT:SDG_02_40(1.0),Area under organic farming,A,Annual,PC_UAA,Percentage of total utilised agricultural area,UAAXK0000,Utilised agricultural area excluding kitchen gardens,TOTAL,Total fully converted and under conversion to organic farming,ES,Spain,2008,,5.3,,,,,
dataflow,ESTAT:SDG_02_40(1.0),Area under organic farming,A,Annual,PC_UAA,Percentage of total utilised agricultural area,UAAXK0000,Utilised agricultural area excluding kitchen gardens,TOTAL,Total fully converted and under conversion to organic farming,ES,Spain,2009,,6.6,,,,,
dataflow,ESTAT:SDG_02_40(1.0),Area under organic farming,A,Annual,PC_UAA,Percentage of total utilised agricultural area,UAAXK0000,Utilised agricultural area excluding kitchen gardens,TOTAL,Total fully converted and under conversion to organic farming,ES,Spain,2010,,6.7,,e,estimated,,
dataflow,ESTAT:SDG_02_40(1.0),Area under organic farming,A,Annual,PC_UAA,Percentage of total utilised agricultural area,UAAXK0000,Utilised agricultural area excluding kitchen gardens,TOTAL,Total fully converted and under conversion to organic farming,ES,Spain,2011,,7.5,,,,,
dataflow,ESTAT:SDG_02_40(1.0),Area under organic farming,A,Annual,PC_UAA,Percentage of total utilised agricultural area,UAAXK0000,Utilised agricultural area excluding kitchen gardens,TOTAL,Total fully converted and under conversion to organic farming,ES,Spain,2012,,7.49,,,,,
dataflow,ESTAT:SDG_02_40(1.0),Area under organic farming,A,Annual,PC_UAA,Percentage of total utilised agricultural area,UAAXK0000,Utilised agricultural area excluding kitchen gardens,TOTAL,Total fully converted and under conversion to organic farming,ES,Spain,2013,,6.85,,,,,
dataflow,ESTAT:SDG_02_40(1.0),Area under organic farming,A,Annual,PC_UAA,Percentage of total utilised agricultural area,UAAXK0000,Utilised agricultural area excluding kitchen gardens,TOTAL,Total fully converted and under conversion to organic farming,ES,Spain,2014,,7.26,,,,,
dataflow,ESTAT:SDG_02_40(1.0),Area under organic farming,A,Annual,PC_UAA,Percentage of total utilised agricultural area,UAAXK0000,Utilised agricultural area excluding kitchen gardens,TOTAL,Total fully converted and under conversion to organic farming,ES,Spain,2015,,8.24,,,,,
dataflow,ESTAT:SDG_02_40(1.0),Area under organic farming,A,Annual,PC_UAA,Percentage of total utilised agricultural area,UAAXK0000,Utilised agricultural area excluding kitchen gardens,TOTAL,Total fully converted and under conversion to organic farming,ES,Spain,2016,,8.48,,,,,
dataflow,ESTAT:SDG_02_40(1.0),Area under organic farming,A,Annual,PC_UAA,Percentage of total utilised agricultural area,UAAXK0000,Utilised agricultural area excluding kitchen gardens,TOTAL,Total fully converted and under conversion to organic farming,ES,Spain,2017,,8.73,,,,,
dataflow,ESTAT:SDG_02_40(1.0),Area under organic farming,A,Annual,PC_UAA,Percentage of total utilised agricultural area,UAAXK0000,Utilised agricultural area excluding kitchen gardens,TOTAL,Total fully converted and under conversion to organic farming,ES,Spain,2018,,9.28,,,,,
dataflow,ESTAT:SDG_02_40(1.0),Area under organic farming,A,Annual,PC_UAA,Percentage of total utilised agricultural area,UAAXK0000,Utilised agricultural area excluding kitchen gardens,TOTAL,Total fully converted and under conversion to organic farming,ES,Spain,2019,,9.66,,,,,
dataflow,ESTAT:SDG_02_40(1.0),Area under organic farming,A,Annual,PC_UAA,Percentage of total utilised agricultural area,UAAXK0000,Utilised agricultural area excluding kitchen gardens,TOTAL,Total fully converted and under conversion to organic farming,ES,Spain,2020,,9.98,,,,,
dataflow,ESTAT:SDG_02_40(1.0),Area under organic farming,A,Annual,PC_UAA,Percentage of total utilised agricultural area,UAAXK0000,Utilised agricultural area excluding kitchen gardens,TOTAL,Total fully converted and under conversion to organic farming,ES,Spain,2021,,10.79,,,,,
dataflow,ESTAT:SDG_02_40(1.0),Area under organic farming,A,Annual,PC_UAA,Percentage of total utilised agricultural area,UAAXK0000,Utilised agricultural area excluding kitchen gardens,TOTAL,Total fully converted and under conversion to organic farming,ES,Spain,2022,,10.83,,,,,
dataflow,ESTAT:SDG_02_40(1.0),Area under organic farming,A,Annual,PC_UAA,Percentage of total utilised agricultural area,UAAXK0000,Utilised agricultural area excluding kitchen gardens,TOTAL,Total fully converted and under conversion to organic farming,ES,Spain,2023,,12.03,,,,,
dataflow,ESTAT:SDG_02_40(1.0),Area under organic farming,A,Annual,PC_UAA,Percentage of total utilised agricultural area,UAAXK0000,Utilised agricultural area excluding kitchen gardens,TOTAL,Total fully converted and under conversion to organic farming,ES,Spain,2024,,11.91,,,,,
dataflow,ESTAT:SDG_02_40(1.0),Area under organic farming,A,Annual,PC_UAA,Percentage of total utilised agricultural area,UAAXK0000,Utilised agricultural area excluding kitchen gardens,TOTAL,Total fully converted and under conversion to organic farming,EU,"European Union (EU6-1958, EU9-1973, EU10-1981, EU12-1986, EU15-1995, EU25-2004, EU27-2007, EU28-2013, EU27-2020)",2000,,3.0,,,,,
dataflow,ESTAT:SDG_02_40(1.0),Area under organic farming,A,Annual,PC_UAA,Percentage of total utilised agricultural area,UAAXK0000,Utilised agricultural area excluding kitchen gardens,TOTAL,Total fully converted and under conversion to organic farming,EU,"European Union (EU6-1958, EU9-1973, EU10-1981, EU12-1986, EU15-1995, EU25-2004, EU27-2007, EU28-2013, EU27-2020)",2002,,3.8,,,,,
dataflow,ESTAT:SDG_02_40(1.0),Area under organic farming,A,Annual,PC_UAA,Percentage of total utilised agricultural area,UAAXK0000,Utilised agricultural area excluding kitchen gardens,TOTAL,Total fully converted and under conversion to organic farming,EU,"European Union (EU6-1958, EU9-1973, EU10-1981, EU12-1986, EU15-1995, EU25-2004, EU27-2007, EU28-2013, EU27-2020)",2003,,4.0,,,,,
dataflow,ESTAT:SDG_02_40(1.0),Area under organic farming,A,Annual,PC_UAA,Percentage of total utilised agricultural area,UAAXK0000,Utilised agricultural area excluding kitchen gardens,TOTAL,Total fully converted and under conversion to organic farming,EU,"European Union (EU6-1958, EU9-1973, EU10-1981, EU12-1986, EU15-1995, EU25-2004, EU27-2007, EU28-2013, EU27-2020)",2005,,3.8,,e,estimated,,
dataflow,ESTAT:SDG_02_40(1.0),Area under organic farming,A,Annual,PC_UAA,Percentage of total utilised agricultural area,UAAXK0000,Utilised agricultural area excluding kitchen gardens,TOTAL,Total fully converted and under conversion to organic farming,EU,"European Union (EU6-1958, EU9-1973, EU10-1981, EU12-1986, EU15-1995, EU25-2004, EU27-2007, EU28-2013, EU27-2020)",2006,,4.1,,e,estimated,,
dataflow,ESTAT:SDG_02_40(1.0),Area under organic farming,A,Annual,PC_UAA,Percentage of total utilised agricultural area,UAAXK0000,Utilised agricultural area excluding kitchen gardens,TOTAL,Total fully converted and under conversion to organic farming,EU,"European Union (EU6-1958, EU9-1973, EU10-1981, EU12-1986, EU15-1995, EU25-2004, EU27-2007, EU28-2013, EU27-2020)",2007,,4.0,,e,estimated,,
dataflow,ESTAT:SDG_02_40(1.0),Area under organic farming,A,Annual,PC_UAA,Percentage of total utilised agricultural area,UAAXK0000,Utilised agricultural area excluding kitchen gardens,TOTAL,Total fully converted and under conversion to organic farming,EU,"European Union (EU6-1958, EU9-1973, EU10-1981, EU12-1986, EU15-1995, EU25-2004, EU27-2007, EU28-2013, EU27-2020)",2008,,4.3,,e,estimated,,
dataflow,ESTAT:SDG_02_40(1.0),Area under organic farming,A,Annual,PC_UAA,Percentage of total utilised agricultural area,UAAXK0000,Utilised agricultural area excluding kitchen gardens,TOTAL,Total fully converted and under conversion to organic farming,EU,"European Union (EU6-1958, EU9-1973, EU10-1981, EU12-1986, EU15-1995, EU25-2004, EU27-2007, EU28-2013, EU27-2020)",2009,,4.7,,e,estimated,,
dataflow,ESTAT:SDG_02_40(1.0),Area under organic farming,A,Annual,PC_UAA,Percentage of total utilised agricultural area,UAAXK0000,Utilised agricultural area excluding kitchen gardens,TOTAL,Total fully converted and under conversion to organic farming,EU,"European Union (EU6-1958, EU9-1973, EU10-1981, EU12-1986, EU15-1995, EU25-2004, EU27-2007, EU28-2013, EU27-2020)",2010,,5.1,,e,estimated,,
dataflow,ESTAT:SDG_02_40(1.0),Area under organic farming,A,Annual,PC_UAA,Percentage of total utilised agricultural area,UAAXK0000,Utilised agricultural area excluding kitchen gardens,TOTAL,Total fully converted and under conversion to organic farming,EU,"European Union (EU6-1958, EU9-1973, EU10-1981, EU12-1986, EU15-1995, EU25-2004, EU27-2007, EU28-2013, EU27-2020)",2011,,5.4,,e,estimated,,
dataflow,ESTAT:SDG_02_40(1.0),Area under organic farming,A,Annual,PC_UAA,Percentage of total utilised agricultural area,UAAXK0000,Utilised agricultural area excluding kitchen gardens,TOTAL,Total fully converted and under conversion to organic farming,EU,"European Union (EU6-1958, EU9-1973, EU10-1981, EU12-1986, EU15-1995, EU25-2004, EU27-2007, EU28-2013, EU27-2020)",2012,,5.66,,,,,
dataflow,ESTAT:SDG_02_40(1.0),Area under organic farming,A,Annual,PC_UAA,Percentage of total utilised agricultural area,UAAXK0000,Utilised agricultural area excluding kitchen gardens,TOTAL,Total fully converted and under conversion to organic farming,EU,"European Union (EU6-1958, EU9-1973, EU10-1981, EU12-1986, EU15-1995, EU25-2004, EU27-2007, EU28-2013, EU27-2020)",2013,,5.70,,,,,
dataflow,ESTAT:SDG_02_40(1.0),Area under organic farming,A,Annual,PC_UAA,Percentage of total utilised agricultural area,UAAXK0000,Utilised agricultural area excluding kitchen gardens,TOTAL,Total fully converted and under conversion to organic farming,EU,"European Union (EU6-1958, EU9-1973, EU10-1981, EU12-1986, EU15-1995, EU25-2004, EU27-2007, EU28-2013, EU27-2020)",2014,,5.78,,,,,
dataflow,ESTAT:SDG_02_40(1.0),Area under organic farming,A,Annual,PC_UAA,Percentage of total utilised agricultural area,UAAXK0000,Utilised agricultural area excluding kitchen gardens,TOTAL,Total fully converted and under conversion to organic farming,EU,"European Union (EU6-1958, EU9-1973, EU10-1981, EU12-1986, EU15-1995, EU25-2004, EU27-2007, EU28-2013, EU27-2020)",2015,,6.21,,,,,
dataflow,ESTAT:SDG_02_40(1.0),Area under organic farming,A,Annual,PC_UAA,Percentage of total utilised agricultural area,UAAXK0000,Utilised agricultural area excluding kitchen gardens,TOTAL,Total fully converted and under conversion to organic farming,EU,"European Union (EU6-1958, EU9-1973, EU10-1981, EU12-1986, EU15-1995, EU25-2004, EU27-2007, EU28-2013, EU27-2020)",2016,,6.68,,,,,
dataflow,ESTAT:SDG_02_40(1.0),Area under organic farming,A,Annual,PC_UAA,Percentage of total utilised agricultural area,UAAXK0000,Utilised agricultural area excluding kitchen gardens,TOTAL,Total fully converted and under conversion to organic farming,EU,"European Union (EU6-1958, EU9-1973, EU10-1981, EU12-1986, EU15-1995, EU25-2004, EU27-2007, EU28-2013, EU27-2020)",2017,,7.02,,,,,
dataflow,ESTAT:SDG_02_40(1.0),Area under organic farming,A,Annual,PC_UAA,Percentage of total utilised agricultural area,UAAXK0000,Utilised agricultural area excluding kitchen gardens,TOTAL,Total fully converted and under conversion to organic farming,EU,"European Union (EU6-1958, EU9-1973, EU10-1981, EU12-1986, EU15-1995, EU25-2004, EU27-2007, EU28-2013, EU27-2020)",2018,,7.47,,e,estimated,,
dataflow,ESTAT:SDG_02_40(1.0),Area under organic farming,A,Annual,PC_UAA,Percentage of total utilised agricultural area,UAAXK0000,Utilised agricultural area excluding kitchen gardens,TOTAL,Total fully converted and under conversion to organic farming,EU,"European Union (EU6-1958, EU9-1973, EU10-1981, EU12-1986, EU15-1995, EU25-2004, EU27-2007, EU28-2013, EU27-2020)",2019,,7.90,,e,estimated,,
dataflow,ESTAT:SDG_02_40(1.0),Area under organic farming,A,Annual,PC_UAA,Percentage of total utilised agricultural area,UAAXK0000,Utilised agricultural area excluding kitchen gardens,TOTAL,Total fully converted and under conversion to organic farming,EU,"European Union (EU6-1958, EU9-1973, EU10-1981, EU12-1986, EU15-1995, EU25-2004, EU27-2007, EU28-2013, EU27-2020)",2020,,9.10,,e,estimated,,
dataflow,ESTAT:SDG_02_40(1.0),Area under organic farming,A,Annual,PC_UAA,Percentage of total utilised agricultural area,UAAXK0000,Utilised agricultural area excluding kitchen gardens,TOTAL,Total fully converted and under conversion to organic farming,EU27_2020,European Union - 27 countries (from 2020),2012,,5.88,,,,,
dataflow,ESTAT:SDG_02_40(1.0),Area under organic farming,A,Annual,PC_UAA,Percentage of total utilised agricultural area,UAAXK0000,Utilised agricultural area excluding kitchen gardens,TOTAL,Total fully converted and under conversion to organic farming,EU27_2020,European Union - 27 countries (from 2020),2013,,5.91,,,,,
dataflow,ESTAT:SDG_02_40(1.0),Area under organic farming,A,Annual,PC_UAA,Percentage of total utilised agricultural area,UAAXK0000,Utilised agricultural area excluding kitchen gardens,TOTAL,Total fully converted and under conversion to organic farming,EU27_2020,European Union - 27 countries (from 2020),2014,,6.08,,,,,
dataflow,ESTAT:SDG_02_40(1.0),Area under organic farming,A,Annual,PC_UAA,Percentage of total utilised agricultural area,UAAXK0000,Utilised agricultural area excluding kitchen gardens,TOTAL,Total fully converted and under conversion to organic farming,EU27_2020,European Union - 27 countries (from 2020),2015,,6.56,,,,,
dataflow,ESTAT:SDG_02_40(1.0),Area under organic farming,A,Annual,PC_UAA,Percentage of total utilised agricultural area,UAAXK0000,Utilised agricultural area excluding kitchen gardens,TOTAL,Total fully converted and under conversion to organic farming,EU27_2020,European Union - 27 countries (from 2020),2016,,7.09,,,,,
dataflow,ESTAT:SDG_02_40(1.0),Area under organic farming,A,Annual,PC_UAA,Percentage of total utilised agricultural area,UAAXK0000,Utilised agricultural area excluding kitchen gardens,TOTAL,Total fully converted and under conversion to organic farming,EU27_2020,European Union - 27 countries (from 2020),2017,,7.47,,,,,
dataflow,ESTAT:SDG_02_40(1.0),Area under organic farming,A,Annual,PC_UAA,Percentage of total utilised agricultural area,UAAXK0000,Utilised agricultural area excluding kitchen gardens,TOTAL,Total fully converted and under conversion to organic farming,EU27_2020,European Union - 27 countries (from 2020),2018,,7.99,,e,estimated,,
dataflow,ESTAT:SDG_02_40(1.0),Area under organic farming,A,Annual,PC_UAA,Percentage of total utilised agricultural area,UAAXK0000,Utilised agricultural area excluding kitchen gardens,TOTAL,Total fully converted and under conversion to organic farming,EU27_2020,European Union - 27 countries (from 2020),2019,,8.47,,e,estimated,,
dataflow,ESTAT:SDG_02_40(1.0),Area under organic farming,A,Annual,PC_UAA,Percentage of total utilised agricultural area,UAAXK0000,Utilised agricultural area excluding kitchen gardens,TOTAL,Total fully converted and under conversion to organic farming,EU27_2020,European Union - 27 countries (from 2020),2020,,9.10,,e,estimated,,
dataflow,ESTAT:SDG_02_40(1.0),Area under organic farming,A,Annual,PC_UAA,Percentage of total utilised agricultural area,UAAXK0000,Utilised agricultural area excluding kitchen gardens,TOTAL,Total fully converted and under conversion to organic farming,FI,Finland,2000,,6.7,,,,,
dataflow,ESTAT:SDG_02_40(1.0),Area under organic farming,A,Annual,PC_UAA,Percentage of total utilised agricultural area,UAAXK0000,Utilised agricultural area excluding kitchen gardens,TOTAL,Total fully converted and under conversion to organic farming,FI,Finland,2001,,6.7,,,,,
dataflow,ESTAT:SDG_02_40(1.0),Area under organic farming,A,Annual,PC_UAA,Percentage of total utilised agricultural area,UAAXK0000,Utilised agricultural area excluding kitchen gardens,TOTAL,Total fully converted and under conversion to organic farming,FI,Finland,2002,,7.6,,e,estimated,,
dataflow,ESTAT:SDG_02_40(1.0),Area under organic farming,A,Annual,PC_UAA,Percentage of total utilised agricultural area,UAAXK0000,Utilised agricultural area excluding kitchen gardens,TOTAL,Total fully converted and under conversion to organic farming,FI,Finland,2003,,7.1,,,,,
dataflow,ESTAT:SDG_02_40(1.0),Area under organic farming,A,Annual,PC_UAA,Percentage of total utilised agricultural area,UAAXK0000,Utilised agricultural area excluding kitchen gardens,TOTAL,Total fully converted and under conversion to organic farming,FI,Finland,2004,,7.2,,,,,
dataflow,ESTAT:SDG_02_40(1.0),Area under organic farming,A,Annual,PC_UAA,Percentage of total utilised agricultural area,UAAXK0000,Utilised agricultural area excluding kitchen gardens,TOTAL,Total fully converted and under conversion to organic farming,FI,Finland,2005,,6.5,,,,,
dataflow,ESTAT:SDG_02_40(1.0),Area under organic farming,A,Annual,PC_UAA,Percentage of total utilised agricultural area,UAAXK0000,Utilised agricultural area excluding kitchen gardens,TOTAL,Total fully converted and under conversion to organic farming,FI,Finland,2006,,6.3,,,,,
dataflow,ESTAT:SDG_02_40(1.0),Area under organic farming,A,Annual,PC_UAA,Percentage of total utilised agricultural area,UAAXK0000,Utilised agricultural area excluding kitchen gardens,TOTAL,Total fully converted and under conversion to organic farming,FI,Finland,2007,,6.6,,,,,
dataflow,ESTAT:SDG_02_40(1.0),Area under organic farming,A,Annual,PC_UAA,Percentage of total utilised agricultural area,UAAXK0000,Utilised agricultural area excluding kitchen gardens,TOTAL,Total fully converted and under conversion to organic farming,FI,Finland,2008,,6.5,,,,,
dataflow,ESTAT:SDG_02_40(1.0),Area under organic farming,A,Annual,PC_UAA,Percentage of total utilised agricultural area,UAAXK0000,Utilised agricultural area excluding kitchen gardens,TOTAL,Total fully converted and under conversion to organic farming,FI,Finland,2009,,7.2,,,,,
dataflow,ESTAT:SDG_02_40(1.0),Area under organic farming,A,Annual,PC_UAA,Percentage of total utilised agricultural area,UAAXK0000,Utilised agricultural area excluding kitchen gardens,TOTAL,Total fully converted and under conversion to organic farming,FI,Finland,2010,,7.4,,,,,
dataflow,ESTAT:SDG_02_40(1.0),Area under organic farming,A,Annual,PC_UAA,Percentage of total utilised agricultural area,UAAXK0000,Utilised agricultural area excluding kitchen gardens,TOTAL,Total fully converted and under conversion to organic farming,FI,Finland,2011,,8.2,,,,,
dataflow,ESTAT:SDG_02_40(1.0),Area under organic farming,A,Annual,PC_UAA,Percentage of total utilised agricultural area,UAAXK0000,Utilised agricultural area excluding kitchen gardens,TOTAL,Total fully converted and under conversion to organic farming,FI,Finland,2012,,8.65,,,,,
dataflow,ESTAT:SDG_02_40(1.0),Area under organic farming,A,Annual,PC_UAA,Percentage of total utilised agricultural area,UAAXK0000,Utilised agricultural area excluding kitchen gardens,TOTAL,Total fully converted and under conversion to organic farming,FI,Finland,2013,,9.07,,,,,
dataflow,ESTAT:SDG_02_40(1.0),Area under organic farming,A,Annual,PC_UAA,Percentage of total utilised agricultural area,UAAXK0000,Utilised agricultural area excluding kitchen gardens,TOTAL,Total fully converted and under conversion to organic farming,FI,Finland,2014,,9.29,,,,,
dataflow,ESTAT:SDG_02_40(1.0),Area under organic farming,A,Annual,PC_UAA,Percentage of total utilised agricultural area,UAAXK0000,Utilised agricultural area excluding kitchen gardens,TOTAL,Total fully converted and under conversion to organic farming,FI,Finland,2015,,9.91,,,,,
dataflow,ESTAT:SDG_02_40(1.0),Area under organic farming,A,Annual,PC_UAA,Percentage of total utilised agricultural area,UAAXK0000,Utilised agricultural area excluding kitchen gardens,TOTAL,Total fully converted and under conversion to organic farming,FI,Finland,2016,,10.47,,,,,
dataflow,ESTAT:SDG_02_40(1.0),Area under organic farming,A,Annual,PC_UAA,Percentage of total utilised agricultural area,UAAXK0000,Utilised agricultural area excluding kitchen gardens,TOTAL,Total fully converted and under conversion to organic farming,FI,Finland,2017,,11.41,,,,,
dataflow,ESTAT:SDG_02_40(1.0),Area under organic farming,A,Annual,PC_UAA,Percentage of total utilised agricultural area,UAAXK0000,Utilised agricultural area excluding kitchen gardens,TOTAL,Total fully converted and under conversion to organic farming,FI,Finland,2018,,13.09,,,,,
dataflow,ESTAT:SDG_02_40(1.0),Area under organic farming,A,Annual,PC_UAA,Percentage of total utilised agricultural area,UAAXK0000,Utilised agricultural area excluding kitchen gardens,TOTAL,Total fully converted and under conversion to organic farming,FI,Finland,2019,,13.48,,,,,
dataflow,ESTAT:SDG_02_40(1.0),Area under organic farming,A,Annual,PC_UAA,Percentage of total utilised agricultural area,UAAXK0000,Utilised agricultural area excluding kitchen gardens,TOTAL,Total fully converted and under conversion to organic farming,FI,Finland,2020,,13.93,,,,,
dataflow,ESTAT:SDG_02_40(1.0),Area under organic farming,A,Annual,PC_UAA,Percentage of total utilised agricultural area,UAAXK0000,Utilised agricultural area excluding kitchen gardens,TOTAL,Total fully converted and under conversion to organic farming,FI,Finland,2021,,14.45,,,,,
dataflow,ESTAT:SDG_02_40(1.0),Area under organic farming,A,Annual,PC_UAA,Percentage of total utilised agricultural area,UAAXK0000,Utilised agricultural area excluding kitchen gardens,TOTAL,Total fully converted and under conversion to organic farming,FI,Finland,2022,,14.98,,,,,
dataflow,ESTAT:SDG_02_40(1.0),Area under organic farming,A,Annual,PC_UAA,Percentage of total utilised agricultural area,UAAXK0000,Utilised agricultural area excluding kitchen gardens,TOTAL,Total fully converted and under conversion to organic farming,FI,Finland,2023,,13.52,,d,definition differs (see metadata),,
dataflow,ESTAT:SDG_02_40(1.0),Area under organic farming,A,Annual,PC_UAA,Percentage of total utilised agricultural area,UAAXK0000,Utilised agricultural area excluding kitchen gardens,TOTAL,Total fully converted and under conversion to organic farming,FI,Finland,2024,,13.49,,d,definition differs (see metadata),,
dataflow,ESTAT:SDG_02_40(1.0),Area under organic farming,A,Annual,PC_UAA,Percentage of total utilised agricultural area,UAAXK0000,Utilised agricultural area excluding kitchen gardens,TOTAL,Total fully converted and under conversion to organic farming,FR,France,2000,,1.2,,,,,
dataflow,ESTAT:SDG_02_40(1.0),Area under organic farming,A,Annual,PC_UAA,Percentage of total utilised agricultural area,UAAXK0000,Utilised agricultural area excluding kitchen gardens,TOTAL,Total fully converted and under conversion to organic farming,FR,France,2001,,1.4,,,,,
dataflow,ESTAT:SDG_02_40(1.0),Area under organic farming,A,Annual,PC_UAA,Percentage of total utilised agricultural area,UAAXK0000,Utilised agricultural area excluding kitchen gardens,TOTAL,Total fully converted and under conversion to organic farming,FR,France,2002,,1.7,,,,,
dataflow,ESTAT:SDG_02_40(1.0),Area under organic farming,A,Annual,PC_UAA,Percentage of total utilised agricultural area,UAAXK0000,Utilised agricultural area excluding kitchen gardens,TOTAL,Total fully converted and under conversion to organic farming,FR,France,2003,,1.9,,,,,
dataflow,ESTAT:SDG_02_40(1.0),Area under organic farming,A,Annual,PC_UAA,Percentage of total utilised agricultural area,UAAXK0000,Utilised agricultural area excluding kitchen gardens,TOTAL,Total fully converted and under conversion to organic farming,FR,France,2004,,1.8,,,,,
dataflow,ESTAT:SDG_02_40(1.0),Area under organic farming,A,Annual,PC_UAA,Percentage of total utilised agricultural area,UAAXK0000,Utilised agricultural area excluding kitchen gardens,TOTAL,Total fully converted and under conversion to organic farming,FR,France,2005,,1.9,,,,,
dataflow,ESTAT:SDG_02_40(1.0),Area under organic farming,A,Annual,PC_UAA,Percentage of total utilised agricultural area,UAAXK0000,Utilised agricultural area excluding kitchen gardens,TOTAL,Total fully converted and under conversion to organic farming,FR,France,2006,,1.7,,,,,
dataflow,ESTAT:SDG_02_40(1.0),Area under organic farming,A,Annual,PC_UAA,Percentage of total utilised agricultural area,UAAXK0000,Utilised agricultural area excluding kitchen gardens,TOTAL,Total fully converted and under conversion to organic farming,FR,France,2007,,1.9,,,,,
dataflow,ESTAT:SDG_02_40(1.0),Area under organic farming,A,Annual,PC_UAA,Percentage of total utilised agricultural area,UAAXK0000,Utilised agricultural area excluding kitchen gardens,TOTAL,Total fully converted and under conversion to organic farming,FR,France,2008,,2,,,,,
dataflow,ESTAT:SDG_02_40(1.0),Area under organic farming,A,Annual,PC_UAA,Percentage of total utilised agricultural area,UAAXK0000,Utilised agricultural area excluding kitchen gardens,TOTAL,Total fully converted and under conversion to organic farming,FR,France,2009,,1.9,,,,,
dataflow,ESTAT:SDG_02_40(1.0),Area under organic farming,A,Annual,PC_UAA,Percentage of total utilised agricultural area,UAAXK0000,Utilised agricultural area excluding kitchen gardens,TOTAL,Total fully converted and under conversion to organic farming,FR,France,2010,,2.9,,,,,
dataflow,ESTAT:SDG_02_40(1.0),Area under organic farming,A,Annual,PC_UAA,Percentage of total utilised agricultural area,UAAXK0000,Utilised agricultural area excluding kitchen gardens,TOTAL,Total fully converted and under conversion to organic farming,FR,France,2011,,3.4,,,,,
dataflow,ESTAT:SDG_02_40(1.0),Area under organic farming,A,Annual,PC_UAA,Percentage of total utilised agricultural area,UAAXK0000,Utilised agricultural area excluding kitchen gardens,TOTAL,Total fully converted and under conversion to organic farming,FR,France,2012,,3.55,,,,,
dataflow,ESTAT:SDG_02_40(1.0),Area under organic farming,A,Annual,PC_UAA,Percentage of total utilised agricultural area,UAAXK0000,Utilised agricultural area excluding kitchen gardens,TOTAL,Total fully converted and under conversion to organic farming,FR,France,2013,,3.66,,,,,
dataflow,ESTAT:SDG_02_40(1.0),Area under organic farming,A,Annual,PC_UAA,Percentage of total utilised agricultural area,UAAXK0000,Utilised agricultural area excluding kitchen gardens,TOTAL,Total fully converted and under conversion to organic farming,FR,France,2014,,3.87,,,,,
dataflow,ESTAT:SDG_02_40(1.0),Area under organic farming,A,Annual,PC_UAA,Percentage of total utilised agricultural area,UAAXK0000,Utilised agricultural area excluding kitchen gardens,TOTAL,Total fully converted and under conversion to organic farming,FR,France,2015,,4.55,,,,,
dataflow,ESTAT:SDG_02_40(1.0),Area under organic farming,A,Annual,PC_UAA,Percentage of total utilised agricultural area,UAAXK0000,Utilised agricultural area excluding kitchen gardens,TOTAL,Total fully converted and under conversion to organic farming,FR,France,2016,,5.28,,,,,
dataflow,ESTAT:SDG_02_40(1.0),Area under organic farming,A,Annual,PC_UAA,Percentage of total utilised agricultural area,UAAXK0000,Utilised agricultural area excluding kitchen gardens,TOTAL,Total fully converted and under conversion to organic farming,FR,France,2017,,5.99,,,,,
dataflow,ESTAT:SDG_02_40(1.0),Area under organic farming,A,Annual,PC_UAA,Percentage of total utilised agricultural area,UAAXK0000,Utilised agricultural area excluding kitchen gardens,TOTAL,Total fully converted and under conversion to organic farming,FR,France,2018,,7.01,,,,,
dataflow,ESTAT:SDG_02_40(1.0),Area under organic farming,A,Annual,PC_UAA,Percentage of total utilised agricultural area,UAAXK0000,Utilised agricultural area excluding kitchen gardens,TOTAL,Total fully converted and under conversion to organic farming,FR,France,2019,,7.72,,,,,
dataflow,ESTAT:SDG_02_40(1.0),Area under organic farming,A,Annual,PC_UAA,Percentage of total utilised agricultural area,UAAXK0000,Utilised agricultural area excluding kitchen gardens,TOTAL,Total fully converted and under conversion to organic farming,FR,France,2020,,8.77,,be,"break in time series, estimated",,
dataflow,ESTAT:SDG_02_40(1.0),Area under organic farming,A,Annual,PC_UAA,Percentage of total utilised agricultural area,UAAXK0000,Utilised agricultural area excluding kitchen gardens,TOTAL,Total fully converted and under conversion to organic farming,FR,France,2021,,9.56,,e,estimated,,
dataflow,ESTAT:SDG_02_40(1.0),Area under organic farming,A,Annual,PC_UAA,Percentage of total utilised agricultural area,UAAXK0000,Utilised agricultural area excluding kitchen gardens,TOTAL,Total fully converted and under conversion to organic farming,FR,France,2022,,9.86,,e,estimated,,
dataflow,ESTAT:SDG_02_40(1.0),Area under organic farming,A,Annual,PC_UAA,Percentage of total utilised agricultural area,UAAXK0000,Utilised agricultural area excluding kitchen gardens,TOTAL,Total fully converted and under conversion to organic farming,FR,France,2023,,9.64,,e,estimated,,
dataflow,ESTAT:SDG_02_40(1.0),Area under organic farming,A,Annual,PC_UAA,Percentage of total utilised agricultural area,UAAXK0000,Utilised agricultural area excluding kitchen gardens,TOTAL,Total fully converted and under conversion to organic farming,FR,France,2024,,9.51,,e,estimated,,
dataflow,ESTAT:SDG_02_40(1.0),Area under organic farming,A,Annual,PC_UAA,Percentage of total utilised agricultural area,UAAXK0000,Utilised agricultural area excluding kitchen gardens,TOTAL,Total fully converted and under conversion to organic farming,HR,Croatia,2012,,2.40,,,,,
dataflow,ESTAT:SDG_02_40(1.0),Area under organic farming,A,Annual,PC_UAA,Percentage of total utilised agricultural area,UAAXK0000,Utilised agricultural area excluding kitchen gardens,TOTAL,Total fully converted and under conversion to organic farming,HR,Croatia,2013,,3.13,,,,,
dataflow,ESTAT:SDG_02_40(1.0),Area under organic farming,A,Annual,PC_UAA,Percentage of total utilised agricultural area,UAAXK0000,Utilised agricultural area excluding kitchen gardens,TOTAL,Total fully converted and under conversion to organic farming,HR,Croatia,2014,,4.03,,,,,
dataflow,ESTAT:SDG_02_40(1.0),Area under organic farming,A,Annual,PC_UAA,Percentage of total utilised agricultural area,UAAXK0000,Utilised agricultural area excluding kitchen gardens,TOTAL,Total fully converted and under conversion to organic farming,HR,Croatia,2015,,4.94,,,,,
dataflow,ESTAT:SDG_02_40(1.0),Area under organic farming,A,Annual,PC_UAA,Percentage of total utilised agricultural area,UAAXK0000,Utilised agricultural area excluding kitchen gardens,TOTAL,Total fully converted and under conversion to organic farming,HR,Croatia,2016,,5.98,,,,,
dataflow,ESTAT:SDG_02_40(1.0),Area under organic farming,A,Annual,PC_UAA,Percentage of total utilised agricultural area,UAAXK0000,Utilised agricultural area excluding kitchen gardens,TOTAL,Total fully converted and under conversion to organic farming,HR,Croatia,2017,,6.46,,,,,
dataflow,ESTAT:SDG_02_40(1.0),Area under organic farming,A,Annual,PC_UAA,Percentage of total utilised agricultural area,UAAXK0000,Utilised agricultural area excluding kitchen gardens,TOTAL,Total fully converted and under conversion to organic farming,HR,Croatia,2018,,6.94,,,,,
dataflow,ESTAT:SDG_02_40(1.0),Area under organic farming,A,Annual,PC_UAA,Percentage of total utilised agricultural area,UAAXK0000,Utilised agricultural area excluding kitchen gardens,TOTAL,Total fully converted and under conversion to organic farming,HR,Croatia,2019,,7.19,,,,,
dataflow,ESTAT:SDG_02_40(1.0),Area under organic farming,A,Annual,PC_UAA,Percentage of total utilised agricultural area,UAAXK0000,Utilised agricultural area excluding kitchen gardens,TOTAL,Total fully converted and under conversion to organic farming,HR,Croatia,2020,,7.21,,,,,
dataflow,ESTAT:SDG_02_40(1.0),Area under organic farming,A,Annual,PC_UAA,Percentage of total utilised agricultural area,UAAXK0000,Utilised agricultural area excluding kitchen gardens,TOTAL,Total fully converted and under conversion to organic farming,HR,Croatia,2021,,8.26,,,,,
dataflow,ESTAT:SDG_02_40(1.0),Area under organic farming,A,Annual,PC_UAA,Percentage of total utilised agricultural area,UAAXK0000,Utilised agricultural area excluding kitchen gardens,TOTAL,Total fully converted and under conversion to organic farming,HR,Croatia,2022,,8.94,,,,,
dataflow,ESTAT:SDG_02_40(1.0),Area under organic farming,A,Annual,PC_UAA,Percentage of total utilised agricultural area,UAAXK0000,Utilised agricultural area excluding kitchen gardens,TOTAL,Total fully converted and under conversion to organic farming,HR,Croatia,2023,,8.07,,,,,
dataflow,ESTAT:SDG_02_40(1.0),Area under organic farming,A,Annual,PC_UAA,Percentage of total utilised agricultural area,UAAXK0000,Utilised agricultural area excluding kitchen gardens,TOTAL,Total fully converted and under conversion to organic farming,HR,Croatia,2024,,9.01,,,,,
dataflow,ESTAT:SDG_02_40(1.0),Area under organic farming,A,Annual,PC_UAA,Percentage of total utilised agricultural area,UAAXK0000,Utilised agricultural area excluding kitchen gardens,TOTAL,Total fully converted and under conversion to organic farming,HU,Hungary,2002,,1.6,,,,,
dataflow,ESTAT:SDG_02_40(1.0),Area under organic farming,A,Annual,PC_UAA,Percentage of total utilised agricultural area,UAAXK0000,Utilised agricultural area excluding kitchen gardens,TOTAL,Total fully converted and under conversion to organic farming,HU,Hungary,2003,,2,,,,,
dataflow,ESTAT:SDG_02_40(1.0),Area under organic farming,A,Annual,PC_UAA,Percentage of total utilised agricultural area,UAAXK0000,Utilised agricultural area excluding kitchen gardens,TOTAL,Total fully converted and under conversion to organic farming,HU,Hungary,2004,,2.3,,,,,
dataflow,ESTAT:SDG_02_40(1.0),Area under organic farming,A,Annual,PC_UAA,Percentage of total utilised agricultural area,UAAXK0000,Utilised agricultural area excluding kitchen gardens,TOTAL,Total fully converted and under conversion to organic farming,HU,Hungary,2005,,2.2,,,,,
dataflow,ESTAT:SDG_02_40(1.0),Area under organic farming,A,Annual,PC_UAA,Percentage of total utilised agricultural area,UAAXK0000,Utilised agricultural area excluding kitchen gardens,TOTAL,Total fully converted and under conversion to organic farming,HU,Hungary,2006,,2.1,,,,,
dataflow,ESTAT:SDG_02_40(1.0),Area under organic farming,A,Annual,PC_UAA,Percentage of total utilised agricultural area,UAAXK0000,Utilised agricultural area excluding kitchen gardens,TOTAL,Total fully converted and under conversion to organic farming,HU,Hungary,2007,,1.8,,,,,
dataflow,ESTAT:SDG_02_40(1.0),Area under organic farming,A,Annual,PC_UAA,Percentage of total utilised agricultural area,UAAXK0000,Utilised agricultural area excluding kitchen gardens,TOTAL,Total fully converted and under conversion to organic farming,HU,Hungary,2008,,2.1,,,,,
dataflow,ESTAT:SDG_02_40(1.0),Area under organic farming,A,Annual,PC_UAA,Percentage of total utilised agricultural area,UAAXK0000,Utilised agricultural area excluding kitchen gardens,TOTAL,Total fully converted and under conversion to organic farming,HU,Hungary,2009,,2.4,,,,,
dataflow,ESTAT:SDG_02_40(1.0),Area under organic farming,A,Annual,PC_UAA,Percentage of total utilised agricultural area,UAAXK0000,Utilised agricultural area excluding kitchen gardens,TOTAL,Total fully converted and under conversion to organic farming,HU,Hungary,2010,,2.4,,,,,
dataflow,ESTAT:SDG_02_40(1.0),Area under organic farming,A,Annual,PC_UAA,Percentage of total utilised agricultural area,UAAXK0000,Utilised agricultural area excluding kitchen gardens,TOTAL,Total fully converted and under conversion to organic farming,HU,Hungary,2011,,2.3,,,,,
dataflow,ESTAT:SDG_02_40(1.0),Area under organic farming,A,Annual,PC_UAA,Percentage of total utilised agricultural area,UAAXK0000,Utilised agricultural area excluding kitchen gardens,TOTAL,Total fully converted and under conversion to organic farming,HU,Hungary,2012,,2.45,,,,,
dataflow,ESTAT:SDG_02_40(1.0),Area under organic farming,A,Annual,PC_UAA,Percentage of total utilised agricultural area,UAAXK0000,Utilised agricultural area excluding kitchen gardens,TOTAL,Total fully converted and under conversion to organic farming,HU,Hungary,2013,,2.45,,,,,
dataflow,ESTAT:SDG_02_40(1.0),Area under organic farming,A,Annual,PC_UAA,Percentage of total utilised agricultural area,UAAXK0000,Utilised agricultural area excluding kitchen gardens,TOTAL,Total fully converted and under conversion to organic farming,HU,Hungary,2014,,2.34,,,,,
dataflow,ESTAT:SDG_02_40(1.0),Area under organic farming,A,Annual,PC_UAA,Percentage of total utilised agricultural area,UAAXK0000,Utilised agricultural area excluding kitchen gardens,TOTAL,Total fully converted and under conversion to organic farming,HU,Hungary,2015,,2.43,,,,,
dataflow,ESTAT:SDG_02_40(1.0),Area under organic farming,A,Annual,PC_UAA,Percentage of total utilised agricultural area,UAAXK0000,Utilised agricultural area excluding kitchen gardens,TOTAL,Total fully converted and under conversion to organic farming,HU,Hungary,2016,,3.48,,,,,
dataflow,ESTAT:SDG_02_40(1.0),Area under organic farming,A,Annual,PC_UAA,Percentage of total utilised agricultural area,UAAXK0000,Utilised agricultural area excluding kitchen gardens,TOTAL,Total fully converted and under conversion to organic farming,HU,Hungary,2017,,3.73,,,,,
dataflow,ESTAT:SDG_02_40(1.0),Area under organic farming,A,Annual,PC_UAA,Percentage of total utilised agricultural area,UAAXK0000,Utilised agricultural area excluding kitchen gardens,TOTAL,Total fully converted and under conversion to organic farming,HU,Hungary,2018,,3.92,,,,,
dataflow,ESTAT:SDG_02_40(1.0),Area under organic farming,A,Annual,PC_UAA,Percentage of total utilised agricultural area,UAAXK0000,Utilised agricultural area excluding kitchen gardens,TOTAL,Total fully converted and under conversion to organic farming,HU,Hungary,2019,,5.71,,,,,
dataflow,ESTAT:SDG_02_40(1.0),Area under organic farming,A,Annual,PC_UAA,Percentage of total utilised agricultural area,UAAXK0000,Utilised agricultural area excluding kitchen gardens,TOTAL,Total fully converted and under conversion to organic farming,HU,Hungary,2020,,6.03,,,,,
dataflow,ESTAT:SDG_02_40(1.0),Area under organic farming,A,Annual,PC_UAA,Percentage of total utilised agricultural area,UAAXK0000,Utilised agricultural area excluding kitchen gardens,TOTAL,Total fully converted and under conversion to organic farming,HU,Hungary,2021,,5.81,,,,,
dataflow,ESTAT:SDG_02_40(1.0),Area under organic farming,A,Annual,PC_UAA,Percentage of total utilised agricultural area,UAAXK0000,Utilised agricultural area excluding kitchen gardens,TOTAL,Total fully converted and under conversion to organic farming,HU,Hungary,2022,,6.31,,b,break in time series,,
dataflow,ESTAT:SDG_02_40(1.0),Area under organic farming,A,Annual,PC_UAA,Percentage of total utilised agricultural area,UAAXK0000,Utilised agricultural area excluding kitchen gardens,TOTAL,Total fully converted and under conversion to organic farming,HU,Hungary,2023,,6.30,,,,,
dataflow,ESTAT:SDG_02_40(1.0),Area under organic farming,A,Annual,PC_UAA,Percentage of total utilised agricultural area,UAAXK0000,Utilised agricultural area excluding kitchen gardens,TOTAL,Total fully converted and under conversion to organic farming,HU,Hungary,2024,,6.07,,,,,
dataflow,ESTAT:SDG_02_40(1.0),Area under organic farming,A,Annual,PC_UAA,Percentage of total utilised agricultural area,UAAXK0000,Utilised agricultural area excluding kitchen gardens,TOTAL,Total fully converted and under conversion to organic farming,IE,Ireland,2000,,0.6,,,,,
dataflow,ESTAT:SDG_02_40(1.0),Area under organic farming,A,Annual,PC_UAA,Percentage of total utilised agricultural area,UAAXK0000,Utilised agricultural area excluding kitchen gardens,TOTAL,Total fully converted and under conversion to organic farming,IE,Ireland,2001,,0.7,,,,,
dataflow,ESTAT:SDG_02_40(1.0),Area under organic farming,A,Annual,PC_UAA,Percentage of total utilised agricultural area,UAAXK0000,Utilised agricultural area excluding kitchen gardens,TOTAL,Total fully converted and under conversion to organic farming,IE,Ireland,2002,,0.7,,,,,
dataflow,ESTAT:SDG_02_40(1.0),Area under organic farming,A,Annual,PC_UAA,Percentage of total utilised agricultural area,UAAXK0000,Utilised agricultural area excluding kitchen gardens,TOTAL,Total fully converted and under conversion to organic farming,IE,Ireland,2003,,0.7,,,,,
dataflow,ESTAT:SDG_02_40(1.0),Area under organic farming,A,Annual,PC_UAA,Percentage of total utilised agricultural area,UAAXK0000,Utilised agricultural area excluding kitchen gardens,TOTAL,Total fully converted and under conversion to organic farming,IE,Ireland,2004,,0.7,,,,,
dataflow,ESTAT:SDG_02_40(1.0),Area under organic farming,A,Annual,PC_UAA,Percentage of total utilised agricultural area,UAAXK0000,Utilised agricultural area excluding kitchen gardens,TOTAL,Total fully converted and under conversion to organic farming,IE,Ireland,2005,,0.8,,,,,
dataflow,ESTAT:SDG_02_40(1.0),Area under organic farming,A,Annual,PC_UAA,Percentage of total utilised agricultural area,UAAXK0000,Utilised agricultural area excluding kitchen gardens,TOTAL,Total fully converted and under conversion to organic farming,IE,Ireland,2006,,0.9,,,,,
dataflow,ESTAT:SDG_02_40(1.0),Area under organic farming,A,Annual,PC_UAA,Percentage of total utilised agricultural area,UAAXK0000,Utilised agricultural area excluding kitchen gardens,TOTAL,Total fully converted and under conversion to organic farming,IE,Ireland,2007,,1,,,,,
dataflow,ESTAT:SDG_02_40(1.0),Area under organic farming,A,Annual,PC_UAA,Percentage of total utilised agricultural area,UAAXK0000,Utilised agricultural area excluding kitchen gardens,TOTAL,Total fully converted and under conversion to organic farming,IE,Ireland,2008,,1,,,,,
dataflow,ESTAT:SDG_02_40(1.0),Area under organic farming,A,Annual,PC_UAA,Percentage of total utilised agricultural area,UAAXK0000,Utilised agricultural area excluding kitchen gardens,TOTAL,Total fully converted and under conversion to organic farming,IE,Ireland,2009,,1.1,,,,,
dataflow,ESTAT:SDG_02_40(1.0),Area under organic farming,A,Annual,PC_UAA,Percentage of total utilised agricultural area,UAAXK0000,Utilised agricultural area excluding kitchen gardens,TOTAL,Total fully converted and under conversion to organic farming,IE,Ireland,2010,,1.1,,e,estimated,,
dataflow,ESTAT:SDG_02_40(1.0),Area under organic farming,A,Annual,PC_UAA,Percentage of total utilised agricultural area,UAAXK0000,Utilised agricultural area excluding kitchen gardens,TOTAL,Total fully converted and under conversion to organic farming,IE,Ireland,2011,,1.1,,e,estimated,,
dataflow,ESTAT:SDG_02_40(1.0),Area under organic farming,A,Annual,PC_UAA,Percentage of total utilised agricultural area,UAAXK0000,Utilised agricultural area excluding kitchen gardens,TOTAL,Total fully converted and under conversion to organic farming,IE,Ireland,2012,,1.16,,,,,
dataflow,ESTAT:SDG_02_40(1.0),Area under organic farming,A,Annual,PC_UAA,Percentage of total utilised agricultural area,UAAXK0000,Utilised agricultural area excluding kitchen gardens,TOTAL,Total fully converted and under conversion to organic farming,IE,Ireland,2013,,1.20,,,,,
dataflow,ESTAT:SDG_02_40(1.0),Area under organic farming,A,Annual,PC_UAA,Percentage of total utilised agricultural area,UAAXK0000,Utilised agricultural area excluding kitchen gardens,TOTAL,Total fully converted and under conversion to organic farming,IE,Ireland,2014,,1.16,,,,,
dataflow,ESTAT:SDG_02_40(1.0),Area under organic farming,A,Annual,PC_UAA,Percentage of total utilised agricultural area,UAAXK0000,Utilised agricultural area excluding kitchen gardens,TOTAL,Total fully converted and under conversion to organic farming,IE,Ireland,2015,,1.65,,,,,
dataflow,ESTAT:SDG_02_40(1.0),Area under organic farming,A,Annual,PC_UAA,Percentage of total utilised agricultural area,UAAXK0000,Utilised agricultural area excluding kitchen gardens,TOTAL,Total fully converted and under conversion to organic farming,IE,Ireland,2016,,1.72,,,,,
dataflow,ESTAT:SDG_02_40(1.0),Area under organic farming,A,Annual,PC_UAA,Percentage of total utilised agricultural area,UAAXK0000,Utilised agricultural area excluding kitchen gardens,TOTAL,Total fully converted and under conversion to organic farming,IE,Ireland,2017,,1.66,,,,,
dataflow,ESTAT:SDG_02_40(1.0),Area under organic farming,A,Annual,PC_UAA,Percentage of total utilised agricultural area,UAAXK0000,Utilised agricultural area excluding kitchen gardens,TOTAL,Total fully converted and under conversion to organic farming,IE,Ireland,2018,,1.65,,,,,
dataflow,ESTAT:SDG_02_40(1.0),Area under organic farming,A,Annual,PC_UAA,Percentage of total utilised agricultural area,UAAXK0000,Utilised agricultural area excluding kitchen gardens,TOTAL,Total fully converted and under conversion to organic farming,IE,Ireland,2019,,1.63,,,,,
dataflow,ESTAT:SDG_02_40(1.0),Area under organic farming,A,Annual,PC_UAA,Percentage of total utilised agricultural area,UAAXK0000,Utilised agricultural area excluding kitchen gardens,TOTAL,Total fully converted and under conversion to organic farming,IE,Ireland,2020,,1.66,,,,,
dataflow,ESTAT:SDG_02_40(1.0),Area under organic farming,A,Annual,PC_UAA,Percentage of total utilised agricultural area,UAAXK0000,Utilised agricultural area excluding kitchen gardens,TOTAL,Total fully converted and under conversion to organic farming,IE,Ireland,2021,,2.00,,,,,
dataflow,ESTAT:SDG_02_40(1.0),Area under organic farming,A,Annual,PC_UAA,Percentage of total utilised agricultural area,UAAXK0000,Utilised agricultural area excluding kitchen gardens,TOTAL,Total fully converted and under conversion to organic farming,IE,Ireland,2022,,2.20,,,,,
dataflow,ESTAT:SDG_02_40(1.0),Area under organic farming,A,Annual,PC_UAA,Percentage of total utilised agricultural area,UAAXK0000,Utilised agricultural area excluding kitchen gardens,TOTAL,Total fully converted and under conversion to organic farming,IE,Ireland,2023,,4.26,,,,,
dataflow,ESTAT:SDG_02_40(1.0),Area under organic farming,A,Annual,PC_UAA,Percentage of total utilised agricultural area,UAAXK0000,Utilised agricultural area excluding kitchen gardens,TOTAL,Total fully converted and under conversion to organic farming,IE,Ireland,2024,,4.97,,,,,
dataflow,ESTAT:SDG_02_40(1.0),Area under organic farming,A,Annual,PC_UAA,Percentage of total utilised agricultural area,UAAXK0000,Utilised agricultural area excluding kitchen gardens,TOTAL,Total fully converted and under conversion to organic farming,IS,Iceland,2013,,0.49,,,,,
dataflow,ESTAT:SDG_02_40(1.0),Area under organic farming,A,Annual,PC_UAA,Percentage of total utilised agricultural area,UAAXK0000,Utilised agricultural area excluding kitchen gardens,TOTAL,Total fully converted and under conversion to organic farming,IS,Iceland,2017,,0.44,,,,,
dataflow,ESTAT:SDG_02_40(1.0),Area under organic farming,A,Annual,PC_UAA,Percentage of total utilised agricultural area,UAAXK0000,Utilised agricultural area excluding kitchen gardens,TOTAL,Total fully converted and under conversion to organic farming,IS,Iceland,2019,,0.37,,,,,
dataflow,ESTAT:SDG_02_40(1.0),Area under organic farming,A,Annual,PC_UAA,Percentage of total utilised agricultural area,UAAXK0000,Utilised agricultural area excluding kitchen gardens,TOTAL,Total fully converted and under conversion to organic farming,IS,Iceland,2020,,0.32,,,,,
dataflow,ESTAT:SDG_02_40(1.0),Area under organic farming,A,Annual,PC_UAA,Percentage of total utilised agricultural area,UAAXK0000,Utilised agricultural area excluding kitchen gardens,TOTAL,Total fully converted and under conversion to organic farming,IS,Iceland,2021,,0.42,,,,,
dataflow,ESTAT:SDG_02_40(1.0),Area under organic farming,A,Annual,PC_UAA,Percentage of total utilised agricultural area,UAAXK0000,Utilised agricultural area excluding kitchen gardens,TOTAL,Total fully converted and under conversion to organic farming,IT,Italy,2000,,6.7,,,,,
dataflow,ESTAT:SDG_02_40(1.0),Area under organic farming,A,Annual,PC_UAA,Percentage of total utilised agricultural area,UAAXK0000,Utilised agricultural area excluding kitchen gardens,TOTAL,Total fully converted and under conversion to organic farming,IT,Italy,2001,,8,,,,,
dataflow,ESTAT:SDG_02_40(1.0),Area under organic farming,A,Annual,PC_UAA,Percentage of total utilised agricultural area,UAAXK0000,Utilised agricultural area excluding kitchen gardens,TOTAL,Total fully converted and under conversion to organic farming,IT,Italy,2002,,7.6,,,,,
dataflow,ESTAT:SDG_02_40(1.0),Area under organic farming,A,Annual,PC_UAA,Percentage of total utilised agricultural area,UAAXK0000,Utilised agricultural area excluding kitchen gardens,TOTAL,Total fully converted and under conversion to organic farming,IT,Italy,2003,,7,,,,,
dataflow,ESTAT:SDG_02_40(1.0),Area under organic farming,A,Annual,PC_UAA,Percentage of total utilised agricultural area,UAAXK0000,Utilised agricultural area excluding kitchen gardens,TOTAL,Total fully converted and under conversion to organic farming,IT,Italy,2004,,6.4,,,,,
dataflow,ESTAT:SDG_02_40(1.0),Area under organic farming,A,Annual,PC_UAA,Percentage of total utilised agricultural area,UAAXK0000,Utilised agricultural area excluding kitchen gardens,TOTAL,Total fully converted and under conversion to organic farming,IT,Italy,2005,,7.3,,,,,
dataflow,ESTAT:SDG_02_40(1.0),Area under organic farming,A,Annual,PC_UAA,Percentage of total utilised agricultural area,UAAXK0000,Utilised agricultural area excluding kitchen gardens,TOTAL,Total fully converted and under conversion to organic farming,IT,Italy,2006,,7.9,,e,estimated,,
dataflow,ESTAT:SDG_02_40(1.0),Area under organic farming,A,Annual,PC_UAA,Percentage of total utilised agricultural area,UAAXK0000,Utilised agricultural area excluding kitchen gardens,TOTAL,Total fully converted and under conversion to organic farming,IT,Italy,2007,,7.9,,,,,
dataflow,ESTAT:SDG_02_40(1.0),Area under organic farming,A,Annual,PC_UAA,Percentage of total utilised agricultural area,UAAXK0000,Utilised agricultural area excluding kitchen gardens,TOTAL,Total fully converted and under conversion to organic farming,IT,Italy,2008,,7.5,,,,,
dataflow,ESTAT:SDG_02_40(1.0),Area under organic farming,A,Annual,PC_UAA,Percentage of total utilised agricultural area,UAAXK0000,Utilised agricultural area excluding kitchen gardens,TOTAL,Total fully converted and under conversion to organic farming,IT,Italy,2009,,8.1,,e,estimated,,
dataflow,ESTAT:SDG_02_40(1.0),Area under organic farming,A,Annual,PC_UAA,Percentage of total utilised agricultural area,UAAXK0000,Utilised agricultural area excluding kitchen gardens,TOTAL,Total fully converted and under conversion to organic farming,IT,Italy,2010,,8.6,,,,,
dataflow,ESTAT:SDG_02_40(1.0),Area under organic farming,A,Annual,PC_UAA,Percentage of total utilised agricultural area,UAAXK0000,Utilised agricultural area excluding kitchen gardens,TOTAL,Total fully converted and under conversion to organic farming,IT,Italy,2011,,8.4,,,,,
dataflow,ESTAT:SDG_02_40(1.0),Area under organic farming,A,Annual,PC_UAA,Percentage of total utilised agricultural area,UAAXK0000,Utilised agricultural area excluding kitchen gardens,TOTAL,Total fully converted and under conversion to organic farming,IT,Italy,2012,,9.30,,,,,
dataflow,ESTAT:SDG_02_40(1.0),Area under organic farming,A,Annual,PC_UAA,Percentage of total utilised agricultural area,UAAXK0000,Utilised agricultural area excluding kitchen gardens,TOTAL,Total fully converted and under conversion to organic farming,IT,Italy,2013,,10.60,,,,,
dataflow,ESTAT:SDG_02_40(1.0),Area under organic farming,A,Annual,PC_UAA,Percentage of total utilised agricultural area,UAAXK0000,Utilised agricultural area excluding kitchen gardens,TOTAL,Total fully converted and under conversion to organic farming,IT,Italy,2014,,10.91,,,,,
dataflow,ESTAT:SDG_02_40(1.0),Area under organic farming,A,Annual,PC_UAA,Percentage of total utilised agricultural area,UAAXK0000,Utilised agricultural area excluding kitchen gardens,TOTAL,Total fully converted and under conversion to organic farming,IT,Italy,2015,,11.79,,,,,
dataflow,ESTAT:SDG_02_40(1.0),Area under organic farming,A,Annual,PC_UAA,Percentage of total utilised agricultural area,UAAXK0000,Utilised agricultural area excluding kitchen gardens,TOTAL,Total fully converted and under conversion to organic farming,IT,Italy,2016,,13.99,,,,,
dataflow,ESTAT:SDG_02_40(1.0),Area under organic farming,A,Annual,PC_UAA,Percentage of total utilised agricultural area,UAAXK0000,Utilised agricultural area excluding kitchen gardens,TOTAL,Total fully converted and under conversion to organic farming,IT,Italy,2017,,14.67,,,,,
dataflow,ESTAT:SDG_02_40(1.0),Area under organic farming,A,Annual,PC_UAA,Percentage of total utilised agricultural area,UAAXK0000,Utilised agricultural area excluding kitchen gardens,TOTAL,Total fully converted and under conversion to organic farming,IT,Italy,2018,,15.17,,,,,
dataflow,ESTAT:SDG_02_40(1.0),Area under organic farming,A,Annual,PC_UAA,Percentage of total utilised agricultural area,UAAXK0000,Utilised agricultural area excluding kitchen gardens,TOTAL,Total fully converted and under conversion to organic farming,IT,Italy,2019,,15.16,,,,,
dataflow,ESTAT:SDG_02_40(1.0),Area under organic farming,A,Annual,PC_UAA,Percentage of total utilised agricultural area,UAAXK0000,Utilised agricultural area excluding kitchen gardens,TOTAL,Total fully converted and under conversion to organic farming,IT,Italy,2020,,15.96,,,,,
dataflow,ESTAT:SDG_02_40(1.0),Area under organic farming,A,Annual,PC_UAA,Percentage of total utilised agricultural area,UAAXK0000,Utilised agricultural area excluding kitchen gardens,TOTAL,Total fully converted and under conversion to organic farming,IT,Italy,2021,,16.83,,,,,
dataflow,ESTAT:SDG_02_40(1.0),Area under organic farming,A,Annual,PC_UAA,Percentage of total utilised agricultural area,UAAXK0000,Utilised agricultural area excluding kitchen gardens,TOTAL,Total fully converted and under conversion to organic farming,IT,Italy,2022,,18.14,,,,,
dataflow,ESTAT:SDG_02_40(1.0),Area under organic farming,A,Annual,PC_UAA,Percentage of total utilised agricultural area,UAAXK0000,Utilised agricultural area excluding kitchen gardens,TOTAL,Total fully converted and under conversion to organic farming,IT,Italy,2023,,18.78,,,,,
dataflow,ESTAT:SDG_02_40(1.0),Area under organic farming,A,Annual,PC_UAA,Percentage of total utilised agricultural area,UAAXK0000,Utilised agricultural area excluding kitchen gardens,TOTAL,Total fully converted and under conversion to organic farming,IT,Italy,2024,,19.49,,,,,
dataflow,ESTAT:SDG_02_40(1.0),Area under organic farming,A,Annual,PC_UAA,Percentage of total utilised agricultural area,UAAXK0000,Utilised agricultural area excluding kitchen gardens,TOTAL,Total fully converted and under conversion to organic farming,LT,Lithuania,2004,,1.4,,,,,
dataflow,ESTAT:SDG_02_40(1.0),Area under organic farming,A,Annual,PC_UAA,Percentage of total utilised agricultural area,UAAXK0000,Utilised agricultural area excluding kitchen gardens,TOTAL,Total fully converted and under conversion to organic farming,LT,Lithuania,2005,,2.3,,,,,
dataflow,ESTAT:SDG_02_40(1.0),Area under organic farming,A,Annual,PC_UAA,Percentage of total utilised agricultural area,UAAXK0000,Utilised agricultural area excluding kitchen gardens,TOTAL,Total fully converted and under conversion to organic farming,LT,Lithuania,2006,,3.5,,,,,
dataflow,ESTAT:SDG_02_40(1.0),Area under organic farming,A,Annual,PC_UAA,Percentage of total utilised agricultural area,UAAXK0000,Utilised agricultural area excluding kitchen gardens,TOTAL,Total fully converted and under conversion to organic farming,LT,Lithuania,2007,,4.5,,,,,
dataflow,ESTAT:SDG_02_40(1.0),Area under organic farming,A,Annual,PC_UAA,Percentage of total utilised agricultural area,UAAXK0000,Utilised agricultural area excluding kitchen gardens,TOTAL,Total fully converted and under conversion to organic farming,LT,Lithuania,2008,,4.6,,,,,
dataflow,ESTAT:SDG_02_40(1.0),Area under organic farming,A,Annual,PC_UAA,Percentage of total utilised agricultural area,UAAXK0000,Utilised agricultural area excluding kitchen gardens,TOTAL,Total fully converted and under conversion to organic farming,LT,Lithuania,2009,,4.8,,,,,
dataflow,ESTAT:SDG_02_40(1.0),Area under organic farming,A,Annual,PC_UAA,Percentage of total utilised agricultural area,UAAXK0000,Utilised agricultural area excluding kitchen gardens,TOTAL,Total fully converted and under conversion to organic farming,LT,Lithuania,2010,,5.2,,,,,
dataflow,ESTAT:SDG_02_40(1.0),Area under organic farming,A,Annual,PC_UAA,Percentage of total utilised agricultural area,UAAXK0000,Utilised agricultural area excluding kitchen gardens,TOTAL,Total fully converted and under conversion to organic farming,LT,Lithuania,2011,,5.4,,,,,
dataflow,ESTAT:SDG_02_40(1.0),Area under organic farming,A,Annual,PC_UAA,Percentage of total utilised agricultural area,UAAXK0000,Utilised agricultural area excluding kitchen gardens,TOTAL,Total fully converted and under conversion to organic farming,LT,Lithuania,2012,,5.51,,,,,
dataflow,ESTAT:SDG_02_40(1.0),Area under organic farming,A,Annual,PC_UAA,Percentage of total utilised agricultural area,UAAXK0000,Utilised agricultural area excluding kitchen gardens,TOTAL,Total fully converted and under conversion to organic farming,LT,Lithuania,2013,,5.74,,,,,
dataflow,ESTAT:SDG_02_40(1.0),Area under organic farming,A,Annual,PC_UAA,Percentage of total utilised agricultural area,UAAXK0000,Utilised agricultural area excluding kitchen gardens,TOTAL,Total fully converted and under conversion to organic farming,LT,Lithuania,2014,,5.57,,,,,
dataflow,ESTAT:SDG_02_40(1.0),Area under organic farming,A,Annual,PC_UAA,Percentage of total utilised agricultural area,UAAXK0000,Utilised agricultural area excluding kitchen gardens,TOTAL,Total fully converted and under conversion to organic farming,LT,Lithuania,2015,,7.11,,,,,
dataflow,ESTAT:SDG_02_40(1.0),Area under organic farming,A,Annual,PC_UAA,Percentage of total utilised agricultural area,UAAXK0000,Utilised agricultural area excluding kitchen gardens,TOTAL,Total fully converted and under conversion to organic farming,LT,Lithuania,2016,,7.50,,,,,
dataflow,ESTAT:SDG_02_40(1.0),Area under organic farming,A,Annual,PC_UAA,Percentage of total utilised agricultural area,UAAXK0000,Utilised agricultural area excluding kitchen gardens,TOTAL,Total fully converted and under conversion to organic farming,LT,Lithuania,2017,,7.98,,,,,
dataflow,ESTAT:SDG_02_40(1.0),Area under organic farming,A,Annual,PC_UAA,Percentage of total utilised agricultural area,UAAXK0000,Utilised agricultural area excluding kitchen gardens,TOTAL,Total fully converted and under conversion to organic farming,LT,Lithuania,2018,,8.13,,,,,
dataflow,ESTAT:SDG_02_40(1.0),Area under organic farming,A,Annual,PC_UAA,Percentage of total utilised agricultural area,UAAXK0000,Utilised agricultural area excluding kitchen gardens,TOTAL,Total fully converted and under conversion to organic farming,LT,Lithuania,2019,,8.14,,,,,
dataflow,ESTAT:SDG_02_40(1.0),Area under organic farming,A,Annual,PC_UAA,Percentage of total utilised agricultural area,UAAXK0000,Utilised agricultural area excluding kitchen gardens,TOTAL,Total fully converted and under conversion to organic farming,LT,Lithuania,2020,,8.00,,,,,
dataflow,ESTAT:SDG_02_40(1.0),Area under organic farming,A,Annual,PC_UAA,Percentage of total utilised agricultural area,UAAXK0000,Utilised agricultural area excluding kitchen gardens,TOTAL,Total fully converted and under conversion to organic farming,LT,Lithuania,2021,,8.91,,,,,
dataflow,ESTAT:SDG_02_40(1.0),Area under organic farming,A,Annual,PC_UAA,Percentage of total utilised agricultural area,UAAXK0000,Utilised agricultural area excluding kitchen gardens,TOTAL,Total fully converted and under conversion to organic farming,LT,Lithuania,2022,,9.32,,,,,
dataflow,ESTAT:SDG_02_40(1.0),Area under organic farming,A,Annual,PC_UAA,Percentage of total utilised agricultural area,UAAXK0000,Utilised agricultural area excluding kitchen gardens,TOTAL,Total fully converted and under conversion to organic farming,LT,Lithuania,2023,,8.92,,,,,
dataflow,ESTAT:SDG_02_40(1.0),Area under organic farming,A,Annual,PC_UAA,Percentage of total utilised agricultural area,UAAXK0000,Utilised agricultural area excluding kitchen gardens,TOTAL,Total fully converted and under conversion to organic farming,LT,Lithuania,2024,,8.77,,,,,
dataflow,ESTAT:SDG_02_40(1.0),Area under organic farming,A,Annual,PC_UAA,Percentage of total utilised agricultural area,UAAXK0000,Utilised agricultural area excluding kitchen gardens,TOTAL,Total fully converted and under conversion to organic farming,LU,Luxembourg,2000,,0.8,,,,,
dataflow,ESTAT:SDG_02_40(1.0),Area under organic farming,A,Annual,PC_UAA,Percentage of total utilised agricultural area,UAAXK0000,Utilised agricultural area excluding kitchen gardens,TOTAL,Total fully converted and under conversion to organic farming,LU,Luxembourg,2001,,1.6,,,,,
dataflow,ESTAT:SDG_02_40(1.0),Area under organic farming,A,Annual,PC_UAA,Percentage of total utilised agricultural area,UAAXK0000,Utilised agricultural area excluding kitchen gardens,TOTAL,Total fully converted and under conversion to organic farming,LU,Luxembourg,2002,,2.2,,,,,
dataflow,ESTAT:SDG_02_40(1.0),Area under organic farming,A,Annual,PC_UAA,Percentage of total utilised agricultural area,UAAXK0000,Utilised agricultural area excluding kitchen gardens,TOTAL,Total fully converted and under conversion to organic farming,LU,Luxembourg,2003,,2.3,,,,,
dataflow,ESTAT:SDG_02_40(1.0),Area under organic farming,A,Annual,PC_UAA,Percentage of total utilised agricultural area,UAAXK0000,Utilised agricultural area excluding kitchen gardens,TOTAL,Total fully converted and under conversion to organic farming,LU,Luxembourg,2004,,2.5,,,,,
dataflow,ESTAT:SDG_02_40(1.0),Area under organic farming,A,Annual,PC_UAA,Percentage of total utilised agricultural area,UAAXK0000,Utilised agricultural area excluding kitchen gardens,TOTAL,Total fully converted and under conversion to organic farming,LU,Luxembourg,2005,,2.4,,e,estimated,,
dataflow,ESTAT:SDG_02_40(1.0),Area under organic farming,A,Annual,PC_UAA,Percentage of total utilised agricultural area,UAAXK0000,Utilised agricultural area excluding kitchen gardens,TOTAL,Total fully converted and under conversion to organic farming,LU,Luxembourg,2006,,2.4,,e,estimated,,
dataflow,ESTAT:SDG_02_40(1.0),Area under organic farming,A,Annual,PC_UAA,Percentage of total utilised agricultural area,UAAXK0000,Utilised agricultural area excluding kitchen gardens,TOTAL,Total fully converted and under conversion to organic farming,LU,Luxembourg,2007,,2.6,,,,,
dataflow,ESTAT:SDG_02_40(1.0),Area under organic farming,A,Annual,PC_UAA,Percentage of total utilised agricultural area,UAAXK0000,Utilised agricultural area excluding kitchen gardens,TOTAL,Total fully converted and under conversion to organic farming,LU,Luxembourg,2008,,2.7,,,,,
dataflow,ESTAT:SDG_02_40(1.0),Area under organic farming,A,Annual,PC_UAA,Percentage of total utilised agricultural area,UAAXK0000,Utilised agricultural area excluding kitchen gardens,TOTAL,Total fully converted and under conversion to organic farming,LU,Luxembourg,2009,,2.7,,e,estimated,,
dataflow,ESTAT:SDG_02_40(1.0),Area under organic farming,A,Annual,PC_UAA,Percentage of total utilised agricultural area,UAAXK0000,Utilised agricultural area excluding kitchen gardens,TOTAL,Total fully converted and under conversion to organic farming,LU,Luxembourg,2010,,2.8,,e,estimated,,
dataflow,ESTAT:SDG_02_40(1.0),Area under organic farming,A,Annual,PC_UAA,Percentage of total utilised agricultural area,UAAXK0000,Utilised agricultural area excluding kitchen gardens,TOTAL,Total fully converted and under conversion to organic farming,LU,Luxembourg,2011,,2.8,,e,estimated,,
dataflow,ESTAT:SDG_02_40(1.0),Area under organic farming,A,Annual,PC_UAA,Percentage of total utilised agricultural area,UAAXK0000,Utilised agricultural area excluding kitchen gardens,TOTAL,Total fully converted and under conversion to organic farming,LU,Luxembourg,2012,,3.14,,,,,
dataflow,ESTAT:SDG_02_40(1.0),Area under organic farming,A,Annual,PC_UAA,Percentage of total utilised agricultural area,UAAXK0000,Utilised agricultural area excluding kitchen gardens,TOTAL,Total fully converted and under conversion to organic farming,LU,Luxembourg,2013,,3.39,,,,,
dataflow,ESTAT:SDG_02_40(1.0),Area under organic farming,A,Annual,PC_UAA,Percentage of total utilised agricultural area,UAAXK0000,Utilised agricultural area excluding kitchen gardens,TOTAL,Total fully converted and under conversion to organic farming,LU,Luxembourg,2014,,3.43,,,,,
dataflow,ESTAT:SDG_02_40(1.0),Area under organic farming,A,Annual,PC_UAA,Percentage of total utilised agricultural area,UAAXK0000,Utilised agricultural area excluding kitchen gardens,TOTAL,Total fully converted and under conversion to organic farming,LU,Luxembourg,2015,,3.21,,,,,
dataflow,ESTAT:SDG_02_40(1.0),Area under organic farming,A,Annual,PC_UAA,Percentage of total utilised agricultural area,UAAXK0000,Utilised agricultural area excluding kitchen gardens,TOTAL,Total fully converted and under conversion to organic farming,LU,Luxembourg,2016,,3.47,,,,,
dataflow,ESTAT:SDG_02_40(1.0),Area under organic farming,A,Annual,PC_UAA,Percentage of total utilised agricultural area,UAAXK0000,Utilised agricultural area excluding kitchen gardens,TOTAL,Total fully converted and under conversion to organic farming,LU,Luxembourg,2017,,4.15,,,,,
dataflow,ESTAT:SDG_02_40(1.0),Area under organic farming,A,Annual,PC_UAA,Percentage of total utilised agricultural area,UAAXK0000,Utilised agricultural area excluding kitchen gardens,TOTAL,Total fully converted and under conversion to organic farming,LU,Luxembourg,2018,,4.39,,,,,
dataflow,ESTAT:SDG_02_40(1.0),Area under organic farming,A,Annual,PC_UAA,Percentage of total utilised agricultural area,UAAXK0000,Utilised agricultural area excluding kitchen gardens,TOTAL,Total fully converted and under conversion to organic farming,LU,Luxembourg,2019,,4.42,,,,,
dataflow,ESTAT:SDG_02_40(1.0),Area under organic farming,A,Annual,PC_UAA,Percentage of total utilised agricultural area,UAAXK0000,Utilised agricultural area excluding kitchen gardens,TOTAL,Total fully converted and under conversion to organic farming,LU,Luxembourg,2020,,4.63,,,,,
dataflow,ESTAT:SDG_02_40(1.0),Area under organic farming,A,Annual,PC_UAA,Percentage of total utilised agricultural area,UAAXK0000,Utilised agricultural area excluding kitchen gardens,TOTAL,Total fully converted and under conversion to organic farming,LU,Luxembourg,2021,,5.19,,,,,
dataflow,ESTAT:SDG_02_40(1.0),Area under organic farming,A,Annual,PC_UAA,Percentage of total utilised agricultural area,UAAXK0000,Utilised agricultural area excluding kitchen gardens,TOTAL,Total fully converted and under conversion to organic farming,LU,Luxembourg,2022,,6.23,,,,,
dataflow,ESTAT:SDG_02_40(1.0),Area under organic farming,A,Annual,PC_UAA,Percentage of total utilised agricultural area,UAAXK0000,Utilised agricultural area excluding kitchen gardens,TOTAL,Total fully converted and under conversion to organic farming,LU,Luxembourg,2023,,6.57,,,,,
dataflow,ESTAT:SDG_02_40(1.0),Area under organic farming,A,Annual,PC_UAA,Percentage of total utilised agricultural area,UAAXK0000,Utilised agricultural area excluding kitchen gardens,TOTAL,Total fully converted and under conversion to organic farming,LU,Luxembourg,2024,,7.19,,,,,
dataflow,ESTAT:SDG_02_40(1.0),Area under organic farming,A,Annual,PC_UAA,Percentage of total utilised agricultural area,UAAXK0000,Utilised agricultural area excluding kitchen gardens,TOTAL,Total fully converted and under conversion to organic farming,LV,Latvia,2004,,1.6,,,,,
dataflow,ESTAT:SDG_02_40(1.0),Area under organic farming,A,Annual,PC_UAA,Percentage of total utilised agricultural area,UAAXK0000,Utilised agricultural area excluding kitchen gardens,TOTAL,Total fully converted and under conversion to organic farming,LV,Latvia,2005,,6.8,,,,,
dataflow,ESTAT:SDG_02_40(1.0),Area under organic farming,A,Annual,PC_UAA,Percentage of total utilised agricultural area,UAAXK0000,Utilised agricultural area excluding kitchen gardens,TOTAL,Total fully converted and under conversion to organic farming,LV,Latvia,2006,,9.4,,,,,
dataflow,ESTAT:SDG_02_40(1.0),Area under organic farming,A,Annual,PC_UAA,Percentage of total utilised agricultural area,UAAXK0000,Utilised agricultural area excluding kitchen gardens,TOTAL,Total fully converted and under conversion to organic farming,LV,Latvia,2007,,8.1,,,,,
dataflow,ESTAT:SDG_02_40(1.0),Area under organic farming,A,Annual,PC_UAA,Percentage of total utilised agricultural area,UAAXK0000,Utilised agricultural area excluding kitchen gardens,TOTAL,Total fully converted and under conversion to organic farming,LV,Latvia,2008,,8.9,,,,,
dataflow,ESTAT:SDG_02_40(1.0),Area under organic farming,A,Annual,PC_UAA,Percentage of total utilised agricultural area,UAAXK0000,Utilised agricultural area excluding kitchen gardens,TOTAL,Total fully converted and under conversion to organic farming,LV,Latvia,2009,,8.7,,,,,
dataflow,ESTAT:SDG_02_40(1.0),Area under organic farming,A,Annual,PC_UAA,Percentage of total utilised agricultural area,UAAXK0000,Utilised agricultural area excluding kitchen gardens,TOTAL,Total fully converted and under conversion to organic farming,LV,Latvia,2010,,9.2,,,,,
dataflow,ESTAT:SDG_02_40(1.0),Area under organic farming,A,Annual,PC_UAA,Percentage of total utilised agricultural area,UAAXK0000,Utilised agricultural area excluding kitchen gardens,TOTAL,Total fully converted and under conversion to organic farming,LV,Latvia,2011,,10.1,,,,,
dataflow,ESTAT:SDG_02_40(1.0),Area under organic farming,A,Annual,PC_UAA,Percentage of total utilised agricultural area,UAAXK0000,Utilised agricultural area excluding kitchen gardens,TOTAL,Total fully converted and under conversion to organic farming,LV,Latvia,2012,,10.63,,,,,
dataflow,ESTAT:SDG_02_40(1.0),Area under organic farming,A,Annual,PC_UAA,Percentage of total utilised agricultural area,UAAXK0000,Utilised agricultural area excluding kitchen gardens,TOTAL,Total fully converted and under conversion to organic farming,LV,Latvia,2013,,9.89,,,,,
dataflow,ESTAT:SDG_02_40(1.0),Area under organic farming,A,Annual,PC_UAA,Percentage of total utilised agricultural area,UAAXK0000,Utilised agricultural area excluding kitchen gardens,TOTAL,Total fully converted and under conversion to organic farming,LV,Latvia,2014,,10.86,,,,,
dataflow,ESTAT:SDG_02_40(1.0),Area under organic farming,A,Annual,PC_UAA,Percentage of total utilised agricultural area,UAAXK0000,Utilised agricultural area excluding kitchen gardens,TOTAL,Total fully converted and under conversion to organic farming,LV,Latvia,2015,,12.29,,,,,
dataflow,ESTAT:SDG_02_40(1.0),Area under organic farming,A,Annual,PC_UAA,Percentage of total utilised agricultural area,UAAXK0000,Utilised agricultural area excluding kitchen gardens,TOTAL,Total fully converted and under conversion to organic farming,LV,Latvia,2016,,13.42,,,,,
dataflow,ESTAT:SDG_02_40(1.0),Area under organic farming,A,Annual,PC_UAA,Percentage of total utilised agricultural area,UAAXK0000,Utilised agricultural area excluding kitchen gardens,TOTAL,Total fully converted and under conversion to organic farming,LV,Latvia,2017,,13.92,,,,,
dataflow,ESTAT:SDG_02_40(1.0),Area under organic farming,A,Annual,PC_UAA,Percentage of total utilised agricultural area,UAAXK0000,Utilised agricultural area excluding kitchen gardens,TOTAL,Total fully converted and under conversion to organic farming,LV,Latvia,2018,,14.47,,p,provisional,,
dataflow,ESTAT:SDG_02_40(1.0),Area under organic farming,A,Annual,PC_UAA,Percentage of total utilised agricultural area,UAAXK0000,Utilised agricultural area excluding kitchen gardens,TOTAL,Total fully converted and under conversion to organic farming,LV,Latvia,2019,,14.79,,,,,
dataflow,ESTAT:SDG_02_40(1.0),Area under organic farming,A,Annual,PC_UAA,Percentage of total utilised agricultural area,UAAXK0000,Utilised agricultural area excluding kitchen gardens,TOTAL,Total fully converted and under conversion to organic farming,LV,Latvia,2020,,14.79,,,,,
dataflow,ESTAT:SDG_02_40(1.0),Area under organic farming,A,Annual,PC_UAA,Percentage of total utilised agricultural area,UAAXK0000,Utilised agricultural area excluding kitchen gardens,TOTAL,Total fully converted and under conversion to organic farming,LV,Latvia,2021,,15.34,,,,,
dataflow,ESTAT:SDG_02_40(1.0),Area under organic farming,A,Annual,PC_UAA,Percentage of total utilised agricultural area,UAAXK0000,Utilised agricultural area excluding kitchen gardens,TOTAL,Total fully converted and under conversion to organic farming,LV,Latvia,2022,,15.88,,,,,
dataflow,ESTAT:SDG_02_40(1.0),Area under organic farming,A,Annual,PC_UAA,Percentage of total utilised agricultural area,UAAXK0000,Utilised agricultural area excluding kitchen gardens,TOTAL,Total fully converted and under conversion to organic farming,LV,Latvia,2023,,15.08,,,,,
dataflow,ESTAT:SDG_02_40(1.0),Area under organic farming,A,Annual,PC_UAA,Percentage of total utilised agricultural area,UAAXK0000,Utilised agricultural area excluding kitchen gardens,TOTAL,Total fully converted and under conversion to organic farming,LV,Latvia,2024,,15.59,,,,,
dataflow,ESTAT:SDG_02_40(1.0),Area under organic farming,A,Annual,PC_UAA,Percentage of total utilised agricultural area,UAAXK0000,Utilised agricultural area excluding kitchen gardens,TOTAL,Total fully converted and under conversion to organic farming,ME,Montenegro,2016,,1.36,,p,provisional,,
dataflow,ESTAT:SDG_02_40(1.0),Area under organic farming,A,Annual,PC_UAA,Percentage of total utilised agricultural area,UAAXK0000,Utilised agricultural area excluding kitchen gardens,TOTAL,Total fully converted and under conversion to organic farming,ME,Montenegro,2017,,1.06,,p,provisional,,
dataflow,ESTAT:SDG_02_40(1.0),Area under organic farming,A,Annual,PC_UAA,Percentage of total utilised agricultural area,UAAXK0000,Utilised agricultural area excluding kitchen gardens,TOTAL,Total fully converted and under conversion to organic farming,ME,Montenegro,2018,,1.73,,p,provisional,,
dataflow,ESTAT:SDG_02_40(1.0),Area under organic farming,A,Annual,PC_UAA,Percentage of total utilised agricultural area,UAAXK0000,Utilised agricultural area excluding kitchen gardens,TOTAL,Total fully converted and under conversion to organic farming,ME,Montenegro,2019,,1.85,,p,provisional,,
dataflow,ESTAT:SDG_02_40(1.0),Area under organic farming,A,Annual,PC_UAA,Percentage of total utilised agricultural area,UAAXK0000,Utilised agricultural area excluding kitchen gardens,TOTAL,Total fully converted and under conversion to organic farming,ME,Montenegro,2020,,1.87,,p,provisional,,
dataflow,ESTAT:SDG_02_40(1.0),Area under organic farming,A,Annual,PC_UAA,Percentage of total utilised agricultural area,UAAXK0000,Utilised agricultural area excluding kitchen gardens,TOTAL,Total fully converted and under conversion to organic farming,ME,Montenegro,2021,,1.72,,p,provisional,,
dataflow,ESTAT:SDG_02_40(1.0),Area under organic farming,A,Annual,PC_UAA,Percentage of total utilised agricultural area,UAAXK0000,Utilised agricultural area excluding kitchen gardens,TOTAL,Total fully converted and under conversion to organic farming,ME,Montenegro,2022,,1.56,,p,provisional,,
dataflow,ESTAT:SDG_02_40(1.0),Area under organic farming,A,Annual,PC_UAA,Percentage of total utilised agricultural area,UAAXK0000,Utilised agricultural area excluding kitchen gardens,TOTAL,Total fully converted and under conversion to organic farming,ME,Montenegro,2023,,1.62,,p,provisional,,
dataflow,ESTAT:SDG_02_40(1.0),Area under organic farming,A,Annual,PC_UAA,Percentage of total utilised agricultural area,UAAXK0000,Utilised agricultural area excluding kitchen gardens,TOTAL,Total fully converted and under conversion to organic farming,ME,Montenegro,2024,,1.83,,,,,
dataflow,ESTAT:SDG_02_40(1.0),Area under organic farming,A,Annual,PC_UAA,Percentage of total utilised agricultural area,UAAXK0000,Utilised agricultural area excluding kitchen gardens,TOTAL,Total fully converted and under conversion to organic farming,MK,North Macedonia,2013,,0.82,,,,,
dataflow,ESTAT:SDG_02_40(1.0),Area under organic farming,A,Annual,PC_UAA,Percentage of total utilised agricultural area,UAAXK0000,Utilised agricultural area excluding kitchen gardens,TOTAL,Total fully converted and under conversion to organic farming,MK,North Macedonia,2014,,0.79,,,,,
dataflow,ESTAT:SDG_02_40(1.0),Area under organic farming,A,Annual,PC_UAA,Percentage of total utilised agricultural area,UAAXK0000,Utilised agricultural area excluding kitchen gardens,TOTAL,Total fully converted and under conversion to organic farming,MK,North Macedonia,2015,,0.17,,d,definition differs (see metadata),,
dataflow,ESTAT:SDG_02_40(1.0),Area under organic farming,A,Annual,PC_UAA,Percentage of total utilised agricultural area,UAAXK0000,Utilised agricultural area excluding kitchen gardens,TOTAL,Total fully converted and under conversion to organic farming,MK,North Macedonia,2016,,0.26,,d,definition differs (see metadata),,
dataflow,ESTAT:SDG_02_40(1.0),Area under organic farming,A,Annual,PC_UAA,Percentage of total utilised agricultural area,UAAXK0000,Utilised agricultural area excluding kitchen gardens,TOTAL,Total fully converted and under conversion to organic farming,MK,North Macedonia,2017,,0.25,,d,definition differs (see metadata),,
dataflow,ESTAT:SDG_02_40(1.0),Area under organic farming,A,Annual,PC_UAA,Percentage of total utilised agricultural area,UAAXK0000,Utilised agricultural area excluding kitchen gardens,TOTAL,Total fully converted and under conversion to organic farming,MK,North Macedonia,2018,,0.35,,d,definition differs (see metadata),,
dataflow,ESTAT:SDG_02_40(1.0),Area under organic farming,A,Annual,PC_UAA,Percentage of total utilised agricultural area,UAAXK0000,Utilised agricultural area excluding kitchen gardens,TOTAL,Total fully converted and under conversion to organic farming,MK,North Macedonia,2019,,0.29,,d,definition differs (see metadata),,
dataflow,ESTAT:SDG_02_40(1.0),Area under organic farming,A,Annual,PC_UAA,Percentage of total utilised agricultural area,UAAXK0000,Utilised agricultural area excluding kitchen gardens,TOTAL,Total fully converted and under conversion to organic farming,MK,North Macedonia,2020,,0.29,,d,definition differs (see metadata),,
dataflow,ESTAT:SDG_02_40(1.0),Area under organic farming,A,Annual,PC_UAA,Percentage of total utilised agricultural area,UAAXK0000,Utilised agricultural area excluding kitchen gardens,TOTAL,Total fully converted and under conversion to organic farming,MK,North Macedonia,2021,,0.31,,d,definition differs (see metadata),,
dataflow,ESTAT:SDG_02_40(1.0),Area under organic farming,A,Annual,PC_UAA,Percentage of total utilised agricultural area,UAAXK0000,Utilised agricultural area excluding kitchen gardens,TOTAL,Total fully converted and under conversion to organic farming,MK,North Macedonia,2022,,0.37,,d,definition differs (see metadata),,
dataflow,ESTAT:SDG_02_40(1.0),Area under organic farming,A,Annual,PC_UAA,Percentage of total utilised agricultural area,UAAXK0000,Utilised agricultural area excluding kitchen gardens,TOTAL,Total fully converted and under conversion to organic farming,MK,North Macedonia,2023,,0.34,,d,definition differs (see metadata),,
dataflow,ESTAT:SDG_02_40(1.0),Area under organic farming,A,Annual,PC_UAA,Percentage of total utilised agricultural area,UAAXK0000,Utilised agricultural area excluding kitchen gardens,TOTAL,Total fully converted and under conversion to organic farming,MK,North Macedonia,2024,,0.33,,d,definition differs (see metadata),,
dataflow,ESTAT:SDG_02_40(1.0),Area under organic farming,A,Annual,PC_UAA,Percentage of total utilised agricultural area,UAAXK0000,Utilised agricultural area excluding kitchen gardens,TOTAL,Total fully converted and under conversion to organic farming,MT,Malta,2004,,0,,,,,
dataflow,ESTAT:SDG_02_40(1.0),Area under organic farming,A,Annual,PC_UAA,Percentage of total utilised agricultural area,UAAXK0000,Utilised agricultural area excluding kitchen gardens,TOTAL,Total fully converted and under conversion to organic farming,MT,Malta,2005,,0.1,,,,,
dataflow,ESTAT:SDG_02_40(1.0),Area under organic farming,A,Annual,PC_UAA,Percentage of total utilised agricultural area,UAAXK0000,Utilised agricultural area excluding kitchen gardens,TOTAL,Total fully converted and under conversion to organic farming,MT,Malta,2006,,0.2,,,,,
dataflow,ESTAT:SDG_02_40(1.0),Area under organic farming,A,Annual,PC_UAA,Percentage of total utilised agricultural area,UAAXK0000,Utilised agricultural area excluding kitchen gardens,TOTAL,Total fully converted and under conversion to organic farming,MT,Malta,2007,,0.3,,e,estimated,,
dataflow,ESTAT:SDG_02_40(1.0),Area under organic farming,A,Annual,PC_UAA,Percentage of total utilised agricultural area,UAAXK0000,Utilised agricultural area excluding kitchen gardens,TOTAL,Total fully converted and under conversion to organic farming,MT,Malta,2008,,0.4,,e,estimated,,
dataflow,ESTAT:SDG_02_40(1.0),Area under organic farming,A,Annual,PC_UAA,Percentage of total utilised agricultural area,UAAXK0000,Utilised agricultural area excluding kitchen gardens,TOTAL,Total fully converted and under conversion to organic farming,MT,Malta,2009,,0.5,,e,estimated,,
dataflow,ESTAT:SDG_02_40(1.0),Area under organic farming,A,Annual,PC_UAA,Percentage of total utilised agricultural area,UAAXK0000,Utilised agricultural area excluding kitchen gardens,TOTAL,Total fully converted and under conversion to organic farming,MT,Malta,2010,,0.2,,,,,
dataflow,ESTAT:SDG_02_40(1.0),Area under organic farming,A,Annual,PC_UAA,Percentage of total utilised agricultural area,UAAXK0000,Utilised agricultural area excluding kitchen gardens,TOTAL,Total fully converted and under conversion to organic farming,MT,Malta,2011,,0.2,,e,estimated,,
dataflow,ESTAT:SDG_02_40(1.0),Area under organic farming,A,Annual,PC_UAA,Percentage of total utilised agricultural area,UAAXK0000,Utilised agricultural area excluding kitchen gardens,TOTAL,Total fully converted and under conversion to organic farming,MT,Malta,2012,,0.32,,,,,
dataflow,ESTAT:SDG_02_40(1.0),Area under organic farming,A,Annual,PC_UAA,Percentage of total utilised agricultural area,UAAXK0000,Utilised agricultural area excluding kitchen gardens,TOTAL,Total fully converted and under conversion to organic farming,MT,Malta,2013,,0.06,,,,,
dataflow,ESTAT:SDG_02_40(1.0),Area under organic farming,A,Annual,PC_UAA,Percentage of total utilised agricultural area,UAAXK0000,Utilised agricultural area excluding kitchen gardens,TOTAL,Total fully converted and under conversion to organic farming,MT,Malta,2014,,0.29,,,,,
dataflow,ESTAT:SDG_02_40(1.0),Area under organic farming,A,Annual,PC_UAA,Percentage of total utilised agricultural area,UAAXK0000,Utilised agricultural area excluding kitchen gardens,TOTAL,Total fully converted and under conversion to organic farming,MT,Malta,2015,,0.25,,,,,
dataflow,ESTAT:SDG_02_40(1.0),Area under organic farming,A,Annual,PC_UAA,Percentage of total utilised agricultural area,UAAXK0000,Utilised agricultural area excluding kitchen gardens,TOTAL,Total fully converted and under conversion to organic farming,MT,Malta,2016,,0.21,,,,,
dataflow,ESTAT:SDG_02_40(1.0),Area under organic farming,A,Annual,PC_UAA,Percentage of total utilised agricultural area,UAAXK0000,Utilised agricultural area excluding kitchen gardens,TOTAL,Total fully converted and under conversion to organic farming,MT,Malta,2017,,0.35,,,,,
dataflow,ESTAT:SDG_02_40(1.0),Area under organic farming,A,Annual,PC_UAA,Percentage of total utilised agricultural area,UAAXK0000,Utilised agricultural area excluding kitchen gardens,TOTAL,Total fully converted and under conversion to organic farming,MT,Malta,2018,,0.41,,,,,
dataflow,ESTAT:SDG_02_40(1.0),Area under organic farming,A,Annual,PC_UAA,Percentage of total utilised agricultural area,UAAXK0000,Utilised agricultural area excluding kitchen gardens,TOTAL,Total fully converted and under conversion to organic farming,MT,Malta,2019,,0.47,,,,,
dataflow,ESTAT:SDG_02_40(1.0),Area under organic farming,A,Annual,PC_UAA,Percentage of total utilised agricultural area,UAAXK0000,Utilised agricultural area excluding kitchen gardens,TOTAL,Total fully converted and under conversion to organic farming,MT,Malta,2020,,0.62,,,,,
dataflow,ESTAT:SDG_02_40(1.0),Area under organic farming,A,Annual,PC_UAA,Percentage of total utilised agricultural area,UAAXK0000,Utilised agricultural area excluding kitchen gardens,TOTAL,Total fully converted and under conversion to organic farming,MT,Malta,2021,,0.61,,,,,
dataflow,ESTAT:SDG_02_40(1.0),Area under organic farming,A,Annual,PC_UAA,Percentage of total utilised agricultural area,UAAXK0000,Utilised agricultural area excluding kitchen gardens,TOTAL,Total fully converted and under conversion to organic farming,MT,Malta,2022,,0.62,,,,,
dataflow,ESTAT:SDG_02_40(1.0),Area under organic farming,A,Annual,PC_UAA,Percentage of total utilised agricultural area,UAAXK0000,Utilised agricultural area excluding kitchen gardens,TOTAL,Total fully converted and under conversion to organic farming,MT,Malta,2023,,0.78,,,,,
dataflow,ESTAT:SDG_02_40(1.0),Area under organic farming,A,Annual,PC_UAA,Percentage of total utilised agricultural area,UAAXK0000,Utilised agricultural area excluding kitchen gardens,TOTAL,Total fully converted and under conversion to organic farming,MT,Malta,2024,,0.77,,,,,
dataflow,ESTAT:SDG_02_40(1.0),Area under organic farming,A,Annual,PC_UAA,Percentage of total utilised agricultural area,UAAXK0000,Utilised agricultural area excluding kitchen gardens,TOTAL,Total fully converted and under conversion to organic farming,NL,Netherlands,2000,,1.6,,,,,
dataflow,ESTAT:SDG_02_40(1.0),Area under organic farming,A,Annual,PC_UAA,Percentage of total utilised agricultural area,UAAXK0000,Utilised agricultural area excluding kitchen gardens,TOTAL,Total fully converted and under conversion to organic farming,NL,Netherlands,2001,,1.9,,,,,
dataflow,ESTAT:SDG_02_40(1.0),Area under organic farming,A,Annual,PC_UAA,Percentage of total utilised agricultural area,UAAXK0000,Utilised agricultural area excluding kitchen gardens,TOTAL,Total fully converted and under conversion to organic farming,NL,Netherlands,2002,,2.2,,,,,
dataflow,ESTAT:SDG_02_40(1.0),Area under organic farming,A,Annual,PC_UAA,Percentage of total utilised agricultural area,UAAXK0000,Utilised agricultural area excluding kitchen gardens,TOTAL,Total fully converted and under conversion to organic farming,NL,Netherlands,2003,,2.2,,,,,
dataflow,ESTAT:SDG_02_40(1.0),Area under organic farming,A,Annual,PC_UAA,Percentage of total utilised agricultural area,UAAXK0000,Utilised agricultural area excluding kitchen gardens,TOTAL,Total fully converted and under conversion to organic farming,NL,Netherlands,2004,,2.5,,,,,
dataflow,ESTAT:SDG_02_40(1.0),Area under organic farming,A,Annual,PC_UAA,Percentage of total utilised agricultural area,UAAXK0000,Utilised agricultural area excluding kitchen gardens,TOTAL,Total fully converted and under conversion to organic farming,NL,Netherlands,2005,,2.5,,,,,
dataflow,ESTAT:SDG_02_40(1.0),Area under organic farming,A,Annual,PC_UAA,Percentage of total utilised agricultural area,UAAXK0000,Utilised agricultural area excluding kitchen gardens,TOTAL,Total fully converted and under conversion to organic farming,NL,Netherlands,2006,,2.5,,,,,
dataflow,ESTAT:SDG_02_40(1.0),Area under organic farming,A,Annual,PC_UAA,Percentage of total utilised agricultural area,UAAXK0000,Utilised agricultural area excluding kitchen gardens,TOTAL,Total fully converted and under conversion to organic farming,NL,Netherlands,2007,,2.5,,,,,
dataflow,ESTAT:SDG_02_40(1.0),Area under organic farming,A,Annual,PC_UAA,Percentage of total utilised agricultural area,UAAXK0000,Utilised agricultural area excluding kitchen gardens,TOTAL,Total fully converted and under conversion to organic farming,NL,Netherlands,2008,,2.6,,,,,
dataflow,ESTAT:SDG_02_40(1.0),Area under organic farming,A,Annual,PC_UAA,Percentage of total utilised agricultural area,UAAXK0000,Utilised agricultural area excluding kitchen gardens,TOTAL,Total fully converted and under conversion to organic farming,NL,Netherlands,2009,,2.6,,,,,
dataflow,ESTAT:SDG_02_40(1.0),Area under organic farming,A,Annual,PC_UAA,Percentage of total utilised agricultural area,UAAXK0000,Utilised agricultural area excluding kitchen gardens,TOTAL,Total fully converted and under conversion to organic farming,NL,Netherlands,2010,,2.5,,,,,
dataflow,ESTAT:SDG_02_40(1.0),Area under organic farming,A,Annual,PC_UAA,Percentage of total utilised agricultural area,UAAXK0000,Utilised agricultural area excluding kitchen gardens,TOTAL,Total fully converted and under conversion to organic farming,NL,Netherlands,2011,,2.5,,,,,
dataflow,ESTAT:SDG_02_40(1.0),Area under organic farming,A,Annual,PC_UAA,Percentage of total utilised agricultural area,UAAXK0000,Utilised agricultural area excluding kitchen gardens,TOTAL,Total fully converted and under conversion to organic farming,NL,Netherlands,2012,,2.61,,,,,
dataflow,ESTAT:SDG_02_40(1.0),Area under organic farming,A,Annual,PC_UAA,Percentage of total utilised agricultural area,UAAXK0000,Utilised agricultural area excluding kitchen gardens,TOTAL,Total fully converted and under conversion to organic farming,NL,Netherlands,2013,,2.65,,,,,
dataflow,ESTAT:SDG_02_40(1.0),Area under organic farming,A,Annual,PC_UAA,Percentage of total utilised agricultural area,UAAXK0000,Utilised agricultural area excluding kitchen gardens,TOTAL,Total fully converted and under conversion to organic farming,NL,Netherlands,2014,,2.67,,,,,
dataflow,ESTAT:SDG_02_40(1.0),Area under organic farming,A,Annual,PC_UAA,Percentage of total utilised agricultural area,UAAXK0000,Utilised agricultural area excluding kitchen gardens,TOTAL,Total fully converted and under conversion to organic farming,NL,Netherlands,2015,,2.67,,,,,
dataflow,ESTAT:SDG_02_40(1.0),Area under organic farming,A,Annual,PC_UAA,Percentage of total utilised agricultural area,UAAXK0000,Utilised agricultural area excluding kitchen gardens,TOTAL,Total fully converted and under conversion to organic farming,NL,Netherlands,2016,,3.03,,,,,
dataflow,ESTAT:SDG_02_40(1.0),Area under organic farming,A,Annual,PC_UAA,Percentage of total utilised agricultural area,UAAXK0000,Utilised agricultural area excluding kitchen gardens,TOTAL,Total fully converted and under conversion to organic farming,NL,Netherlands,2017,,3.31,,,,,
dataflow,ESTAT:SDG_02_40(1.0),Area under organic farming,A,Annual,PC_UAA,Percentage of total utilised agricultural area,UAAXK0000,Utilised agricultural area excluding kitchen gardens,TOTAL,Total fully converted and under conversion to organic farming,NL,Netherlands,2018,,3.50,,,,,
dataflow,ESTAT:SDG_02_40(1.0),Area under organic farming,A,Annual,PC_UAA,Percentage of total utilised agricultural area,UAAXK0000,Utilised agricultural area excluding kitchen gardens,TOTAL,Total fully converted and under conversion to organic farming,NL,Netherlands,2019,,3.75,,,,,
dataflow,ESTAT:SDG_02_40(1.0),Area under organic farming,A,Annual,PC_UAA,Percentage of total utilised agricultural area,UAAXK0000,Utilised agricultural area excluding kitchen gardens,TOTAL,Total fully converted and under conversion to organic farming,NL,Netherlands,2020,,3.95,,,,,
dataflow,ESTAT:SDG_02_40(1.0),Area under organic farming,A,Annual,PC_UAA,Percentage of total utilised agricultural area,UAAXK0000,Utilised agricultural area excluding kitchen gardens,TOTAL,Total fully converted and under conversion to organic farming,NL,Netherlands,2021,,4.22,,,,,
dataflow,ESTAT:SDG_02_40(1.0),Area under organic farming,A,Annual,PC_UAA,Percentage of total utilised agricultural area,UAAXK0000,Utilised agricultural area excluding kitchen gardens,TOTAL,Total fully converted and under conversion to organic farming,NL,Netherlands,2022,,4.44,,,,,
dataflow,ESTAT:SDG_02_40(1.0),Area under organic farming,A,Annual,PC_UAA,Percentage of total utilised agricultural area,UAAXK0000,Utilised agricultural area excluding kitchen gardens,TOTAL,Total fully converted and under conversion to organic farming,NL,Netherlands,2023,,4.88,,,,,
dataflow,ESTAT:SDG_02_40(1.0),Area under organic farming,A,Annual,PC_UAA,Percentage of total utilised agricultural area,UAAXK0000,Utilised agricultural area excluding kitchen gardens,TOTAL,Total fully converted and under conversion to organic farming,NL,Netherlands,2024,,5.06,,,,,
dataflow,ESTAT:SDG_02_40(1.0),Area under organic farming,A,Annual,PC_UAA,Percentage of total utilised agricultural area,UAAXK0000,Utilised agricultural area excluding kitchen gardens,TOTAL,Total fully converted and under conversion to organic farming,NO,Norway,2000,,2,,,,,
dataflow,ESTAT:SDG_02_40(1.0),Area under organic farming,A,Annual,PC_UAA,Percentage of total utilised agricultural area,UAAXK0000,Utilised agricultural area excluding kitchen gardens,TOTAL,Total fully converted and under conversion to organic farming,NO,Norway,2001,,2.6,,,,,
dataflow,ESTAT:SDG_02_40(1.0),Area under organic farming,A,Annual,PC_UAA,Percentage of total utilised agricultural area,UAAXK0000,Utilised agricultural area excluding kitchen gardens,TOTAL,Total fully converted and under conversion to organic farming,NO,Norway,2002,,3.1,,,,,
dataflow,ESTAT:SDG_02_40(1.0),Area under organic farming,A,Annual,PC_UAA,Percentage of total utilised agricultural area,UAAXK0000,Utilised agricultural area excluding kitchen gardens,TOTAL,Total fully converted and under conversion to organic farming,NO,Norway,2003,,3.7,,,,,
dataflow,ESTAT:SDG_02_40(1.0),Area under organic farming,A,Annual,PC_UAA,Percentage of total utilised agricultural area,UAAXK0000,Utilised agricultural area excluding kitchen gardens,TOTAL,Total fully converted and under conversion to organic farming,NO,Norway,2004,,3.9,,,,,
dataflow,ESTAT:SDG_02_40(1.0),Area under organic farming,A,Annual,PC_UAA,Percentage of total utilised agricultural area,UAAXK0000,Utilised agricultural area excluding kitchen gardens,TOTAL,Total fully converted and under conversion to organic farming,NO,Norway,2005,,4.2,,,,,
dataflow,ESTAT:SDG_02_40(1.0),Area under organic farming,A,Annual,PC_UAA,Percentage of total utilised agricultural area,UAAXK0000,Utilised agricultural area excluding kitchen gardens,TOTAL,Total fully converted and under conversion to organic farming,NO,Norway,2006,,4.3,,,,,
dataflow,ESTAT:SDG_02_40(1.0),Area under organic farming,A,Annual,PC_UAA,Percentage of total utilised agricultural area,UAAXK0000,Utilised agricultural area excluding kitchen gardens,TOTAL,Total fully converted and under conversion to organic farming,NO,Norway,2007,,4.7,,,,,
dataflow,ESTAT:SDG_02_40(1.0),Area under organic farming,A,Annual,PC_UAA,Percentage of total utilised agricultural area,UAAXK0000,Utilised agricultural area excluding kitchen gardens,TOTAL,Total fully converted and under conversion to organic farming,NO,Norway,2008,,5.1,,,,,
dataflow,ESTAT:SDG_02_40(1.0),Area under organic farming,A,Annual,PC_UAA,Percentage of total utilised agricultural area,UAAXK0000,Utilised agricultural area excluding kitchen gardens,TOTAL,Total fully converted and under conversion to organic farming,NO,Norway,2009,,5.5,,e,estimated,,
dataflow,ESTAT:SDG_02_40(1.0),Area under organic farming,A,Annual,PC_UAA,Percentage of total utilised agricultural area,UAAXK0000,Utilised agricultural area excluding kitchen gardens,TOTAL,Total fully converted and under conversion to organic farming,NO,Norway,2012,,5.57,,,,,
dataflow,ESTAT:SDG_02_40(1.0),Area under organic farming,A,Annual,PC_UAA,Percentage of total utilised agricultural area,UAAXK0000,Utilised agricultural area excluding kitchen gardens,TOTAL,Total fully converted and under conversion to organic farming,NO,Norway,2013,,5.23,,,,,
dataflow,ESTAT:SDG_02_40(1.0),Area under organic farming,A,Annual,PC_UAA,Percentage of total utilised agricultural area,UAAXK0000,Utilised agricultural area excluding kitchen gardens,TOTAL,Total fully converted and under conversion to organic farming,NO,Norway,2014,,5.05,,,,,
dataflow,ESTAT:SDG_02_40(1.0),Area under organic farming,A,Annual,PC_UAA,Percentage of total utilised agricultural area,UAAXK0000,Utilised agricultural area excluding kitchen gardens,TOTAL,Total fully converted and under conversion to organic farming,NO,Norway,2015,,4.83,,,,,
dataflow,ESTAT:SDG_02_40(1.0),Area under organic farming,A,Annual,PC_UAA,Percentage of total utilised agricultural area,UAAXK0000,Utilised agricultural area excluding kitchen gardens,TOTAL,Total fully converted and under conversion to organic farming,NO,Norway,2016,,4.84,,,,,
dataflow,ESTAT:SDG_02_40(1.0),Area under organic farming,A,Annual,PC_UAA,Percentage of total utilised agricultural area,UAAXK0000,Utilised agricultural area excluding kitchen gardens,TOTAL,Total fully converted and under conversion to organic farming,NO,Norway,2017,,4.78,,,,,
dataflow,ESTAT:SDG_02_40(1.0),Area under organic farming,A,Annual,PC_UAA,Percentage of total utilised agricultural area,UAAXK0000,Utilised agricultural area excluding kitchen gardens,TOTAL,Total fully converted and under conversion to organic farming,NO,Norway,2018,,4.70,,,,,
dataflow,ESTAT:SDG_02_40(1.0),Area under organic farming,A,Annual,PC_UAA,Percentage of total utilised agricultural area,UAAXK0000,Utilised agricultural area excluding kitchen gardens,TOTAL,Total fully converted and under conversion to organic farming,NO,Norway,2019,,4.60,,,,,
dataflow,ESTAT:SDG_02_40(1.0),Area under organic farming,A,Annual,PC_UAA,Percentage of total utilised agricultural area,UAAXK0000,Utilised agricultural area excluding kitchen gardens,TOTAL,Total fully converted and under conversion to organic farming,NO,Norway,2020,,4.58,,,,,
dataflow,ESTAT:SDG_02_40(1.0),Area under organic farming,A,Annual,PC_UAA,Percentage of total utilised agricultural area,UAAXK0000,Utilised agricultural area excluding kitchen gardens,TOTAL,Total fully converted and under conversion to organic farming,NO,Norway,2021,,4.56,,,,,
dataflow,ESTAT:SDG_02_40(1.0),Area under organic farming,A,Annual,PC_UAA,Percentage of total utilised agricultural area,UAAXK0000,Utilised agricultural area excluding kitchen gardens,TOTAL,Total fully converted and under conversion to organic farming,NO,Norway,2022,,4.67,,,,,
dataflow,ESTAT:SDG_02_40(1.0),Area under organic farming,A,Annual,PC_UAA,Percentage of total utilised agricultural area,UAAXK0000,Utilised agricultural area excluding kitchen gardens,TOTAL,Total fully converted and under conversion to organic farming,NO,Norway,2023,,4.66,,,,,
dataflow,ESTAT:SDG_02_40(1.0),Area under organic farming,A,Annual,PC_UAA,Percentage of total utilised agricultural area,UAAXK0000,Utilised agricultural area excluding kitchen gardens,TOTAL,Total fully converted and under conversion to organic farming,NO,Norway,2024,,4.59,,,,,
dataflow,ESTAT:SDG_02_40(1.0),Area under organic farming,A,Annual,PC_UAA,Percentage of total utilised agricultural area,UAAXK0000,Utilised agricultural area excluding kitchen gardens,TOTAL,Total fully converted and under conversion to organic farming,PL,Poland,2003,,0.2,,,,,
dataflow,ESTAT:SDG_02_40(1.0),Area under organic farming,A,Annual,PC_UAA,Percentage of total utilised agricultural area,UAAXK0000,Utilised agricultural area excluding kitchen gardens,TOTAL,Total fully converted and under conversion to organic farming,PL,Poland,2004,,0.5,,,,,
dataflow,ESTAT:SDG_02_40(1.0),Area under organic farming,A,Annual,PC_UAA,Percentage of total utilised agricultural area,UAAXK0000,Utilised agricultural area excluding kitchen gardens,TOTAL,Total fully converted and under conversion to organic farming,PL,Poland,2005,,1,,,,,
dataflow,ESTAT:SDG_02_40(1.0),Area under organic farming,A,Annual,PC_UAA,Percentage of total utilised agricultural area,UAAXK0000,Utilised agricultural area excluding kitchen gardens,TOTAL,Total fully converted and under conversion to organic farming,PL,Poland,2006,,1,,,,,
dataflow,ESTAT:SDG_02_40(1.0),Area under organic farming,A,Annual,PC_UAA,Percentage of total utilised agricultural area,UAAXK0000,Utilised agricultural area excluding kitchen gardens,TOTAL,Total fully converted and under conversion to organic farming,PL,Poland,2007,,1.8,,,,,
dataflow,ESTAT:SDG_02_40(1.0),Area under organic farming,A,Annual,PC_UAA,Percentage of total utilised agricultural area,UAAXK0000,Utilised agricultural area excluding kitchen gardens,TOTAL,Total fully converted and under conversion to organic farming,PL,Poland,2008,,2,,,,,
dataflow,ESTAT:SDG_02_40(1.0),Area under organic farming,A,Annual,PC_UAA,Percentage of total utilised agricultural area,UAAXK0000,Utilised agricultural area excluding kitchen gardens,TOTAL,Total fully converted and under conversion to organic farming,PL,Poland,2009,,2.3,,,,,
dataflow,ESTAT:SDG_02_40(1.0),Area under organic farming,A,Annual,PC_UAA,Percentage of total utilised agricultural area,UAAXK0000,Utilised agricultural area excluding kitchen gardens,TOTAL,Total fully converted and under conversion to organic farming,PL,Poland,2010,,3.3,,,,,
dataflow,ESTAT:SDG_02_40(1.0),Area under organic farming,A,Annual,PC_UAA,Percentage of total utilised agricultural area,UAAXK0000,Utilised agricultural area excluding kitchen gardens,TOTAL,Total fully converted and under conversion to organic farming,PL,Poland,2011,,4.1,,,,,
dataflow,ESTAT:SDG_02_40(1.0),Area under organic farming,A,Annual,PC_UAA,Percentage of total utilised agricultural area,UAAXK0000,Utilised agricultural area excluding kitchen gardens,TOTAL,Total fully converted and under conversion to organic farming,PL,Poland,2012,,4.51,,,,,
dataflow,ESTAT:SDG_02_40(1.0),Area under organic farming,A,Annual,PC_UAA,Percentage of total utilised agricultural area,UAAXK0000,Utilised agricultural area excluding kitchen gardens,TOTAL,Total fully converted and under conversion to organic farming,PL,Poland,2013,,4.65,,,,,
dataflow,ESTAT:SDG_02_40(1.0),Area under organic farming,A,Annual,PC_UAA,Percentage of total utilised agricultural area,UAAXK0000,Utilised agricultural area excluding kitchen gardens,TOTAL,Total fully converted and under conversion to organic farming,PL,Poland,2014,,4.56,,,,,
dataflow,ESTAT:SDG_02_40(1.0),Area under organic farming,A,Annual,PC_UAA,Percentage of total utilised agricultural area,UAAXK0000,Utilised agricultural area excluding kitchen gardens,TOTAL,Total fully converted and under conversion to organic farming,PL,Poland,2015,,4.03,,,,,
dataflow,ESTAT:SDG_02_40(1.0),Area under organic farming,A,Annual,PC_UAA,Percentage of total utilised agricultural area,UAAXK0000,Utilised agricultural area excluding kitchen gardens,TOTAL,Total fully converted and under conversion to organic farming,PL,Poland,2016,,3.72,,,,,
dataflow,ESTAT:SDG_02_40(1.0),Area under organic farming,A,Annual,PC_UAA,Percentage of total utilised agricultural area,UAAXK0000,Utilised agricultural area excluding kitchen gardens,TOTAL,Total fully converted and under conversion to organic farming,PL,Poland,2017,,3.41,,,,,
dataflow,ESTAT:SDG_02_40(1.0),Area under organic farming,A,Annual,PC_UAA,Percentage of total utilised agricultural area,UAAXK0000,Utilised agricultural area excluding kitchen gardens,TOTAL,Total fully converted and under conversion to organic farming,PL,Poland,2018,,3.33,,,,,
dataflow,ESTAT:SDG_02_40(1.0),Area under organic farming,A,Annual,PC_UAA,Percentage of total utilised agricultural area,UAAXK0000,Utilised agricultural area excluding kitchen gardens,TOTAL,Total fully converted and under conversion to organic farming,PL,Poland,2019,,3.49,,,,,
dataflow,ESTAT:SDG_02_40(1.0),Area under organic farming,A,Annual,PC_UAA,Percentage of total utilised agricultural area,UAAXK0000,Utilised agricultural area excluding kitchen gardens,TOTAL,Total fully converted and under conversion to organic farming,PL,Poland,2020,,3.45,,,,,
dataflow,ESTAT:SDG_02_40(1.0),Area under organic farming,A,Annual,PC_UAA,Percentage of total utilised agricultural area,UAAXK0000,Utilised agricultural area excluding kitchen gardens,TOTAL,Total fully converted and under conversion to organic farming,PL,Poland,2021,,3.78,,,,,
dataflow,ESTAT:SDG_02_40(1.0),Area under organic farming,A,Annual,PC_UAA,Percentage of total utilised agricultural area,UAAXK0000,Utilised agricultural area excluding kitchen gardens,TOTAL,Total fully converted and under conversion to organic farming,PL,Poland,2022,,3.91,,,,,
dataflow,ESTAT:SDG_02_40(1.0),Area under organic farming,A,Annual,PC_UAA,Percentage of total utilised agricultural area,UAAXK0000,Utilised agricultural area excluding kitchen gardens,TOTAL,Total fully converted and under conversion to organic farming,PL,Poland,2023,,4.51,,,,,
dataflow,ESTAT:SDG_02_40(1.0),Area under organic farming,A,Annual,PC_UAA,Percentage of total utilised agricultural area,UAAXK0000,Utilised agricultural area excluding kitchen gardens,TOTAL,Total fully converted and under conversion to organic farming,PL,Poland,2024,,4.88,,,,,
dataflow,ESTAT:SDG_02_40(1.0),Area under organic farming,A,Annual,PC_UAA,Percentage of total utilised agricultural area,UAAXK0000,Utilised agricultural area excluding kitchen gardens,TOTAL,Total fully converted and under conversion to organic farming,PT,Portugal,2000,,1.2,,,,,
dataflow,ESTAT:SDG_02_40(1.0),Area under organic farming,A,Annual,PC_UAA,Percentage of total utilised agricultural area,UAAXK0000,Utilised agricultural area excluding kitchen gardens,TOTAL,Total fully converted and under conversion to organic farming,PT,Portugal,2001,,2,,,,,
dataflow,ESTAT:SDG_02_40(1.0),Area under organic farming,A,Annual,PC_UAA,Percentage of total utilised agricultural area,UAAXK0000,Utilised agricultural area excluding kitchen gardens,TOTAL,Total fully converted and under conversion to organic farming,PT,Portugal,2002,,2.1,,,,,
dataflow,ESTAT:SDG_02_40(1.0),Area under organic farming,A,Annual,PC_UAA,Percentage of total utilised agricultural area,UAAXK0000,Utilised agricultural area excluding kitchen gardens,TOTAL,Total fully converted and under conversion to organic farming,PT,Portugal,2003,,3.2,,,,,
dataflow,ESTAT:SDG_02_40(1.0),Area under organic farming,A,Annual,PC_UAA,Percentage of total utilised agricultural area,UAAXK0000,Utilised agricultural area excluding kitchen gardens,TOTAL,Total fully converted and under conversion to organic farming,PT,Portugal,2004,,5.6,,,,,
dataflow,ESTAT:SDG_02_40(1.0),Area under organic farming,A,Annual,PC_UAA,Percentage of total utilised agricultural area,UAAXK0000,Utilised agricultural area excluding kitchen gardens,TOTAL,Total fully converted and under conversion to organic farming,PT,Portugal,2005,,6.2,,,,,
dataflow,ESTAT:SDG_02_40(1.0),Area under organic farming,A,Annual,PC_UAA,Percentage of total utilised agricultural area,UAAXK0000,Utilised agricultural area excluding kitchen gardens,TOTAL,Total fully converted and under conversion to organic farming,PT,Portugal,2006,,7.2,,,,,
dataflow,ESTAT:SDG_02_40(1.0),Area under organic farming,A,Annual,PC_UAA,Percentage of total utilised agricultural area,UAAXK0000,Utilised agricultural area excluding kitchen gardens,TOTAL,Total fully converted and under conversion to organic farming,PT,Portugal,2007,,6.3,,,,,
dataflow,ESTAT:SDG_02_40(1.0),Area under organic farming,A,Annual,PC_UAA,Percentage of total utilised agricultural area,UAAXK0000,Utilised agricultural area excluding kitchen gardens,TOTAL,Total fully converted and under conversion to organic farming,PT,Portugal,2008,,5.7,,,,,
dataflow,ESTAT:SDG_02_40(1.0),Area under organic farming,A,Annual,PC_UAA,Percentage of total utilised agricultural area,UAAXK0000,Utilised agricultural area excluding kitchen gardens,TOTAL,Total fully converted and under conversion to organic farming,PT,Portugal,2009,,4.3,,,,,
dataflow,ESTAT:SDG_02_40(1.0),Area under organic farming,A,Annual,PC_UAA,Percentage of total utilised agricultural area,UAAXK0000,Utilised agricultural area excluding kitchen gardens,TOTAL,Total fully converted and under conversion to organic farming,PT,Portugal,2010,,5.8,,,,,
dataflow,ESTAT:SDG_02_40(1.0),Area under organic farming,A,Annual,PC_UAA,Percentage of total utilised agricultural area,UAAXK0000,Utilised agricultural area excluding kitchen gardens,TOTAL,Total fully converted and under conversion to organic farming,PT,Portugal,2011,,6.1,,,,,
dataflow,ESTAT:SDG_02_40(1.0),Area under organic farming,A,Annual,PC_UAA,Percentage of total utilised agricultural area,UAAXK0000,Utilised agricultural area excluding kitchen gardens,TOTAL,Total fully converted and under conversion to organic farming,PT,Portugal,2012,,5.48,,,,,
dataflow,ESTAT:SDG_02_40(1.0),Area under organic farming,A,Annual,PC_UAA,Percentage of total utilised agricultural area,UAAXK0000,Utilised agricultural area excluding kitchen gardens,TOTAL,Total fully converted and under conversion to organic farming,PT,Portugal,2013,,5.31,,,,,
dataflow,ESTAT:SDG_02_40(1.0),Area under organic farming,A,Annual,PC_UAA,Percentage of total utilised agricultural area,UAAXK0000,Utilised agricultural area excluding kitchen gardens,TOTAL,Total fully converted and under conversion to organic farming,PT,Portugal,2014,,5.74,,,,,
dataflow,ESTAT:SDG_02_40(1.0),Area under organic farming,A,Annual,PC_UAA,Percentage of total utilised agricultural area,UAAXK0000,Utilised agricultural area excluding kitchen gardens,TOTAL,Total fully converted and under conversion to organic farming,PT,Portugal,2015,,6.53,,,,,
dataflow,ESTAT:SDG_02_40(1.0),Area under organic farming,A,Annual,PC_UAA,Percentage of total utilised agricultural area,UAAXK0000,Utilised agricultural area excluding kitchen gardens,TOTAL,Total fully converted and under conversion to organic farming,PT,Portugal,2016,,6.74,,,,,
dataflow,ESTAT:SDG_02_40(1.0),Area under organic farming,A,Annual,PC_UAA,Percentage of total utilised agricultural area,UAAXK0000,Utilised agricultural area excluding kitchen gardens,TOTAL,Total fully converted and under conversion to organic farming,PT,Portugal,2017,,6.84,,,,,
dataflow,ESTAT:SDG_02_40(1.0),Area under organic farming,A,Annual,PC_UAA,Percentage of total utilised agricultural area,UAAXK0000,Utilised agricultural area excluding kitchen gardens,TOTAL,Total fully converted and under conversion to organic farming,PT,Portugal,2018,,5.68,,,,,
dataflow,ESTAT:SDG_02_40(1.0),Area under organic farming,A,Annual,PC_UAA,Percentage of total utilised agricultural area,UAAXK0000,Utilised agricultural area excluding kitchen gardens,TOTAL,Total fully converted and under conversion to organic farming,PT,Portugal,2019,,7.39,,,,,
dataflow,ESTAT:SDG_02_40(1.0),Area under organic farming,A,Annual,PC_UAA,Percentage of total utilised agricultural area,UAAXK0000,Utilised agricultural area excluding kitchen gardens,TOTAL,Total fully converted and under conversion to organic farming,PT,Portugal,2020,,8.05,,,,,
dataflow,ESTAT:SDG_02_40(1.0),Area under organic farming,A,Annual,PC_UAA,Percentage of total utilised agricultural area,UAAXK0000,Utilised agricultural area excluding kitchen gardens,TOTAL,Total fully converted and under conversion to organic farming,PT,Portugal,2021,,19.31,,e,estimated,,
dataflow,ESTAT:SDG_02_40(1.0),Area under organic farming,A,Annual,PC_UAA,Percentage of total utilised agricultural area,UAAXK0000,Utilised agricultural area excluding kitchen gardens,TOTAL,Total fully converted and under conversion to organic farming,PT,Portugal,2022,,19.31,,e,estimated,,
dataflow,ESTAT:SDG_02_40(1.0),Area under organic farming,A,Annual,PC_UAA,Percentage of total utilised agricultural area,UAAXK0000,Utilised agricultural area excluding kitchen gardens,TOTAL,Total fully converted and under conversion to organic farming,PT,Portugal,2023,,22.47,,e,estimated,,
dataflow,ESTAT:SDG_02_40(1.0),Area under organic farming,A,Annual,PC_UAA,Percentage of total utilised agricultural area,UAAXK0000,Utilised agricultural area excluding kitchen gardens,TOTAL,Total fully converted and under conversion to organic farming,PT,Portugal,2024,,21.23,,e,estimated,,
dataflow,ESTAT:SDG_02_40(1.0),Area under organic farming,A,Annual,PC_UAA,Percentage of total utilised agricultural area,UAAXK0000,Utilised agricultural area excluding kitchen gardens,TOTAL,Total fully converted and under conversion to organic farming,RO,Romania,2005,,0.7,,e,estimated,,
dataflow,ESTAT:SDG_02_40(1.0),Area under organic farming,A,Annual,PC_UAA,Percentage of total utilised agricultural area,UAAXK0000,Utilised agricultural area excluding kitchen gardens,TOTAL,Total fully converted and under conversion to organic farming,RO,Romania,2006,,0.8,,,,,
dataflow,ESTAT:SDG_02_40(1.0),Area under organic farming,A,Annual,PC_UAA,Percentage of total utilised agricultural area,UAAXK0000,Utilised agricultural area excluding kitchen gardens,TOTAL,Total fully converted and under conversion to organic farming,RO,Romania,2007,,1,,,,,
dataflow,ESTAT:SDG_02_40(1.0),Area under organic farming,A,Annual,PC_UAA,Percentage of total utilised agricultural area,UAAXK0000,Utilised agricultural area excluding kitchen gardens,TOTAL,Total fully converted and under conversion to organic farming,RO,Romania,2008,,1,,,,,
dataflow,ESTAT:SDG_02_40(1.0),Area under organic farming,A,Annual,PC_UAA,Percentage of total utilised agricultural area,UAAXK0000,Utilised agricultural area excluding kitchen gardens,TOTAL,Total fully converted and under conversion to organic farming,RO,Romania,2009,,1.2,,,,,
dataflow,ESTAT:SDG_02_40(1.0),Area under organic farming,A,Annual,PC_UAA,Percentage of total utilised agricultural area,UAAXK0000,Utilised agricultural area excluding kitchen gardens,TOTAL,Total fully converted and under conversion to organic farming,RO,Romania,2010,,1.3,,,,,
dataflow,ESTAT:SDG_02_40(1.0),Area under organic farming,A,Annual,PC_UAA,Percentage of total utilised agricultural area,UAAXK0000,Utilised agricultural area excluding kitchen gardens,TOTAL,Total fully converted and under conversion to organic farming,RO,Romania,2011,,1.6,,,,,
dataflow,ESTAT:SDG_02_40(1.0),Area under organic farming,A,Annual,PC_UAA,Percentage of total utilised agricultural area,UAAXK0000,Utilised agricultural area excluding kitchen gardens,TOTAL,Total fully converted and under conversion to organic farming,RO,Romania,2012,,2.10,,,,,
dataflow,ESTAT:SDG_02_40(1.0),Area under organic farming,A,Annual,PC_UAA,Percentage of total utilised agricultural area,UAAXK0000,Utilised agricultural area excluding kitchen gardens,TOTAL,Total fully converted and under conversion to organic farming,RO,Romania,2013,,2.06,,,,,
dataflow,ESTAT:SDG_02_40(1.0),Area under organic farming,A,Annual,PC_UAA,Percentage of total utilised agricultural area,UAAXK0000,Utilised agricultural area excluding kitchen gardens,TOTAL,Total fully converted and under conversion to organic farming,RO,Romania,2014,,2.09,,,,,
dataflow,ESTAT:SDG_02_40(1.0),Area under organic farming,A,Annual,PC_UAA,Percentage of total utilised agricultural area,UAAXK0000,Utilised agricultural area excluding kitchen gardens,TOTAL,Total fully converted and under conversion to organic farming,RO,Romania,2015,,1.77,,,,,
dataflow,ESTAT:SDG_02_40(1.0),Area under organic farming,A,Annual,PC_UAA,Percentage of total utilised agricultural area,UAAXK0000,Utilised agricultural area excluding kitchen gardens,TOTAL,Total fully converted and under conversion to organic farming,RO,Romania,2016,,1.67,,,,,
dataflow,ESTAT:SDG_02_40(1.0),Area under organic farming,A,Annual,PC_UAA,Percentage of total utilised agricultural area,UAAXK0000,Utilised agricultural area excluding kitchen gardens,TOTAL,Total fully converted and under conversion to organic farming,RO,Romania,2017,,1.93,,,,,
dataflow,ESTAT:SDG_02_40(1.0),Area under organic farming,A,Annual,PC_UAA,Percentage of total utilised agricultural area,UAAXK0000,Utilised agricultural area excluding kitchen gardens,TOTAL,Total fully converted and under conversion to organic farming,RO,Romania,2018,,2.43,,,,,
dataflow,ESTAT:SDG_02_40(1.0),Area under organic farming,A,Annual,PC_UAA,Percentage of total utilised agricultural area,UAAXK0000,Utilised agricultural area excluding kitchen gardens,TOTAL,Total fully converted and under conversion to organic farming,RO,Romania,2019,,2.86,,,,,
dataflow,ESTAT:SDG_02_40(1.0),Area under organic farming,A,Annual,PC_UAA,Percentage of total utilised agricultural area,UAAXK0000,Utilised agricultural area excluding kitchen gardens,TOTAL,Total fully converted and under conversion to organic farming,RO,Romania,2020,,3.59,,,,,
dataflow,ESTAT:SDG_02_40(1.0),Area under organic farming,A,Annual,PC_UAA,Percentage of total utilised agricultural area,UAAXK0000,Utilised agricultural area excluding kitchen gardens,TOTAL,Total fully converted and under conversion to organic farming,RO,Romania,2021,,4.42,,,,,
dataflow,ESTAT:SDG_02_40(1.0),Area under organic farming,A,Annual,PC_UAA,Percentage of total utilised agricultural area,UAAXK0000,Utilised agricultural area excluding kitchen gardens,TOTAL,Total fully converted and under conversion to organic farming,RO,Romania,2022,,5.08,,,,,
dataflow,ESTAT:SDG_02_40(1.0),Area under organic farming,A,Annual,PC_UAA,Percentage of total utilised agricultural area,UAAXK0000,Utilised agricultural area excluding kitchen gardens,TOTAL,Total fully converted and under conversion to organic farming,RO,Romania,2023,,5.46,,,,,
dataflow,ESTAT:SDG_02_40(1.0),Area under organic farming,A,Annual,PC_UAA,Percentage of total utilised agricultural area,UAAXK0000,Utilised agricultural area excluding kitchen gardens,TOTAL,Total fully converted and under conversion to organic farming,RO,Romania,2024,,6.16,,,,,
dataflow,ESTAT:SDG_02_40(1.0),Area under organic farming,A,Annual,PC_UAA,Percentage of total utilised agricultural area,UAAXK0000,Utilised agricultural area excluding kitchen gardens,TOTAL,Total fully converted and under conversion to organic farming,RS,Serbia,2013,,0.23,,,,,
dataflow,ESTAT:SDG_02_40(1.0),Area under organic farming,A,Annual,PC_UAA,Percentage of total utilised agricultural area,UAAXK0000,Utilised agricultural area excluding kitchen gardens,TOTAL,Total fully converted and under conversion to organic farming,RS,Serbia,2014,,0.27,,,,,
dataflow,ESTAT:SDG_02_40(1.0),Area under organic farming,A,Annual,PC_UAA,Percentage of total utilised agricultural area,UAAXK0000,Utilised agricultural area excluding kitchen gardens,TOTAL,Total fully converted and under conversion to organic farming,RS,Serbia,2015,,0.44,,,,,
dataflow,ESTAT:SDG_02_40(1.0),Area under organic farming,A,Annual,PC_UAA,Percentage of total utilised agricultural area,UAAXK0000,Utilised agricultural area excluding kitchen gardens,TOTAL,Total fully converted and under conversion to organic farming,RS,Serbia,2016,,0.41,,,,,
dataflow,ESTAT:SDG_02_40(1.0),Area under organic farming,A,Annual,PC_UAA,Percentage of total utilised agricultural area,UAAXK0000,Utilised agricultural area excluding kitchen gardens,TOTAL,Total fully converted and under conversion to organic farming,RS,Serbia,2017,,0.39,,,,,
dataflow,ESTAT:SDG_02_40(1.0),Area under organic farming,A,Annual,PC_UAA,Percentage of total utilised agricultural area,UAAXK0000,Utilised agricultural area excluding kitchen gardens,TOTAL,Total fully converted and under conversion to organic farming,RS,Serbia,2018,,0.55,,,,,
dataflow,ESTAT:SDG_02_40(1.0),Area under organic farming,A,Annual,PC_UAA,Percentage of total utilised agricultural area,UAAXK0000,Utilised agricultural area excluding kitchen gardens,TOTAL,Total fully converted and under conversion to organic farming,RS,Serbia,2019,,0.61,,,,,
dataflow,ESTAT:SDG_02_40(1.0),Area under organic farming,A,Annual,PC_UAA,Percentage of total utilised agricultural area,UAAXK0000,Utilised agricultural area excluding kitchen gardens,TOTAL,Total fully converted and under conversion to organic farming,RS,Serbia,2021,,0.67,,,,,
dataflow,ESTAT:SDG_02_40(1.0),Area under organic farming,A,Annual,PC_UAA,Percentage of total utilised agricultural area,UAAXK0000,Utilised agricultural area excluding kitchen gardens,TOTAL,Total fully converted and under conversion to organic farming,RS,Serbia,2022,,0.72,,,,,
dataflow,ESTAT:SDG_02_40(1.0),Area under organic farming,A,Annual,PC_UAA,Percentage of total utilised agricultural area,UAAXK0000,Utilised agricultural area excluding kitchen gardens,TOTAL,Total fully converted and under conversion to organic farming,RS,Serbia,2023,,0.85,,,,,
dataflow,ESTAT:SDG_02_40(1.0),Area under organic farming,A,Annual,PC_UAA,Percentage of total utilised agricultural area,UAAXK0000,Utilised agricultural area excluding kitchen gardens,TOTAL,Total fully converted and under conversion to organic farming,RS,Serbia,2024,,0.83,,,,,
dataflow,ESTAT:SDG_02_40(1.0),Area under organic farming,A,Annual,PC_UAA,Percentage of total utilised agricultural area,UAAXK0000,Utilised agricultural area excluding kitchen gardens,TOTAL,Total fully converted and under conversion to organic farming,SE,Sweden,2000,,5.9,,,,,
dataflow,ESTAT:SDG_02_40(1.0),Area under organic farming,A,Annual,PC_UAA,Percentage of total utilised agricultural area,UAAXK0000,Utilised agricultural area excluding kitchen gardens,TOTAL,Total fully converted and under conversion to organic farming,SE,Sweden,2001,,6.6,,,,,
dataflow,ESTAT:SDG_02_40(1.0),Area under organic farming,A,Annual,PC_UAA,Percentage of total utilised agricultural area,UAAXK0000,Utilised agricultural area excluding kitchen gardens,TOTAL,Total fully converted and under conversion to organic farming,SE,Sweden,2002,,6.8,,,,,
dataflow,ESTAT:SDG_02_40(1.0),Area under organic farming,A,Annual,PC_UAA,Percentage of total utilised agricultural area,UAAXK0000,Utilised agricultural area excluding kitchen gardens,TOTAL,Total fully converted and under conversion to organic farming,SE,Sweden,2003,,7.2,,,,,
dataflow,ESTAT:SDG_02_40(1.0),Area under organic farming,A,Annual,PC_UAA,Percentage of total utilised agricultural area,UAAXK0000,Utilised agricultural area excluding kitchen gardens,TOTAL,Total fully converted and under conversion to organic farming,SE,Sweden,2004,,7,,,,,
dataflow,ESTAT:SDG_02_40(1.0),Area under organic farming,A,Annual,PC_UAA,Percentage of total utilised agricultural area,UAAXK0000,Utilised agricultural area excluding kitchen gardens,TOTAL,Total fully converted and under conversion to organic farming,SE,Sweden,2005,,7,,,,,
dataflow,ESTAT:SDG_02_40(1.0),Area under organic farming,A,Annual,PC_UAA,Percentage of total utilised agricultural area,UAAXK0000,Utilised agricultural area excluding kitchen gardens,TOTAL,Total fully converted and under conversion to organic farming,SE,Sweden,2006,,7.2,,,,,
dataflow,ESTAT:SDG_02_40(1.0),Area under organic farming,A,Annual,PC_UAA,Percentage of total utilised agricultural area,UAAXK0000,Utilised agricultural area excluding kitchen gardens,TOTAL,Total fully converted and under conversion to organic farming,SE,Sweden,2007,,9.9,,,,,
dataflow,ESTAT:SDG_02_40(1.0),Area under organic farming,A,Annual,PC_UAA,Percentage of total utilised agricultural area,UAAXK0000,Utilised agricultural area excluding kitchen gardens,TOTAL,Total fully converted and under conversion to organic farming,SE,Sweden,2008,,10.9,,,,,
dataflow,ESTAT:SDG_02_40(1.0),Area under organic farming,A,Annual,PC_UAA,Percentage of total utilised agricultural area,UAAXK0000,Utilised agricultural area excluding kitchen gardens,TOTAL,Total fully converted and under conversion to organic farming,SE,Sweden,2009,,12.8,,,,,
dataflow,ESTAT:SDG_02_40(1.0),Area under organic farming,A,Annual,PC_UAA,Percentage of total utilised agricultural area,UAAXK0000,Utilised agricultural area excluding kitchen gardens,TOTAL,Total fully converted and under conversion to organic farming,SE,Sweden,2010,,14.3,,,,,
dataflow,ESTAT:SDG_02_40(1.0),Area under organic farming,A,Annual,PC_UAA,Percentage of total utilised agricultural area,UAAXK0000,Utilised agricultural area excluding kitchen gardens,TOTAL,Total fully converted and under conversion to organic farming,SE,Sweden,2011,,15.7,,,,,
dataflow,ESTAT:SDG_02_40(1.0),Area under organic farming,A,Annual,PC_UAA,Percentage of total utilised agricultural area,UAAXK0000,Utilised agricultural area excluding kitchen gardens,TOTAL,Total fully converted and under conversion to organic farming,SE,Sweden,2012,,15.76,,,,,
dataflow,ESTAT:SDG_02_40(1.0),Area under organic farming,A,Annual,PC_UAA,Percentage of total utilised agricultural area,UAAXK0000,Utilised agricultural area excluding kitchen gardens,TOTAL,Total fully converted and under conversion to organic farming,SE,Sweden,2013,,16.50,,,,,
dataflow,ESTAT:SDG_02_40(1.0),Area under organic farming,A,Annual,PC_UAA,Percentage of total utilised agricultural area,UAAXK0000,Utilised agricultural area excluding kitchen gardens,TOTAL,Total fully converted and under conversion to organic farming,SE,Sweden,2014,,16.53,,,,,
dataflow,ESTAT:SDG_02_40(1.0),Area under organic farming,A,Annual,PC_UAA,Percentage of total utilised agricultural area,UAAXK0000,Utilised agricultural area excluding kitchen gardens,TOTAL,Total fully converted and under conversion to organic farming,SE,Sweden,2015,,17.14,,,,,
dataflow,ESTAT:SDG_02_40(1.0),Area under organic farming,A,Annual,PC_UAA,Percentage of total utilised agricultural area,UAAXK0000,Utilised agricultural area excluding kitchen gardens,TOTAL,Total fully converted and under conversion to organic farming,SE,Sweden,2016,,18.30,,,,,
dataflow,ESTAT:SDG_02_40(1.0),Area under organic farming,A,Annual,PC_UAA,Percentage of total utilised agricultural area,UAAXK0000,Utilised agricultural area excluding kitchen gardens,TOTAL,Total fully converted and under conversion to organic farming,SE,Sweden,2017,,19.16,,,,,
dataflow,ESTAT:SDG_02_40(1.0),Area under organic farming,A,Annual,PC_UAA,Percentage of total utilised agricultural area,UAAXK0000,Utilised agricultural area excluding kitchen gardens,TOTAL,Total fully converted and under conversion to organic farming,SE,Sweden,2018,,20.29,,,,,
dataflow,ESTAT:SDG_02_40(1.0),Area under organic farming,A,Annual,PC_UAA,Percentage of total utilised agricultural area,UAAXK0000,Utilised agricultural area excluding kitchen gardens,TOTAL,Total fully converted and under conversion to organic farming,SE,Sweden,2019,,20.43,,,,,
dataflow,ESTAT:SDG_02_40(1.0),Area under organic farming,A,Annual,PC_UAA,Percentage of total utilised agricultural area,UAAXK0000,Utilised agricultural area excluding kitchen gardens,TOTAL,Total fully converted and under conversion to organic farming,SE,Sweden,2020,,20.31,,,,,
dataflow,ESTAT:SDG_02_40(1.0),Area under organic farming,A,Annual,PC_UAA,Percentage of total utilised agricultural area,UAAXK0000,Utilised agricultural area excluding kitchen gardens,TOTAL,Total fully converted and under conversion to organic farming,SE,Sweden,2021,,20.20,,,,,
dataflow,ESTAT:SDG_02_40(1.0),Area under organic farming,A,Annual,PC_UAA,Percentage of total utilised agricultural area,UAAXK0000,Utilised agricultural area excluding kitchen gardens,TOTAL,Total fully converted and under conversion to organic farming,SE,Sweden,2022,,19.94,,,,,
dataflow,ESTAT:SDG_02_40(1.0),Area under organic farming,A,Annual,PC_UAA,Percentage of total utilised agricultural area,UAAXK0000,Utilised agricultural area excluding kitchen gardens,TOTAL,Total fully converted and under conversion to organic farming,SE,Sweden,2023,,18.47,,,,,
dataflow,ESTAT:SDG_02_40(1.0),Area under organic farming,A,Annual,PC_UAA,Percentage of total utilised agricultural area,UAAXK0000,Utilised agricultural area excluding kitchen gardens,TOTAL,Total fully converted and under conversion to organic farming,SE,Sweden,2024,,16.66,,,,,
dataflow,ESTAT:SDG_02_40(1.0),Area under organic farming,A,Annual,PC_UAA,Percentage of total utilised agricultural area,UAAXK0000,Utilised agricultural area excluding kitchen gardens,TOTAL,Total fully converted and under conversion to organic farming,SI,Slovenia,2004,,4.6,,,,,
dataflow,ESTAT:SDG_02_40(1.0),Area under organic farming,A,Annual,PC_UAA,Percentage of total utilised agricultural area,UAAXK0000,Utilised agricultural area excluding kitchen gardens,TOTAL,Total fully converted and under conversion to organic farming,SI,Slovenia,2005,,4.6,,,,,
dataflow,ESTAT:SDG_02_40(1.0),Area under organic farming,A,Annual,PC_UAA,Percentage of total utilised agricultural area,UAAXK0000,Utilised agricultural area excluding kitchen gardens,TOTAL,Total fully converted and under conversion to organic farming,SI,Slovenia,2006,,5.5,,,,,
dataflow,ESTAT:SDG_02_40(1.0),Area under organic farming,A,Annual,PC_UAA,Percentage of total utilised agricultural area,UAAXK0000,Utilised agricultural area excluding kitchen gardens,TOTAL,Total fully converted and under conversion to organic farming,SI,Slovenia,2007,,5.9,,,,,
dataflow,ESTAT:SDG_02_40(1.0),Area under organic farming,A,Annual,PC_UAA,Percentage of total utilised agricultural area,UAAXK0000,Utilised agricultural area excluding kitchen gardens,TOTAL,Total fully converted and under conversion to organic farming,SI,Slovenia,2008,,6.1,,,,,
dataflow,ESTAT:SDG_02_40(1.0),Area under organic farming,A,Annual,PC_UAA,Percentage of total utilised agricultural area,UAAXK0000,Utilised agricultural area excluding kitchen gardens,TOTAL,Total fully converted and under conversion to organic farming,SI,Slovenia,2009,,6.3,,,,,
dataflow,ESTAT:SDG_02_40(1.0),Area under organic farming,A,Annual,PC_UAA,Percentage of total utilised agricultural area,UAAXK0000,Utilised agricultural area excluding kitchen gardens,TOTAL,Total fully converted and under conversion to organic farming,SI,Slovenia,2010,,6.4,,,,,
dataflow,ESTAT:SDG_02_40(1.0),Area under organic farming,A,Annual,PC_UAA,Percentage of total utilised agricultural area,UAAXK0000,Utilised agricultural area excluding kitchen gardens,TOTAL,Total fully converted and under conversion to organic farming,SI,Slovenia,2011,,7,,,,,
dataflow,ESTAT:SDG_02_40(1.0),Area under organic farming,A,Annual,PC_UAA,Percentage of total utilised agricultural area,UAAXK0000,Utilised agricultural area excluding kitchen gardens,TOTAL,Total fully converted and under conversion to organic farming,SI,Slovenia,2012,,7.32,,,,,
dataflow,ESTAT:SDG_02_40(1.0),Area under organic farming,A,Annual,PC_UAA,Percentage of total utilised agricultural area,UAAXK0000,Utilised agricultural area excluding kitchen gardens,TOTAL,Total fully converted and under conversion to organic farming,SI,Slovenia,2013,,8.07,,,,,
dataflow,ESTAT:SDG_02_40(1.0),Area under organic farming,A,Annual,PC_UAA,Percentage of total utilised agricultural area,UAAXK0000,Utilised agricultural area excluding kitchen gardens,TOTAL,Total fully converted and under conversion to organic farming,SI,Slovenia,2014,,8.55,,,,,
dataflow,ESTAT:SDG_02_40(1.0),Area under organic farming,A,Annual,PC_UAA,Percentage of total utilised agricultural area,UAAXK0000,Utilised agricultural area excluding kitchen gardens,TOTAL,Total fully converted and under conversion to organic farming,SI,Slovenia,2015,,8.85,,,,,
dataflow,ESTAT:SDG_02_40(1.0),Area under organic farming,A,Annual,PC_UAA,Percentage of total utilised agricultural area,UAAXK0000,Utilised agricultural area excluding kitchen gardens,TOTAL,Total fully converted and under conversion to organic farming,SI,Slovenia,2016,,9.12,,,,,
dataflow,ESTAT:SDG_02_40(1.0),Area under organic farming,A,Annual,PC_UAA,Percentage of total utilised agricultural area,UAAXK0000,Utilised agricultural area excluding kitchen gardens,TOTAL,Total fully converted and under conversion to organic farming,SI,Slovenia,2017,,9.60,,,,,
dataflow,ESTAT:SDG_02_40(1.0),Area under organic farming,A,Annual,PC_UAA,Percentage of total utilised agricultural area,UAAXK0000,Utilised agricultural area excluding kitchen gardens,TOTAL,Total fully converted and under conversion to organic farming,SI,Slovenia,2018,,10.01,,,,,
dataflow,ESTAT:SDG_02_40(1.0),Area under organic farming,A,Annual,PC_UAA,Percentage of total utilised agricultural area,UAAXK0000,Utilised agricultural area excluding kitchen gardens,TOTAL,Total fully converted and under conversion to organic farming,SI,Slovenia,2019,,10.35,,,,,
dataflow,ESTAT:SDG_02_40(1.0),Area under organic farming,A,Annual,PC_UAA,Percentage of total utilised agricultural area,UAAXK0000,Utilised agricultural area excluding kitchen gardens,TOTAL,Total fully converted and under conversion to organic farming,SI,Slovenia,2020,,10.29,,,,,
dataflow,ESTAT:SDG_02_40(1.0),Area under organic farming,A,Annual,PC_UAA,Percentage of total utilised agricultural area,UAAXK0000,Utilised agricultural area excluding kitchen gardens,TOTAL,Total fully converted and under conversion to organic farming,SI,Slovenia,2021,,10.81,,,,,
dataflow,ESTAT:SDG_02_40(1.0),Area under organic farming,A,Annual,PC_UAA,Percentage of total utilised agricultural area,UAAXK0000,Utilised agricultural area excluding kitchen gardens,TOTAL,Total fully converted and under conversion to organic farming,SI,Slovenia,2022,,11.10,,,,,
dataflow,ESTAT:SDG_02_40(1.0),Area under organic farming,A,Annual,PC_UAA,Percentage of total utilised agricultural area,UAAXK0000,Utilised agricultural area excluding kitchen gardens,TOTAL,Total fully converted and under conversion to organic farming,SI,Slovenia,2023,,11.36,,,,,
dataflow,ESTAT:SDG_02_40(1.0),Area under organic farming,A,Annual,PC_UAA,Percentage of total utilised agricultural area,UAAXK0000,Utilised agricultural area excluding kitchen gardens,TOTAL,Total fully converted and under conversion to organic farming,SI,Slovenia,2024,,11.94,,,,,
dataflow,ESTAT:SDG_02_40(1.0),Area under organic farming,A,Annual,PC_UAA,Percentage of total utilised agricultural area,UAAXK0000,Utilised agricultural area excluding kitchen gardens,TOTAL,Total fully converted and under conversion to organic farming,SK,Slovakia,2003,,2.2,,,,,
dataflow,ESTAT:SDG_02_40(1.0),Area under organic farming,A,Annual,PC_UAA,Percentage of total utilised agricultural area,UAAXK0000,Utilised agricultural area excluding kitchen gardens,TOTAL,Total fully converted and under conversion to organic farming,SK,Slovakia,2004,,2.6,,,,,
dataflow,ESTAT:SDG_02_40(1.0),Area under organic farming,A,Annual,PC_UAA,Percentage of total utilised agricultural area,UAAXK0000,Utilised agricultural area excluding kitchen gardens,TOTAL,Total fully converted and under conversion to organic farming,SK,Slovakia,2005,,4.6,,,,,
dataflow,ESTAT:SDG_02_40(1.0),Area under organic farming,A,Annual,PC_UAA,Percentage of total utilised agricultural area,UAAXK0000,Utilised agricultural area excluding kitchen gardens,TOTAL,Total fully converted and under conversion to organic farming,SK,Slovakia,2006,,6.2,,,,,
dataflow,ESTAT:SDG_02_40(1.0),Area under organic farming,A,Annual,PC_UAA,Percentage of total utilised agricultural area,UAAXK0000,Utilised agricultural area excluding kitchen gardens,TOTAL,Total fully converted and under conversion to organic farming,SK,Slovakia,2007,,6.1,,,,,
dataflow,ESTAT:SDG_02_40(1.0),Area under organic farming,A,Annual,PC_UAA,Percentage of total utilised agricultural area,UAAXK0000,Utilised agricultural area excluding kitchen gardens,TOTAL,Total fully converted and under conversion to organic farming,SK,Slovakia,2008,,7.3,,,,,
dataflow,ESTAT:SDG_02_40(1.0),Area under organic farming,A,Annual,PC_UAA,Percentage of total utilised agricultural area,UAAXK0000,Utilised agricultural area excluding kitchen gardens,TOTAL,Total fully converted and under conversion to organic farming,SK,Slovakia,2009,,7.5,,,,,
dataflow,ESTAT:SDG_02_40(1.0),Area under organic farming,A,Annual,PC_UAA,Percentage of total utilised agricultural area,UAAXK0000,Utilised agricultural area excluding kitchen gardens,TOTAL,Total fully converted and under conversion to organic farming,SK,Slovakia,2010,,9.1,,,,,
dataflow,ESTAT:SDG_02_40(1.0),Area under organic farming,A,Annual,PC_UAA,Percentage of total utilised agricultural area,UAAXK0000,Utilised agricultural area excluding kitchen gardens,TOTAL,Total fully converted and under conversion to organic farming,SK,Slovakia,2011,,8.6,,,,,
dataflow,ESTAT:SDG_02_40(1.0),Area under organic farming,A,Annual,PC_UAA,Percentage of total utilised agricultural area,UAAXK0000,Utilised agricultural area excluding kitchen gardens,TOTAL,Total fully converted and under conversion to organic farming,SK,Slovakia,2012,,8.53,,,,,
dataflow,ESTAT:SDG_02_40(1.0),Area under organic farming,A,Annual,PC_UAA,Percentage of total utilised agricultural area,UAAXK0000,Utilised agricultural area excluding kitchen gardens,TOTAL,Total fully converted and under conversion to organic farming,SK,Slovakia,2013,,8.18,,,,,
dataflow,ESTAT:SDG_02_40(1.0),Area under organic farming,A,Annual,PC_UAA,Percentage of total utilised agricultural area,UAAXK0000,Utilised agricultural area excluding kitchen gardens,TOTAL,Total fully converted and under conversion to organic farming,SK,Slovakia,2014,,9.37,,,,,
dataflow,ESTAT:SDG_02_40(1.0),Area under organic farming,A,Annual,PC_UAA,Percentage of total utilised agricultural area,UAAXK0000,Utilised agricultural area excluding kitchen gardens,TOTAL,Total fully converted and under conversion to organic farming,SK,Slovakia,2015,,9.47,,,,,
dataflow,ESTAT:SDG_02_40(1.0),Area under organic farming,A,Annual,PC_UAA,Percentage of total utilised agricultural area,UAAXK0000,Utilised agricultural area excluding kitchen gardens,TOTAL,Total fully converted and under conversion to organic farming,SK,Slovakia,2016,,9.75,,,,,
dataflow,ESTAT:SDG_02_40(1.0),Area under organic farming,A,Annual,PC_UAA,Percentage of total utilised agricultural area,UAAXK0000,Utilised agricultural area excluding kitchen gardens,TOTAL,Total fully converted and under conversion to organic farming,SK,Slovakia,2017,,9.90,,,,,
dataflow,ESTAT:SDG_02_40(1.0),Area under organic farming,A,Annual,PC_UAA,Percentage of total utilised agricultural area,UAAXK0000,Utilised agricultural area excluding kitchen gardens,TOTAL,Total fully converted and under conversion to organic farming,SK,Slovakia,2018,,9.85,,,,,
dataflow,ESTAT:SDG_02_40(1.0),Area under organic farming,A,Annual,PC_UAA,Percentage of total utilised agricultural area,UAAXK0000,Utilised agricultural area excluding kitchen gardens,TOTAL,Total fully converted and under conversion to organic farming,SK,Slovakia,2019,,10.31,,,,,
dataflow,ESTAT:SDG_02_40(1.0),Area under organic farming,A,Annual,PC_UAA,Percentage of total utilised agricultural area,UAAXK0000,Utilised agricultural area excluding kitchen gardens,TOTAL,Total fully converted and under conversion to organic farming,SK,Slovakia,2020,,11.67,,e,estimated,,
dataflow,ESTAT:SDG_02_40(1.0),Area under organic farming,A,Annual,PC_UAA,Percentage of total utilised agricultural area,UAAXK0000,Utilised agricultural area excluding kitchen gardens,TOTAL,Total fully converted and under conversion to organic farming,SK,Slovakia,2021,,13.45,,e,estimated,,
dataflow,ESTAT:SDG_02_40(1.0),Area under organic farming,A,Annual,PC_UAA,Percentage of total utilised agricultural area,UAAXK0000,Utilised agricultural area excluding kitchen gardens,TOTAL,Total fully converted and under conversion to organic farming,SK,Slovakia,2022,,13.69,,e,estimated,,
dataflow,ESTAT:SDG_02_40(1.0),Area under organic farming,A,Annual,PC_UAA,Percentage of total utilised agricultural area,UAAXK0000,Utilised agricultural area excluding kitchen gardens,TOTAL,Total fully converted and under conversion to organic farming,SK,Slovakia,2023,,14.30,,,,,
dataflow,ESTAT:SDG_02_40(1.0),Area under organic farming,A,Annual,PC_UAA,Percentage of total utilised agricultural area,UAAXK0000,Utilised agricultural area excluding kitchen gardens,TOTAL,Total fully converted and under conversion to organic farming,SK,Slovakia,2024,,14.79,,,,,
dataflow,ESTAT:SDG_02_40(1.0),Area under organic farming,A,Annual,PC_UAA,Percentage of total utilised agricultural area,UAAXK0000,Utilised agricultural area excluding kitchen gardens,TOTAL,Total fully converted and under conversion to organic farming,TR,Türkiye,2014,,1.34,,,,,
dataflow,ESTAT:SDG_02_40(1.0),Area under organic farming,A,Annual,PC_UAA,Percentage of total utilised agricultural area,UAAXK0000,Utilised agricultural area excluding kitchen gardens,TOTAL,Total fully converted and under conversion to organic farming,TR,Türkiye,2015,,1.34,,,,,
dataflow,ESTAT:SDG_02_40(1.0),Area under organic farming,A,Annual,PC_UAA,Percentage of total utilised agricultural area,UAAXK0000,Utilised agricultural area excluding kitchen gardens,TOTAL,Total fully converted and under conversion to organic farming,TR,Türkiye,2016,,1.39,,,,,
dataflow,ESTAT:SDG_02_40(1.0),Area under organic farming,A,Annual,PC_UAA,Percentage of total utilised agricultural area,UAAXK0000,Utilised agricultural area excluding kitchen gardens,TOTAL,Total fully converted and under conversion to organic farming,TR,Türkiye,2017,,1.49,,,,,
dataflow,ESTAT:SDG_02_40(1.0),Area under organic farming,A,Annual,PC_UAA,Percentage of total utilised agricultural area,UAAXK0000,Utilised agricultural area excluding kitchen gardens,TOTAL,Total fully converted and under conversion to organic farming,TR,Türkiye,2018,,1.69,,,,,
dataflow,ESTAT:SDG_02_40(1.0),Area under organic farming,A,Annual,PC_UAA,Percentage of total utilised agricultural area,UAAXK0000,Utilised agricultural area excluding kitchen gardens,TOTAL,Total fully converted and under conversion to organic farming,TR,Türkiye,2019,,1.46,,,,,
dataflow,ESTAT:SDG_02_40(1.0),Area under organic farming,A,Annual,PC_UAA,Percentage of total utilised agricultural area,UAAXK0000,Utilised agricultural area excluding kitchen gardens,TOTAL,Total fully converted and under conversion to organic farming,TR,Türkiye,2020,,1.01,,,,,
dataflow,ESTAT:SDG_02_40(1.0),Area under organic farming,A,Annual,PC_UAA,Percentage of total utilised agricultural area,UAAXK0000,Utilised agricultural area excluding kitchen gardens,TOTAL,Total fully converted and under conversion to organic farming,TR,Türkiye,2021,,0.93,,,,,
dataflow,ESTAT:SDG_02_40(1.0),Area under organic farming,A,Annual,PC_UAA,Percentage of total utilised agricultural area,UAAXK0000,Utilised agricultural area excluding kitchen gardens,TOTAL,Total fully converted and under conversion to organic farming,TR,Türkiye,2022,,0.81,,,,,
dataflow,ESTAT:SDG_02_40(1.0),Area under organic farming,A,Annual,PC_UAA,Percentage of total utilised agricultural area,UAAXK0000,Utilised agricultural area excluding kitchen gardens,TOTAL,Total fully converted and under conversion to organic farming,TR,Türkiye,2023,,0.89,,,,,
dataflow,ESTAT:SDG_02_40(1.0),Area under organic farming,A,Annual,PC_UAA,Percentage of total utilised agricultural area,UAAXK0000,Utilised agricultural area excluding kitchen gardens,TOTAL,Total fully converted and under conversion to organic farming,TR,Türkiye,2024,,0.63,,,,,
dataflow,ESTAT:SDG_02_40(1.0),Area under organic farming,A,Annual,PC_UAA,Percentage of total utilised agricultural area,UAAXK0000,Utilised agricultural area excluding kitchen gardens,TOTAL,Total fully converted and under conversion to organic farming,UK,United Kingdom,2000,,3.3,,,,,
dataflow,ESTAT:SDG_02_40(1.0),Area under organic farming,A,Annual,PC_UAA,Percentage of total utilised agricultural area,UAAXK0000,Utilised agricultural area excluding kitchen gardens,TOTAL,Total fully converted and under conversion to organic farming,UK,United Kingdom,2001,,3.8,,,,,
dataflow,ESTAT:SDG_02_40(1.0),Area under organic farming,A,Annual,PC_UAA,Percentage of total utilised agricultural area,UAAXK0000,Utilised agricultural area excluding kitchen gardens,TOTAL,Total fully converted and under conversion to organic farming,UK,United Kingdom,2002,,4.2,,,,,
dataflow,ESTAT:SDG_02_40(1.0),Area under organic farming,A,Annual,PC_UAA,Percentage of total utilised agricultural area,UAAXK0000,Utilised agricultural area excluding kitchen gardens,TOTAL,Total fully converted and under conversion to organic farming,UK,United Kingdom,2003,,3.9,,,,,
dataflow,ESTAT:SDG_02_40(1.0),Area under organic farming,A,Annual,PC_UAA,Percentage of total utilised agricultural area,UAAXK0000,Utilised agricultural area excluding kitchen gardens,TOTAL,Total fully converted and under conversion to organic farming,UK,United Kingdom,2004,,3.9,,,,,
dataflow,ESTAT:SDG_02_40(1.0),Area under organic farming,A,Annual,PC_UAA,Percentage of total utilised agricultural area,UAAXK0000,Utilised agricultural area excluding kitchen gardens,TOTAL,Total fully converted and under conversion to organic farming,UK,United Kingdom,2005,,3.5,,,,,
dataflow,ESTAT:SDG_02_40(1.0),Area under organic farming,A,Annual,PC_UAA,Percentage of total utilised agricultural area,UAAXK0000,Utilised agricultural area excluding kitchen gardens,TOTAL,Total fully converted and under conversion to organic farming,UK,United Kingdom,2006,,3.4,,,,,
dataflow,ESTAT:SDG_02_40(1.0),Area under organic farming,A,Annual,PC_UAA,Percentage of total utilised agricultural area,UAAXK0000,Utilised agricultural area excluding kitchen gardens,TOTAL,Total fully converted and under conversion to organic farming,UK,United Kingdom,2007,,3.7,,,,,
dataflow,ESTAT:SDG_02_40(1.0),Area under organic farming,A,Annual,PC_UAA,Percentage of total utilised agricultural area,UAAXK0000,Utilised agricultural area excluding kitchen gardens,TOTAL,Total fully converted and under conversion to organic farming,UK,United Kingdom,2008,,4.1,,,,,
dataflow,ESTAT:SDG_02_40(1.0),Area under organic farming,A,Annual,PC_UAA,Percentage of total utilised agricultural area,UAAXK0000,Utilised agricultural area excluding kitchen gardens,TOTAL,Total fully converted and under conversion to organic farming,UK,United Kingdom,2009,,4.2,,,,,
dataflow,ESTAT:SDG_02_40(1.0),Area under organic farming,A,Annual,PC_UAA,Percentage of total utilised agricultural area,UAAXK0000,Utilised agricultural area excluding kitchen gardens,TOTAL,Total fully converted and under conversion to organic farming,UK,United Kingdom,2010,,4.1,,,,,
dataflow,ESTAT:SDG_02_40(1.0),Area under organic farming,A,Annual,PC_UAA,Percentage of total utilised agricultural area,UAAXK0000,Utilised agricultural area excluding kitchen gardens,TOTAL,Total fully converted and under conversion to organic farming,UK,United Kingdom,2011,,3.7,,,,,
dataflow,ESTAT:SDG_02_40(1.0),Area under organic farming,A,Annual,PC_UAA,Percentage of total utilised agricultural area,UAAXK0000,Utilised agricultural area excluding kitchen gardens,TOTAL,Total fully converted and under conversion to organic farming,UK,United Kingdom,2012,,3.41,,,,,
dataflow,ESTAT:SDG_02_40(1.0),Area under organic farming,A,Annual,PC_UAA,Percentage of total utilised agricultural area,UAAXK0000,Utilised agricultural area excluding kitchen gardens,TOTAL,Total fully converted and under conversion to organic farming,UK,United Kingdom,2013,,3.24,,,,,
dataflow,ESTAT:SDG_02_40(1.0),Area under organic farming,A,Annual,PC_UAA,Percentage of total utilised agricultural area,UAAXK0000,Utilised agricultural area excluding kitchen gardens,TOTAL,Total fully converted and under conversion to organic farming,UK,United Kingdom,2014,,3.02,,,,,
dataflow,ESTAT:SDG_02_40(1.0),Area under organic farming,A,Annual,PC_UAA,Percentage of total utilised agricultural area,UAAXK0000,Utilised agricultural area excluding kitchen gardens,TOTAL,Total fully converted and under conversion to organic farming,UK,United Kingdom,2015,,2.89,,,,,
dataflow,ESTAT:SDG_02_40(1.0),Area under organic farming,A,Annual,PC_UAA,Percentage of total utilised agricultural area,UAAXK0000,Utilised agricultural area excluding kitchen gardens,TOTAL,Total fully converted and under conversion to organic farming,UK,United Kingdom,2016,,2.82,,,,,
dataflow,ESTAT:SDG_02_40(1.0),Area under organic farming,A,Annual,PC_UAA,Percentage of total utilised agricultural area,UAAXK0000,Utilised agricultural area excluding kitchen gardens,TOTAL,Total fully converted and under conversion to organic farming,UK,United Kingdom,2017,,2.85,,,,,
dataflow,ESTAT:SDG_02_40(1.0),Area under organic farming,A,Annual,PC_UAA,Percentage of total utilised agricultural area,UAAXK0000,Utilised agricultural area excluding kitchen gardens,TOTAL,Total fully converted and under conversion to organic farming,UK,United Kingdom,2018,,2.64,,,,,
dataflow,ESTAT:SDG_02_40(1.0),Area under organic farming,A,Annual,PC_UAA,Percentage of total utilised agricultural area,UAAXK0000,Utilised agricultural area excluding kitchen gardens,TOTAL,Total fully converted and under conversion to organic farming,UK,United Kingdom,2019,,2.62,,,,,
