{"type":"FeatureCollection","features":[{"type":"Feature","properties":{"ADM0_A3":"ZWE"},"geometry":{"type":"Polygon","coordinates":[[[31.2879,-22.4021],[29.3648,-22.1939],[29.0424,-22.0184],[29.0256,-21.7969],[28.0141,-21.5542],[27.6694,-21.0643],[27.6996,-20.5307],[27.2808,-20.4787],[27.1782,-20.101],[26.1681,-19.5383],[25.9394,-18.9387],[25.2423,-17.969],[25.2588,-17.7936],[25.9959,-17.9698],[27.0208,-17.9584],[27.9322,-16.8962],[28.7605,-16.5321],[28.9131,-15.9878],[29.7296,-15.6446],[30.3961,-15.6431],[30.4378,-15.9953],[31.2362,-16.0236],[31.9398,-16.4288],[32.948,-16.7123],[32.9931,-18.3596],[32.6997,-18.9409],[32.8498,-19.1044],[32.7776,-19.3888],[32.9928,-19.9849],[32.4924,-20.6598],[32.3536,-21.1365],[32.4298,-21.2971],[31.2879,-22.4021]]]}},{"type":"Feature","properties":{"ADM0_A3":"ZMB"},"geometry":{"type":"Polygon","coordinates":[[[30.3961,-15.6431],[29.4873,-15.6968],[28.9131,-15.9878],[28.7605,-16.5321],[27.9322,-16.8962],[27.0208,-17.9584],[26.7799,-18.0415],[25.8633,-17.952],[24.7329,-17.5178],[23.3807,-17.6406],[22.1507,-16.5972],[22.0402,-16.2628],[21.9789,-13.001],[23.963,-12.9885],[23.9665,-10.8718],[24.3657,-11.1299],[24.3779,-11.4171],[25.2888,-11.2124],[25.3494,-11.623],[26.026,-11.8901],[26.824,-11.9652],[27.1592,-11.5792],[27.5738,-12.2271],[28.4129,-12.5181],[29.0143,-13.3688],[29.5542,-13.2489],[29.7752,-13.4381],[29.7951,-12.1555],[29.5082,-12.2282],[29.4855,-12.4185],[29.0644,-12.3488],[28.3834,-11.5667],[28.6455,-10.5502],[28.6042,-9.6788],[28.4007,-9.2248],[28.8695,-8.7858],[28.8981,-8.4854],[30.7512,-8.1937],[31.0334,-8.5977],[31.3506,-8.607],[31.6736,-8.9088],[32.4332,-9.1563],[32.9199,-9.4074],[32.996,-9.6229],[33.1957,-9.6262],[33.6615,-10.5531],[33.2613,-10.8934],[33.3798,-11.1579],[33.2327,-11.4177],[33.2523,-12.1126],[33.5123,-12.3478],[33.0216,-12.6305],[32.9676,-13.225],[32.6704,-13.5904],[32.9921,-14.0222],[33.2018,-14.0134],[30.2318,-14.9903],[30.3961,-15.6431]]]}},{"type":"Feature","properties":{"ADM0_A3":"YEM"},"geometry":{"type":"MultiPolygon","coordinates":[[[[53.0856,16.6484],[52.3277,16.2936],[52.174,15.9568],[52.2175,15.6555],[51.6037,15.3368],[49.3499,14.6378],[48.6684,14.0501],[47.9899,14.0481],[47.4077,13.6616],[46.7889,13.4656],[45.6573,13.3387],[45.0387,12.8159],[44.0059,12.6077],[43.4876,12.6988],[43.2319,13.2671],[43.2824,13.6925],[43.0891,14.011],[42.9364,14.9386],[42.6578,15.2328],[42.799,15.3263],[42.7993,16.3718],[43.165,16.6894],[43.1909,17.3594],[43.3461,17.486],[43.917,17.3247],[45.148,17.4274],[46.7276,17.2656],[46.9757,16.9535],[47.1436,16.9467],[47.4418,17.1119],[48.1722,18.1569],[49.1924,18.6213],[51.9776,18.9961],[53.0856,16.6484]]],[[[42.5902,15.3034],[42.5587,15.2812],[42.549,15.3201],[42.5697,15.4073],[42.6023,15.4325],[42.6245,15.368],[42.6104,15.3323],[42.5902,15.3034]]],[[[42.7559,13.7043],[42.6897,13.6736],[42.735,13.753],[42.7813,13.7693],[42.7941,13.7661],[42.7559,13.7043]]],[[[42.7874,13.9715],[42.7742,13.9502],[42.7561,13.9549],[42.694,14.0079],[42.7621,14.0675],[42.7983,14.0123],[42.7874,13.9715]]],[[[53.7632,12.6368],[54.5111,12.5528],[53.7188,12.319],[53.3158,12.5332],[53.535,12.7158],[53.7632,12.6368]]]]}},{"type":"Feature","properties":{"ADM0_A3":"VNM"},"geometry":{"type":"MultiPolygon","coordinates":[[[[104.064,10.3908],[104.0185,10.0292],[103.8495,10.3711],[104.064,10.3908]]],[[[107.9727,21.508],[107.41,21.2848],[107.3543,21.0552],[107.1647,20.9487],[106.6834,21.0003],[106.7534,20.7351],[106.518,20.2889],[105.9841,19.9391],[105.6218,18.9663],[105.8883,18.5025],[106.499,17.9464],[106.4789,17.7196],[106.3705,17.7469],[107.8338,16.3225],[108.0294,16.3311],[108.8213,15.3779],[109.3033,13.8564],[109.2719,13.2793],[109.4449,12.5996],[109.3355,12.7519],[109.2189,12.6458],[109.2592,11.9545],[108.9867,11.3364],[107.2615,10.3984],[107.0066,10.6605],[106.9475,10.4003],[106.7273,10.5356],[106.6059,10.4649],[106.7574,10.2958],[106.4641,10.2983],[106.7853,10.1165],[106.5956,9.8599],[106.1364,10.2217],[106.5725,9.6411],[106.378,9.5561],[105.831,10.0007],[106.1684,9.3967],[105.501,9.0932],[105.1144,8.6292],[104.7704,8.5977],[104.8963,8.7466],[104.8452,9.6062],[105.0949,9.9453],[104.4264,10.4112],[104.8506,10.5345],[105.0464,10.7017],[105.0457,10.9114],[105.3146,10.8452],[105.7551,10.99],[106.164,10.7949],[106.1609,11.0371],[105.8561,11.2943],[105.8515,11.635],[106.0061,11.758],[106.3992,11.687],[106.4139,11.9484],[107.5064,12.3646],[107.4754,13.0304],[107.6055,13.4378],[107.3314,14.1266],[107.5353,14.65],[107.4804,14.9799],[107.6531,15.2552],[107.1659,15.8025],[107.3964,16.043],[106.8511,16.5156],[106.6564,16.4926],[106.5022,16.9541],[105.1146,18.4053],[105.1465,18.651],[103.8916,19.305],[104.0629,19.4826],[104.032,19.6751],[104.5879,19.6187],[104.9279,20.0181],[104.8479,20.2024],[104.3678,20.4414],[104.5832,20.6467],[104.1014,20.9455],[103.6351,20.6971],[103.1045,20.8916],[102.8512,21.2659],[102.9496,21.6813],[102.8159,21.8074],[102.662,21.676],[102.1274,22.3792],[102.4709,22.7509],[102.9819,22.4482],[103.3267,22.7698],[103.493,22.588],[103.6202,22.782],[103.9415,22.5401],[104.1431,22.8001],[104.3718,22.7041],[104.6873,22.8222],[104.8647,23.1364],[105.2754,23.3452],[105.843,22.9228],[106.1484,22.9701],[106.7803,22.7789],[106.5504,22.5014],[106.6636,21.9789],[106.971,21.9239],[107.3512,21.6089],[107.7593,21.655],[107.9727,21.508]]],[[[106.6175,8.6828],[106.5893,8.6805],[106.568,8.7009],[106.6586,8.7664],[106.6495,8.723],[106.6525,8.7011],[106.6175,8.6828]]],[[[107.1677,10.3972],[107.0838,10.3366],[107.0779,10.3875],[107.1509,10.4203],[107.1766,10.4462],[107.1949,10.4457],[107.1677,10.3972]]],[[[106.8656,20.8157],[106.8541,20.7964],[106.8031,20.8438],[106.7694,20.8642],[106.7953,20.9279],[106.8551,20.8583],[106.8656,20.8157]]],[[[107.6027,21.2168],[107.4035,21.0937],[107.4763,21.2689],[107.6027,21.2168]]],[[[107.5213,20.9266],[107.3992,20.9035],[107.5513,21.034],[107.5213,20.9266]]],[[[107.0313,20.747],[106.99,20.7431],[106.9106,20.8242],[106.9534,20.867],[107.0438,20.8368],[107.0645,20.8173],[107.064,20.7998],[107.0423,20.761],[107.0313,20.747]]]]}},{"type":"Feature","properties":{"ADM0_A3":"VEN"},"geometry":{"type":"MultiPolygon","coordinates":[[[[-60.8212,9.1384],[-60.9414,9.1056],[-60.9395,9.1323],[-60.9073,9.1787],[-60.8449,9.1918],[-60.8214,9.2077],[-60.7816,9.2184],[-60.7589,9.2165],[-60.7358,9.2033],[-60.7904,9.1772],[-60.8212,9.1384]]],[[[-63.8494,11.131],[-63.9176,10.8875],[-64.4023,10.9816],[-63.8494,11.131]]],[[[-65.2125,10.9064],[-65.2664,10.884],[-65.3652,10.9064],[-65.4146,10.9379],[-65.3832,10.9738],[-65.3023,10.9738],[-65.2266,10.9302],[-65.2125,10.9064]]],[[[-60.9979,8.8673],[-61.0692,8.9473],[-60.9158,9.0703],[-60.8614,8.9496],[-60.9979,8.8673]]],[[[-60.0175,8.5493],[-59.8491,8.2487],[-60.7187,7.5359],[-60.6333,7.2111],[-60.3451,7.15],[-60.3521,7.0029],[-61.1456,6.6945],[-61.1287,6.2143],[-61.3908,5.9388],[-60.672,5.1644],[-60.6276,4.8925],[-61.0028,4.5353],[-61.2801,4.5169],[-61.5542,4.2878],[-62.7121,4.0179],[-62.857,3.5935],[-63.3387,3.9439],[-64.0215,3.9291],[-64.1925,4.1269],[-64.7887,4.276],[-64.2211,3.5874],[-64.0466,2.5024],[-63.3893,2.4119],[-63.3939,2.2225],[-64.0085,1.9316],[-64.205,1.5295],[-65.0266,1.1584],[-65.5561,0.688],[-65.6447,0.9704],[-66.3017,0.752],[-66.876,1.223],[-67.2108,2.3901],[-67.6187,2.7936],[-67.8591,2.7936],[-67.3111,3.4159],[-67.6616,3.8643],[-67.8553,4.5069],[-67.8249,5.2705],[-67.4739,5.93],[-67.482,6.1803],[-67.8592,6.2899],[-69.4271,6.124],[-70.1292,6.9536],[-70.7372,7.09],[-72.0066,7.0326],[-72.472,7.5243],[-72.3903,8.2871],[-72.6654,8.6276],[-72.7964,9.109],[-73.0584,9.2596],[-73.3662,9.1941],[-73.0065,9.7892],[-72.6901,10.8358],[-72.2485,11.1964],[-71.9581,11.6664],[-71.3197,11.8619],[-71.9569,11.5699],[-71.5943,10.6574],[-72.1128,9.8156],[-71.6867,9.0725],[-71.2414,9.1604],[-71.0527,9.7058],[-71.4942,10.5332],[-71.4695,10.9642],[-70.0971,11.5198],[-69.8048,11.4742],[-69.8173,11.6721],[-70.1926,11.6246],[-70.2865,11.886],[-70.004,12.1779],[-69.6316,11.4799],[-68.828,11.4317],[-68.3986,11.161],[-68.1399,10.4927],[-66.2472,10.6322],[-65.8518,10.2578],[-65.1291,10.0701],[-64.1883,10.4578],[-63.7319,10.5034],[-64.2982,10.6352],[-61.8795,10.741],[-62.38,10.5469],[-62.9136,10.5315],[-62.6858,10.2898],[-62.7406,10.0562],[-62.5503,10.2004],[-62.3204,9.7831],[-62.0771,9.975],[-61.7359,9.6312],[-61.7659,9.8138],[-61.5889,9.8945],[-60.7925,9.3607],[-61.0231,9.1546],[-61.2473,8.6003],[-61.6187,8.5975],[-61.304,8.4104],[-60.801,8.5921],[-60.0175,8.5493]]]]}},{"type":"Feature","properties":{"ADM0_A3":"VAT"},"geometry":{"type":"Polygon","coordinates":[[[12.4392,41.8984],[12.4306,41.8976],[12.4275,41.9007],[12.4306,41.9055],[12.4384,41.9062],[12.4392,41.8984]]]}},{"type":"Feature","properties":{"ADM0_A3":"VUT"},"geometry":{"type":"MultiPolygon","coordinates":[[[[166.7458,-14.8269],[166.8102,-15.1574],[167.0756,-14.9356],[167.2008,-15.4431],[167.0939,-15.5809],[166.7583,-15.6312],[166.6311,-15.4061],[166.5261,-14.7598],[166.6078,-14.6365],[166.7458,-14.8269]]],[[[167.4125,-16.0959],[167.8366,-16.4497],[167.4493,-16.555],[167.3492,-16.1545],[167.1515,-16.0805],[167.2537,-15.8768],[167.4125,-16.0959]]],[[[168.4468,-16.7788],[168.1814,-16.804],[168.1354,-16.6369],[168.4468,-16.7788]]],[[[168.2967,-16.3365],[167.929,-16.2287],[168.1639,-16.0816],[168.2967,-16.3365]]],[[[168.4458,-17.5422],[168.5246,-17.798],[168.1582,-17.7105],[168.4458,-17.5422]]],[[[167.9113,-15.4359],[167.6742,-15.4516],[168.0025,-15.2832],[167.9113,-15.4359]]],[[[168.2129,-15.9704],[168.1962,-15.9717],[168.1793,-15.9257],[168.1229,-15.6809],[168.16,-15.4618],[168.1835,-15.5082],[168.2678,-15.8923],[168.2563,-15.9552],[168.2129,-15.9704]]],[[[168.1892,-15.3287],[168.1719,-15.3906],[168.1305,-15.3189],[168.1042,-15.0166],[168.1149,-14.9886],[168.1364,-14.9864],[168.1869,-15.1969],[168.1892,-15.3287]]],[[[167.2189,-15.7241],[167.2008,-15.7501],[167.0947,-15.6853],[167.119,-15.6226],[167.2344,-15.645],[167.2189,-15.7241]]],[[[167.5849,-14.2609],[167.5433,-14.3116],[167.4303,-14.2949],[167.4035,-14.2815],[167.4107,-14.1975],[167.4391,-14.1685],[167.5064,-14.1422],[167.5989,-14.1838],[167.5849,-14.2609]]],[[[167.4889,-13.9072],[167.3918,-13.7884],[167.4811,-13.7095],[167.4889,-13.9072]]],[[[169.8963,-20.1866],[169.8611,-20.2418],[169.807,-20.2411],[169.7375,-20.2021],[169.7507,-20.1533],[169.8295,-20.1447],[169.8523,-20.1479],[169.8963,-20.1866]]],[[[169.4913,-19.5401],[169.3473,-19.6235],[169.2475,-19.3447],[169.4913,-19.5401]]],[[[169.3344,-18.9402],[168.9869,-18.8713],[169.0158,-18.6438],[169.1438,-18.6311],[169.3344,-18.9402]]]]}},{"type":"Feature","properties":{"ADM0_A3":"UZB"},"geometry":{"type":"MultiPolygon","coordinates":[[[[70.9468,42.2487],[71.2285,42.1629],[70.2009,41.5145],[70.6889,41.4498],[70.8604,41.2249],[71.3931,41.1234],[71.4209,41.3419],[71.5855,41.3333],[71.6649,41.5412],[71.8786,41.195],[72.1643,41.1737],[72.1873,41.0259],[73.1369,40.8106],[72.6041,40.5254],[72.4021,40.5781],[72.3577,40.4017],[72.1312,40.4386],[71.6925,40.1523],[71.3047,40.2869],[70.6027,40.2142],[70.3771,40.4393],[70.751,40.7396],[70.402,41.0351],[69.7129,40.657],[69.4139,40.7972],[69.2062,40.5666],[69.2749,40.1981],[68.6307,40.1671],[68.9721,40.0899],[68.8047,40.0503],[68.8688,39.9075],[68.639,39.8389],[68.5069,39.5628],[67.719,39.6214],[67.4262,39.4656],[67.3576,39.2167],[67.6944,38.9946],[68.1325,38.9276],[68.0872,38.4735],[68.3503,38.211],[67.8144,37.487],[67.759,37.1722],[66.5223,37.3485],[66.5745,38.0108],[65.6129,38.2386],[63.7637,39.1605],[62.4832,39.9756],[61.9028,41.0937],[61.497,41.2761],[60.455,41.2216],[60.0896,41.3994],[60.0756,41.7597],[60.2008,41.8031],[59.9418,41.9735],[59.9852,42.2117],[59.3543,42.3233],[58.5891,42.7785],[58.1516,42.6281],[58.4744,42.2994],[58.0289,42.4876],[57.8143,42.1898],[57.2906,42.1238],[56.9641,41.8565],[57.1188,41.3503],[57.018,41.2635],[55.9774,41.3222],[55.9757,44.9949],[58.5553,45.5554],[61.0079,44.3938],[61.9902,43.4921],[63.207,43.628],[64.4432,43.5512],[64.9055,43.7147],[65.4962,43.3105],[65.803,42.877],[66.1003,42.9908],[66.0096,42.0049],[66.4986,41.9949],[66.7097,41.1791],[67.9357,41.1966],[68.1131,41.0286],[68.0477,40.8093],[68.415,40.6194],[68.5727,40.6227],[68.5841,40.8763],[69.1536,41.4252],[70.9468,42.2487]],[[70.6525,40.9366],[70.6492,40.9608],[70.6184,41.0017],[70.5721,41.0248],[70.55,41.0149],[70.5687,40.9818],[70.6228,40.9344],[70.6525,40.9366]]],[[[71.2062,39.8926],[71.0117,39.8951],[70.9763,40.1333],[71.2287,40.0481],[71.2062,39.8926]]],[[[71.7797,39.9502],[71.7529,39.9071],[71.7059,39.9174],[71.6689,39.9461],[71.6813,39.9687],[71.7365,39.981],[71.7653,39.9933],[71.7899,39.9953],[71.7797,39.9502]]]]}},{"type":"Feature","properties":{"ADM0_A3":"URY"},"geometry":{"type":"Polygon","coordinates":[[[-53.3706,-33.7422],[-53.7853,-34.3804],[-54.1686,-34.6707],[-54.9023,-34.9328],[-55.6731,-34.7757],[-56.25,-34.9013],[-57.1707,-34.4523],[-57.8732,-34.4477],[-58.4381,-33.7191],[-58.3635,-33.1823],[-58.0927,-32.9674],[-58.189,-31.9242],[-57.9889,-31.6206],[-58.0539,-31.4949],[-57.8106,-30.8586],[-57.8725,-30.591],[-57.6458,-30.227],[-57.2145,-30.2834],[-56.8327,-30.1072],[-56.0448,-30.7776],[-56.0047,-31.0792],[-55.603,-30.8508],[-55.1735,-31.2796],[-54.5876,-31.4852],[-54.2206,-31.8552],[-53.7617,-32.0568],[-53.6017,-32.403],[-53.1256,-32.7367],[-53.5313,-33.1709],[-53.5313,-33.6555],[-53.3706,-33.7422]]]}},{"type":"Feature","properties":{"ADM0_A3":"FSM"},"geometry":{"type":"MultiPolygon","coordinates":[[[[162.9832,5.3257],[162.9935,5.2772],[162.9299,5.3008],[162.9211,5.3179],[162.9582,5.335],[162.9832,5.3257]]],[[[138.1427,9.5007],[138.0671,9.419],[138.0619,9.4458],[138.0851,9.4946],[138.1169,9.5502],[138.147,9.5836],[138.1858,9.5933],[138.2136,9.5472],[138.1825,9.5074],[138.1427,9.5007]]],[[[151.6478,7.3462],[151.6395,7.333],[151.5783,7.3381],[151.5697,7.3455],[151.5751,7.3513],[151.6043,7.3572],[151.6078,7.3754],[151.5929,7.3792],[151.6057,7.3887],[151.6295,7.3904],[151.6433,7.3792],[151.6505,7.3628],[151.6478,7.3462]]],[[[151.8814,7.432],[151.8643,7.4268],[151.856,7.4318],[151.86,7.4574],[151.8653,7.4662],[151.8818,7.4671],[151.9105,7.4602],[151.9126,7.4539],[151.8814,7.432]]],[[[158.3148,6.8137],[158.1348,6.9448],[158.2946,6.9511],[158.3148,6.8137]]]]}},{"type":"Feature","properties":{"ADM0_A3":"MHL"},"geometry":{"type":"MultiPolygon","coordinates":[[[[169.6351,5.8301],[169.6154,5.7998],[169.5905,5.8019],[169.6122,5.8244],[169.6271,5.8558],[169.6511,5.9451],[169.7004,5.9771],[169.7346,6.0142],[169.7264,5.9757],[169.6726,5.9352],[169.6351,5.8301]]],[[[168.8303,7.309],[168.8154,7.2936],[168.7192,7.3027],[168.6751,7.3219],[168.6793,7.3362],[168.7555,7.3225],[168.8303,7.309]]],[[[171.5773,7.0482],[171.6147,7.0266],[171.6884,7.0283],[171.7568,6.9731],[171.7305,6.9766],[171.6934,7.0001],[171.6594,7.0101],[171.6142,7.0072],[171.5928,7.0163],[171.5773,7.0482]]],[[[171.102,7.1382],[171.227,7.087],[171.3938,7.1109],[171.367,7.0956],[171.3047,7.0812],[171.2633,7.0687],[171.2354,7.0687],[171.2023,7.0735],[171.0955,7.1093],[171.0357,7.1561],[171.0504,7.1718],[171.102,7.1382]]],[[[166.8903,11.1531],[166.8645,11.1462],[166.8447,11.1534],[166.8589,11.1663],[166.8881,11.1687],[166.8994,11.165],[166.8903,11.1531]]]]}},{"type":"Feature","properties":{"ADM0_A3":"MNP"},"geometry":{"type":"MultiPolygon","coordinates":[[[[145.7084,18.7625],[145.6781,18.7252],[145.6525,18.7526],[145.6455,18.8068],[145.6901,18.8016],[145.7066,18.7905],[145.7084,18.7625]]],[[[145.7121,16.3391],[145.6902,16.3321],[145.6583,16.3358],[145.636,16.3515],[145.6311,16.378],[145.6955,16.3796],[145.7195,16.3598],[145.7121,16.3391]]],[[[145.2648,14.1581],[145.2153,14.1113],[145.1796,14.121],[145.1574,14.1369],[145.1521,14.1636],[145.2324,14.1895],[145.2654,14.1802],[145.2648,14.1581]]],[[[145.7775,18.079],[145.7291,18.0569],[145.7893,18.1554],[145.8074,18.1727],[145.8354,18.1368],[145.7775,18.079]]],[[[145.752,15.1332],[145.7492,15.1072],[145.6982,15.1135],[145.6843,15.1251],[145.7132,15.2153],[145.7863,15.2569],[145.8219,15.2654],[145.7886,15.2227],[145.7823,15.1746],[145.752,15.1332]]],[[[145.6623,14.9705],[145.621,14.9195],[145.5916,14.9988],[145.5867,15.0308],[145.6248,15.0602],[145.6474,15.0595],[145.6623,14.9705]]]]}},{"type":"Feature","properties":{"ADM0_A3":"VIR"},"geometry":{"type":"MultiPolygon","coordinates":[[[[-64.845,18.3301],[-64.92,18.3213],[-65.0236,18.3676],[-64.942,18.3852],[-64.8891,18.3742],[-64.845,18.3301]]],[[[-64.6598,18.3543],[-64.726,18.3279],[-64.7706,18.3316],[-64.7877,18.3411],[-64.7524,18.372],[-64.6598,18.3543]]],[[[-64.7656,17.7943],[-64.5805,17.7502],[-64.8891,17.7017],[-64.7656,17.7943]]]]}},{"type":"Feature","properties":{"ADM0_A3":"GUM"},"geometry":{"type":"Polygon","coordinates":[[[144.7418,13.2593],[144.6493,13.4287],[144.8754,13.6146],[144.7418,13.2593]]]}},{"type":"Feature","properties":{"ADM0_A3":"ASM"},"geometry":{"type":"Polygon","coordinates":[[[-170.7263,-14.3512],[-170.7692,-14.3598],[-170.8205,-14.3121],[-170.7209,-14.276],[-170.6892,-14.2574],[-170.5681,-14.2668],[-170.6405,-14.2822],[-170.7263,-14.3512]]]}},{"type":"Feature","properties":{"ADM0_A3":"PRI"},"geometry":{"type":"MultiPolygon","coordinates":[[[[-66.1294,18.4449],[-65.6288,18.3814],[-65.6209,18.2423],[-65.9708,17.9744],[-67.1969,17.9942],[-67.2641,18.3646],[-67.1586,18.4992],[-66.1294,18.4449]]],[[[-65.4256,18.1056],[-65.504,18.0995],[-65.5551,18.1077],[-65.5722,18.1373],[-65.4771,18.165],[-65.3662,18.1611],[-65.3027,18.1444],[-65.2949,18.1334],[-65.4256,18.1056]]],[[[-67.8725,18.0599],[-67.8818,18.0589],[-67.8912,18.0599],[-67.8955,18.0628],[-67.9019,18.0719],[-67.9304,18.0869],[-67.9371,18.1006],[-67.9306,18.1151],[-67.9189,18.1209],[-67.8611,18.1226],[-67.8552,18.1211],[-67.8437,18.111],[-67.8434,18.104],[-67.8491,18.097],[-67.8592,18.0796],[-67.8634,18.0752],[-67.8668,18.0707],[-67.8681,18.0628],[-67.8725,18.0599]]]]}},{"type":"Feature","properties":{"ADM0_A3":"USA"},"geometry":{"type":"MultiPolygon","coordinates":[[[[-132.7469,56.5257],[-132.948,56.5672],[-132.8425,56.7948],[-132.568,56.5758],[-132.7469,56.5257]]],[[[-132.7799,56.2473],[-133.0376,56.3648],[-132.6434,56.4352],[-132.7799,56.2473]]],[[[-134.3127,58.2289],[-134.3199,58.2041],[-134.4563,58.2065],[-134.594,58.2431],[-134.6616,58.2909],[-134.648,58.3124],[-134.52,58.3325],[-134.3989,58.2872],[-134.3127,58.2289]]],[[[-145.1185,60.3371],[-145.1505,60.3126],[-145.2376,60.3213],[-145.2843,60.3368],[-145.1281,60.4011],[-145.1024,60.3882],[-145.1185,60.3371]]],[[[-144.5656,59.8184],[-144.6136,59.8126],[-144.5416,59.8782],[-144.4449,59.9507],[-144.354,59.9962],[-144.2357,60.0152],[-144.249,59.9821],[-144.4032,59.9211],[-144.5656,59.8184]]],[[[-148.0218,60.0653],[-148.0742,60.0347],[-148.2719,60.0533],[-148.2307,60.1135],[-148.0796,60.1517],[-147.9142,60.0923],[-148.0218,60.0653]]],[[[-152.0208,60.3617],[-152.069,60.3581],[-152.0045,60.4074],[-151.9597,60.5038],[-151.8994,60.4904],[-151.8873,60.4727],[-151.9869,60.374],[-152.0208,60.3617]]],[[[-160.3293,55.3377],[-160.3433,55.2588],[-160.4808,55.309],[-160.5175,55.3338],[-160.4929,55.3523],[-160.3623,55.357],[-160.3293,55.3377]]],[[[-159.362,54.9724],[-159.3945,54.9673],[-159.4213,54.9781],[-159.4585,55.035],[-159.4619,55.0588],[-159.3904,55.0409],[-159.3632,54.9995],[-159.362,54.9724]]],[[[-159.5151,55.1519],[-159.5204,55.0722],[-159.535,55.0596],[-159.5615,55.0809],[-159.6177,55.0573],[-159.6485,55.0746],[-159.6354,55.1023],[-159.6396,55.124],[-159.5979,55.1257],[-159.588,55.1653],[-159.5953,55.182],[-159.5748,55.2177],[-159.5451,55.226],[-159.5151,55.1519]]],[[[-166.2098,53.7233],[-166.2238,53.7204],[-166.2494,53.7452],[-166.2507,53.7678],[-166.2344,53.7842],[-166.1877,53.8225],[-166.1545,53.8361],[-166.1137,53.8431],[-166.1027,53.8328],[-166.1386,53.7874],[-166.1837,53.7569],[-166.2098,53.7233]]],[[[-176.009,51.8124],[-176.0934,51.7905],[-176.2044,51.8348],[-176.1937,51.8863],[-176.0716,51.8433],[-176.009,51.8124]]],[[[-166.1099,66.2274],[-166.1486,66.2218],[-166.1465,66.2372],[-166.0325,66.2777],[-165.8222,66.3281],[-165.8299,66.3171],[-165.9423,66.2782],[-166.1099,66.2274]]],[[[-171.463,63.64],[-170.4304,63.6988],[-169.5545,63.3735],[-168.716,63.3106],[-168.8524,63.1712],[-169.3647,63.1711],[-169.6764,62.9561],[-169.8186,63.1224],[-170.8484,63.4444],[-171.6318,63.3512],[-171.8194,63.4772],[-171.7464,63.7031],[-171.463,63.64]]],[[[-166.1354,60.3835],[-165.7297,60.3142],[-165.5918,59.9131],[-166.1487,59.7641],[-167.1389,60.0085],[-167.4364,60.2066],[-166.1354,60.3835]]],[[[-152.898,57.8239],[-152.4288,57.8257],[-152.4826,57.7033],[-152.2162,57.577],[-152.4122,57.4548],[-152.9408,57.4981],[-152.6791,57.3451],[-153.7326,57.0523],[-153.6433,56.9607],[-153.9727,56.7742],[-154.0709,56.8207],[-153.7932,56.9895],[-154.2438,57.143],[-154.3811,57.0965],[-154.1843,57.0053],[-154.339,56.9209],[-154.706,57.3354],[-154.5353,57.5594],[-154.1162,57.6512],[-153.6877,57.3051],[-153.8381,57.6358],[-153.6932,57.6634],[-153.9061,57.7908],[-153.8416,57.8628],[-153.4879,57.731],[-153.2175,57.7958],[-153.1604,57.972],[-152.898,57.8239]]],[[[-130.0251,55.8882],[-130.1465,55.6545],[-130.0366,55.2979],[-130.5753,54.7697],[-130.8496,54.8076],[-131.0479,55.1577],[-130.7482,55.318],[-131.1277,55.9602],[-131.0328,56.0881],[-131.7842,55.8766],[-131.945,55.5541],[-132.119,55.5698],[-132.2075,55.7534],[-131.8438,56.1601],[-131.5514,56.2068],[-132.182,56.4207],[-132.8022,56.8952],[-132.8246,57.0558],[-133.4659,57.1722],[-133.6487,57.6423],[-133.117,57.5662],[-133.5352,57.833],[-133.1943,57.8777],[-133.7223,57.8442],[-134.0311,58.0722],[-133.8768,58.5182],[-134.2088,58.233],[-134.7761,58.4539],[-135.1318,58.8429],[-135.3637,59.4194],[-135.5023,59.2023],[-135.0902,58.2458],[-135.8976,58.4002],[-135.8617,58.5771],[-136.0431,58.8216],[-135.8264,58.8979],[-136.0166,58.874],[-136.15,59.0481],[-136.2258,58.7655],[-137.0021,59.0211],[-137.059,58.8737],[-136.6139,58.8093],[-136.4101,58.7006],[-136.4837,58.6177],[-136.0615,58.4527],[-136.6074,58.244],[-137.544,58.5812],[-138.5149,59.1659],[-139.7733,59.5273],[-139.513,59.6981],[-139.5123,59.9536],[-139.331,59.877],[-139.2867,59.6109],[-139.2208,59.8199],[-138.9881,59.835],[-139.4314,60.0123],[-140.4198,59.7107],[-141.4083,59.9028],[-141.2899,60.0042],[-141.4087,60.1177],[-141.6702,59.9699],[-142.9457,60.097],[-144.1472,60.0164],[-144.1855,60.1507],[-144.9013,60.3352],[-144.6911,60.6691],[-145.2483,60.3801],[-145.8989,60.4782],[-145.6749,60.6511],[-146.5705,60.7291],[-146.392,60.8108],[-146.636,60.9925],[-146.3844,61.1358],[-147.8076,60.8854],[-148.0051,60.9686],[-147.7519,61.2189],[-148.3419,61.0604],[-148.2087,61.0299],[-148.3444,60.8536],[-148.5574,60.8029],[-148.2842,60.6093],[-148.6401,60.4895],[-147.9641,60.4849],[-148.1817,60.3931],[-148.1976,60.1678],[-148.4307,59.9891],[-149.2666,59.9983],[-149.3953,60.1058],[-149.598,59.7705],[-149.7139,59.9196],[-149.7825,59.7503],[-150.0053,59.7844],[-149.9665,59.69],[-150.198,59.5666],[-150.6074,59.5634],[-150.9345,59.2491],[-151.7382,59.1885],[-151.9495,59.2651],[-151.8846,59.3863],[-151.0465,59.7718],[-151.4501,59.6504],[-151.8532,59.7821],[-151.396,60.2745],[-151.3564,60.7229],[-150.4413,61.0236],[-149.0751,60.8764],[-150.0533,61.1711],[-149.4335,61.5008],[-149.9757,61.2793],[-150.9455,61.1982],[-151.734,60.9107],[-151.7505,60.7549],[-152.2707,60.5281],[-152.3688,60.3363],[-153.025,60.2957],[-152.6647,60.1253],[-152.6601,59.9972],[-153.2112,59.8427],[-153.0246,59.794],[-153.0936,59.7091],[-153.6525,59.647],[-154.0883,59.3633],[-154.1783,59.1556],[-153.4183,58.96],[-153.3271,58.8843],[-153.4376,58.7548],[-154.289,58.3043],[-154.247,58.1594],[-155.0069,58.0161],[-156.4359,57.36],[-156.4005,57.2048],[-156.629,57.01],[-158.4144,56.4358],[-158.5521,56.3127],[-158.2756,56.1962],[-158.4761,56.0755],[-158.5912,56.1845],[-158.7898,55.9869],[-159.5232,55.81],[-159.6597,55.6259],[-159.7714,55.8411],[-161.178,55.3889],[-161.4639,55.3825],[-161.4133,55.5361],[-161.2021,55.5436],[-161.5169,55.6184],[-162.074,55.1393],[-162.3864,55.0523],[-162.6304,55.2467],[-162.6744,54.9966],[-163.1196,55.0647],[-163.1311,54.9166],[-163.3353,54.8392],[-163.2788,55.1218],[-162.9066,55.1956],[-161.6973,55.9072],[-161.2156,56.0214],[-160.8986,55.9937],[-161.0054,55.8872],[-160.8028,55.7544],[-160.7063,55.8705],[-160.2917,55.8051],[-160.5391,56.0063],[-160.3021,56.3141],[-158.918,56.8822],[-158.6751,56.7949],[-158.6608,57.0394],[-158.3209,57.2979],[-157.8458,57.5281],[-157.4619,57.5062],[-157.6972,57.6794],[-157.6109,58.0508],[-157.1937,58.1942],[-157.4884,58.2537],[-157.5236,58.4213],[-156.9747,58.7363],[-156.8089,59.1343],[-157.142,58.8776],[-158.1909,58.6143],[-158.5032,58.8503],[-158.4256,58.9993],[-158.0805,58.9774],[-158.4228,59.0898],[-158.8095,58.9739],[-158.7886,58.441],[-158.9507,58.4045],[-159.6703,58.9111],[-159.9202,58.8199],[-160.3631,59.0512],[-161.3613,58.6695],[-162.1449,58.6442],[-161.7244,58.7943],[-161.7887,59.0164],[-161.6444,59.1097],[-161.9811,59.1461],[-161.8287,59.5886],[-162.4213,60.284],[-161.9466,60.6848],[-162.138,60.6855],[-162.685,60.2689],[-162.527,60.1991],[-162.5708,59.9897],[-163.9069,59.8068],[-165.0611,60.4125],[-165.0265,60.5006],[-165.3538,60.5412],[-164.8052,60.892],[-164.3185,60.7713],[-164.3724,60.5918],[-163.9996,60.7661],[-163.73,60.59],[-163.4209,60.7574],[-163.9065,60.8538],[-163.5869,60.903],[-165.1148,60.9328],[-164.869,61.1118],[-165.2798,61.1696],[-165.2736,61.2749],[-165.3808,61.1063],[-165.5659,61.1023],[-165.864,61.3357],[-165.8453,61.5362],[-166.094,61.5067],[-166.1681,61.6508],[-165.8089,61.6961],[-166.0788,61.8031],[-165.6128,61.8693],[-165.7073,62.1004],[-165.1945,62.4735],[-164.7579,62.4967],[-164.8444,62.5811],[-164.5895,62.7094],[-164.7927,62.6232],[-164.7997,62.9181],[-164.3842,63.0305],[-164.5252,63.1276],[-164.409,63.215],[-163.9429,63.2472],[-163.6163,63.1251],[-163.7378,63.0164],[-163.2878,63.0464],[-162.6215,63.2658],[-162.2828,63.5292],[-161.5054,63.4682],[-160.9267,63.6605],[-160.7786,63.8189],[-160.9875,64.2513],[-161.4907,64.4338],[-160.9319,64.5791],[-160.887,64.7956],[-161.1302,64.9254],[-161.7594,64.8163],[-162.7111,64.3775],[-163.2039,64.652],[-163.3028,64.6059],[-163.0518,64.5197],[-163.1443,64.4238],[-163.7131,64.5882],[-164.9788,64.4537],[-166.1428,64.5828],[-166.4814,64.7281],[-166.4152,64.9265],[-166.9284,65.1571],[-166.157,65.2858],[-167.404,65.4221],[-168.0884,65.6578],[-166.3987,66.1444],[-165.6299,66.1312],[-165.8402,66.2451],[-165.7762,66.319],[-164.4605,66.5884],[-163.6382,66.5747],[-163.8939,66.5759],[-163.7755,66.5311],[-164.0337,66.2155],[-163.6954,66.0838],[-161.9337,66.0429],[-161.4554,66.2814],[-161.0343,66.1888],[-161.1203,66.3343],[-161.9169,66.4118],[-162.1912,66.6931],[-162.5437,66.8051],[-162.6074,66.8944],[-162.3616,66.9473],[-161.591,66.4595],[-160.2317,66.4203],[-160.3609,66.6125],[-161.398,66.5519],[-161.8567,66.7003],[-161.6222,66.9793],[-161.7199,67.0206],[-163.5318,67.1026],[-164.1252,67.6067],[-166.7863,68.3596],[-166.3805,68.4251],[-166.2091,68.8854],[-164.3023,68.9365],[-163.5357,69.1701],[-163.1615,69.3879],[-162.9521,69.7581],[-161.881,70.3317],[-161.7611,70.2577],[-162.0739,70.162],[-160.9963,70.3046],[-160.1171,70.5912],[-159.9631,70.5682],[-160.0951,70.3333],[-159.8657,70.2789],[-159.815,70.4971],[-159.3868,70.5245],[-160.0816,70.6349],[-159.6809,70.7868],[-157.9094,70.8601],[-156.4702,71.4077],[-156.5672,71.3416],[-156.47,71.2916],[-155.5794,71.1211],[-156.1466,70.9278],[-155.9735,70.842],[-154.9438,71.0831],[-154.6737,70.9871],[-154.7852,70.8943],[-154.1952,70.8011],[-153.2329,70.9326],[-152.3004,70.8468],[-152.4706,70.6536],[-151.769,70.5602],[-151.9447,70.4521],[-149.2694,70.5008],[-147.7054,70.2172],[-144.6192,69.9821],[-143.2183,70.1163],[-141.0021,69.6508],[-141.0021,60.3002],[-139.9733,60.1832],[-139.6763,60.3283],[-139.0792,60.3437],[-139.1852,60.0836],[-137.5933,59.2263],[-137.4386,58.9031],[-136.5788,59.1522],[-136.4664,59.4591],[-136.2471,59.5329],[-136.3218,59.6048],[-135.4759,59.7933],[-135.051,59.5787],[-134.9437,59.2883],[-133.4011,58.4109],[-132.2322,57.1985],[-132.338,57.0794],[-132.0315,57.0266],[-132.1043,56.8568],[-131.8662,56.7928],[-131.8243,56.59],[-130.0979,56.1093],[-130.0251,55.8882]]],[[[-163.476,54.9807],[-163.0833,54.669],[-164.0733,54.621],[-164.5908,54.4043],[-164.904,54.5448],[-164.4786,54.9068],[-163.8071,55.0491],[-163.476,54.9807]]],[[[-133.3051,55.5438],[-133.6502,55.2693],[-133.7371,55.4969],[-133.3051,55.5438]]],[[[-131.3397,55.0798],[-131.232,54.9038],[-131.4457,54.9093],[-131.5922,55.0257],[-131.5785,55.2488],[-131.3397,55.0798]]],[[[-132.1124,56.1094],[-132.133,55.9433],[-132.3686,55.9397],[-132.699,56.1982],[-132.3798,56.4988],[-132.0669,56.2442],[-132.1124,56.1094]]],[[[-130.9792,55.4892],[-131.1879,55.2063],[-131.4476,55.4088],[-131.811,55.2231],[-131.8461,55.4163],[-131.6476,55.5855],[-131.625,55.8317],[-131.2692,55.9554],[-130.9978,55.7276],[-130.9792,55.4892]]],[[[-133.3662,57.0035],[-132.9962,56.9304],[-132.9592,56.6771],[-133.329,56.8301],[-133.1582,56.4952],[-133.4842,56.4518],[-133.9794,57.0096],[-133.3662,57.0035]]],[[[-132.8623,54.8944],[-132.6172,54.8924],[-132.8073,54.7091],[-133.4291,55.3038],[-133.0974,55.2137],[-132.8623,54.8944]]],[[[-146.3939,60.4497],[-146.1022,60.4112],[-146.5953,60.2685],[-146.7029,60.3956],[-146.3939,60.4497]]],[[[-147.7359,59.8132],[-147.8725,59.8284],[-147.8144,59.902],[-147.1809,60.3583],[-146.9579,60.2889],[-147.7359,59.8132]]],[[[-147.6583,60.4505],[-147.8158,60.1852],[-147.8915,60.2994],[-147.6583,60.4505]]],[[[-147.9307,60.8262],[-148.0574,60.8179],[-148.1154,60.8306],[-148.1238,60.8443],[-148.0997,60.8948],[-148.1017,60.9161],[-148.0377,60.9241],[-147.9644,60.9001],[-147.9431,60.8754],[-147.9307,60.8262]]],[[[-153.0071,57.1249],[-153.3746,57.0519],[-153.2852,57.1851],[-153.0071,57.1249]]],[[[-152.4861,58.485],[-152.6366,58.5417],[-152.3679,58.6111],[-152.4861,58.485]]],[[[-153.2406,57.8501],[-153.2686,57.8224],[-153.295,57.8295],[-153.3508,57.862],[-153.465,57.9094],[-153.5171,57.9419],[-153.5201,57.9558],[-153.4811,57.971],[-153.347,57.9328],[-153.29,57.8979],[-153.2406,57.8501]]],[[[-155.566,55.8212],[-155.7374,55.8298],[-155.5939,55.9243],[-155.566,55.8212]]],[[[-154.6828,56.4358],[-154.7512,56.4122],[-154.7739,56.4203],[-154.7771,56.4399],[-154.7609,56.4711],[-154.7293,56.5021],[-154.6237,56.5613],[-154.5175,56.6005],[-154.4634,56.5982],[-154.4449,56.5732],[-154.5112,56.5214],[-154.6828,56.4358]]],[[[-154.2086,56.5149],[-154.3222,56.5706],[-154.1104,56.6029],[-154.2086,56.5149]]],[[[-160.6849,55.3148],[-160.5528,55.3808],[-160.4875,55.1849],[-160.7951,55.1452],[-160.8396,55.3354],[-160.6849,55.3148]]],[[[-162.2981,54.847],[-162.4339,54.9315],[-162.2646,54.9835],[-162.2981,54.847]]],[[[-162.5544,54.4014],[-162.6411,54.3795],[-162.7331,54.4023],[-162.8117,54.4444],[-162.8206,54.4945],[-162.6454,54.4621],[-162.608,54.4466],[-162.5544,54.4014]]],[[[-159.873,55.1288],[-160.2271,54.9227],[-160.1721,55.123],[-159.8874,55.273],[-159.873,55.1288]]],[[[-165.8416,54.0707],[-166.1058,54.1448],[-165.8929,54.207],[-165.6929,54.0999],[-165.8416,54.0707]]],[[[-165.5611,54.1367],[-165.5903,54.2787],[-165.4079,54.1968],[-165.5611,54.1367]]],[[[-160.919,58.5771],[-161.1315,58.6682],[-160.7151,58.7952],[-160.919,58.5771]]],[[[-172.7422,60.4574],[-172.2321,60.2991],[-172.6357,60.3289],[-173.074,60.4932],[-172.9239,60.6068],[-172.7422,60.4574]]],[[[-170.1605,57.1839],[-170.264,57.1368],[-170.358,57.1542],[-170.3859,57.1886],[-170.3866,57.203],[-170.1162,57.2418],[-170.1605,57.1839]]],[[[-169.6919,52.8474],[-169.7081,52.8071],[-169.7228,52.7923],[-169.8773,52.8138],[-169.9806,52.806],[-169.9918,52.8298],[-169.9826,52.851],[-169.8207,52.8834],[-169.7549,52.8836],[-169.711,52.8667],[-169.6919,52.8474]]],[[[-170.7334,52.5815],[-170.7974,52.5498],[-170.8161,52.5615],[-170.8271,52.6007],[-170.7912,52.6313],[-170.6821,52.6976],[-170.6081,52.6851],[-170.5846,52.6676],[-170.5866,52.6424],[-170.614,52.6096],[-170.6493,52.5931],[-170.6923,52.593],[-170.7334,52.5815]]],[[[-172.4648,52.2723],[-172.6198,52.2729],[-172.4704,52.388],[-172.3136,52.3296],[-172.4648,52.2723]]],[[[-169.7552,56.6351],[-169.6239,56.6151],[-169.5505,56.6281],[-169.4857,56.6177],[-169.4743,56.594],[-169.5869,56.5424],[-169.6326,56.5457],[-169.7662,56.608],[-169.7552,56.6351]]],[[[-176.2867,51.792],[-176.3497,51.7333],[-176.3961,51.7599],[-176.4137,51.8406],[-176.3786,51.8611],[-176.2802,51.8028],[-176.2867,51.792]]],[[[-176.0215,52.0024],[-176.0451,51.973],[-176.1429,52.0043],[-176.1775,52.0298],[-176.1845,52.0561],[-176.1557,52.0994],[-176.0774,52.1],[-176.0312,52.0823],[-175.9881,52.0495],[-175.9753,52.029],[-176.0215,52.0024]]],[[[-177.1482,51.7167],[-177.6702,51.7011],[-177.1315,51.9298],[-177.1482,51.7167]]],[[[178.5755,51.9163],[178.5118,51.8991],[178.4777,51.9425],[178.475,51.9677],[178.5094,51.9947],[178.5706,51.9775],[178.6073,51.953],[178.5755,51.9163]]],[[[179.4516,51.3726],[179.2781,51.3722],[178.9259,51.5351],[178.7471,51.5867],[178.6479,51.6439],[178.6922,51.656],[178.908,51.6156],[179.0843,51.5277],[179.1817,51.4699],[179.2943,51.4209],[179.4155,51.4009],[179.4516,51.3726]]],[[[173.7228,52.3596],[173.4023,52.4048],[173.7761,52.4951],[173.7228,52.3596]]],[[[-134.9698,57.3514],[-134.6207,56.7183],[-134.6819,56.2162],[-134.9806,56.5189],[-134.8834,56.6791],[-135.3306,56.8219],[-135.1996,57.0273],[-135.4549,57.2494],[-135.8123,57.0095],[-135.8228,57.2804],[-135.4487,57.5344],[-134.9698,57.3514]]],[[[-134.6803,58.1617],[-134.2401,58.144],[-133.8228,57.6287],[-134.3069,58.0344],[-133.9088,57.3687],[-134.4353,57.057],[-134.6131,57.1379],[-134.4868,57.482],[-134.9331,58.329],[-134.6803,58.1617]]],[[[-135.7304,58.2442],[-135.6132,57.9918],[-135.3466,58.1241],[-134.9547,58.0153],[-134.9707,57.8172],[-135.3385,57.7687],[-134.9789,57.7244],[-134.9315,57.4812],[-135.5642,57.6664],[-135.6919,57.4199],[-135.9108,57.4466],[-136.5686,57.9722],[-136.322,58.2189],[-136.1438,58.0985],[-135.7304,58.2442]]],[[[-133.5661,56.3392],[-133.203,56.3198],[-133.0966,56.09],[-132.5976,55.895],[-132.1727,55.4806],[-132.5113,55.5939],[-132.6313,55.4732],[-131.9764,55.2086],[-132.0217,54.7263],[-133.1186,55.3276],[-132.9589,55.3956],[-133.0334,55.5897],[-133.6802,55.7852],[-133.2415,55.9208],[-133.3712,56.0359],[-133.7425,55.9648],[-133.5309,56.1457],[-133.5661,56.3392]]],[[[-133.9896,56.845],[-133.7384,56.6504],[-133.9497,56.1277],[-134.1896,56.077],[-134.1955,56.4135],[-134.0844,56.4563],[-134.3737,56.8387],[-133.9896,56.845]]],[[[-152.4169,58.3602],[-151.9744,58.3099],[-152.1091,58.1611],[-152.2684,58.2517],[-152.3092,58.1339],[-152.5982,58.1626],[-152.9284,57.9937],[-153.3813,58.0872],[-152.7719,58.2786],[-152.8411,58.4164],[-152.4169,58.3602]]],[[[-167.9644,53.3451],[-169.0889,52.832],[-168.6898,53.2272],[-168.3804,53.2834],[-168.2877,53.5001],[-167.8281,53.508],[-167.9644,53.3451]]],[[[-166.6153,53.9009],[-166.2309,53.9326],[-166.5456,53.7265],[-166.3545,53.6735],[-167.5225,53.2762],[-167.8088,53.3238],[-167.1361,53.5265],[-167.0157,53.6984],[-166.809,53.6461],[-166.7772,53.7332],[-167.1056,53.8134],[-167.0381,53.9422],[-166.6733,54.006],[-166.6153,53.9009]]],[[[-173.5533,52.1363],[-173.0229,52.0791],[-173.8358,52.0482],[-173.9925,52.1233],[-173.5533,52.1363]]],[[[-174.6774,52.035],[-175.2956,52.0222],[-174.3062,52.2162],[-174.4355,52.3172],[-174.1689,52.4202],[-174.0184,52.3318],[-174.1207,52.1352],[-174.6774,52.035]]],[[[-176.5933,51.8667],[-176.4523,51.7357],[-176.9616,51.6037],[-176.6983,51.986],[-176.5933,51.8667]]],[[[-177.8791,51.6497],[-178.1945,51.8822],[-177.6445,51.8263],[-177.8791,51.6497]]],[[[179.7277,51.9054],[179.6452,51.8802],[179.5496,51.894],[179.4977,51.9328],[179.5039,51.9796],[179.6271,52.0304],[179.78,51.9668],[179.7277,51.9054]]],[[[177.4154,51.8828],[177.2503,51.9029],[177.6696,52.103],[177.4154,51.8828]]],[[[172.8118,53.013],[173.436,52.8521],[172.9352,52.7521],[172.4948,52.9379],[172.8118,53.013]]],[[[-155.5813,19.012],[-155.8813,19.0705],[-156.0487,19.75],[-155.8203,20.0142],[-155.8316,20.2758],[-155.1988,19.9944],[-154.8042,19.5245],[-155.5813,19.012]]],[[[-157.2136,21.2154],[-156.7122,21.1551],[-156.8599,21.0563],[-157.2903,21.1126],[-157.2136,21.2154]]],[[[-156.4868,20.9326],[-155.9898,20.7571],[-156.4088,20.6052],[-156.6897,20.9014],[-156.6569,21.0245],[-156.4868,20.9326]]],[[[-157.7994,21.4566],[-157.6909,21.2797],[-158.1104,21.3186],[-158.2731,21.5853],[-157.9625,21.7014],[-157.7994,21.4566]]],[[[-159.3728,21.9324],[-159.7892,22.0418],[-159.3521,22.2196],[-159.3728,21.9324]]],[[[-160.18,21.8411],[-160.2002,21.7969],[-160.2347,21.8037],[-160.2435,21.8431],[-160.2209,21.8973],[-160.1639,21.944],[-160.1006,22.0152],[-160.0487,22.0046],[-160.0767,21.9581],[-160.08,21.9074],[-160.1534,21.8788],[-160.18,21.8411]]],[[[-156.8496,20.7727],[-157.0506,20.9125],[-156.8806,20.9048],[-156.8496,20.7727]]],[[[-74.7089,45.0039],[-71.5175,45.0076],[-71.3273,45.2901],[-70.865,45.2707],[-70.2962,45.9061],[-70.0077,46.7089],[-69.2429,47.463],[-69.0502,47.4266],[-68.9372,47.2112],[-68.3109,47.3545],[-67.8068,47.0828],[-67.8022,45.7275],[-67.4327,45.6031],[-67.4726,45.2759],[-67.1249,45.1694],[-66.987,44.8277],[-67.8391,44.5763],[-68.0566,44.3843],[-68.4506,44.5076],[-68.5325,44.2586],[-68.8119,44.3394],[-68.7627,44.5708],[-69.1373,44.0378],[-69.6239,43.8806],[-69.6529,43.9939],[-69.8084,43.7723],[-70.0624,43.8346],[-70.2692,43.6719],[-70.8291,42.8253],[-70.6129,42.6232],[-71.0462,42.3311],[-70.7383,42.2289],[-70.4267,41.7573],[-70.0014,41.8262],[-70.2365,42.071],[-70.1089,42.0783],[-69.9486,41.6771],[-70.6571,41.5342],[-70.7011,41.7148],[-71.1686,41.4894],[-71.1487,41.7457],[-71.3901,41.7953],[-71.5229,41.379],[-72.9247,41.2852],[-73.9871,40.7514],[-73.872,41.0552],[-73.9699,41.2497],[-73.9272,40.9143],[-74.2642,40.5286],[-73.9723,40.4003],[-74.0799,39.7881],[-74.096,39.976],[-74.7945,39.0019],[-74.9543,38.95],[-74.897,39.1455],[-75.5242,39.4902],[-75.4219,39.7897],[-75.0742,39.9835],[-75.5876,39.6408],[-75.3922,39.0928],[-75.0887,38.7775],[-75.1871,38.5911],[-75.0388,38.4264],[-75.9344,37.1519],[-75.975,37.3984],[-75.6593,37.954],[-75.8508,37.9716],[-75.8587,38.3621],[-76.0512,38.2795],[-76.2646,38.4364],[-76.2642,38.6],[-76.0169,38.6251],[-76.3412,38.7097],[-76.1682,38.8527],[-76.3307,38.9086],[-76.1352,39.0821],[-76.2357,39.1916],[-75.876,39.376],[-76.0031,39.4108],[-75.8729,39.5109],[-76.063,39.5611],[-76.4209,39.225],[-76.5704,39.2693],[-76.4276,39.126],[-76.5585,39.0652],[-76.3941,38.369],[-76.6686,38.5375],[-76.3412,38.087],[-77.0012,38.4453],[-77.2325,38.4077],[-77.0304,38.8893],[-77.2604,38.6],[-77.2732,38.3518],[-77.0468,38.3567],[-76.2643,37.8936],[-76.3441,37.6757],[-76.4925,37.6822],[-77.1111,38.1657],[-76.2544,37.4306],[-76.4539,37.2735],[-76.7577,37.5054],[-76.327,37.1493],[-76.4009,36.9913],[-76.6309,37.2217],[-77.2509,37.3292],[-76.6719,37.1729],[-76.4878,36.897],[-75.9994,36.9126],[-75.5342,35.8191],[-75.9465,36.6591],[-75.8201,36.1128],[-76.1479,36.2793],[-76.15,36.1458],[-76.5594,36.0153],[-76.7336,36.2291],[-76.7262,35.9576],[-76.0698,35.9703],[-76.0836,35.6905],[-75.8539,35.9602],[-75.7588,35.8433],[-75.7739,35.647],[-76.1738,35.3541],[-76.5772,35.5323],[-76.7414,35.4315],[-77.04,35.5274],[-76.5129,35.2704],[-76.7792,34.9903],[-77.0703,35.1546],[-76.975,35.0252],[-76.4567,34.9894],[-76.4398,34.8429],[-77.2962,34.6029],[-77.4123,34.7308],[-77.3798,34.5266],[-77.7507,34.285],[-77.9278,33.9397],[-77.9533,34.169],[-78.0133,33.9118],[-78.4059,33.9176],[-78.8415,33.7241],[-79.1938,33.2441],[-79.2265,33.4049],[-79.276,33.1354],[-79.9331,32.8101],[-79.9407,32.6671],[-80.6342,32.5117],[-80.4743,32.4228],[-80.5793,32.2873],[-80.8025,32.448],[-80.6942,32.2157],[-81.1133,31.8786],[-81.1754,31.5313],[-81.381,31.3533],[-81.2885,31.2639],[-81.4604,31.1271],[-81.5162,30.8018],[-81.2495,29.7938],[-80.5241,28.4861],[-80.4569,27.9007],[-80.6069,28.5229],[-80.6935,28.345],[-80.8382,28.7577],[-80.7486,28.381],[-80.05,26.8077],[-80.1264,25.8335],[-80.4847,25.2298],[-81.1105,25.138],[-81.136,25.3097],[-80.9404,25.2642],[-81.3649,25.8311],[-81.7155,25.9832],[-81.9589,26.4899],[-81.8287,26.6871],[-82.0396,26.5521],[-82.0133,26.9616],[-82.29,26.8708],[-82.7146,27.4996],[-82.4058,27.8629],[-82.6752,27.9638],[-82.611,27.7772],[-82.7429,27.7094],[-82.8435,27.846],[-82.6515,28.8875],[-83.6944,29.926],[-84.0442,30.1038],[-84.3097,30.0647],[-84.3828,29.9074],[-85.3189,29.6802],[-85.3536,29.8757],[-85.6758,30.1219],[-85.6035,30.2868],[-85.7908,30.172],[-86.4544,30.3991],[-86.1238,30.4058],[-86.2574,30.493],[-87.2012,30.3393],[-86.9858,30.4309],[-86.9976,30.5703],[-87.2811,30.3393],[-88.006,30.2309],[-87.7903,30.2918],[-88.0113,30.6942],[-88.1354,30.3666],[-88.9052,30.4151],[-89.5885,30.166],[-90.126,30.3691],[-90.332,30.2776],[-90.413,30.1403],[-90.1753,30.0291],[-89.7375,30.172],[-89.8152,30.0073],[-89.6317,29.9038],[-89.4007,30.046],[-89.3544,29.8202],[-89.7209,29.6193],[-89.0157,29.2029],[-89.3761,28.9813],[-89.4432,29.1941],[-90.1591,29.5372],[-90.0528,29.3368],[-90.2128,29.1049],[-90.3792,29.2951],[-90.751,29.1309],[-91.2901,29.289],[-91.1508,29.3179],[-91.2488,29.5642],[-91.5142,29.5554],[-91.8932,29.836],[-92.2608,29.5568],[-93.1757,29.779],[-93.8265,29.7251],[-93.8415,29.9797],[-93.8905,29.6894],[-94.7596,29.3843],[-94.5263,29.5479],[-94.7783,29.5479],[-94.7419,29.75],[-95.0229,29.7023],[-94.8883,29.3706],[-95.2735,28.9639],[-96.2345,28.489],[-96.011,28.6319],[-96.4487,28.5945],[-96.64,28.7088],[-96.4211,28.4573],[-96.7735,28.4216],[-96.8395,28.1944],[-97.1565,28.1443],[-97.0731,27.9861],[-97.4315,27.8372],[-97.2887,27.6706],[-97.4391,27.3283],[-97.7685,27.4575],[-97.4851,27.2374],[-97.4351,26.4858],[-97.1402,26.0297],[-97.3582,25.8705],[-99.1078,26.4469],[-99.4565,27.0566],[-99.5053,27.5483],[-100.296,28.3277],[-100.7546,29.1825],[-101.3804,29.7426],[-102.3431,29.865],[-102.7342,29.6439],[-102.892,29.2164],[-103.2577,29.0011],[-104.4006,29.5737],[-104.9179,30.5833],[-106.4454,31.7684],[-108.2118,31.7793],[-108.2145,31.3294],[-111.042,31.3242],[-114.8359,32.5083],[-114.7248,32.7153],[-117.1283,32.5333],[-117.4674,33.2955],[-118.0805,33.7222],[-118.4104,33.7439],[-118.5062,34.0174],[-119.1437,34.112],[-119.6061,34.418],[-120.6447,34.58],[-120.6591,35.1224],[-121.8774,36.3311],[-121.8074,36.8512],[-122.3949,37.2075],[-122.4992,37.5426],[-122.4456,37.798],[-122.0705,37.4783],[-122.3143,38.0073],[-121.5253,38.0559],[-122.3934,38.1448],[-122.5213,37.8264],[-122.9988,37.9886],[-122.9082,38.1966],[-123.7011,38.9073],[-123.8329,39.7755],[-124.324,40.252],[-124.3717,40.4912],[-124.1902,40.7717],[-124.0719,41.4595],[-124.5396,42.8129],[-124.1487,43.6917],[-123.9293,45.577],[-123.9893,46.2194],[-123.2206,46.1536],[-124.0728,46.2794],[-124.0443,46.6051],[-123.9461,46.4326],[-123.8892,46.66],[-124.1125,46.8627],[-123.8429,46.9632],[-124.1393,46.9547],[-124.376,47.6586],[-124.6631,47.9741],[-124.71,48.3804],[-123.9758,48.1685],[-122.7786,48.1376],[-122.6566,47.8812],[-123.1391,47.3861],[-122.9222,47.4077],[-123.0486,47.4793],[-122.5328,47.9197],[-122.6755,47.6124],[-122.5779,47.2932],[-122.7678,47.2184],[-122.8285,47.3366],[-123.0276,47.1389],[-122.702,47.1109],[-122.3538,47.3716],[-122.4018,47.7843],[-122.242,48.0107],[-122.517,48.1597],[-122.4085,48.2939],[-122.669,48.4652],[-122.4968,48.5056],[-122.5127,48.6694],[-122.7888,48.993],[-95.1621,48.9917],[-95.1553,49.3697],[-94.8543,49.3046],[-94.6209,48.7426],[-93.7077,48.5254],[-92.9962,48.6118],[-92.5006,48.4354],[-92.4146,48.2766],[-92.0052,48.3019],[-91.5183,48.0583],[-90.9161,48.2091],[-89.4557,47.9962],[-88.3782,48.3031],[-84.876,46.8999],[-84.5618,46.4574],[-84.1495,46.5428],[-83.9778,46.0849],[-83.616,46.1168],[-83.4695,45.9947],[-83.5927,45.8171],[-82.5511,45.3474],[-82.1378,43.5709],[-82.5453,42.6247],[-83.1497,42.1419],[-83.03,41.833],[-82.69,41.6752],[-81.2776,42.2092],[-80.2476,42.366],[-79.0367,42.8023],[-78.9151,42.9091],[-79.1719,43.4666],[-78.8456,43.5834],[-76.82,43.6288],[-76.1512,44.304],[-75.1794,44.8994],[-74.7089,45.0039]]],[[[-72.5098,40.986],[-71.9032,41.0607],[-73.1943,40.6542],[-74.032,40.6387],[-73.5738,40.9196],[-72.6251,40.9918],[-72.2741,41.153],[-72.5098,40.986]]],[[[-68.1873,44.3325],[-68.4117,44.2943],[-68.2994,44.4565],[-68.1873,44.3325]]],[[[-74.1881,40.5229],[-74.2359,40.5187],[-74.1882,40.6146],[-74.1005,40.6584],[-74.0687,40.6493],[-74.0674,40.6154],[-74.0797,40.5865],[-74.1385,40.5418],[-74.1881,40.5229]]],[[[-70.5099,41.3763],[-70.7853,41.3274],[-70.8292,41.359],[-70.7605,41.3736],[-70.6737,41.4485],[-70.616,41.4572],[-70.5253,41.4148],[-70.5099,41.3763]]],[[[-71.2414,41.4919],[-71.3462,41.4694],[-71.232,41.6543],[-71.2414,41.4919]]],[[[-69.9779,41.2656],[-70.2331,41.2863],[-70.0412,41.3975],[-69.9779,41.2656]]],[[[-75.6357,35.8559],[-75.6508,35.8356],[-75.7172,35.9461],[-75.6489,35.9104],[-75.6367,35.8807],[-75.6357,35.8559]]],[[[-75.5441,35.2401],[-75.6901,35.2216],[-75.5364,35.2786],[-75.5035,35.7691],[-75.5441,35.2401]]],[[[-75.7819,35.1902],[-75.9637,35.1188],[-75.9842,35.1231],[-75.8649,35.1741],[-75.7819,35.1902]]],[[[-76.5037,34.643],[-76.5286,34.6315],[-76.437,34.7563],[-76.2562,34.9147],[-76.2074,34.9389],[-76.3577,34.8037],[-76.5037,34.643]]],[[[-82.0372,26.4536],[-82.0729,26.4275],[-82.145,26.4467],[-82.1844,26.481],[-82.2014,26.548],[-82.1386,26.477],[-82.1161,26.4609],[-82.0372,26.4536]]],[[[-82.0838,26.5523],[-82.0852,26.4936],[-82.1356,26.592],[-82.1691,26.7007],[-82.1211,26.6655],[-82.0838,26.5523]]],[[[-80.3818,25.1423],[-80.5806,24.9542],[-80.3513,25.297],[-80.3818,25.1423]]],[[[-91.7937,29.5007],[-91.8309,29.4865],[-91.9962,29.5731],[-92.0066,29.6103],[-91.925,29.6439],[-91.8752,29.641],[-91.7965,29.597],[-91.7677,29.5847],[-91.7543,29.5669],[-91.7619,29.539],[-91.7937,29.5007]]],[[[-97.0144,27.9016],[-97.036,27.8992],[-96.9876,27.9811],[-96.9787,28.0139],[-96.8993,28.1175],[-96.8574,28.1329],[-96.8397,28.0888],[-96.9213,28.016],[-97.0144,27.9016]]],[[[-96.7644,28.1526],[-96.8011,28.1484],[-96.7556,28.2024],[-96.6816,28.2297],[-96.5193,28.3334],[-96.4531,28.3406],[-96.4187,28.3763],[-96.4036,28.3816],[-96.4133,28.3378],[-96.5439,28.2756],[-96.7644,28.1526]]],[[[-97.3536,27.3],[-97.3848,27.2425],[-97.3762,27.3283],[-97.295,27.5231],[-97.13,27.7792],[-97.0605,27.822],[-97.2509,27.5412],[-97.3536,27.3]]],[[[-95.0397,29.1459],[-95.0896,29.1363],[-94.8717,29.2901],[-94.826,29.3413],[-94.7676,29.3391],[-94.8649,29.2529],[-95.0397,29.1459]]],[[[-97.1707,26.1594],[-97.4021,26.8205],[-97.386,27.1965],[-97.1707,26.1594]]],[[[-120.3066,34.0249],[-120.3597,34.0223],[-120.4416,34.0329],[-120.4129,34.0563],[-120.3677,34.0733],[-120.3533,34.0606],[-120.3066,34.0249]]],[[[-119.438,33.2172],[-119.4825,33.2153],[-119.5437,33.2246],[-119.5752,33.2783],[-119.5251,33.282],[-119.4788,33.2746],[-119.442,33.2324],[-119.438,33.2172]]],[[[-118.3504,32.8276],[-118.4086,32.8185],[-118.4732,32.8389],[-118.5289,32.9356],[-118.5902,33.0112],[-118.5571,33.0327],[-118.5075,32.9599],[-118.3832,32.8495],[-118.3504,32.8276]]],[[[-120.0436,33.9188],[-120.1139,33.9049],[-120.1671,33.9181],[-120.2519,34.0139],[-120.0718,34.0265],[-119.9944,33.9849],[-119.9839,33.9733],[-120.0436,33.9188]]],[[[-119.8824,34.0797],[-119.5493,34.0282],[-119.8096,33.9678],[-119.8824,34.0797]]],[[[-118.3479,33.3857],[-118.4463,33.3171],[-118.5694,33.4642],[-118.3479,33.3857]]],[[[-122.7821,48.6727],[-122.7688,48.651],[-122.809,48.6298],[-122.8376,48.6266],[-122.8831,48.6606],[-122.903,48.6647],[-122.887,48.6123],[-122.8925,48.5945],[-122.9856,48.6267],[-123.0028,48.6522],[-122.9767,48.6791],[-122.918,48.707],[-122.8977,48.7104],[-122.7821,48.6727]]],[[[-123.0131,48.5009],[-122.9868,48.468],[-123.0944,48.4891],[-123.1399,48.508],[-123.1534,48.5263],[-123.1696,48.5867],[-123.1622,48.6064],[-123.1142,48.6133],[-123.0242,48.5385],[-123.0131,48.5009]]],[[[-122.5728,48.1566],[-122.3832,47.9232],[-122.7487,48.239],[-122.6286,48.3842],[-122.5355,48.3212],[-122.697,48.2287],[-122.5728,48.1566]]],[[[-71.3653,41.4853],[-71.3931,41.4667],[-71.4034,41.515],[-71.384,41.5706],[-71.3643,41.5718],[-71.3545,41.5423],[-71.3653,41.4853]]],[[[-74.1332,39.6808],[-74.2505,39.5294],[-74.2532,39.5585],[-74.1067,39.7464],[-74.1332,39.6808]]],[[[-75.3331,37.8883],[-75.3785,37.8721],[-75.226,38.0723],[-75.1374,38.2401],[-75.0979,38.2981],[-75.1362,38.1805],[-75.2032,38.0724],[-75.3331,37.8883]]],[[[-76.5462,34.6549],[-76.5685,34.6525],[-76.6078,34.6636],[-76.662,34.6847],[-76.6739,34.7001],[-76.6223,34.6945],[-76.5462,34.6549]]],[[[-81.3348,24.6505],[-81.3648,24.6299],[-81.3791,24.6363],[-81.3791,24.6663],[-81.4217,24.7326],[-81.4201,24.75],[-81.3223,24.6851],[-81.3198,24.6676],[-81.3348,24.6505]]],[[[-80.8294,24.8037],[-80.8483,24.8037],[-80.8389,24.8179],[-80.7994,24.8463],[-80.7852,24.8353],[-80.7868,24.821],[-80.8294,24.8037]]],[[[-80.6383,24.9032],[-80.6651,24.8984],[-80.6257,24.9411],[-80.6146,24.9379],[-80.6383,24.9032]]],[[[-81.0442,24.7168],[-81.09,24.6931],[-81.1374,24.7105],[-81.0853,24.7342],[-80.9305,24.7595],[-80.9889,24.7279],[-81.0442,24.7168]]],[[[-81.419,30.9714],[-81.4635,30.7278],[-81.4827,30.8141],[-81.4846,30.8979],[-81.4509,30.9474],[-81.419,30.9714]]],[[[-81.5667,24.5999],[-81.6315,24.59],[-81.5792,24.6294],[-81.5623,24.6892],[-81.5316,24.6425],[-81.5322,24.6142],[-81.5667,24.5999]]],[[[-80.1868,27.2784],[-80.1705,27.2048],[-80.2625,27.3756],[-80.3761,27.6434],[-80.4369,27.8505],[-80.3958,27.7945],[-80.3555,27.6786],[-80.1868,27.2784]]],[[[-81.7838,24.5446],[-81.8092,24.5423],[-81.8114,24.5578],[-81.7677,24.5767],[-81.7387,24.5754],[-81.7397,24.5545],[-81.7838,24.5446]]],[[[-88.8893,29.7126],[-88.9436,29.6603],[-88.9411,29.6802],[-88.9012,29.7326],[-88.8727,29.753],[-88.8893,29.7126]]],[[[-88.5581,30.2159],[-88.5707,30.2048],[-88.6592,30.2256],[-88.7131,30.2449],[-88.7229,30.2643],[-88.574,30.2292],[-88.5581,30.2159]]],[[[-88.0713,30.2523],[-88.1593,30.2309],[-88.2897,30.2329],[-88.3163,30.2404],[-88.2639,30.2547],[-88.1094,30.2737],[-88.0713,30.2523]]],[[[-89.224,30.0841],[-89.2205,30.0376],[-89.2694,30.0607],[-89.342,30.0628],[-89.3101,30.0787],[-89.2876,30.0942],[-89.2765,30.1108],[-89.1847,30.1687],[-89.2107,30.1262],[-89.224,30.0841]]],[[[-88.8274,29.8077],[-88.8557,29.7759],[-88.828,29.9284],[-88.8669,30.0567],[-88.8259,30.0004],[-88.8126,29.9334],[-88.8274,29.8077]]],[[[-84.9079,29.6426],[-85.0083,29.6066],[-85.1167,29.6328],[-85.0493,29.6378],[-85.0005,29.6272],[-84.877,29.6787],[-84.8122,29.7176],[-84.7372,29.7324],[-84.9079,29.6426]]],[[[-122.8531,47.2047],[-122.8626,47.1851],[-122.8768,47.1861],[-122.908,47.2261],[-122.9119,47.2543],[-122.8851,47.2747],[-122.8492,47.2163],[-122.8531,47.2047]]],[[[-122.3941,47.3953],[-122.5099,47.358],[-122.4865,47.4888],[-122.3941,47.3953]]],[[[-122.4973,47.5946],[-122.5026,47.5754],[-122.5578,47.5983],[-122.5759,47.6195],[-122.5737,47.6668],[-122.5601,47.6978],[-122.5498,47.704],[-122.5172,47.6906],[-122.5079,47.6827],[-122.4973,47.5946]]],[[[-122.8209,48.4313],[-122.8366,48.4215],[-122.89,48.4347],[-122.9216,48.4569],[-122.9323,48.4848],[-122.9122,48.538],[-122.8855,48.5516],[-122.8689,48.5486],[-122.8619,48.5019],[-122.8146,48.4523],[-122.8209,48.4313]]],[[[-68.6232,44.196],[-68.6612,44.1763],[-68.7017,44.1827],[-68.703,44.232],[-68.6908,44.2487],[-68.6768,44.2562],[-68.656,44.2423],[-68.6232,44.196]]]]}},{"type":"Feature","properties":{"ADM0_A3":"SGS"},"geometry":{"type":"MultiPolygon","coordinates":[[[[-26.2641,-58.4352],[-26.2599,-58.4923],[-26.4153,-58.4398],[-26.451,-58.4153],[-26.4012,-58.3832],[-26.3035,-58.3822],[-26.2794,-58.4018],[-26.2641,-58.4352]]],[[[-37.1033,-54.0656],[-36.3265,-54.2512],[-35.7986,-54.7635],[-36.0855,-54.8668],[-36.886,-54.3395],[-38.0174,-54.008],[-37.1033,-54.0656]]]]}},{"type":"Feature","properties":{"ADM0_A3":"IOT"},"geometry":{"type":"Polygon","coordinates":[[[72.492,-7.3774],[72.3497,-7.2634],[72.4473,-7.3957],[72.4456,-7.2204],[72.492,-7.3774]]]}},{"type":"Feature","properties":{"ADM0_A3":"SHN"},"geometry":{"type":"MultiPolygon","coordinates":[[[[-5.6921,-15.9978],[-5.7825,-16.004],[-5.7079,-15.9062],[-5.6921,-15.9978]]],[[[-14.3644,-7.9743],[-14.3987,-7.9758],[-14.4087,-7.9675],[-14.4149,-7.9437],[-14.3986,-7.9058],[-14.3836,-7.8826],[-14.3604,-7.8859],[-14.3289,-7.9126],[-14.3025,-7.9354],[-14.3168,-7.9562],[-14.3644,-7.9743]]]]}},{"type":"Feature","properties":{"ADM0_A3":"PCN"},"geometry":{"type":"Polygon","coordinates":[[[-128.2901,-24.3974],[-128.3,-24.4126],[-128.3207,-24.3997],[-128.3422,-24.3707],[-128.3502,-24.3402],[-128.3301,-24.3232],[-128.3036,-24.3336],[-128.2908,-24.3646],[-128.2901,-24.3974]]]}},{"type":"Feature","properties":{"ADM0_A3":"AIA"},"geometry":{"type":"Polygon","coordinates":[[[-63.0012,18.2218],[-63.16,18.1714],[-63.1533,18.2003],[-63.026,18.2697],[-62.9796,18.2648],[-63.0012,18.2218]]]}},{"type":"Feature","properties":{"ADM0_A3":"FLK"},"geometry":{"type":"MultiPolygon","coordinates":[[[[-58.8502,-51.2699],[-58.4258,-51.3242],[-58.5089,-51.4836],[-58.2716,-51.5747],[-58.2592,-51.4171],[-57.9225,-51.4035],[-57.8382,-51.7092],[-58.6835,-51.9362],[-58.6528,-52.0992],[-59.1959,-52.0177],[-59.068,-52.173],[-59.5322,-52.2364],[-59.6487,-52.1344],[-59.5708,-51.9254],[-59.0595,-51.6854],[-59.0966,-51.4914],[-58.8502,-51.2699]]],[[[-60.2862,-51.4619],[-59.2681,-51.4275],[-59.9214,-51.9695],[-60.2463,-51.9864],[-60.5084,-52.1947],[-60.9614,-52.0573],[-60.2385,-51.772],[-60.5825,-51.7127],[-60.2452,-51.6389],[-60.5685,-51.3578],[-60.2862,-51.4619]]],[[[-61.0187,-51.7857],[-60.876,-51.7942],[-60.9476,-51.9463],[-61.145,-51.8395],[-61.0187,-51.7857]]],[[[-58.4388,-52.011],[-58.4327,-52.099],[-58.5128,-52.0711],[-58.5414,-52.0284],[-58.4971,-51.9994],[-58.4605,-52.0016],[-58.4388,-52.011]]],[[[-60.1117,-51.3959],[-60.2753,-51.2806],[-60.0698,-51.3079],[-60.1117,-51.3959]]],[[[-59.6827,-52.2316],[-59.7466,-52.2509],[-59.7645,-52.2422],[-59.7849,-52.2047],[-59.7859,-52.1562],[-59.7933,-52.1342],[-59.7532,-52.1414],[-59.681,-52.1801],[-59.6827,-52.2316]]]]}},{"type":"Feature","properties":{"ADM0_A3":"CYM"},"geometry":{"type":"MultiPolygon","coordinates":[[[[-81.3695,19.3489],[-81.3373,19.3295],[-81.2965,19.3414],[-81.2848,19.3625],[-81.1305,19.3468],[-81.1071,19.3052],[-81.2246,19.3041],[-81.2773,19.2774],[-81.3037,19.2719],[-81.4048,19.2784],[-81.4191,19.3748],[-81.391,19.3849],[-81.3695,19.3489]]],[[[-79.979,19.7082],[-79.9888,19.7025],[-80.0208,19.7068],[-80.0942,19.6659],[-80.1259,19.6684],[-80.1161,19.6827],[-80.1009,19.6961],[-80.0836,19.7061],[-80.0676,19.71],[-80.0162,19.7183],[-79.9918,19.7193],[-79.9751,19.71],[-79.979,19.7082]]],[[[-79.8234,19.7119],[-79.8701,19.6967],[-79.9062,19.7025],[-79.8242,19.7441],[-79.8031,19.7581],[-79.7852,19.7656],[-79.7664,19.7657],[-79.7423,19.7571],[-79.7423,19.7509],[-79.8234,19.7119]]]]}},{"type":"Feature","properties":{"ADM0_A3":"BMU"},"geometry":{"type":"Polygon","coordinates":[[[-64.7303,32.2935],[-64.8201,32.2596],[-64.8451,32.2623],[-64.8628,32.2739],[-64.7712,32.3077],[-64.6946,32.3869],[-64.6683,32.3819],[-64.7303,32.2935]]]}},{"type":"Feature","properties":{"ADM0_A3":"VGB"},"geometry":{"type":"MultiPolygon","coordinates":[[[[-64.3952,18.4646],[-64.4211,18.4574],[-64.438,18.459],[-64.4437,18.4734],[-64.4261,18.5131],[-64.3247,18.5175],[-64.3952,18.4646]]],[[[-64.5937,18.4028],[-64.6718,18.3991],[-64.6951,18.4117],[-64.651,18.4425],[-64.5691,18.4463],[-64.5452,18.4381],[-64.5937,18.4028]]],[[[-64.2879,18.7406],[-64.2736,18.7071],[-64.2823,18.7077],[-64.3395,18.7307],[-64.3834,18.7326],[-64.4015,18.7386],[-64.4114,18.7512],[-64.3231,18.7527],[-64.2879,18.7406]]]]}},{"type":"Feature","properties":{"ADM0_A3":"TCA"},"geometry":{"type":"MultiPolygon","coordinates":[[[[-71.6614,21.7652],[-71.6654,21.7517],[-71.7218,21.7902],[-71.8304,21.7906],[-71.8477,21.8435],[-71.8062,21.8521],[-71.6684,21.8334],[-71.6369,21.7875],[-71.6614,21.7652]]],[[[-71.8799,21.8404],[-71.8975,21.8299],[-71.9555,21.8644],[-71.9638,21.892],[-71.9845,21.8934],[-72.019,21.9183],[-72.0106,21.9504],[-71.9315,21.9519],[-71.8996,21.8625],[-71.8799,21.8404]]],[[[-72.3328,21.8514],[-72.2187,21.7963],[-72.1498,21.8045],[-72.1443,21.7927],[-72.1815,21.78],[-72.1907,21.7698],[-72.3009,21.7552],[-72.3354,21.758],[-72.3424,21.7953],[-72.3328,21.8514]]]]}},{"type":"Feature","properties":{"ADM0_A3":"MSR"},"geometry":{"type":"Polygon","coordinates":[[[-62.1484,16.7403],[-62.1542,16.6812],[-62.2216,16.6995],[-62.223,16.7516],[-62.1914,16.8044],[-62.1758,16.8096],[-62.1484,16.7403]]]}},{"type":"Feature","properties":{"ADM0_A3":"JEY"},"geometry":{"type":"Polygon","coordinates":[[[-2.0187,49.2313],[-2.0099,49.1808],[-2.0538,49.1698],[-2.091,49.1874],[-2.1657,49.1874],[-2.2358,49.1764],[-2.2205,49.2664],[-2.0822,49.2554],[-2.0187,49.2313]]]}},{"type":"Feature","properties":{"ADM0_A3":"GGY"},"geometry":{"type":"Polygon","coordinates":[[[-2.5123,49.4945],[-2.5474,49.4287],[-2.639,49.4509],[-2.6461,49.4682],[-2.5422,49.5066],[-2.5209,49.5063],[-2.5123,49.4945]]]}},{"type":"Feature","properties":{"ADM0_A3":"IMN"},"geometry":{"type":"Polygon","coordinates":[[[-4.4121,54.1854],[-4.7854,54.073],[-4.4247,54.4072],[-4.4121,54.1854]]]}},{"type":"Feature","properties":{"ADM0_A3":"GBR"},"geometry":{"type":"MultiPolygon","coordinates":[[[[-2.6677,51.623],[-3.5624,51.4138],[-3.8908,51.5917],[-4.2346,51.5691],[-4.091,51.6599],[-4.3863,51.7411],[-4.9023,51.6263],[-5.2623,51.8802],[-4.1494,52.3263],[-3.9803,52.5417],[-4.1015,52.9155],[-4.6831,52.8062],[-4.2686,53.1445],[-3.7642,53.3076],[-3.0976,53.2603],[-3.1656,53.3947],[-3.0647,53.4269],[-2.7495,53.3102],[-3.0646,53.5128],[-2.8676,54.1772],[-3.166,54.1279],[-3.592,54.5644],[-3.4646,54.7731],[-3.0362,54.9531],[-3.9579,54.781],[-4.8181,54.8461],[-4.9112,54.6895],[-5.1355,54.8575],[-5.1727,54.9859],[-4.6768,55.5013],[-4.8918,55.6991],[-4.8261,55.9295],[-4.5841,55.9387],[-4.8441,56.0512],[-4.8003,56.1583],[-5.2146,55.8889],[-5.2229,56.0658],[-4.997,56.2334],[-5.3834,56.0192],[-5.5564,55.3896],[-5.7682,55.3626],[-5.5045,55.8024],[-5.6229,55.8131],[-5.535,56.2508],[-5.1884,56.7581],[-5.6524,56.532],[-6.1328,56.718],[-5.7306,56.8531],[-5.8614,56.9027],[-5.5619,57.2327],[-5.7949,57.3788],[-5.5818,57.5468],[-5.7449,57.6683],[-5.6083,57.8813],[-5.1572,57.8813],[-5.4132,58.0697],[-5.3383,58.2387],[-5.0083,58.2626],[-5.0167,58.5666],[-3.0531,58.6348],[-3.2124,58.3212],[-3.99,57.959],[-4.0356,57.852],[-3.8571,57.8186],[-4.1345,57.5777],[-3.2945,57.7102],[-1.8674,57.6124],[-1.7807,57.474],[-2.501,56.6366],[-3.31,56.3635],[-2.8852,56.3975],[-2.6743,56.2534],[-3.3623,56.0276],[-3.7891,56.0952],[-2.1471,55.903],[-1.6554,55.5704],[-1.2324,54.7037],[-0.0844,54.1181],[-0.2056,54.0217],[0.1153,53.6093],[-0.6599,53.724],[-0.2937,53.6923],[0.271,53.3355],[0.3558,53.16],[0.0459,52.9056],[0.2798,52.8087],[0.5588,52.9669],[1.0556,52.959],[1.7161,52.6772],[1.559,52.0869],[1.2324,51.9712],[1.1885,51.8034],[0.7522,51.7296],[0.8909,51.5714],[0.4245,51.4656],[1.4149,51.3633],[1.3976,51.182],[0.9602,50.9259],[0.2051,50.763],[-1.4165,50.8969],[-1.3345,50.8208],[-1.5167,50.7475],[-2.0311,50.7254],[-2.0358,50.6031],[-2.9994,50.7166],[-3.4046,50.6324],[-3.6798,50.2399],[-4.1946,50.3933],[-4.728,50.2905],[-5.1185,50.0383],[-5.6221,50.0507],[-4.1882,51.1885],[-3.136,51.205],[-2.6677,51.623]]],[[[-4.1968,53.3214],[-4.0843,53.2643],[-4.373,53.1342],[-4.5679,53.3865],[-4.1968,53.3214]]],[[[-2.5489,59.2313],[-2.6621,59.2302],[-2.6036,59.2893],[-2.5356,59.3041],[-2.407,59.2976],[-2.4298,59.271],[-2.5489,59.2313]]],[[[-1.0425,60.5139],[-1.1655,60.6039],[-1.0933,60.7202],[-0.9917,60.686],[-1.0425,60.5139]]],[[[-1.3081,60.5375],[-1.0524,60.4445],[-1.2995,59.8787],[-1.2909,60.1535],[-1.6638,60.2825],[-1.3746,60.3329],[-1.5718,60.4944],[-1.3081,60.5375]]],[[[-0.7743,60.812],[-0.7743,60.8005],[-0.8262,60.7162],[-0.8255,60.6839],[-0.9091,60.687],[-0.9223,60.6973],[-0.9381,60.7457],[-0.9275,60.7972],[-0.9158,60.8104],[-0.8914,60.8159],[-0.8649,60.8058],[-0.8234,60.8319],[-0.8018,60.8312],[-0.7743,60.812]]],[[[-3.1649,58.7942],[-3.2221,58.781],[-3.2788,58.7819],[-3.3672,58.8397],[-3.4008,58.8818],[-3.3947,58.9096],[-3.3574,58.919],[-3.2719,58.9053],[-3.2276,58.8572],[-3.2221,58.8259],[-3.2116,58.8136],[-3.1585,58.8012],[-3.1649,58.7942]]],[[[-2.9294,58.7416],[-2.939,58.7386],[-2.9754,58.7569],[-3.0354,58.8227],[-2.9412,58.8357],[-2.8964,58.8276],[-2.9131,58.7996],[-2.9294,58.7416]]],[[[-3.0574,59.0296],[-2.7625,58.9558],[-3.2008,58.9253],[-3.3471,58.9867],[-3.3104,59.1308],[-3.0574,59.0296]]],[[[-2.7294,59.1868],[-2.8152,59.1619],[-2.8519,59.1825],[-2.8614,59.2468],[-2.9638,59.2744],[-3.0135,59.2915],[-3.0521,59.3239],[-3.0422,59.3338],[-2.9755,59.3471],[-2.8616,59.2883],[-2.815,59.2408],[-2.7307,59.2268],[-2.7199,59.2195],[-2.7294,59.1868]]],[[[-6.6076,56.585],[-6.6645,56.5794],[-6.6686,56.5936],[-6.5699,56.6612],[-6.5061,56.6724],[-6.4837,56.6658],[-6.5301,56.6266],[-6.6076,56.585]]],[[[-5.1054,55.4488],[-5.3315,55.4811],[-5.3708,55.6669],[-5.1854,55.691],[-5.1054,55.4488]]],[[[-5.7779,56.3443],[-6.3134,56.2937],[-6.1389,56.4906],[-6.3197,56.5694],[-6.1027,56.6457],[-5.7608,56.4907],[-5.7779,56.3443]]],[[[-6.1289,55.9306],[-6.0884,55.6575],[-6.3051,55.6069],[-6.3018,55.7806],[-6.4914,55.6973],[-6.1289,55.9306]]],[[[-5.9701,55.8146],[-6.072,55.8931],[-5.7251,56.1186],[-5.9701,55.8146]]],[[[-6.1987,58.3633],[-6.5546,58.0929],[-6.4252,58.0213],[-6.9569,57.75],[-7.0834,57.8138],[-6.8568,57.9235],[-7.0571,58.0032],[-7.0284,58.2223],[-6.7265,58.1894],[-6.7765,58.3015],[-6.2375,58.5028],[-6.1987,58.3633]]],[[[-6.2791,56.9647],[-6.3087,56.9518],[-6.3462,56.9543],[-6.3834,56.9709],[-6.4326,57.0179],[-6.3224,57.0505],[-6.2782,57.0314],[-6.2613,57.0095],[-6.2605,56.9853],[-6.2791,56.9647]]],[[[-6.1447,57.505],[-6.1355,57.3143],[-5.6725,57.2527],[-5.9491,57.0452],[-6.0344,57.2012],[-6.7611,57.4424],[-6.3577,57.6668],[-6.1447,57.505]]],[[[-7.2056,57.683],[-7.0928,57.6267],[-7.1826,57.5333],[-7.5147,57.602],[-7.2056,57.683]]],[[[-7.2499,57.1153],[-7.3815,57.1307],[-7.4105,57.3811],[-7.2671,57.3718],[-7.2499,57.1153]]],[[[-7.4169,56.9654],[-7.5048,56.9517],[-7.5374,56.9597],[-7.543,56.9724],[-7.5229,57.0068],[-7.4555,57.0189],[-7.4067,57.0003],[-7.3989,56.9834],[-7.4169,56.9654]]],[[[-6.218,54.0887],[-6.6498,54.0586],[-7.0077,54.4067],[-7.3245,54.1334],[-7.6065,54.1438],[-8.1448,54.4535],[-7.7544,54.5949],[-7.9106,54.6983],[-7.5504,54.768],[-7.2187,55.092],[-6.1292,55.2174],[-5.7168,54.8175],[-5.8786,54.6413],[-5.5825,54.6634],[-5.4704,54.5002],[-5.6711,54.5498],[-5.6068,54.2726],[-6.019,54.0513],[-6.218,54.0887]]],[[[-1.0656,50.6902],[-1.2515,50.5888],[-1.5634,50.6661],[-1.3128,50.7735],[-1.0656,50.6902]]]]}},{"type":"Feature","properties":{"ADM0_A3":"ARE"},"geometry":{"type":"MultiPolygon","coordinates":[[[[56.2979,25.6507],[56.388,24.9792],[56.0639,24.7388],[56.0006,24.9532],[55.7957,24.8681],[55.7608,24.2427],[55.9852,24.0634],[55.4685,23.9411],[55.5085,23.7246],[55.1194,22.6239],[52.5551,22.9328],[51.5722,24.1283],[51.6055,24.3384],[51.9061,23.9854],[52.6482,24.1546],[53.8934,24.0771],[54.3971,24.2782],[54.7468,24.8104],[55.9412,25.794],[56.0805,26.0626],[56.1446,25.6905],[56.2979,25.6507]],[[56.2818,25.2355],[56.2878,25.2786],[56.2773,25.3009],[56.2343,25.3038],[56.2165,25.2667],[56.2105,25.2133],[56.2402,25.2088],[56.2818,25.2355]]],[[[53.3322,24.2586],[53.1909,24.2909],[53.4124,24.411],[53.3322,24.2586]]],[[[52.6169,24.2886],[52.6,24.2813],[52.5822,24.3353],[52.5836,24.3523],[52.6294,24.3768],[52.6576,24.3326],[52.6169,24.2886]]],[[[53.9278,24.1772],[53.9281,24.1434],[53.8264,24.1531],[53.7991,24.1355],[53.7158,24.1453],[53.6345,24.1698],[53.6896,24.2108],[53.8338,24.2589],[53.8937,24.2151],[53.9278,24.1772]]],[[[54.4654,24.4428],[54.4566,24.4233],[54.4284,24.4251],[54.3577,24.4428],[54.3348,24.471],[54.3789,24.5046],[54.3983,24.5063],[54.4266,24.471],[54.4654,24.4428]]]]}},{"type":"Feature","properties":{"ADM0_A3":"UKR"},"geometry":{"type":"MultiPolygon","coordinates":[[[[38.2144,47.0915],[37.5434,47.0746],[36.7948,46.7144],[35.8271,46.6243],[35.0553,46.104],[35.2802,46.2795],[35.2304,46.4406],[34.8496,46.1899],[34.9464,45.7287],[34.6869,45.977],[33.8067,46.2083],[33.4299,46.0576],[33.2022,46.1757],[32.4768,46.0837],[31.8313,46.2817],[32.0085,46.43],[31.5549,46.5543],[32.3613,46.475],[32.578,46.6156],[32.0443,46.6425],[31.7592,47.2128],[31.9127,46.9261],[31.8729,46.6498],[31.5321,46.6647],[31.5634,46.7773],[31.4029,46.6288],[30.7963,46.552],[30.219,45.8667],[29.6284,45.7225],[29.7059,45.2599],[29.4037,45.4197],[28.7607,45.2341],[28.2125,45.4504],[28.499,45.5177],[28.4916,45.6658],[28.9478,46.05],[28.9584,46.4585],[30.1311,46.4231],[29.9243,46.5389],[29.8778,46.8289],[29.572,46.964],[29.5392,47.271],[29.1349,47.4897],[29.1254,47.9646],[27.5492,48.4777],[26.8471,48.3872],[26.3057,48.2038],[26.1627,47.9925],[24.8934,47.7178],[24.4841,47.9471],[23.1395,48.0874],[22.8767,47.9473],[22.1318,48.4053],[22.1429,48.5685],[22.5387,49.0727],[22.8397,49.0389],[22.7057,49.1712],[22.7062,49.6062],[24.0899,50.5305],[23.9784,50.7856],[24.0958,50.8728],[23.6645,51.3101],[23.6086,51.6105],[23.9783,51.5913],[24.3619,51.8675],[25.9253,51.9135],[27.142,51.7521],[27.7,51.478],[28.1838,51.6079],[28.7312,51.4334],[29.1021,51.6275],[29.3465,51.3826],[30.1607,51.4779],[30.5445,51.265],[30.5839,51.689],[30.9807,52.0462],[32.1223,52.0506],[32.4354,52.3072],[33.7353,52.3448],[34.3979,51.7804],[34.1211,51.6791],[34.2139,51.2554],[35.0641,51.2034],[35.3119,51.0439],[35.4116,50.5397],[35.5911,50.3687],[36.1164,50.4085],[36.6194,50.2092],[37.4229,50.4115],[38.0469,49.92],[38.2586,50.0523],[40.0807,49.5769],[40.1088,49.2516],[39.6865,49.0079],[40.0036,48.8221],[39.7929,48.8077],[39.6447,48.5912],[39.8356,48.5428],[39.9579,48.2689],[39.7787,47.8875],[38.9003,47.8551],[38.3688,47.61],[38.2144,47.0915]]],[[[32.0122,46.2039],[31.5639,46.2578],[31.5088,46.3731],[32.0122,46.2039]]]]}},{"type":"Feature","properties":{"ADM0_A3":"UGA"},"geometry":{"type":"Polygon","coordinates":[[[33.9032,-1.0021],[30.8092,-0.9949],[30.3603,-1.0746],[29.9301,-1.4699],[29.8254,-1.3355],[29.577,-1.3879],[29.7177,0.0983],[29.9429,0.8192],[31.2527,2.0446],[31.1764,2.2701],[30.7286,2.4554],[30.8386,3.4907],[31.048,3.725],[31.5472,3.6776],[31.798,3.8026],[32.1359,3.5197],[32.3357,3.7062],[32.9973,3.8802],[33.4894,3.7551],[33.9761,4.2202],[34.165,3.813],[34.4377,3.6506],[34.4479,3.1635],[34.9058,2.4797],[34.9765,1.7196],[34.7986,1.2445],[34.4817,1.0421],[33.9432,0.1738],[33.9032,-1.0021]]]}},{"type":"Feature","properties":{"ADM0_A3":"TKM"},"geometry":{"type":"MultiPolygon","coordinates":[[[[53.1096,38.8031],[53.1002,38.7562],[53.0459,38.8972],[53.0186,39.0527],[53.0533,39.0966],[53.0922,39.0941],[53.0552,39.0379],[53.1096,38.8031]]],[[[55.9774,41.3222],[57.018,41.2635],[57.1188,41.3503],[56.9641,41.8565],[57.2906,42.1238],[57.8143,42.1898],[58.0289,42.4876],[58.4744,42.2994],[58.1516,42.6281],[58.5891,42.7785],[59.3543,42.3233],[59.9852,42.2117],[59.9418,41.9735],[60.2008,41.8031],[60.0756,41.7597],[60.0896,41.3994],[60.455,41.2216],[61.497,41.2761],[61.9028,41.0937],[62.4832,39.9756],[63.7637,39.1605],[65.6129,38.2386],[66.5745,38.0108],[66.5223,37.3485],[65.765,37.5691],[65.555,37.2512],[64.8163,37.1321],[64.511,36.3407],[64.0097,36.0121],[63.13,35.8462],[63.0566,35.4458],[62.3078,35.1708],[61.9839,35.4437],[61.621,35.4323],[61.262,35.6196],[61.1196,36.6426],[60.3413,36.6376],[60.0628,36.9629],[59.455,37.2528],[59.3018,37.5106],[58.8154,37.6835],[58.2616,37.6658],[57.3537,37.9733],[57.1936,38.2164],[56.4406,38.2494],[56.2721,38.0804],[55.3809,38.0511],[54.9001,37.7779],[54.6994,37.4702],[53.9142,37.3436],[53.8687,38.9493],[53.7046,39.2096],[53.3363,39.3408],[53.1566,39.265],[53.2356,39.6085],[53.6031,39.547],[53.4873,39.9094],[52.9875,39.9876],[53.0355,39.7744],[52.7337,40.3987],[52.9435,41.0381],[53.1452,40.825],[53.6152,40.8185],[53.87,40.6487],[54.3773,40.6933],[54.3194,40.8346],[54.6851,40.873],[54.7037,41.0711],[54.0948,41.5194],[53.8047,42.1176],[52.97,41.9762],[52.8148,41.7118],[52.8504,41.2003],[52.4938,41.7804],[53.0559,42.1478],[54.121,42.3352],[54.8538,41.9652],[55.4344,41.2963],[55.9774,41.3222]]]]}},{"type":"Feature","properties":{"ADM0_A3":"TUR"},"geometry":{"type":"MultiPolygon","coordinates":[[[[25.97,40.1363],[25.6689,40.1359],[25.9184,40.238],[25.97,40.1363]]],[[[41.5101,41.5175],[42.4664,41.4398],[42.7879,41.5637],[43.6316,40.929],[43.6662,40.1264],[44.3996,39.9958],[44.8172,39.6504],[44.5871,39.7686],[44.3894,39.4221],[44.0232,39.3774],[44.2717,38.836],[44.2985,38.3863],[44.4499,38.3342],[44.2113,37.9081],[44.5612,37.7446],[44.574,37.4354],[44.7968,37.2698],[44.7651,37.1424],[44.2818,36.978],[44.1145,37.3019],[43.6758,37.2272],[42.7746,37.3719],[42.359,37.1086],[42.2027,37.2973],[41.5155,37.0892],[40.7057,37.0977],[39.3566,36.6816],[38.7666,36.6931],[38.1917,36.9016],[37.4363,36.6433],[36.6586,36.8025],[36.5375,36.4574],[36.6367,36.234],[36.3754,36.1712],[36.1273,35.8314],[35.8927,35.9166],[35.8109,36.3099],[36.1885,36.659],[36.0489,36.9106],[35.3932,36.5752],[34.7036,36.8168],[33.6947,36.182],[32.7948,36.0359],[31.3525,36.8011],[30.644,36.8657],[30.4461,36.2699],[29.6891,36.1567],[29.2236,36.3245],[28.9696,36.7153],[28.3037,36.812],[28.0194,36.6345],[28.084,36.7515],[27.4539,36.7122],[28.0054,36.832],[28.2424,37.0291],[27.263,36.9766],[27.3002,37.1269],[27.5351,37.1639],[27.068,37.6579],[27.2244,37.7254],[27.2324,37.9787],[26.2907,38.2772],[26.4413,38.6412],[26.6742,38.3357],[27.1442,38.452],[26.9068,38.4817],[26.7637,38.7096],[27.0137,38.8869],[26.8149,38.961],[26.8536,39.1156],[26.6818,39.2922],[26.8992,39.5497],[26.1131,39.4674],[26.1813,39.9901],[26.7381,40.4002],[27.2846,40.4556],[27.728,40.3288],[27.8485,40.3817],[27.7318,40.4815],[27.8749,40.5129],[27.9626,40.3699],[29.0071,40.3897],[28.7879,40.534],[28.958,40.6306],[29.8492,40.7601],[29.1139,40.9378],[29.1481,41.221],[31.2549,41.1076],[32.3064,41.7296],[33.2848,42.0046],[34.7505,41.9568],[35.0064,42.0633],[35.2978,41.7285],[36.0518,41.6826],[36.4054,41.2746],[36.7777,41.3635],[37.0662,41.1844],[38.3811,40.9245],[39.4264,41.1064],[40.2652,40.9613],[41.5101,41.5175]]],[[[28.0145,41.969],[28.1979,41.5545],[29.0572,41.2297],[28.9563,41.0082],[28.1722,41.0807],[27.4994,40.9731],[27.258,40.6874],[26.2027,40.0754],[26.2538,40.3147],[26.7921,40.6266],[26.1055,40.6113],[26.039,40.7268],[26.3311,40.9545],[26.3307,41.2388],[26.6249,41.4018],[26.5813,41.6013],[26.3272,41.7728],[27.2443,42.0933],[27.5349,41.9208],[28.0145,41.969]]]]}},{"type":"Feature","properties":{"ADM0_A3":"TUN"},"geometry":{"type":"MultiPolygon","coordinates":[[[[11.5046,33.1819],[11.505,32.4137],[10.2746,31.685],[10.1149,31.4638],[10.2164,30.7832],[9.895,30.3873],[9.5188,30.2294],[9.044,32.0724],[8.3334,32.5436],[8.1125,33.0553],[7.7313,33.2685],[7.5002,33.8325],[7.5139,34.0805],[8.2456,34.7341],[8.3942,35.2039],[8.2471,35.8018],[8.3487,36.368],[8.2076,36.5189],[8.5766,36.9372],[9.688,37.3404],[9.8385,37.309],[9.8303,37.1354],[9.8756,37.2542],[10.1964,37.2059],[10.4123,36.7318],[11.0539,37.0725],[11.1267,36.8741],[10.4766,36.1751],[10.5908,35.8873],[11.0043,35.6338],[11.1201,35.2403],[10.6909,34.6785],[10.1184,34.2801],[10.049,34.0563],[10.3053,33.7283],[10.7132,33.689],[10.7228,33.5144],[10.958,33.6263],[11.2026,33.2492],[11.5046,33.1819]]],[[[11.278,34.7538],[11.1236,34.6817],[11.153,34.7446],[11.2549,34.8203],[11.2811,34.8022],[11.278,34.7538]]],[[[10.9576,33.7221],[10.7221,33.7389],[10.7452,33.8887],[11.0179,33.8233],[10.9576,33.7221]]]]}},{"type":"Feature","properties":{"ADM0_A3":"TTO"},"geometry":{"type":"MultiPolygon","coordinates":[[[[-60.7563,11.1785],[-60.8106,11.1686],[-60.8043,11.2084],[-60.7089,11.2772],[-60.5628,11.3235],[-60.5255,11.3254],[-60.5465,11.2637],[-60.7563,11.1785]]],[[[-61.0121,10.1343],[-61.9061,10.0691],[-61.4993,10.2686],[-61.4783,10.6034],[-61.6512,10.7181],[-61.0785,10.8319],[-60.9176,10.8402],[-61.0337,10.6699],[-61.0121,10.1343]]]]}},{"type":"Feature","properties":{"ADM0_A3":"TON"},"geometry":{"type":"MultiPolygon","coordinates":[[[[-175.1619,-21.1693],[-175.1477,-21.1694],[-175.1319,-21.1397],[-175.0782,-21.129],[-175.0841,-21.1607],[-175.1566,-21.2637],[-175.2023,-21.2234],[-175.3354,-21.1577],[-175.3624,-21.1068],[-175.3181,-21.0683],[-175.3226,-21.0993],[-175.3004,-21.1134],[-175.2254,-21.1187],[-175.158,-21.1465],[-175.1998,-21.1557],[-175.1619,-21.1693]]],[[[-173.9535,-18.6394],[-173.9913,-18.6986],[-174.0093,-18.6978],[-174.0531,-18.6634],[-174.0691,-18.6402],[-174.0024,-18.5707],[-173.9681,-18.5653],[-173.9219,-18.5886],[-173.924,-18.6085],[-173.9535,-18.6394]]],[[[-174.9131,-21.3005],[-174.9187,-21.4506],[-174.9675,-21.3817],[-174.9729,-21.3498],[-174.9235,-21.3034],[-174.9131,-21.3005]]]]}},{"type":"Feature","properties":{"ADM0_A3":"TGO"},"geometry":{"type":"Polygon","coordinates":[[[0.9005,10.9933],[0.7634,10.3867],[1.3301,9.997],[1.3857,9.3617],[1.6002,9.05],[1.6247,6.9973],[1.531,6.9924],[1.7779,6.2946],[1.1872,6.0894],[0.7369,6.4526],[0.5256,6.8509],[0.6348,7.3537],[0.5,7.5469],[0.6881,8.3042],[0.3726,8.7593],[0.4888,8.8515],[0.5257,9.3985],[0.2334,9.4635],[0.3809,10.2918],[-0.0902,10.7155],[-0.0686,11.1156],[0.9005,10.9933]]]}},{"type":"Feature","properties":{"ADM0_A3":"TLS"},"geometry":{"type":"MultiPolygon","coordinates":[[[[125.6461,-8.1399],[125.5795,-8.3118],[125.5071,-8.2751],[125.5841,-8.1786],[125.6211,-8.15],[125.6461,-8.1399]]],[[[125.0682,-9.5119],[124.9602,-9.2138],[125.149,-9.0426],[124.9368,-9.0534],[124.9223,-8.9425],[125.178,-8.6479],[126.9664,-8.3157],[127.2961,-8.4245],[126.9152,-8.7152],[125.0682,-9.5119]]],[[[124.0363,-9.3416],[124.4444,-9.1903],[124.2823,-9.4279],[124.0363,-9.3416]]]]}},{"type":"Feature","properties":{"ADM0_A3":"THA"},"geometry":{"type":"MultiPolygon","coordinates":[[[[102.6064,11.6765],[102.5899,11.5722],[102.5328,11.6149],[102.5465,11.6678],[102.5689,11.6917],[102.6064,11.6765]]],[[[102.4268,11.9887],[102.302,11.9808],[102.2774,12.1519],[102.4268,11.9887]]],[[[98.4091,7.9021],[98.2963,7.7761],[98.3221,8.1663],[98.4091,7.9021]]],[[[100.1225,20.3166],[100.318,20.3859],[100.5195,20.1779],[100.3977,19.7561],[100.5136,19.5535],[101.2119,19.5483],[101.2863,18.9771],[101.047,18.442],[101.1439,18.1426],[100.9559,17.5411],[101.1675,17.499],[102.1015,18.2106],[102.6606,17.818],[103.0514,18.0285],[103.2883,18.4084],[103.9496,18.319],[104.816,17.3003],[104.8193,16.4661],[105.641,15.6565],[105.4904,15.2566],[105.4756,14.5301],[105.0741,14.2274],[104.779,14.4278],[103.1994,14.3326],[102.5469,13.5857],[102.3197,13.54],[102.4996,12.67],[102.7557,12.4263],[102.7366,12.0898],[102.9339,11.7067],[102.5941,12.203],[102.5402,12.1092],[101.8357,12.6404],[100.8978,12.6538],[100.9627,13.432],[100.6029,13.5682],[100.0175,13.3532],[99.9891,12.1708],[99.165,10.3198],[99.1607,9.734],[99.2539,9.2652],[99.8355,9.2884],[99.9896,8.5892],[100.2794,8.2685],[100.5452,7.2269],[100.2566,7.7749],[100.1607,7.5993],[100.4235,7.1878],[101.0179,6.8609],[101.4979,6.8653],[102.1011,6.2422],[101.8736,5.8253],[101.6784,5.7788],[101.5561,5.9078],[101.114,5.6368],[100.9816,5.771],[101.0535,6.2426],[100.2614,6.6827],[100.1191,6.442],[99.696,6.8767],[99.597,7.3556],[99.3586,7.3722],[98.7035,8.2567],[98.5792,8.3443],[98.3607,8.187],[98.2382,8.4231],[98.7572,10.6609],[99.6147,11.7812],[99.1239,13.0308],[99.1368,13.7167],[98.2021,14.9759],[98.191,15.2041],[98.5569,15.3677],[98.5924,16.0507],[98.8883,16.3519],[98.6607,16.3304],[98.4389,16.9757],[97.7064,17.7971],[97.6322,18.2903],[97.3739,18.518],[97.7459,18.5882],[97.8168,19.46],[98.015,19.7495],[98.9167,19.7729],[99.0742,20.0994],[99.4859,20.1499],[99.4589,20.363],[99.8903,20.4244],[100.1225,20.3166]]],[[[100.0741,9.6967],[100.0645,9.68],[100.0257,9.7117],[99.998,9.7476],[99.9834,9.7936],[100.0435,9.7917],[100.073,9.7491],[100.0741,9.6967]]],[[[100.0707,9.586],[99.9624,9.4216],[99.9396,9.56],[100.0707,9.586]]],[[[99.6631,6.5219],[99.644,6.5161],[99.6066,6.5968],[99.654,6.7141],[99.7014,6.5706],[99.6631,6.5219]]],[[[98.592,7.9339],[98.58,7.917],[98.5294,8.1085],[98.6043,8.0573],[98.592,7.9339]]],[[[98.3075,9.0515],[98.2508,9.0408],[98.2584,9.0954],[98.2736,9.1299],[98.3012,9.1391],[98.3125,9.0804],[98.3075,9.0515]]],[[[99.0784,7.5918],[99.1044,7.4713],[99.0679,7.4959],[99.0377,7.5485],[99.0381,7.6257],[99.0451,7.6365],[99.0784,7.5918]]]]}},{"type":"Feature","properties":{"ADM0_A3":"TZA"},"geometry":{"type":"MultiPolygon","coordinates":[[[[39.4965,-6.1746],[39.481,-6.4537],[39.1823,-6.1726],[39.309,-5.722],[39.4965,-6.1746]]],[[[39.865,-4.9062],[39.7493,-5.4438],[39.6468,-5.3686],[39.6734,-4.9271],[39.865,-4.9062]]],[[[32.9199,-9.4074],[31.9426,-9.054],[31.3506,-8.607],[30.9684,-8.551],[30.2127,-7.0379],[29.5408,-6.3139],[29.4801,-6.025],[29.607,-5.7227],[29.3234,-4.8988],[29.4032,-4.4493],[29.9473,-4.3073],[30.8114,-3.2006],[30.7803,-2.9849],[30.424,-2.824],[30.5337,-2.4263],[30.8287,-2.3385],[30.8766,-2.1434],[30.8126,-1.5631],[30.5199,-1.0625],[33.9794,-1.0021],[37.6438,-3.0454],[37.6082,-3.4971],[39.2218,-4.6924],[38.8047,-6.0701],[38.874,-6.3312],[39.5461,-7.024],[39.2885,-7.5179],[39.441,-8.0115],[39.304,-8.4438],[39.6413,-9.1925],[39.7252,-10.0005],[40.4636,-10.4644],[39.9887,-10.8208],[38.4918,-11.4133],[37.9202,-11.2947],[37.7248,-11.5807],[37.3729,-11.7104],[36.9789,-11.567],[36.3057,-11.7063],[35.9113,-11.4547],[35.5644,-11.6023],[34.9595,-11.5781],[34.6079,-11.0805],[34.5699,-10.2411],[34.3209,-9.7315],[33.9956,-9.4954],[33.8889,-9.6701],[32.9199,-9.4074]]],[[[39.7113,-7.9774],[39.6029,-7.9361],[39.9071,-7.6492],[39.7113,-7.9774]]]]}},{"type":"Feature","properties":{"ADM0_A3":"TJK"},"geometry":{"type":"MultiPolygon","coordinates":[[[[67.759,37.1722],[67.8144,37.487],[68.3503,38.211],[68.0872,38.4735],[68.1325,38.9276],[67.6944,38.9946],[67.3576,39.2167],[67.4262,39.4656],[67.719,39.6214],[68.4633,39.5367],[68.639,39.8389],[68.8688,39.9075],[68.8047,40.0503],[68.9721,40.0899],[68.6307,40.1671],[69.2749,40.1981],[69.2062,40.5666],[69.3572,40.7674],[69.7129,40.657],[70.402,41.0351],[70.7511,40.7218],[70.3716,40.3841],[70.9464,40.1876],[70.5151,39.9499],[69.9668,40.2022],[69.5303,40.0973],[69.4763,39.9197],[69.2788,39.9178],[69.2977,39.5248],[70.5012,39.5874],[70.7993,39.3947],[71.4703,39.6037],[71.7786,39.278],[72.0428,39.3521],[72.23,39.2075],[72.5634,39.3772],[73.6316,39.4489],[73.8017,38.6069],[74.0256,38.5398],[74.2774,38.6598],[74.8123,38.4603],[74.8942,37.6014],[75.1188,37.3857],[74.8913,37.2316],[74.349,37.4188],[73.7496,37.2318],[73.6275,37.2616],[73.7206,37.4188],[73.3829,37.4623],[72.6574,37.0291],[71.6656,36.6969],[71.4329,37.1275],[71.5822,37.9101],[71.2785,37.9184],[71.2559,38.307],[70.8789,38.4564],[70.2146,37.9244],[70.1887,37.5825],[69.4921,37.5531],[69.3039,37.1169],[68.9118,37.3339],[68.0678,36.9498],[67.759,37.1722]]],[[[70.6525,40.9366],[70.6228,40.9344],[70.5687,40.9818],[70.55,41.0149],[70.5721,41.0248],[70.6184,41.0017],[70.6492,40.9608],[70.6525,40.9366]]],[[[70.7017,39.8253],[70.6121,39.7868],[70.5596,39.7909],[70.5187,39.8282],[70.4893,39.863],[70.4828,39.8827],[70.4978,39.8824],[70.5671,39.8666],[70.6642,39.8555],[70.6982,39.8458],[70.7017,39.8253]]]]}},{"type":"Feature","properties":{"ADM0_A3":"TWN"},"geometry":{"type":"MultiPolygon","coordinates":[[[[121.0088,22.6204],[120.8398,21.925],[120.7428,21.956],[120.0834,23.0937],[120.1321,23.6529],[121.0406,25.0328],[121.5937,25.2753],[121.929,24.9737],[121.3975,23.1725],[121.0088,22.6204]]],[[[118.4074,24.5221],[118.4327,24.4144],[118.2951,24.4363],[118.4074,24.5221]]]]}},{"type":"Feature","properties":{"ADM0_A3":"SYR"},"geometry":{"type":"Polygon","coordinates":[[[35.8927,35.9166],[36.1536,35.8339],[36.3754,36.1712],[36.6367,36.234],[36.5375,36.4574],[36.6586,36.8025],[37.4363,36.6433],[38.1917,36.9016],[38.7666,36.6931],[39.3566,36.6816],[40.7057,37.0977],[41.5155,37.0892],[42.2027,37.2973],[42.359,37.1086],[41.7886,36.5972],[41.296,36.3834],[41.3541,35.6404],[41.1947,34.769],[40.987,34.4291],[36.8184,32.3173],[36.3721,32.3869],[35.7873,32.7349],[35.888,32.9444],[35.7925,33.3341],[36.0345,33.5851],[35.9685,33.7324],[36.365,33.8394],[36.2778,33.9253],[36.585,34.2212],[36.3299,34.4996],[36.3839,34.6579],[35.9763,34.6292],[35.9024,35.4207],[35.7645,35.5716],[35.8927,35.9166]]]}},{"type":"Feature","properties":{"ADM0_A3":"CHE"},"geometry":{"type":"Polygon","coordinates":[[[9.524,47.5242],[9.6259,47.467],[9.4877,47.0623],[10.1335,46.8515],[10.3494,46.9848],[10.4546,46.8994],[10.4307,46.55],[10.087,46.5999],[10.1283,46.2382],[9.9393,46.3618],[9.5287,46.3062],[9.3044,46.4956],[8.9537,45.83],[8.8186,46.0771],[8.4584,46.2459],[8.4226,46.446],[7.7879,45.9218],[7.0558,45.9038],[6.7721,46.1651],[6.7581,46.4158],[6.4289,46.4305],[5.9715,46.1512],[6.1607,46.611],[7.0534,47.4894],[8.454,47.5962],[8.5671,47.6519],[8.4034,47.6878],[8.5727,47.7756],[9.524,47.5242]]]}},{"type":"Feature","properties":{"ADM0_A3":"SWE"},"geometry":{"type":"MultiPolygon","coordinates":[[[[19.0765,57.8359],[18.8139,57.7062],[18.9079,57.3983],[18.1464,56.9205],[18.2854,57.0832],[18.1051,57.2719],[18.1365,57.5566],[18.5374,57.8306],[19.0765,57.8359]]],[[[16.5285,56.2905],[16.4013,56.3109],[16.4123,56.569],[17.1177,57.3198],[16.5285,56.2905]]],[[[11.3883,59.0365],[11.6428,58.9261],[11.7981,59.2899],[11.6808,59.5923],[11.9321,59.8637],[12.4861,60.1068],[12.5887,60.4507],[12.2941,61.0027],[12.7061,61.0599],[12.8808,61.3523],[12.1554,61.7208],[12.3035,62.2856],[12.1146,62.5919],[12.2182,63.0006],[11.9999,63.2917],[12.1752,63.5959],[12.7928,64],[13.9605,64.014],[14.1412,64.1735],[14.0776,64.464],[13.6503,64.5815],[14.4797,65.3015],[14.6346,65.7933],[14.5433,66.1293],[15.4838,66.306],[15.4229,66.4898],[16.4035,67.055],[16.1274,67.4258],[16.1936,67.5052],[17.3246,68.1038],[17.9167,67.9649],[18.1767,68.2006],[18.1626,68.5284],[19.9698,68.3564],[20.24,68.4775],[19.9688,68.542],[20.348,68.8487],[20.1167,69.0209],[20.8951,68.9798],[21.9975,68.5206],[22.8541,68.3673],[23.6389,67.9544],[23.5019,67.8752],[23.4549,67.4603],[23.7336,67.4229],[23.6415,67.1294],[23.9886,66.8105],[23.7012,66.4808],[23.7003,66.2526],[24.1555,65.8053],[23.1023,65.7354],[22.401,65.8621],[22.254,65.5976],[21.5655,65.4081],[21.6092,65.2614],[21.4104,65.3174],[21.5739,65.1258],[21.1382,64.8087],[21.5196,64.4631],[20.7627,63.8678],[18.6064,63.1783],[18.3129,62.9964],[18.5021,62.9889],[18.4631,62.8959],[18.17,62.7894],[17.8796,62.8732],[18.0373,62.6005],[17.3784,62.4628],[17.6337,62.233],[17.3745,61.8663],[17.4654,61.6845],[17.1964,61.7246],[17.1308,61.5757],[17.251,60.7008],[17.6611,60.5352],[17.9558,60.5898],[18.9904,59.8278],[17.9643,59.3594],[18.5603,59.3945],[18.2854,59.1094],[16.9781,58.6542],[16.2143,58.6367],[16.9238,58.4926],[16.652,58.4343],[16.7699,58.2143],[16.5554,57.8123],[16.6522,57.5007],[16.476,57.2651],[16.5279,57.0682],[15.9967,56.2226],[14.714,56.1341],[14.7548,56.0332],[14.215,55.8326],[14.3417,55.5277],[14.1737,55.3966],[12.8858,55.4114],[12.9739,55.7481],[12.4712,56.2905],[12.8017,56.2639],[12.6564,56.4406],[12.8574,56.4524],[12.8837,56.6177],[12.4215,56.9064],[11.735,57.7177],[11.7032,57.9732],[11.4493,58.1184],[11.4315,58.34],[11.2482,58.3691],[11.1472,58.9886],[11.3883,59.0365]]],[[[19.1563,57.9226],[19.1384,57.8603],[19.0865,57.865],[19.0393,57.911],[19.1349,57.9813],[19.2812,57.9775],[19.3314,57.9629],[19.1563,57.9226]]],[[[18.4162,59.0291],[18.3719,59.0196],[18.3499,59.0226],[18.3772,59.069],[18.3976,59.0891],[18.4649,59.1079],[18.4855,59.1046],[18.4162,59.0291]]],[[[18.5954,59.4704],[18.5703,59.4373],[18.5451,59.4778],[18.5552,59.4858],[18.5724,59.5258],[18.6209,59.5478],[18.6984,59.5346],[18.6979,59.5246],[18.6238,59.4922],[18.5954,59.4704]]]]}},{"type":"Feature","properties":{"ADM0_A3":"SWZ"},"geometry":{"type":"Polygon","coordinates":[[[31.9482,-25.9576],[32.0605,-26.0184],[32.1129,-26.8395],[31.9947,-26.8175],[31.9584,-27.3059],[31.4695,-27.2955],[31.0634,-27.1123],[30.7943,-26.7643],[30.7891,-26.4555],[31.0881,-25.9807],[31.3826,-25.743],[31.9482,-25.9576]]]}},{"type":"Feature","properties":{"ADM0_A3":"SUR"},"geometry":{"type":"Polygon","coordinates":[[[-54.156,5.359],[-54.4522,5.0135],[-54.4496,4.485],[-54.3507,4.0541],[-53.9905,3.5896],[-54.402,2.4615],[-54.6619,2.3275],[-54.9787,2.5977],[-55.7306,2.4062],[-55.9575,2.5205],[-56.1377,2.259],[-55.9153,2.0396],[-55.9633,1.8571],[-56.7043,2.0365],[-57.1974,2.8533],[-57.3037,3.3771],[-57.6467,3.3945],[-58.0322,4.002],[-57.8811,4.8806],[-57.3058,5.0496],[-57.2073,5.2142],[-57.3186,5.3354],[-56.9698,5.9929],[-56.2356,5.8854],[-55.8976,5.6993],[-55.8282,5.9617],[-54.3562,5.9099],[-54.0542,5.8079],[-54.156,5.359]]]}},{"type":"Feature","properties":{"ADM0_A3":"SDS"},"geometry":{"type":"Polygon","coordinates":[[[33.9761,4.2202],[33.4894,3.7551],[32.9973,3.8802],[32.3357,3.7062],[32.1359,3.5197],[31.798,3.8026],[31.5472,3.6776],[31.1523,3.7856],[30.8386,3.4907],[29.5521,4.636],[29.2249,4.3919],[28.7271,4.505],[28.4275,4.3242],[28.1921,4.3502],[27.491,4.9676],[27.1439,5.7229],[26.5143,6.0692],[26.3086,6.4553],[26.3618,6.6353],[25.2789,7.4275],[25.2004,7.8079],[24.8533,8.1375],[24.2084,8.3691],[24.1604,8.6963],[24.5319,8.8869],[25.067,10.2938],[25.798,10.4205],[26.6587,9.4841],[27.8809,9.6016],[28.0489,9.3286],[28.8445,9.3261],[28.9796,9.5942],[29.4731,9.7686],[29.6055,10.0651],[30.003,10.2774],[30.7554,9.7312],[31.1545,9.7709],[32.4208,11.0891],[32.3385,11.7101],[32.0723,12.0067],[32.7367,12.0097],[32.7219,12.2231],[33.1993,12.2173],[33.0733,11.6061],[33.1301,10.7459],[33.907,10.1814],[33.8715,9.5062],[34.0781,9.4615],[34.1018,8.6764],[33.9533,8.4435],[33.2811,8.4373],[32.9989,7.8995],[33.9024,7.5095],[34.7106,6.6603],[34.9836,5.8583],[35.2684,5.4923],[33.9761,4.2202]]]}},{"type":"Feature","properties":{"ADM0_A3":"SDN"},"geometry":{"type":"Polygon","coordinates":[[[34.0781,9.4615],[33.8715,9.5062],[33.907,10.1814],[33.1301,10.7459],[33.0733,11.6061],[33.1993,12.2173],[32.7219,12.2231],[32.7367,12.0097],[32.0723,12.0067],[32.3385,11.7101],[32.4208,11.0891],[31.1545,9.7709],[30.7554,9.7312],[30.003,10.2774],[29.6055,10.0651],[29.4731,9.7686],[28.9796,9.5942],[28.8445,9.3261],[28.0489,9.3286],[27.8809,9.6016],[26.6587,9.4841],[25.798,10.4205],[25.067,10.2938],[24.5319,8.8869],[24.1474,8.6656],[23.5373,8.8158],[23.4683,9.1147],[23.6227,9.3406],[23.6463,9.8229],[22.8601,10.9197],[22.9227,11.3449],[22.5911,11.5799],[22.3523,12.6604],[21.8253,12.7905],[22.2281,13.3296],[22.1064,13.7998],[22.5386,14.1619],[22.3815,14.5505],[22.6709,14.7225],[22.9323,15.1621],[22.9339,15.5331],[23.1052,15.7025],[23.9708,15.7215],[23.9803,19.9959],[24.9795,20.0026],[24.9803,21.9959],[31.2092,21.9949],[31.4003,22.2024],[31.4345,21.9959],[36.8714,21.9967],[36.927,21.5865],[37.2586,21.1085],[37.1411,20.9818],[37.1932,20.1207],[37.4713,18.8201],[38.6095,18.0051],[38.2535,17.5848],[37.5475,17.3241],[37.411,17.0617],[37.009,17.0589],[36.9138,16.2962],[36.4268,15.1321],[36.5243,14.2568],[36.1252,12.757],[35.6702,12.6237],[35.1123,11.8166],[34.9314,10.8648],[34.7713,10.7462],[34.5719,10.8802],[34.3439,10.6586],[34.0781,9.4615]]]}},{"type":"Feature","properties":{"ADM0_A3":"LKA"},"geometry":{"type":"MultiPolygon","coordinates":[[[[79.9695,9.6307],[79.9068,9.6198],[79.8574,9.6864],[79.8457,9.7146],[79.8586,9.7344],[79.8723,9.7443],[79.8885,9.7412],[79.9119,9.6791],[79.9695,9.6307]]],[[[79.8748,9.0507],[79.9037,8.975],[79.8211,9.0269],[79.7668,9.0698],[79.7477,9.1046],[79.86,9.0657],[79.8748,9.0507]]],[[[79.9823,9.8127],[80.2528,9.7963],[80.7111,9.3664],[81.3729,8.4314],[81.8741,7.2883],[81.8614,6.9013],[81.6374,6.4251],[80.7241,5.9791],[80.2674,6.0098],[80.0953,6.1532],[79.8594,6.8293],[79.713,8.1823],[79.7498,8.2942],[79.8089,8.05],[80.0863,9.5778],[80.4283,9.481],[80.0458,9.6499],[79.9823,9.8127]]]]}},{"type":"Feature","properties":{"ADM0_A3":"ESP"},"geometry":{"type":"MultiPolygon","coordinates":[[[[1.5939,38.6721],[1.5712,38.6588],[1.505,38.671],[1.4058,38.671],[1.402,38.7114],[1.4172,38.7396],[1.4363,38.7682],[1.4969,38.7119],[1.5927,38.7015],[1.5939,38.6721]]],[[[3.1453,39.7901],[3.4618,39.6978],[3.0729,39.3013],[2.7006,39.5421],[2.37,39.5721],[2.9048,39.9083],[3.1976,39.9611],[3.1453,39.7901]]],[[[4.2937,39.8418],[3.8534,40.063],[4.2258,40.0324],[4.2937,39.8418]]],[[[1.4452,38.9187],[1.2233,38.9039],[1.3486,39.0808],[1.6132,39.0874],[1.4452,38.9187]]],[[[-1.794,43.4073],[-1.4107,43.2401],[-1.4288,43.0368],[-1.3,43.101],[-0.0412,42.6891],[0.6316,42.6896],[0.6969,42.8451],[1.3494,42.6907],[1.4488,42.4375],[2.6517,42.3405],[3.2114,42.4312],[3.248,41.9442],[2.0826,41.2874],[1.0329,41.0621],[0.7146,40.8229],[0.8911,40.7224],[0.5961,40.6145],[-0.327,39.5199],[-0.2049,39.0626],[0.2016,38.7592],[-0.5208,38.3173],[-0.8146,37.7699],[-0.7216,37.6311],[-1.641,37.387],[-2.1115,36.7767],[-4.3668,36.7181],[-4.6741,36.5064],[-5.1715,36.4238],[-5.3609,36.1349],[-5.6255,36.0259],[-6.0407,36.1884],[-6.3841,36.637],[-6.2168,36.9136],[-6.3962,36.8316],[-6.8638,37.2789],[-7.4062,37.1794],[-7.4439,37.7283],[-6.9576,38.1879],[-7.1064,38.181],[-7.343,38.4574],[-6.9979,39.0564],[-7.5357,39.6616],[-6.9754,39.7984],[-6.8961,40.0218],[-7.0326,40.1679],[-6.8102,40.3431],[-6.9285,41.0091],[-6.2125,41.532],[-6.5422,41.6725],[-6.6183,41.9424],[-8.1525,41.812],[-8.2661,42.1374],[-8.8523,41.9269],[-8.8872,42.1053],[-8.6909,42.2742],[-8.8158,42.2853],[-8.8115,42.6403],[-9.0331,42.5938],[-8.9272,42.7986],[-9.2352,42.9769],[-9.1781,43.174],[-8.3555,43.3968],[-8.2567,43.5799],[-7.6981,43.7646],[-7.061,43.554],[-5.8467,43.6451],[-4.523,43.4157],[-3.6046,43.5195],[-3.0456,43.3716],[-1.794,43.4073]]],[[[-16.3345,28.3799],[-16.658,28.0072],[-16.9053,28.3396],[-16.1236,28.576],[-16.3345,28.3799]]],[[[-13.716,28.9112],[-13.8599,28.8691],[-13.8236,29.0133],[-13.4636,29.2372],[-13.4779,29.0066],[-13.716,28.9112]]],[[[-14.1968,28.1693],[-14.4918,28.1009],[-14.232,28.2158],[-14.0034,28.7067],[-13.8572,28.738],[-13.928,28.2535],[-14.1968,28.1693]]],[[[-15.4006,28.1474],[-15.4368,27.8107],[-15.6558,27.7584],[-15.8073,27.8875],[-15.6828,28.1541],[-15.4006,28.1474]]],[[[-17.1847,28.022],[-17.3249,28.1177],[-17.2586,28.2032],[-17.1038,28.1111],[-17.1847,28.022]]],[[[-17.8879,27.8096],[-17.9848,27.6464],[-18.1605,27.7615],[-17.8879,27.8096]]],[[[-17.8343,28.4932],[-18.0008,28.7583],[-17.9288,28.8446],[-17.7266,28.7245],[-17.8343,28.4932]]]]}},{"type":"Feature","properties":{"ADM0_A3":"KOR"},"geometry":{"type":"MultiPolygon","coordinates":[[[[126.6339,37.7818],[127.0903,38.2839],[128.039,38.3085],[128.3746,38.6234],[129.4183,37.059],[129.4035,36.0521],[129.5729,36.0505],[129.2142,35.1818],[128.5109,35.101],[128.4439,34.8704],[128.0362,35.022],[127.7148,34.9547],[127.7154,34.721],[127.4043,34.8231],[127.4791,34.6252],[127.3246,34.4633],[127.1734,34.5461],[127.2471,34.7551],[126.5314,34.3143],[126.2645,34.6732],[126.5934,34.8244],[126.4207,34.8234],[126.2911,35.1542],[126.6141,35.571],[126.4885,35.6471],[126.753,35.872],[126.5404,36.1662],[126.4877,36.6938],[126.1605,36.7719],[126.487,37.0075],[126.8721,36.8245],[126.9769,36.9394],[126.7464,37.1936],[126.6339,37.7818]]],[[[128.741,34.7985],[128.4893,34.8653],[128.7219,35.0136],[128.741,34.7985]]],[[[128.0658,34.8059],[127.8734,34.735],[127.8322,34.8745],[128.0658,34.8059]]],[[[126.2337,34.3705],[126.1229,34.4439],[126.3438,34.5449],[126.2337,34.3705]]],[[[126.5207,37.7368],[126.4608,37.6104],[126.3693,37.772],[126.5207,37.7368]]],[[[126.753,34.344],[126.7699,34.2964],[126.6891,34.3054],[126.6461,34.3511],[126.6519,34.3903],[126.7,34.3959],[126.753,34.344]]],[[[127.799,34.615],[127.7878,34.5841],[127.7373,34.6309],[127.7871,34.6821],[127.799,34.615]]],[[[126.4176,36.4926],[126.4038,36.4279],[126.3375,36.4706],[126.3186,36.6125],[126.3866,36.5711],[126.4176,36.4926]]],[[[126.172,34.7312],[126.1588,34.707],[126.1152,34.7142],[126.0706,34.7831],[126.0521,34.8375],[126.0075,34.8675],[126.0784,34.9148],[126.1686,34.8297],[126.172,34.7312]]],[[[130.916,37.4785],[130.8706,37.4487],[130.8168,37.4785],[130.8103,37.5099],[130.8384,37.5372],[130.9037,37.5537],[130.9343,37.5297],[130.916,37.4785]]],[[[126.327,33.2236],[126.1656,33.312],[126.3377,33.4604],[126.9012,33.5151],[126.8729,33.3412],[126.327,33.2236]]]]}},{"type":"Feature","properties":{"ADM0_A3":"ZAF"},"geometry":{"type":"MultiPolygon","coordinates":[[[[29.3648,-22.1939],[31.2879,-22.4021],[31.5456,-23.4823],[31.9666,-24.3765],[31.9482,-25.9576],[31.4151,-25.7466],[31.2073,-25.8434],[30.8033,-26.4135],[30.8067,-26.7853],[31.274,-27.2384],[31.7426,-27.31],[31.9584,-27.3059],[31.9947,-26.8175],[32.8861,-26.8493],[32.3752,-28.4982],[31.3352,-29.3781],[30.2887,-30.9701],[27.8606,-33.0539],[26.6137,-33.7074],[25.8059,-33.7371],[25.5742,-34.0354],[25.0029,-33.9736],[24.8271,-34.1689],[24.5955,-34.1745],[23.6979,-33.9928],[22.5538,-34.0101],[21.789,-34.3727],[20.5299,-34.4631],[20.0206,-34.7857],[19.2982,-34.615],[19.3308,-34.4924],[19.0983,-34.3501],[18.8313,-34.3641],[18.7521,-34.0826],[18.5004,-34.1093],[18.4616,-34.3469],[18.3334,-34.0742],[18.433,-33.7173],[17.8511,-32.8274],[18.3253,-32.505],[18.2108,-31.7425],[17.3471,-30.4448],[16.95,-29.4034],[16.4476,-28.6176],[16.7558,-28.4521],[16.8753,-28.1279],[17.0562,-28.0311],[17.3587,-28.2694],[17.4479,-28.6981],[18.1027,-28.8717],[19.2458,-28.9017],[19.5398,-28.5746],[19.9805,-28.4513],[19.9805,-24.7768],[20.4307,-25.1471],[20.7932,-25.9156],[20.815,-26.1649],[20.6268,-26.4438],[20.6851,-26.8225],[21.6947,-26.8409],[22.5977,-26.1327],[23.0575,-25.3123],[23.3893,-25.2914],[23.8938,-25.6009],[24.7481,-25.8174],[25.4437,-25.7145],[25.9121,-24.7475],[26.3972,-24.6136],[26.8351,-24.2408],[27.0855,-23.5779],[27.7583,-23.1968],[28.2102,-22.6937],[29.3648,-22.1939]],[[28.7369,-30.102],[29.098,-29.919],[29.3907,-29.2697],[28.6258,-28.5817],[27.7355,-28.94],[27.2945,-29.5193],[27.0569,-29.6256],[27.3885,-30.3159],[27.7531,-30.6],[28.0568,-30.6311],[28.3921,-30.1476],[28.7369,-30.102]]],[[[37.8569,-46.9442],[37.59,-46.908],[37.7896,-46.8375],[37.8569,-46.9442]]]]}},{"type":"Feature","properties":{"ADM0_A3":"SOM"},"geometry":{"type":"Polygon","coordinates":[[[41.5327,-1.6953],[40.9787,-0.8703],[40.9787,2.8424],[42.0241,4.1379],[42.7916,4.292],[43.1257,4.6445],[43.5835,4.855],[44.9405,4.912],[47.9782,7.9971],[48.9381,9.4518],[48.9386,11.2584],[50.1101,11.5293],[50.7923,11.9837],[51.2549,11.8307],[51.0318,10.4448],[51.193,10.5546],[51.3846,10.3865],[50.9301,10.3355],[50.825,9.4282],[49.8521,7.9625],[49.0493,6.1736],[47.9753,4.497],[46.0512,2.4751],[44.3327,1.391],[43.4677,0.6216],[41.9799,-0.973],[41.5327,-1.6953]]]}},{"type":"Feature","properties":{"ADM0_A3":"SOL"},"geometry":{"type":"Polygon","coordinates":[[[48.9386,11.2584],[48.9381,9.4518],[47.9782,7.9971],[46.9782,7.9971],[44.0229,8.986],[43.3943,9.4803],[42.6564,10.6],[43.246,11.4998],[43.8527,10.7843],[44.3865,10.4302],[44.943,10.4367],[45.8167,10.8359],[46.565,10.746],[47.405,11.174],[48.9386,11.2584]]]}},{"type":"Feature","properties":{"ADM0_A3":"SLB"},"geometry":{"type":"MultiPolygon","coordinates":[[[[159.6877,-8.5079],[159.64,-8.5215],[159.5692,-8.4848],[159.5385,-8.4514],[159.5532,-8.3992],[159.5946,-8.3795],[159.6416,-8.4145],[159.6463,-8.4504],[159.6877,-8.5079]]],[[[166.9292,-11.6651],[166.8408,-11.6813],[166.806,-11.6773],[166.7475,-11.5908],[166.7909,-11.5713],[166.8555,-11.5788],[166.8751,-11.6297],[166.9292,-11.6651]]],[[[166.1332,-10.7578],[165.791,-10.7848],[166.0238,-10.6611],[166.1332,-10.7578]]],[[[160.5763,-11.7979],[160.5065,-11.8322],[160.4431,-11.8149],[160.3945,-11.7889],[160.3551,-11.7119],[160.2702,-11.664],[160.1495,-11.6439],[160.1,-11.6107],[160.0871,-11.5943],[160.0035,-11.5796],[159.9793,-11.538],[159.9863,-11.4947],[160,-11.472],[160.0773,-11.4929],[160.4487,-11.6959],[160.5371,-11.7588],[160.5763,-11.7979]]],[[[161.5479,-9.6257],[161.5538,-9.7697],[161.4098,-9.6816],[161.3642,-9.3534],[161.5479,-9.6257]]],[[[159.1886,-9.1235],[159.0363,-9.075],[159.1298,-8.9931],[159.1886,-9.1235]]],[[[160.1682,-8.9955],[160.4075,-9.1403],[160.1054,-9.0808],[160.1682,-8.9955]]],[[[157.7635,-8.2422],[157.8984,-8.5063],[157.8193,-8.612],[157.558,-8.2699],[157.2176,-8.2628],[157.4906,-7.9657],[157.7635,-8.2422]]],[[[158.2008,-8.822],[158.1788,-8.8258],[158.1554,-8.7859],[158.21,-8.6781],[158.2363,-8.7648],[158.2534,-8.7974],[158.2008,-8.822]]],[[[158.1079,-8.6842],[157.9376,-8.7364],[157.9093,-8.5656],[158.1055,-8.5368],[158.1079,-8.6842]]],[[[157.389,-8.7135],[157.2123,-8.565],[157.3795,-8.4209],[157.389,-8.7135]]],[[[156.6879,-7.923],[156.5109,-7.7078],[156.5609,-7.574],[156.8091,-7.7229],[156.6879,-7.923]]],[[[156.6039,-8.1716],[156.5917,-8.1963],[156.5396,-8.0729],[156.5423,-8.0108],[156.5513,-7.971],[156.5703,-7.9588],[156.6124,-8.0962],[156.6039,-8.1716]]],[[[157.1719,-8.1081],[156.9583,-8.0144],[157.0241,-7.8679],[157.1861,-7.9412],[157.1719,-8.1081]]],[[[155.8398,-7.0972],[155.6775,-7.089],[155.739,-6.9729],[155.8398,-7.0972]]],[[[157.6454,-8.7589],[157.6432,-8.794],[157.5858,-8.7831],[157.4579,-8.7302],[157.4535,-8.706],[157.5264,-8.6971],[157.5793,-8.7037],[157.6232,-8.7346],[157.6454,-8.7589]]],[[[159.7504,-9.2727],[159.9706,-9.4333],[160.3546,-9.4216],[160.8189,-9.8628],[159.8027,-9.7635],[159.6123,-9.4707],[159.7504,-9.2727]]],[[[159.8791,-8.5343],[158.944,-8.0407],[158.4574,-7.5447],[159.4314,-8.029],[159.8431,-8.327],[159.8791,-8.5343]]],[[[157.4867,-7.3304],[157.4413,-7.4257],[157.1016,-7.3236],[156.4525,-6.6383],[157.0303,-6.892],[157.4867,-7.3304]]],[[[160.7494,-8.314],[160.9977,-8.612],[160.9443,-8.799],[161.1587,-8.9618],[161.3674,-9.6112],[160.7721,-8.9639],[160.5904,-8.3728],[160.7494,-8.314]]],[[[161.7153,-10.3873],[162.1054,-10.4538],[162.3733,-10.8232],[161.5379,-10.5664],[161.3048,-10.2044],[161.7153,-10.3873]]]]}},{"type":"Feature","properties":{"ADM0_A3":"SVK"},"geometry":{"type":"Polygon","coordinates":[[[22.5387,49.0727],[22.1113,48.3934],[21.7215,48.3466],[21.4514,48.5522],[20.49,48.5269],[20.3338,48.2956],[19.9504,48.1466],[19.6254,48.2231],[18.7919,48.0003],[18.7242,47.7872],[17.6353,47.8099],[17.0859,48.0396],[16.8654,48.3869],[17.1356,48.8411],[17.7585,48.8881],[18.5965,49.4915],[19.1494,49.4],[19.4416,49.5977],[19.7739,49.3722],[19.8022,49.1923],[20.0576,49.1813],[20.363,49.3853],[20.9473,49.3171],[21.3505,49.4288],[22.5387,49.0727]]]}},{"type":"Feature","properties":{"ADM0_A3":"SVN"},"geometry":{"type":"Polygon","coordinates":[[[16.5162,46.4999],[16.3212,46.5346],[16.2274,46.3729],[15.6359,46.2007],[15.6521,45.8622],[15.2771,45.7326],[15.3395,45.467],[15.2421,45.4414],[14.7931,45.4782],[14.5688,45.6572],[14.3699,45.4814],[13.6152,45.4768],[13.8747,45.6148],[13.4877,45.9871],[13.6325,46.1771],[13.3782,46.2616],[13.7,46.5203],[14.5498,46.3997],[14.8933,46.6059],[15.9576,46.6776],[16.0931,46.8633],[16.2836,46.8573],[16.5162,46.4999]]]}},{"type":"Feature","properties":{"ADM0_A3":"SGP"},"geometry":{"type":"Polygon","coordinates":[[[103.9697,1.3314],[103.6502,1.3255],[103.818,1.4471],[103.9697,1.3314]]]}},{"type":"Feature","properties":{"ADM0_A3":"SLE"},"geometry":{"type":"MultiPolygon","coordinates":[[[[-10.2832,8.4852],[-10.6475,7.7594],[-11.5075,6.9065],[-12.4856,7.3863],[-12.4803,7.7533],[-12.8509,7.8187],[-12.9569,8.1453],[-13.2728,8.4297],[-13.085,8.4248],[-12.8941,8.6298],[-13.1818,8.5769],[-13.2069,8.8431],[-13.0595,8.8812],[-13.2927,9.0492],[-13.028,9.1036],[-12.428,9.8981],[-11.2736,9.9965],[-10.6905,9.3143],[-10.747,9.0953],[-10.616,9.0592],[-10.5005,8.6875],[-10.7121,8.3353],[-10.2832,8.4852]]],[[[-12.5261,7.4363],[-12.9516,7.5709],[-12.6152,7.6372],[-12.5261,7.4363]]]]}},{"type":"Feature","properties":{"ADM0_A3":"SYC"},"geometry":{"type":"Polygon","coordinates":[[[55.5403,-4.6931],[55.543,-4.7855],[55.4947,-4.7546],[55.4813,-4.6948],[55.4168,-4.6503],[55.3834,-4.6093],[55.4558,-4.5588],[55.5403,-4.6931]]]}},{"type":"Feature","properties":{"ADM0_A3":"SRB"},"geometry":{"type":"Polygon","coordinates":[[[21.3601,44.8267],[22.0931,44.5419],[22.4977,44.7062],[22.7209,44.6055],[22.5023,44.4896],[22.7051,44.2378],[22.4208,44.0074],[22.3696,43.7813],[22.5546,43.4545],[22.9769,43.188],[22.7062,42.8839],[22.4668,42.8425],[22.5324,42.4812],[22.4221,42.3289],[21.5625,42.2475],[21.7529,42.6698],[21.3906,42.7514],[20.8006,43.2611],[20.3443,42.8279],[19.2188,43.45],[19.4951,43.6429],[19.245,43.965],[19.5838,44.0435],[19.1185,44.36],[19.3486,44.8809],[18.9955,44.904],[19.1369,45.1962],[19.4,45.2125],[19.0047,45.3995],[19.0643,45.515],[18.8391,45.8357],[19.5308,46.1552],[20.2102,46.126],[20.775,45.7498],[20.794,45.4679],[21.4902,45.1479],[21.3529,45.009],[21.5323,44.9007],[21.3601,44.8267]]]}},{"type":"Feature","properties":{"ADM0_A3":"SEN"},"geometry":{"type":"Polygon","coordinates":[[[-12.2806,14.809],[-12.2284,14.4586],[-12.0192,14.2065],[-12.0542,13.6331],[-11.8317,13.3158],[-11.5813,13.29],[-11.3904,12.942],[-11.3824,12.4792],[-12.2912,12.328],[-13.0613,12.49],[-13.0829,12.6335],[-13.7292,12.6739],[-15.1961,12.6799],[-15.5748,12.4904],[-16.7118,12.3548],[-16.7603,12.5258],[-16.4429,12.6095],[-16.5977,12.7153],[-16.768,12.6284],[-16.7633,13.0642],[-16.6488,13.1541],[-15.8343,13.1564],[-15.8144,13.3251],[-15.2862,13.396],[-15.1511,13.5565],[-14.2468,13.2358],[-13.8267,13.4078],[-15.1083,13.8121],[-15.5097,13.5862],[-16.5623,13.5873],[-16.7669,13.9049],[-16.6181,14.0405],[-16.7917,14.0041],[-17.1681,14.6406],[-17.5356,14.7551],[-17.1472,14.922],[-16.8434,15.294],[-16.239,16.5313],[-15.7682,16.4851],[-14.9595,16.6789],[-14.3001,16.5803],[-13.8685,16.1481],[-13.507,16.1352],[-13.2064,15.6169],[-12.2806,14.809]]]}},{"type":"Feature","properties":{"ADM0_A3":"SAU"},"geometry":{"type":"MultiPolygon","coordinates":[[[[36.9017,25.3831],[36.8752,25.3831],[36.8051,25.4507],[36.7639,25.5006],[36.7221,25.534],[36.5303,25.6016],[36.5043,25.6451],[36.5336,25.6887],[36.5541,25.6454],[36.5888,25.6198],[36.7476,25.5587],[36.9244,25.4255],[36.9548,25.4146],[36.9017,25.3831]]],[[[41.9877,16.7156],[42.06,16.8035],[42.1704,16.7086],[42.1578,16.5707],[41.8973,16.6843],[41.7761,16.8469],[41.8604,17.0025],[41.9877,16.7156]]],[[[51.9776,18.9961],[49.042,18.5818],[48.1722,18.1569],[47.4418,17.1119],[47.1436,16.9467],[46.9757,16.9535],[46.7276,17.2656],[45.148,17.4274],[43.917,17.3247],[43.418,17.5163],[43.1909,17.3594],[43.165,16.6894],[42.7993,16.3718],[42.2939,17.435],[41.75,17.8857],[41.2295,18.6784],[40.7592,19.7555],[39.7283,20.3903],[39.2761,20.974],[38.9879,21.8817],[39.062,22.5922],[38.4642,23.7119],[37.9197,24.1854],[37.5431,24.2917],[37.1809,24.82],[37.2663,24.9601],[37.1488,25.2911],[35.1805,28.0349],[34.625,28.0645],[34.9508,29.3535],[36.0685,29.2005],[36.7553,29.866],[37.4692,29.9951],[37.6499,30.331],[37.9801,30.5],[36.9586,31.4915],[39.1454,32.1245],[40.3693,31.939],[42.0744,31.0804],[44.6908,29.2023],[47.4332,28.9896],[47.6713,28.5332],[48.4425,28.5429],[48.7972,27.7243],[50.1498,26.6626],[50.0081,26.6785],[50.2139,26.3085],[50.1555,26.1005],[50.0316,26.111],[50.0811,25.9614],[50.8557,24.6796],[51.4112,24.5708],[51.3099,24.3404],[51.5684,24.2862],[51.5926,24.0789],[52.5551,22.9328],[55.1858,22.7041],[55.641,22.0019],[54.9773,19.9959],[51.9776,18.9961]]],[[[36.5955,25.7128],[36.5861,25.6992],[36.5439,25.7343],[36.5465,25.8116],[36.5827,25.8555],[36.5799,25.7954],[36.5956,25.7349],[36.5955,25.7128]]]]}},{"type":"Feature","properties":{"ADM0_A3":"STP"},"geometry":{"type":"MultiPolygon","coordinates":[[[[7.4238,1.5677],[7.3307,1.6034],[7.4145,1.6991],[7.4238,1.5677]]],[[[6.66,0.1207],[6.5197,0.0663],[6.4682,0.2273],[6.6869,0.4044],[6.66,0.1207]]]]}},{"type":"Feature","properties":{"ADM0_A3":"SMR"},"geometry":{"type":"Polygon","coordinates":[[[12.4853,43.9014],[12.4264,43.8941],[12.3969,43.9346],[12.4411,43.9824],[12.5037,43.9897],[12.5146,43.953],[12.4853,43.9014]]]}},{"type":"Feature","properties":{"ADM0_A3":"WSM"},"geometry":{"type":"MultiPolygon","coordinates":[[[[-172.3335,-13.4652],[-172.225,-13.8043],[-172.5357,-13.7917],[-172.7785,-13.5168],[-172.3335,-13.4652]]],[[[-171.4541,-14.0465],[-171.9119,-14.0017],[-172.0459,-13.8571],[-171.6039,-13.8792],[-171.4541,-14.0465]]]]}},{"type":"Feature","properties":{"ADM0_A3":"VCT"},"geometry":{"type":"MultiPolygon","coordinates":[[[[-61.1745,13.1581],[-61.2685,13.2877],[-61.139,13.3587],[-61.1745,13.1581]]],[[[-61.2262,12.9946],[-61.2422,12.9837],[-61.2347,12.9837],[-61.2422,12.9763],[-61.2473,12.9836],[-61.2552,12.9882],[-61.2653,12.9902],[-61.277,12.9899],[-61.277,12.9974],[-61.2621,12.9928],[-61.2394,12.9973],[-61.2393,13.0054],[-61.2459,13.0127],[-61.249,13.0178],[-61.2406,13.0257],[-61.2128,13.0433],[-61.2012,13.0525],[-61.1998,13.0487],[-61.1993,13.0451],[-61.1979,13.0417],[-61.1938,13.0383],[-61.2081,13.0247],[-61.2262,12.9946]]],[[[-61.3344,12.6952],[-61.3445,12.6947],[-61.3535,12.6981],[-61.3511,12.7012],[-61.3397,12.7036],[-61.3344,12.7102],[-61.3363,12.719],[-61.3358,12.7288],[-61.3268,12.7348],[-61.3199,12.7354],[-61.3168,12.7317],[-61.3148,12.7226],[-61.3201,12.7155],[-61.3259,12.7099],[-61.3288,12.7011],[-61.3344,12.6952]]]]}},{"type":"Feature","properties":{"ADM0_A3":"LCA"},"geometry":{"type":"Polygon","coordinates":[[[-60.8952,13.822],[-60.9514,13.7176],[-61.0731,13.8656],[-60.9081,14.0934],[-60.8952,13.822]]]}},{"type":"Feature","properties":{"ADM0_A3":"KNA"},"geometry":{"type":"MultiPolygon","coordinates":[[[[-62.5322,17.1219],[-62.5824,17.1006],[-62.6249,17.1296],[-62.6153,17.1991],[-62.5747,17.201],[-62.5342,17.1701],[-62.5322,17.1219]]],[[[-62.6307,17.24],[-62.6565,17.2244],[-62.702,17.286],[-62.7755,17.3028],[-62.8389,17.3393],[-62.8405,17.3471],[-62.8394,17.3653],[-62.8271,17.3864],[-62.7946,17.4026],[-62.7137,17.3533],[-62.6758,17.2909],[-62.6405,17.2623],[-62.6307,17.24]]]]}},{"type":"Feature","properties":{"ADM0_A3":"RWA"},"geometry":{"type":"Polygon","coordinates":[[[29.577,-1.3879],[29.8254,-1.3355],[29.9301,-1.4699],[30.51,-1.0673],[30.8126,-1.5631],[30.8287,-2.3385],[29.9302,-2.3396],[29.8682,-2.7164],[29.698,-2.7947],[29.3902,-2.8086],[29.1021,-2.5957],[28.9218,-2.682],[28.8576,-2.4467],[29.1315,-2.1951],[29.1433,-1.816],[29.577,-1.3879]]]}},{"type":"Feature","properties":{"ADM0_A3":"RUS"},"geometry":{"type":"MultiPolygon","coordinates":[[[[145.8815,43.4595],[145.8956,43.4545],[145.9139,43.4554],[145.9312,43.457],[145.9411,43.4455],[145.9436,43.4265],[145.9312,43.4256],[145.9072,43.4223],[145.8939,43.4198],[145.8865,43.4331],[145.8815,43.4438],[145.8691,43.4504],[145.8691,43.4579],[145.8815,43.4595]]],[[[146.3588,43.6254],[146.3323,43.6199],[146.2882,43.6254],[146.2738,43.6298],[146.2837,43.6386],[146.3102,43.6519],[146.3333,43.6475],[146.3498,43.6441],[146.3588,43.6254]]],[[[146.0456,43.4093],[146.0323,43.4071],[146.028,43.4204],[146.0489,43.4336],[146.0886,43.449],[146.1008,43.4402],[146.0863,43.4292],[146.0699,43.4215],[146.0456,43.4093]]],[[[137.1786,55.1004],[137.0553,54.9268],[136.7146,54.9562],[137.1786,55.1004]]],[[[150.5899,59.0187],[150.4702,59.0541],[150.7127,59.1225],[150.5899,59.0187]]],[[[120.2613,73.0898],[120.0079,73.0449],[119.7921,73.0454],[119.6404,73.1243],[119.7619,73.1555],[119.9645,73.1677],[120.0785,73.1567],[120.2368,73.1073],[120.2613,73.0898]]],[[[124.543,73.8501],[124.4817,73.8479],[124.3664,73.8746],[124.3357,73.9103],[124.3365,73.9284],[124.4297,73.943],[124.5477,73.9338],[124.6369,73.9004],[124.6529,73.888],[124.543,73.8501]]],[[[106.2704,78.2062],[106.0584,78.2646],[106.7196,78.2942],[106.2704,78.2062]]],[[[107.4147,77.2427],[107.2695,77.289],[107.3664,77.3466],[107.6795,77.2683],[107.4147,77.2427]]],[[[97.5884,76.5994],[97.5353,76.5844],[97.4304,76.5907],[97.3417,76.6289],[97.3104,76.6896],[97.3816,76.7067],[97.5884,76.5994]]],[[[96.8539,76.1992],[96.7394,76.2069],[96.8353,76.3448],[97.053,76.3026],[96.8539,76.1992]]],[[[100.1359,79.6142],[99.9154,79.6016],[100.0684,79.701],[100.3003,79.6703],[100.1359,79.6142]]],[[[76.7561,73.4458],[76.6594,73.4395],[76.2345,73.4762],[76.0831,73.5235],[76.1396,73.5543],[76.2507,73.5553],[76.7561,73.4458]]],[[[82.71,74.0909],[82.6128,74.0564],[82.4781,74.0758],[82.3815,74.0992],[82.3294,74.1311],[82.3824,74.1493],[82.5256,74.1614],[82.611,74.1485],[82.689,74.1112],[82.71,74.0909]]],[[[84.759,74.4594],[84.7104,74.3998],[84.4289,74.4303],[84.3895,74.4544],[84.5403,74.4904],[84.6799,74.5124],[84.8729,74.5155],[84.759,74.4594]]],[[[86.6531,74.9813],[87.1243,74.9399],[86.3905,74.8509],[86.3307,74.939],[86.6531,74.9813]]],[[[59.3131,81.3052],[59.097,81.2923],[58.719,81.3135],[58.6102,81.3373],[58.6345,81.3604],[58.8806,81.3918],[59.075,81.3977],[59.2809,81.3661],[59.3746,81.325],[59.3131,81.3052]]],[[[-179.7985,68.9404],[-178.8739,68.7541],[-178.5385,68.5856],[-178.7515,68.6604],[-178.6926,68.546],[-178.0975,68.4248],[-178.0558,68.2649],[-177.7968,68.338],[-178.2499,68.5414],[-177.5272,68.2944],[-177.5892,68.2242],[-175.3452,67.6781],[-175.2325,67.4467],[-175.3747,67.3574],[-174.8499,67.3489],[-174.9381,67.093],[-174.7712,66.7843],[-174.9249,66.6231],[-174.5038,66.5379],[-174.3941,66.3442],[-174.0848,66.4731],[-174.065,66.2296],[-173.774,66.4347],[-174.2316,66.6319],[-174.0055,66.7786],[-174.0864,66.9429],[-174.5501,67.0906],[-173.6797,67.1448],[-173.1578,67.0691],[-173.3235,66.9548],[-173.2589,66.8401],[-173.193,66.9936],[-172.5201,66.9525],[-173.0075,67.0649],[-171.7956,66.9317],[-170.5095,66.3437],[-170.6044,66.2489],[-170.3012,66.294],[-170.2439,66.1693],[-169.7292,66.0581],[-170.5407,65.8654],[-170.6663,65.6215],[-171.4215,65.8104],[-171.0542,65.55],[-171.17,65.5021],[-172.7833,65.6811],[-172.2328,65.4557],[-172.3093,65.2756],[-172.6619,65.2485],[-172.286,65.2057],[-172.2132,65.0481],[-173.0662,64.8472],[-172.8011,64.7905],[-172.9009,64.6289],[-172.3788,64.4315],[-172.9032,64.5261],[-172.9159,64.3694],[-173.1574,64.2797],[-173.3757,64.3549],[-173.3275,64.5396],[-173.7297,64.3645],[-174.5706,64.7178],[-175.4421,64.8167],[-175.8539,65.0108],[-175.8562,65.2328],[-176.0933,65.471],[-177.0563,65.6136],[-178.4125,65.4956],[-178.5023,65.7404],[-178.9391,66.0328],[-178.7467,66.0137],[-178.5266,66.4016],[-178.8681,66.1871],[-179.1051,66.2319],[-179.1434,66.375],[-179.3401,66.2875],[-179.3272,66.1626],[-179.6833,66.1841],[-179.7897,65.9009],[-179.3521,65.5167],[-180,65.0672],[-180,68.9834],[-179.7985,68.9404]]],[[[130.6873,42.3025],[130.4248,42.7271],[131.0686,42.9022],[131.2573,43.3781],[131.2553,44.0716],[130.9816,44.8443],[131.4469,44.984],[131.8519,45.3269],[132.936,45.0299],[133.1135,45.1307],[133.186,45.4948],[133.4364,45.6047],[133.8613,46.2478],[134.1677,47.3022],[134.7523,47.7154],[134.566,48.0225],[134.6652,48.2539],[134.2934,48.3734],[133.144,48.1057],[132.4763,47.715],[130.9619,47.7093],[130.7326,48.0192],[130.8043,48.3415],[130.5521,48.6025],[130.5531,48.8612],[130.196,48.8916],[129.4981,49.3888],[129.0651,49.3747],[128.704,49.6001],[127.9996,49.5686],[127.5508,49.8018],[127.5902,50.209],[127.3372,50.3501],[127.307,50.708],[126.9248,51.1001],[126.0481,52.7395],[125.649,53.0423],[125.075,53.2037],[124.8123,53.1338],[123.6078,53.5465],[120.9854,53.2846],[120.0945,52.7872],[120.0676,52.6329],[120.6562,52.5667],[120.6814,51.973],[120.0669,51.6007],[119.1637,50.406],[119.3463,50.279],[119.2599,50.0664],[118.4516,49.8445],[117.8734,49.5135],[116.2168,50.0093],[115.4292,49.8965],[114.7432,50.2337],[114.2971,50.2744],[112.8064,49.5236],[111.3366,49.3559],[110.7098,49.143],[108.6137,49.3228],[107.9654,49.6535],[107.9166,49.9478],[107.2333,49.9894],[106.7111,50.3126],[105.3836,50.4737],[104.0787,50.1542],[103.3044,50.2003],[102.2884,50.5851],[102.1115,51.3535],[99.9217,51.7555],[98.8932,52.1173],[98.6405,51.8012],[98.0376,51.45],[97.8357,51.0517],[98.0298,50.6446],[98.2795,50.5333],[98.2503,50.3024],[98.0039,50.0143],[97.3598,49.7415],[96.0655,49.9987],[95.5227,49.9112],[94.6147,50.0237],[94.3547,50.2218],[94.2511,50.5564],[93.1031,50.6039],[92.9413,50.7782],[92.6267,50.6883],[92.3548,50.8642],[92.1924,50.7006],[91.8043,50.6936],[90.0537,50.0938],[89.6438,49.903],[89.6541,49.7175],[89.1095,49.5014],[88.1926,49.4517],[87.9881,49.1869],[87.4167,49.0766],[86.6265,49.5627],[86.6755,49.7773],[86.1809,49.4993],[85.2326,49.6158],[84.9895,50.0614],[84.3232,50.2392],[83.9451,50.7747],[83.3573,50.9946],[82.4939,50.7276],[81.4659,50.7398],[81.3883,50.9565],[81.0715,50.9688],[81.1272,51.1911],[80.7353,51.2934],[80.448,51.1833],[80.4236,50.9463],[79.9862,50.7746],[77.86,53.2692],[76.4848,54.0226],[76.4217,54.1515],[76.6546,54.1453],[76.8373,54.4424],[75.4372,54.0896],[74.452,53.6473],[74.3516,53.4876],[73.859,53.6197],[73.4069,53.4476],[73.3057,53.7072],[73.6789,53.9294],[73.6664,54.0635],[73.2299,53.9578],[72.6223,54.1343],[72.4468,53.9418],[72.186,54.3256],[72.0045,54.2057],[71.0932,54.2122],[71.1855,54.5993],[70.7381,55.3052],[70.1824,55.1625],[68.9772,55.3896],[68.2062,55.1609],[68.1559,54.9767],[65.477,54.6233],[65.0884,54.3402],[64.4612,54.3842],[61.9287,53.9465],[61.2311,54.0195],[60.9795,53.6217],[61.535,53.5233],[61.2289,53.4459],[61.1992,53.2872],[62.0827,53.0054],[61.0475,52.9725],[60.7744,52.6758],[60.9945,52.3369],[60.0303,51.9333],[60.4647,51.6512],[61.5547,51.3246],[61.3895,50.861],[60.9423,50.6955],[60.4248,50.6791],[60.0586,50.8503],[59.523,50.4929],[59.4523,50.6204],[58.8837,50.6944],[58.3592,51.0638],[57.8389,51.0917],[57.4422,50.8889],[57.0117,51.0652],[56.4914,51.0195],[55.6862,50.5829],[54.6416,51.0116],[54.5553,50.5358],[54.1397,51.0408],[53.3381,51.4824],[52.5712,51.4816],[52.2191,51.7094],[51.3445,51.4753],[50.7939,51.7292],[50.3093,51.3216],[49.498,51.0836],[49.3234,50.8517],[48.6251,50.6127],[48.8433,50.0131],[48.759,49.9283],[48.335,49.8583],[47.7058,50.378],[47.4292,50.358],[46.8896,49.697],[46.8021,49.3671],[47.0313,49.1503],[46.7026,48.8056],[46.6609,48.4123],[47.0646,48.2325],[47.0933,47.9477],[47.2924,47.7409],[48.167,47.7088],[48.9594,46.7746],[48.5584,46.7571],[48.5412,46.6056],[49.2459,46.2916],[48.6837,46.0862],[48.7296,45.8968],[48.487,45.9349],[47.6333,45.584],[47.4633,45.6797],[47.5146,45.4909],[47.0838,44.817],[47.0029,44.8761],[46.7161,44.5607],[47.307,44.1031],[47.4628,43.555],[47.6465,43.8846],[47.4632,43.0351],[48.5729,41.8445],[47.8611,41.2127],[47.5206,41.2291],[46.7493,41.8126],[45.6386,42.2051],[45.6556,42.5177],[44.871,42.7564],[44.7711,42.6168],[44.5059,42.7486],[43.826,42.5715],[43.7826,42.747],[42.7606,43.1696],[41.5806,43.2192],[40.648,43.5339],[40.1502,43.5698],[39.9783,43.4198],[38.7173,44.2881],[36.6508,45.1265],[36.9412,45.2897],[36.7938,45.4097],[37.2136,45.2723],[37.6472,45.3772],[37.6124,45.5647],[37.9331,46.0017],[38.4923,46.0905],[37.9139,46.4065],[37.7665,46.6361],[38.501,46.6637],[38.4387,46.8131],[39.2707,47.0441],[39.1957,47.2688],[38.2144,47.0915],[38.2014,47.3208],[38.2874,47.5592],[38.8223,47.837],[39.7787,47.8875],[39.9579,48.2689],[39.8356,48.5428],[39.6447,48.5912],[39.7929,48.8077],[40.0036,48.8221],[39.6865,49.0079],[40.1088,49.2516],[40.0807,49.5769],[38.2586,50.0523],[38.0469,49.92],[37.4229,50.4115],[36.6194,50.2092],[36.1164,50.4085],[35.5911,50.3687],[35.4116,50.5397],[35.3119,51.0439],[35.0641,51.2034],[34.2139,51.2554],[34.1211,51.6791],[34.3979,51.7804],[33.7353,52.3448],[32.4354,52.3072],[32.1223,52.0506],[31.7634,52.1011],[31.5773,52.3123],[31.5648,52.7592],[31.2588,53.0167],[31.4179,53.196],[32.142,53.0912],[32.7064,53.4194],[32.4502,53.6929],[31.7542,53.8104],[31.826,54.0307],[31.4036,54.1959],[31.0748,54.4918],[31.1521,54.6253],[30.7988,54.7833],[30.9777,55.0505],[30.8105,55.307],[30.9068,55.57],[30.2336,55.8452],[29.4822,55.6846],[29.283,55.9679],[28.2843,56.0559],[27.8815,56.8242],[27.6395,56.8457],[27.8286,57.2933],[27.3543,57.5503],[27.7785,57.8707],[27.5024,58.2213],[27.4342,58.7873],[28.1511,59.3744],[28.0125,59.4843],[28.058,59.7815],[28.3346,59.6925],[29.1473,59.9998],[30.1727,59.9571],[29.7212,60.1953],[29.0691,60.1915],[28.6432,60.3753],[28.4916,60.5401],[28.6225,60.4916],[28.6506,60.611],[28.5128,60.6773],[27.7977,60.5361],[31.1867,62.4814],[31.5365,62.9216],[29.9915,63.7352],[30.5261,64.0773],[30.4879,64.2365],[29.9866,64.5243],[30.1103,64.7326],[29.6042,64.9684],[29.827,65.1451],[29.608,65.2487],[29.8194,65.5687],[29.7159,65.6246],[30.0953,65.6817],[30.0875,65.7865],[29.0662,66.8917],[29.9881,67.6683],[29.3438,68.0619],[28.6852,68.1898],[28.4707,68.4884],[28.7729,68.84],[28.4141,68.9042],[29.994,69.3925],[30.1598,69.6299],[30.8607,69.5384],[30.8697,69.7834],[31.547,69.6969],[31.9979,69.8099],[31.9846,69.9537],[33.0078,69.7221],[32.915,69.6017],[32.1768,69.674],[32.3777,69.4791],[33.4543,69.4282],[33.1412,69.0687],[33.6844,69.3103],[35.8579,69.1917],[37.7306,68.6921],[38.4302,68.3556],[39.5689,68.0717],[39.8233,68.0586],[39.8093,68.1508],[40.3807,67.8319],[40.9664,67.7135],[41.1339,67.2669],[41.3588,67.2097],[41.189,66.8262],[40.1033,66.3],[38.6539,66.069],[35.5135,66.3958],[34.8246,66.6111],[34.4826,66.5503],[34.4516,66.6512],[33.1502,66.8439],[32.8476,67.0215],[32.9305,67.0868],[31.8953,67.1614],[33.656,66.4426],[33.3605,66.3295],[34.1127,66.2252],[34.6918,65.9519],[34.777,65.7683],[34.4064,65.3958],[34.8035,64.986],[34.9522,64.756],[34.8695,64.56],[35.0354,64.4402],[35.6471,64.3783],[36.3649,64.0028],[37.4422,63.8134],[37.968,63.9491],[38.0622,64.091],[37.9537,64.3201],[37.1837,64.4085],[36.5787,64.791],[36.5346,64.9386],[36.7859,64.9872],[36.8828,65.1724],[39.758,64.5771],[40.0578,64.7708],[40.4449,64.7787],[39.798,65.3499],[39.8165,65.5979],[41.4758,66.1234],[42.2105,66.5197],[43.2332,66.4155],[43.6531,66.251],[43.5419,66.1234],[44.1044,66.0086],[44.0972,66.2351],[44.4887,66.6718],[44.4293,66.9377],[43.7824,67.2545],[44.2254,67.9956],[44.2047,68.2538],[43.3332,68.6734],[45.892,68.4797],[46.6836,67.9705],[46.6904,67.8488],[45.5287,67.7576],[44.9021,67.4131],[45.5622,67.1856],[45.8854,66.8911],[46.4924,66.8002],[47.6559,66.9759],[47.8747,67.5842],[48.8332,67.6815],[48.7543,67.8959],[49.1553,67.8704],[51.9947,68.5388],[52.3967,68.3517],[52.7227,68.484],[52.344,68.6082],[53.802,68.9959],[54.4912,68.9923],[53.7977,68.9075],[53.9706,68.8443],[53.7589,68.634],[53.9309,68.4355],[53.2605,68.2675],[54.8613,68.2019],[54.923,68.3738],[55.4181,68.5678],[57.1269,68.554],[59.0573,69.0061],[59.3705,68.7384],[59.1123,68.6163],[59.099,68.4443],[59.7257,68.3516],[59.9229,68.4713],[59.896,68.7063],[60.4892,68.729],[60.9336,68.9868],[60.1706,69.5909],[60.9091,69.8471],[64.1904,69.5347],[64.8963,69.2478],[67.0024,68.8736],[67.7308,68.5137],[68.5042,68.3484],[69.1405,68.9506],[68.5428,68.9671],[68.1174,69.2362],[68.0059,69.48],[67.6241,69.5844],[67.0645,69.6937],[66.8967,69.5538],[66.8029,69.7401],[66.9264,70.0143],[67.2393,70.1081],[67.1465,70.2199],[67.2848,70.7387],[66.7022,70.8185],[66.8471,71.0637],[66.6396,71.0814],[66.9176,71.2824],[68.2692,71.6828],[69.3914,72.9555],[71.5002,72.9137],[72.8121,72.6914],[72.5741,72.0125],[71.8673,71.4574],[72.5813,71.1511],[72.7045,70.9632],[72.7,70.4573],[72.4694,70.275],[72.5994,69.7932],[72.5768,68.9687],[73.5917,68.4819],[73.1395,68.1813],[73.0668,67.7669],[72.5943,67.587],[71.8475,67.0076],[71.3652,66.9615],[71.5396,66.6831],[70.7249,66.5194],[70.3828,66.6025],[70.6907,66.7453],[69.0135,66.7883],[69.1943,66.5787],[69.9824,66.4014],[72.0676,66.2533],[72.3216,66.3321],[72.4174,66.5608],[73.7921,66.9953],[74.0745,67.4141],[74.7695,67.7664],[74.7427,68.0735],[74.3914,68.4206],[74.5796,68.7512],[75.1246,68.8617],[76.4592,68.9783],[77.2385,68.4696],[77.1744,67.7785],[77.7716,67.5703],[78.9225,67.5891],[77.5883,67.7519],[77.5359,68.0077],[77.6648,68.1904],[77.9951,68.2595],[77.6507,68.903],[76.001,69.2351],[74.8148,69.0906],[73.7757,69.1982],[73.8909,69.418],[73.5781,69.803],[74.3434,70.5787],[73.5766,71.2165],[73.0862,71.4449],[73.6718,71.8451],[74.9922,72.1448],[75.0604,72.5488],[74.7868,72.8119],[75.3693,72.7966],[75.6035,72.5811],[75.7414,72.2962],[75.2738,71.9589],[75.2475,71.8134],[75.5032,71.6546],[75.2803,71.4301],[75.7336,71.2659],[79.0154,70.9502],[78.4914,71.0254],[78.2126,71.2663],[76.4334,71.5525],[76.0324,71.9104],[76.8714,72.033],[77.5508,71.8421],[78.1869,71.9071],[78.0164,72.092],[77.4397,72.1565],[78.4826,72.395],[79.4221,72.3808],[80.7625,72.0892],[81.6616,71.716],[83.1066,71.7205],[83.2336,71.6682],[82.9771,71.4514],[82.3229,71.26],[82.2392,70.9977],[82.3359,70.8074],[82.1632,70.5981],[82.2212,70.3957],[82.5925,70.8899],[83.0102,70.8954],[83.0302,70.5805],[82.6823,70.2177],[83.0808,70.093],[83.0738,70.2767],[83.4971,70.3453],[83.7359,70.5465],[83.1513,71.1036],[83.5311,71.5143],[83.5344,71.6839],[83.2003,71.8747],[82.6454,71.9252],[82.0937,72.2654],[80.8271,72.4883],[80.6563,72.712],[80.8416,72.9492],[80.4245,73.2312],[80.5832,73.5685],[86.893,73.8871],[87.0295,73.8242],[85.7926,73.4383],[85.8182,73.327],[86.6771,73.1068],[85.939,73.4565],[87.1201,73.615],[87.5712,73.8107],[86.5711,74.2438],[86.0014,74.316],[86.3958,74.4501],[87.2297,74.3639],[85.791,74.6451],[86.2013,74.8162],[86.8629,74.7179],[87.4193,74.9409],[86.9391,75.0681],[87.006,75.1698],[87.6714,75.1296],[90.185,75.5911],[94.0752,75.9129],[92.8904,75.91],[92.9716,76.0751],[93.2593,76.0988],[95.5787,76.1373],[96.0755,76.082],[95.6533,75.8922],[96.5086,76.0056],[96.6006,75.9899],[96.4971,75.8912],[98.662,76.2427],[99.7704,76.0288],[99.5407,75.7986],[99.8514,75.9303],[99.8254,76.1359],[98.8694,76.5096],[101.5978,76.4392],[100.928,76.5567],[101.0993,76.704],[100.9204,76.8225],[100.9899,76.9905],[102.6102,77.5085],[104.0146,77.7304],[106.0596,77.3905],[104.2024,77.1018],[107.4298,76.9266],[106.4136,76.5123],[107.7222,76.5223],[108.1816,76.7378],[111.1148,76.723],[111.9387,76.5534],[112.0939,76.4803],[111.9427,76.3805],[112.6195,76.3835],[112.7984,76.1296],[112.6563,76.0536],[113.2727,76.2517],[113.5639,75.8916],[113.8572,75.9213],[113.5676,75.5684],[112.4661,75.8437],[112.9557,75.5719],[113.7262,75.4506],[112.9249,75.015],[109.8403,74.322],[109.8103,74.1692],[108.1995,73.6941],[107.2711,73.621],[106.6794,73.3307],[106.1887,73.308],[105.1439,72.7771],[105.7082,72.8367],[106.4779,73.1394],[107.7504,73.1731],[110.7733,73.6892],[109.7067,73.7438],[109.8691,73.9306],[110.2614,74.0174],[111.5506,74.0285],[111.2281,73.9686],[111.4004,73.8277],[112.1473,73.7089],[112.7954,73.7461],[112.9396,73.8356],[112.8359,73.9621],[113.0328,73.9139],[113.4162,73.6476],[113.1569,73.4596],[113.4909,73.3461],[113.4746,73.0479],[113.1278,72.8307],[113.3122,72.6574],[113.6646,72.6345],[113.2155,72.8059],[113.5428,73.0543],[113.5589,73.2326],[113.8862,73.3458],[113.5104,73.505],[114.0605,73.5847],[115.3377,73.7026],[118.4502,73.5898],[118.9364,73.4812],[118.457,73.4644],[118.4303,73.2465],[119.7504,72.9791],[122.5375,72.8778],[122.752,72.9065],[122.5268,73.0167],[123.1604,72.9549],[123.6223,73.1933],[123.3227,73.4308],[123.4162,73.6369],[124.5412,73.7513],[125.5985,73.4474],[126.2545,73.5482],[126.2925,73.3942],[126.5525,73.3349],[127.0313,73.5475],[127.7403,73.4815],[129.1006,73.1124],[128.599,72.8952],[129.0173,72.8725],[129.2504,72.7052],[128.4183,72.5352],[129.2813,72.4377],[129.4117,72.3155],[129.2835,72.092],[127.7261,72.4132],[128.9114,71.7553],[129.2103,71.9169],[129.4608,71.7393],[128.8433,71.6635],[129.7619,71.1195],[130.5371,70.8925],[130.7571,70.9624],[131.0216,70.7461],[131.562,70.901],[132.6539,71.926],[133.6889,71.4342],[134.7027,71.3868],[136.0903,71.6196],[137.9396,71.1334],[137.844,71.2268],[138.3141,71.3255],[137.9184,71.3841],[138.2342,71.5963],[138.7802,71.629],[139.2094,71.4448],[139.9842,71.4915],[139.6951,71.7004],[139.7229,71.885],[139.3593,71.9514],[140.1877,72.1913],[139.1764,72.1635],[139.1408,72.3297],[139.6012,72.4961],[141.0793,72.5869],[140.6523,72.8428],[140.8082,72.891],[146.2529,72.4422],[146.2348,72.3497],[144.7764,72.3823],[144.1692,72.2588],[144.4707,72.1748],[146.8318,72.2954],[146.1133,71.945],[146.0059,71.9455],[146.2303,72.1375],[145.7586,72.2259],[145.6641,72.067],[145.7567,71.9413],[145.064,71.9261],[144.9896,71.7534],[145.1886,71.6958],[146.0732,71.8084],[147.2618,72.3279],[149.5016,72.1643],[150.0169,71.8957],[148.9682,71.6905],[150.5998,71.5201],[150.6678,71.4552],[150.0977,71.2266],[150.9678,71.3805],[151.5824,71.287],[152.0928,71.0233],[151.762,70.9825],[152.5088,70.8345],[155.8952,71.0955],[158.7021,70.935],[159.9118,70.5061],[160.0064,70.3097],[159.7294,69.8702],[159.8325,69.785],[160.9107,69.6063],[161.0355,69.0982],[161.3406,68.9052],[160.8561,68.5383],[161.1045,68.5625],[161.5656,68.9052],[161.5369,69.3795],[162.166,69.6116],[163.2014,69.7147],[166.8203,69.4996],[167.8568,69.7282],[168.15,69.5774],[168.303,69.2715],[169.3106,69.0795],[169.6099,68.786],[170.5376,68.8254],[170.9967,69.1347],[170.5822,69.5833],[170.1609,69.6266],[170.5031,69.8565],[170.4868,70.1076],[173.2774,69.8238],[173.4387,69.9468],[175.9215,69.8953],[178.8483,69.3872],[180,68.9834],[180,65.0672],[178.5195,64.603],[177.7486,64.717],[176.8809,65.0819],[176.341,65.0473],[177.0373,64.9997],[177.2229,64.8617],[177.0687,64.7867],[176.0611,64.9609],[174.5488,64.6839],[176.0565,64.9047],[176.351,64.7051],[176.1409,64.5858],[177.4274,64.7634],[177.4329,64.4445],[177.6875,64.3047],[178.0447,64.2196],[178.2295,64.3644],[178.3814,64.2609],[178.7314,63.6671],[178.4404,63.6056],[178.7064,63.5215],[178.6787,63.4023],[178.793,63.5403],[178.9215,63.345],[179.3886,63.1472],[179.2596,63.0083],[179.5705,62.6875],[179.1207,62.3204],[177.2926,62.599],[177.339,62.7813],[177.0235,62.7772],[176.9647,62.6586],[177.1595,62.561],[174.5144,61.8236],[173.6234,61.7161],[173.1318,61.4066],[172.8565,61.4692],[172.908,61.3116],[172.3961,61.1674],[172.3928,61.0618],[170.6082,60.4349],[170.351,59.9655],[169.9826,60.0671],[169.6184,60.438],[169.2268,60.5959],[167.2268,60.4063],[166.273,59.8563],[166.136,59.9793],[166.3521,60.4848],[165.0846,60.0986],[164.9537,59.8436],[164.5253,60.0613],[164.1133,59.8976],[163.7438,60.028],[163.3648,59.7814],[163.2729,59.3026],[162.1416,58.4474],[161.9601,58.0769],[162.3914,57.7172],[162.6543,57.9482],[163.2258,57.7904],[162.7615,57.2439],[162.8026,56.8115],[163.2565,56.688],[163.3355,56.2325],[162.8403,56.0656],[162.6281,56.2323],[163.0384,56.5219],[162.6715,56.4901],[162.4887,56.3991],[162.5282,56.2607],[162.085,56.0896],[161.7239,55.4961],[162.1056,54.7521],[161.6248,54.5163],[160.7727,54.5414],[160.0744,54.1892],[159.8438,53.7836],[160.0251,53.1296],[159.5859,53.2377],[158.7454,52.9089],[158.4721,53.0324],[158.6088,52.8736],[158.4932,52.3832],[158.1035,51.8096],[156.7478,50.9693],[156.5212,51.3803],[156.3647,52.5094],[156.1104,52.8662],[155.5639,55.1991],[155.9825,56.6952],[156.8488,57.2902],[156.9768,57.4663],[156.8299,57.7796],[157.4504,57.7993],[157.6664,58.0198],[158.2752,58.009],[159.2106,58.5194],[159.8474,59.1271],[161.7535,60.1523],[162.0682,60.4664],[163.71,60.9168],[163.5535,61.0256],[164.0055,61.3438],[163.8044,61.4614],[164.2072,62.2922],[164.5983,62.4706],[165.2081,62.374],[165.3966,62.4939],[164.4184,62.7046],[163.3317,62.5509],[163.0177,61.8911],[163.2578,61.6995],[163.0853,61.5706],[162.856,61.705],[162.3926,61.6621],[160.7666,60.7533],[160.1736,60.6384],[160.3789,61.0255],[159.7904,60.9566],[160.3094,61.8944],[159.5523,61.7195],[159.1893,61.9294],[157.0842,61.6757],[154.2931,59.8334],[154.1498,59.5285],[154.9713,59.4496],[155.1667,59.3602],[155.1604,59.1901],[154.458,59.2166],[154.0109,59.0755],[153.3611,59.2148],[152.8179,58.9263],[152.3196,59.0308],[151.3268,58.8751],[151.1211,59.0825],[152.1695,59.2779],[151.3482,59.5611],[150.4836,59.4944],[150.6673,59.5563],[149.4245,59.761],[149.0652,59.6305],[149.205,59.4882],[148.7971,59.5323],[148.7441,59.3735],[148.9646,59.3691],[148.7267,59.2579],[148.2574,59.4142],[147.5145,59.2686],[146.5372,59.457],[146.0495,59.1706],[145.5546,59.4135],[143.1922,59.3701],[142.3304,59.1526],[141.6029,58.649],[140.9877,58.4168],[140.4469,57.8137],[139.1816,57.2615],[137.6915,56.1394],[135.2115,54.8408],[135.8516,54.5839],[136.7973,54.621],[136.683,53.9313],[136.8026,53.782],[137.1554,53.8217],[137.258,54.0252],[137.1416,54.1822],[137.666,54.2833],[137.3393,54.1005],[137.8348,53.9467],[137.2537,53.5461],[137.9505,53.6036],[138.5279,53.9599],[138.5691,53.8188],[138.2497,53.524],[138.4507,53.537],[138.6994,53.8697],[138.6572,54.2983],[139.3197,54.193],[139.7074,54.2771],[141.3737,53.2928],[141.1813,53.0153],[140.8396,53.0879],[141.2559,52.8401],[141.1324,52.4357],[141.4853,52.1785],[141.3669,51.9207],[140.9326,51.6199],[140.5209,50.8002],[140.6245,50.0824],[140.4627,49.9115],[140.3783,48.9641],[140.1133,48.4227],[139.3727,47.8874],[138.5868,47.0572],[138.3369,46.5434],[137.6854,45.8184],[135.8746,44.3735],[135.1311,43.5257],[134.0104,42.9475],[133.16,42.697],[132.3038,42.8833],[132.3096,43.3135],[131.8666,43.0952],[131.939,43.302],[131.1583,42.626],[130.7094,42.6564],[130.8342,42.5229],[130.6873,42.3025]]],[[[47.442,80.8537],[48.4457,80.806],[48.6836,80.6333],[47.7053,80.7652],[46.1414,80.4467],[45.969,80.5695],[44.905,80.6113],[47.442,80.8537]]],[[[50.2781,80.9272],[51.7036,80.6876],[48.811,80.3537],[48.6771,80.3],[48.9775,80.1626],[47.7373,80.0817],[47.6324,80.112],[47.893,80.2393],[46.991,80.1828],[46.6444,80.3003],[47.8958,80.5291],[49.0878,80.5158],[49.2443,80.8214],[50.2781,80.9272]]],[[[67.7653,76.2376],[61.356,75.3148],[60.2769,75.0076],[60.5014,74.9046],[59.7473,74.7459],[59.674,74.6102],[59.2401,74.693],[59.0404,74.4855],[58.5347,74.4989],[58.6179,74.2274],[57.7674,74.0138],[57.8723,73.8504],[57.756,73.7692],[57.3131,73.838],[57.5426,73.6582],[56.6342,73.3043],[55.0068,73.4539],[54.2999,73.351],[54.1315,73.481],[54.2046,73.542],[53.7629,73.7662],[54.6427,73.9596],[55.3409,74.4196],[56.1371,74.4961],[55.5822,74.6277],[56.4987,74.9571],[55.998,75.0034],[55.8212,75.0906],[55.9207,75.1684],[56.5703,75.0978],[56.8763,75.2444],[56.8444,75.3514],[57.6068,75.3413],[58.0583,75.6631],[60.2793,76.0962],[60.9422,76.0713],[61.2017,76.282],[62.9715,76.2367],[64.4635,76.3782],[67.6519,77.0116],[68.4857,76.9337],[68.9417,76.7077],[68.8998,76.5729],[67.7653,76.2376]]],[[[55.3198,73.3083],[56.4296,73.2012],[56.1217,72.8066],[55.7234,72.7664],[55.4033,72.5491],[55.5181,72.2207],[55.2979,71.9354],[56.4544,71.1074],[57.6254,70.7288],[57.1459,70.5891],[56.3857,70.7341],[56.2601,70.7147],[56.5613,70.5936],[56.4346,70.563],[53.7224,70.8145],[53.3836,70.8735],[53.6136,70.9146],[53.5878,71.0523],[54.1557,71.1255],[53.41,71.3401],[53.319,71.3992],[53.4116,71.5301],[51.9379,71.4747],[51.5904,71.5711],[51.4387,71.7768],[51.5825,72.0712],[52.6221,72.301],[52.9166,72.6689],[52.5506,72.7686],[53.3698,72.9167],[53.2512,73.183],[54.8039,73.3876],[55.3198,73.3083]]],[[[96.5266,81.0756],[97.8699,80.7633],[97.1131,80.6141],[97.0254,80.5355],[97.417,80.3231],[97.1752,80.241],[93.6547,80.0096],[91.5238,80.3585],[92.8268,80.6186],[93.2625,80.7913],[92.6102,80.81],[93.3587,81.0317],[95.8007,81.2805],[96.5266,81.0756]]],[[[97.6745,80.1583],[98.0178,80.0229],[97.6517,79.7606],[98.5965,80.0522],[99.2949,80.0164],[100.0612,79.7771],[99.7816,79.6283],[99.6807,79.3233],[99.0418,79.293],[99.8996,79.0064],[99.4396,78.8342],[97.5555,78.8266],[96.8078,78.985],[95.0204,79.0527],[94.2188,79.4023],[93.0708,79.4953],[94.9873,80.0968],[97.6745,80.1583]]],[[[102.8848,79.254],[102.4123,78.8354],[102.9504,79.0558],[103.8008,79.1493],[104.6332,78.8352],[105.146,78.8188],[105.3126,78.4999],[104.7418,78.3397],[101.2041,78.1919],[99.845,77.9568],[99.2871,78.0381],[100.0189,78.3389],[100.4164,78.7532],[100.9558,78.7885],[100.8563,78.8978],[101.0522,79.1232],[101.5906,79.3504],[102.2513,79.2561],[102.1807,79.3734],[102.4049,79.4332],[103.0416,79.3315],[102.8848,79.254]]],[[[140.0487,75.829],[140.8159,75.6307],[140.9854,75.9645],[141.4854,76.1372],[145.36,75.5305],[144.0197,75.0447],[142.8201,75.2678],[142.6996,75.4489],[142.9418,75.7133],[142.3079,75.6917],[142.0862,75.6606],[142.1988,75.3927],[143.1279,74.9703],[142.4728,74.8204],[141.9873,74.9913],[140.2679,74.8469],[139.6813,74.9641],[139.0991,74.6565],[138.0923,74.7975],[137.0062,75.235],[136.9824,75.3653],[137.2897,75.3486],[137.2688,75.7494],[137.7065,75.7596],[137.5012,75.9097],[137.6254,75.9882],[138.814,76.1997],[140.0487,75.829]]],[[[146.7952,75.3708],[148.4324,75.4135],[148.5901,75.2364],[150.8224,75.1565],[150.5803,74.9189],[149.8381,74.7953],[148.2969,74.8004],[146.1485,75.1983],[146.4385,75.5582],[146.751,75.5104],[146.7952,75.3708]]],[[[178.8615,70.8264],[178.6839,71.1057],[180,71.5377],[180,70.993],[178.8615,70.8264]]],[[[142.761,54.3939],[142.9762,54.141],[142.918,53.7942],[143.3247,52.9631],[143.1906,51.9445],[143.816,50.2826],[144.7138,48.6403],[144.0487,49.2492],[143.105,49.1988],[142.5742,48.0722],[142.5569,47.7379],[143.2177,46.7949],[143.4856,46.7521],[143.5807,46.3607],[143.4316,46.0287],[143.2823,46.559],[142.578,46.7008],[142.0771,45.917],[141.8304,46.4511],[142.0387,47.1403],[141.9641,47.5875],[142.1817,48.0134],[141.8663,48.7501],[142.1423,49.5691],[142.066,50.6305],[142.2067,51.2226],[141.7224,51.7363],[141.8081,51.7892],[141.6685,51.9333],[141.6608,52.2729],[141.8556,52.7935],[141.8235,53.3395],[142.142,53.4956],[142.5262,53.4475],[142.706,53.8957],[142.335,54.2807],[142.761,54.3939]]],[[[-178.8765,71.5771],[-177.4985,71.2191],[-177.8218,71.0676],[-179.1569,70.9398],[-180,70.993],[-180,71.5377],[-178.8765,71.5771]]],[[[35.8161,65.1821],[35.7787,64.9767],[35.5289,65.1511],[35.8161,65.1821]]],[[[42.7137,66.7017],[42.6756,66.6881],[42.4773,66.7351],[42.4601,66.7704],[42.4686,66.7855],[42.5475,66.7955],[42.6314,66.7822],[42.6907,66.7353],[42.7137,66.7017]]],[[[52.9033,71.365],[53.1926,71.2153],[53.0227,70.9687],[52.2398,71.325],[52.9033,71.365]]],[[[168.0391,54.565],[168.0813,54.5127],[167.6773,54.6977],[167.4881,54.795],[167.4415,54.8559],[167.5117,54.8569],[167.5925,54.7978],[167.7106,54.7702],[167.8826,54.6905],[168.0391,54.565]]],[[[160.7189,70.8227],[160.6514,70.8059],[160.5048,70.8197],[160.4369,70.851],[160.4404,70.9227],[160.4485,70.934],[160.5658,70.9238],[160.6449,70.8835],[160.7189,70.8227]]],[[[161.4671,68.901],[161.1365,69.1103],[161.0828,69.4057],[161.5052,69.6395],[161.6093,69.5009],[161.3509,69.3693],[161.4671,68.901]]],[[[152.8859,76.1217],[152.7863,76.0858],[152.5586,76.1436],[152.6428,76.1748],[152.7994,76.1948],[152.8351,76.1852],[152.8638,76.1634],[152.8859,76.1217]]],[[[149.1502,76.6599],[148.3986,76.6482],[149.4064,76.7821],[149.1502,76.6599]]],[[[137.9599,71.5077],[137.7118,71.4232],[137.0641,71.5299],[137.9599,71.5077]]],[[[107.6955,78.1309],[107.6063,78.0826],[107.4816,78.0578],[107.3438,78.0986],[107.0017,78.0957],[106.4155,78.1398],[106.5833,78.1676],[107.5083,78.1894],[107.5732,78.1855],[107.6955,78.1309]]],[[[112.478,76.6209],[112.6608,76.5096],[112.5316,76.45],[111.9689,76.6262],[112.478,76.6209]]],[[[96.5324,76.2781],[96.3006,76.1217],[95.3111,76.2147],[96.5324,76.2781]]],[[[96.2854,77.0267],[95.2703,77.0188],[96.5284,77.2055],[96.2854,77.0267]]],[[[89.5143,77.1888],[89.1417,77.2268],[89.6162,77.311],[89.5143,77.1888]]],[[[74.6605,72.8734],[74.1002,73.0215],[74.4088,73.1305],[74.9615,73.0625],[74.7426,73.0327],[74.6605,72.8734]]],[[[75.5037,73.4566],[75.3443,73.4323],[75.375,73.4774],[75.5697,73.5406],[75.9302,73.5736],[76.0395,73.5599],[76.0516,73.5493],[75.901,73.4815],[75.8271,73.4591],[75.5037,73.4566]]],[[[83.549,74.0718],[83.4958,74.0484],[83.45,74.0517],[83.4106,74.0396],[83.159,74.0753],[82.8178,74.0916],[82.9029,74.1289],[83.1498,74.1516],[83.5135,74.1224],[83.6184,74.0895],[83.549,74.0718]]],[[[67.3449,69.5298],[67.264,69.4425],[67.0979,69.4472],[67.0473,69.467],[67.0259,69.4832],[67.2161,69.5754],[67.3289,69.5721],[67.3449,69.5298]]],[[[66.5609,70.5417],[66.4076,70.6158],[66.4402,70.7727],[66.5609,70.5417]]],[[[70.0207,66.5022],[69.4693,66.716],[70.0767,66.6959],[70.0207,66.5022]]],[[[50.0518,80.0743],[49.5561,80.1589],[50.251,80.2195],[50.0518,80.0743]]],[[[51.4093,79.9442],[50.0914,79.9806],[50.9363,80.0942],[51.4093,79.9442]]],[[[50.7537,81.0474],[50.3685,81.1225],[50.8786,81.1509],[50.7537,81.0474]]],[[[55.4797,80.2738],[55.1951,80.2268],[55.0484,80.2284],[54.9797,80.2564],[55.0916,80.2956],[55.24,80.3254],[55.3532,80.3177],[55.4348,80.3022],[55.4797,80.2738]]],[[[54.4153,80.4728],[53.8119,80.4762],[53.8772,80.6053],[54.4153,80.4728]]],[[[59.6889,79.9558],[58.9192,79.9846],[59.5445,80.1188],[59.911,79.9943],[59.6889,79.9558]]],[[[58.6224,81.0417],[58.9306,80.8317],[58.6419,80.768],[57.9379,80.7934],[57.2109,81.0171],[58.6224,81.0417]]],[[[47.983,45.4882],[47.9677,45.47],[47.9203,45.5621],[47.9176,45.6182],[47.9472,45.6471],[47.9871,45.5541],[47.983,45.4882]]],[[[50.2652,69.1856],[50.2206,69.0488],[50.0939,69.1255],[49.6263,68.8597],[48.9104,68.7431],[48.4391,68.8049],[48.2788,69.0403],[48.4139,69.3457],[48.9533,69.5093],[50.2652,69.1856]]],[[[63.3738,80.7001],[62.5203,80.8219],[64.0957,80.9983],[64.3102,81.1752],[65.172,81.144],[65.4374,80.9307],[63.3738,80.7001]]],[[[57.9562,80.1232],[57.3323,80.1581],[57.075,80.4939],[59.2555,80.3432],[58.3979,80.3187],[57.9562,80.1232]]],[[[62.1678,80.8348],[62.0758,80.6169],[61.0513,80.4186],[59.6498,80.4313],[59.2882,80.5727],[59.7158,80.8364],[62.1678,80.8348]]],[[[61.1408,80.9503],[60.0582,80.9846],[61.4574,81.104],[61.5674,81.0503],[61.1408,80.9503]]],[[[53.5214,80.1852],[52.2134,80.2637],[53.1856,80.4126],[53.8517,80.2684],[53.5214,80.1852]]],[[[57.0787,80.3509],[56.9869,80.0715],[55.724,80.1047],[56.0122,80.2039],[56.0244,80.3413],[57.0787,80.3509]]],[[[57.8103,81.546],[58.5639,81.4184],[57.8587,81.3681],[58.0153,81.2548],[57.451,81.1355],[55.7167,81.1885],[55.466,81.3112],[57.8103,81.546]]],[[[54.7189,81.116],[57.6941,80.7923],[56.3155,80.6329],[54.6682,80.7387],[54.0454,80.872],[54.7189,81.116]]],[[[63.651,81.6093],[63.5285,81.5966],[62.885,81.6089],[62.573,81.6331],[62.5313,81.647],[62.5152,81.6591],[62.1064,81.6793],[62.284,81.7065],[62.7949,81.7189],[63.7096,81.6873],[63.7674,81.6642],[63.7824,81.6498],[63.651,81.6093]]],[[[58.2954,81.7152],[57.9206,81.7105],[58.1346,81.828],[59.4085,81.8254],[58.2954,81.7152]]],[[[92.6835,79.6852],[92.1537,79.6847],[91.0703,79.9815],[92.1734,80.0455],[93.8031,79.9045],[92.6835,79.6852]]],[[[91.5672,81.1412],[91.2229,81.0638],[89.9758,81.1131],[89.9194,81.1487],[89.9012,81.1707],[90.0699,81.2137],[91.109,81.1991],[91.4778,81.1839],[91.5672,81.1412]]],[[[141.0103,73.9995],[140.4095,73.9217],[140.1016,74.1843],[140.9443,74.2646],[141.0975,74.1678],[141.0103,73.9995]]],[[[142.1849,73.8959],[143.3438,73.5687],[143.4515,73.2313],[139.6855,73.4257],[140.3807,73.483],[141.0848,73.8659],[142.1849,73.8959]]],[[[135.9486,75.4096],[135.452,75.3896],[135.6986,75.8453],[136.1689,75.6056],[135.9486,75.4096]]],[[[136.1975,73.9136],[135.387,74.2534],[136.0368,74.0903],[136.2592,73.985],[136.1975,73.9136]]],[[[137.9405,55.0926],[138.2062,55.0335],[137.7215,54.6632],[137.4627,54.8734],[137.2329,54.7906],[137.5773,55.197],[137.9405,55.0926]]],[[[169.2008,69.5805],[167.7889,69.8369],[168.3579,70.0157],[169.3748,69.8826],[169.2008,69.5805]]],[[[163.6352,58.6034],[163.4272,58.579],[163.7266,58.7985],[163.7609,59.015],[164.5727,59.2211],[164.6157,58.8856],[163.6352,58.6034]]],[[[166.6503,54.8391],[166.6451,54.6941],[165.7511,55.2945],[166.2758,55.312],[166.248,55.1654],[166.6503,54.8391]]],[[[154.8104,49.312],[154.613,49.3806],[154.8249,49.6469],[154.8104,49.312]]],[[[156.4051,50.6576],[156.168,50.7319],[156.4559,50.8596],[156.4051,50.6576]]],[[[155.9211,50.3022],[155.3972,50.0413],[155.1951,50.2646],[155.6802,50.4007],[156.0969,50.7719],[155.9211,50.3022]]],[[[154.0813,48.7903],[154.043,48.7388],[154.0007,48.7557],[153.9923,48.7725],[154.0917,48.8321],[154.1264,48.9044],[154.199,48.9049],[154.2284,48.8921],[154.2047,48.8572],[154.0813,48.7903]]],[[[155.6448,50.8219],[155.5535,50.8106],[155.5128,50.8373],[155.4835,50.8696],[155.4674,50.9136],[155.5686,50.9345],[155.6396,50.9105],[155.6536,50.8454],[155.6448,50.8219]]],[[[153.1011,47.7629],[153.0538,47.7061],[153.0041,47.7135],[152.9843,47.7279],[153.0491,47.797],[153.0792,47.8087],[153.1011,47.7629]]],[[[152.0021,46.8972],[151.7153,46.8527],[152.2889,47.1422],[152.0021,46.8972]]],[[[149.6877,45.642],[149.4471,45.5934],[149.6659,45.8398],[150.5531,46.2085],[149.6877,45.642]]],[[[148.5995,45.3176],[147.6578,44.9771],[146.8975,44.4043],[147.924,45.3833],[148.3242,45.2824],[148.7727,45.5265],[148.8371,45.3627],[148.5995,45.3176]]],[[[146.714,43.7438],[146.622,43.813],[146.899,43.8041],[146.714,43.7438]]],[[[146.2076,44.4977],[146.5162,44.3747],[145.9141,44.1037],[145.5868,43.8451],[145.5559,43.6646],[145.4393,43.7371],[146.2076,44.4977]]],[[[113.3872,74.4004],[112.7824,74.0951],[111.5034,74.3531],[111.8798,74.3638],[112.0845,74.549],[113.3872,74.4004]]],[[[76.2489,79.6511],[77.589,79.5019],[76.6495,79.4934],[76.1537,79.5788],[76.0516,79.6447],[76.2489,79.6511]]],[[[80.0267,80.8481],[78.9776,80.8482],[79.8066,80.9754],[80.4279,80.9277],[80.0267,80.8481]]],[[[70.6739,73.095],[69.9201,73.0845],[69.9959,73.3594],[70.35,73.4776],[71.0232,73.5042],[71.6305,73.2248],[70.6739,73.095]]],[[[77.6325,72.2913],[76.8711,72.317],[77.7485,72.6312],[78.3651,72.4824],[77.6325,72.2913]]],[[[79.5015,72.7219],[78.6332,72.8507],[79.1643,73.0943],[79.5413,72.9187],[79.5015,72.7219]]],[[[82.1724,75.4194],[81.9785,75.2471],[81.5006,75.3679],[82.0219,75.5135],[82.1724,75.4194]]],[[[60.4505,69.9349],[60.4402,69.7259],[59.7246,69.7062],[59.5026,69.8662],[58.9527,69.8928],[58.473,70.2668],[59.048,70.4605],[60.4505,69.9349]]],[[[20.9578,55.2789],[20.5948,54.9824],[20.8875,54.9095],[21.1889,54.9352],[21.2357,55.2641],[22.5673,55.0591],[22.8247,54.8713],[22.6845,54.5629],[22.7662,54.3568],[19.6044,54.4592],[19.9745,54.9212],[20.5203,54.9949],[20.9578,55.2789]]],[[[33.5941,46.0962],[33.8067,46.2083],[34.6869,45.977],[35.4575,45.3163],[36.575,45.3936],[36.3934,45.0654],[35.4726,45.0985],[35.0877,44.8026],[34.7169,44.8071],[34.0744,44.4238],[33.7557,44.3989],[33.4507,44.5537],[33.6122,44.9078],[33.5552,45.0977],[32.508,45.4038],[33.6648,45.9471],[33.5941,46.0962]]]]}},{"type":"Feature","properties":{"ADM0_A3":"ROU"},"geometry":{"type":"Polygon","coordinates":[[[28.2125,45.4504],[28.7607,45.2341],[29.4037,45.4197],[29.7059,45.2599],[29.5575,44.8434],[29.0482,44.7576],[29.0953,44.975],[28.8915,44.9187],[28.5854,43.7422],[27.0869,44.1674],[26.2158,44.0073],[25.4971,43.6708],[22.919,43.8345],[22.8683,43.9479],[23.0285,44.078],[22.4945,44.4354],[22.7209,44.6055],[22.4977,44.7062],[22.0931,44.5419],[21.3601,44.8267],[21.5323,44.9007],[21.3529,45.009],[21.4902,45.1479],[20.794,45.4679],[20.775,45.7498],[20.2418,46.1086],[21.1217,46.2824],[21.9997,47.505],[23.1395,48.0874],[24.5789,47.9311],[24.8934,47.7178],[26.1627,47.9925],[26.3057,48.2038],[26.7138,48.2635],[26.9808,48.155],[28.0718,46.9784],[28.2395,46.6408],[28.0747,45.599],[28.2125,45.4504]]]}},{"type":"Feature","properties":{"ADM0_A3":"QAT"},"geometry":{"type":"Polygon","coordinates":[[[51.268,24.6072],[50.8557,24.6796],[50.7546,25.3993],[51.0031,25.9814],[51.2623,26.1533],[51.5431,25.9024],[51.6089,25.0529],[51.268,24.6072]]]}},{"type":"Feature","properties":{"ADM0_A3":"PRT"},"geometry":{"type":"MultiPolygon","coordinates":[[[[-17.1909,32.8686],[-16.6933,32.758],[-17.0183,32.6628],[-17.226,32.7668],[-17.1909,32.8686]]],[[[-8.7771,41.9411],[-8.2661,42.1374],[-8.1525,41.812],[-6.6183,41.9424],[-6.5422,41.6725],[-6.2125,41.532],[-6.9285,41.0091],[-6.8102,40.3431],[-7.0326,40.1679],[-6.8961,40.0218],[-6.9754,39.7984],[-7.5357,39.6616],[-6.9979,39.0564],[-7.343,38.4574],[-7.1064,38.181],[-6.9576,38.1879],[-7.4439,37.7283],[-7.4062,37.1794],[-7.8341,37.0057],[-8.5977,37.1213],[-8.9978,37.0323],[-8.8142,37.4308],[-8.8811,38.4467],[-8.6683,38.4243],[-9.2133,38.4481],[-9.2504,38.6567],[-8.7916,39.0782],[-9.1358,38.7428],[-9.4741,38.7309],[-9.3748,39.3383],[-8.8378,40.1157],[-8.6846,40.7525],[-8.7554,41.6984],[-8.8876,41.7646],[-8.7771,41.9411]]],[[[-25.0273,36.96],[-25.0315,36.9416],[-25.0884,36.9489],[-25.1599,36.9434],[-25.1984,36.9965],[-25.1635,37.0186],[-25.0829,37.024],[-25.0443,37.0002],[-25.0273,36.96]]],[[[-31.1371,39.4069],[-31.283,39.3941],[-31.2608,39.4968],[-31.1371,39.4069]]],[[[-27.0752,38.6435],[-27.3859,38.7658],[-27.127,38.7898],[-27.0752,38.6435]]],[[[-27.7785,38.5556],[-27.8259,38.5436],[-28.0923,38.6206],[-28.1873,38.6554],[-28.3106,38.7439],[-27.9626,38.6363],[-27.7785,38.5556]]],[[[-28.6413,38.525],[-28.7438,38.5224],[-28.842,38.5984],[-28.6978,38.6385],[-28.6554,38.6141],[-28.6242,38.5863],[-28.6058,38.5507],[-28.6413,38.525]]],[[[-28.1473,38.4527],[-28.4545,38.4086],[-28.5488,38.5186],[-28.1473,38.4527]]],[[[-25.649,37.8409],[-25.1819,37.8379],[-25.439,37.7153],[-25.7345,37.7629],[-25.8459,37.894],[-25.649,37.8409]]]]}},{"type":"Feature","properties":{"ADM0_A3":"POL"},"geometry":{"type":"Polygon","coordinates":[[[23.6053,51.5179],[24.0958,50.8728],[23.9784,50.7856],[24.0899,50.5305],[22.7062,49.6062],[22.8098,49.0208],[21.6396,49.412],[20.363,49.3853],[20.0576,49.1813],[19.7566,49.2044],[19.7739,49.3722],[19.4416,49.5977],[18.9684,49.3962],[18.5624,49.8793],[17.6271,50.1164],[17.7022,50.3072],[17.4152,50.2548],[16.8801,50.4271],[16.9896,50.2369],[16.6392,50.1021],[16.2104,50.4237],[16.4197,50.5736],[16.2822,50.6556],[16.0072,50.6116],[14.9938,51.0144],[14.9829,50.8866],[14.8094,50.859],[15.0166,51.2527],[14.6017,51.8324],[14.7525,52.0818],[14.5546,52.3597],[14.6194,52.5285],[14.1286,52.8782],[14.4109,53.199],[14.2589,53.7296],[14.5835,53.6394],[14.5584,53.8232],[14.1982,53.919],[16.1863,54.2904],[16.5598,54.5538],[18.0856,54.8358],[18.7593,54.6846],[18.4362,54.7447],[18.6696,54.4309],[18.9763,54.3489],[19.6044,54.4592],[22.8939,54.3905],[23.4536,54.1435],[23.8871,53.0275],[23.9013,52.7036],[23.1751,52.2866],[23.6524,52.0404],[23.6053,51.5179]]]}},{"type":"Feature","properties":{"ADM0_A3":"PHL"},"geometry":{"type":"MultiPolygon","coordinates":[[[[121.1016,18.6153],[121.8456,18.2954],[122.2655,18.4588],[122.1523,17.6644],[122.5191,17.1249],[122.1352,16.1848],[121.5953,15.9333],[121.607,15.6698],[121.3923,15.3244],[121.6954,14.7373],[121.7666,14.1681],[122.2117,13.9302],[122.1997,14.148],[122.6271,14.3175],[122.9342,14.1881],[123.102,13.7502],[123.297,13.8364],[123.3203,14.0617],[123.8157,13.8371],[123.5496,13.6458],[123.8192,13.2695],[123.7852,13.1105],[124.1428,13.0358],[124.0598,12.5671],[123.8778,12.6897],[123.9485,12.9164],[123.3109,13.0441],[123.1633,13.4417],[122.5952,13.9076],[122.468,13.8867],[122.6679,13.3954],[122.5999,13.1941],[122.3766,13.5206],[121.7779,13.9376],[121.3441,13.6491],[120.8407,13.8847],[120.6371,13.8045],[120.6168,14.188],[120.9413,14.6451],[120.5837,14.8812],[120.5887,14.4831],[120.4388,14.4534],[120.0821,14.8511],[119.7726,16.2551],[119.8308,16.3266],[120.1598,16.0477],[120.3688,16.1096],[120.3584,17.6382],[120.5997,18.5079],[121.1016,18.6153]]],[[[117.3111,8.4396],[117.3499,8.7136],[119.2238,10.4773],[119.3057,10.9736],[119.5533,11.3135],[119.6869,10.5003],[119.1915,10.0611],[118.7821,9.9161],[118.435,9.256],[117.3111,8.4396]]],[[[122.4962,11.6151],[122.8381,11.5957],[122.8945,11.4413],[123.1583,11.5355],[123.1195,11.2868],[122.7699,10.8238],[121.954,10.4444],[122.1035,11.6429],[121.916,11.8543],[122.4962,11.6151]]],[[[123.1309,9.0641],[122.5625,9.4828],[122.3995,9.823],[122.8556,10.0869],[122.817,10.5038],[122.9833,10.8866],[123.2566,10.9939],[123.5676,10.7808],[123.162,9.8643],[123.3205,9.2729],[123.1309,9.0641]]],[[[124.5746,11.3431],[124.93,11.3729],[125.0266,11.2117],[125.0132,10.7857],[125.2685,10.3077],[125.1426,10.1895],[124.9875,10.3676],[125.0266,10.0331],[124.7808,10.1681],[124.7387,10.8797],[124.4455,10.9236],[124.3082,11.4862],[124.5746,11.3431]]],[[[125.2396,12.5279],[125.5356,12.1914],[125.4918,11.5943],[125.7356,11.0496],[125.2334,11.1451],[124.9453,11.4792],[124.995,11.7649],[124.4457,12.1528],[124.3258,12.4038],[124.2947,12.5693],[125.2396,12.5279]]],[[[120.7044,13.4795],[121.2027,13.4323],[121.5228,13.1312],[121.5406,12.6382],[121.2367,12.2188],[120.9222,12.5116],[120.6514,13.1691],[120.3385,13.4124],[120.4013,13.517],[120.7044,13.4795]]],[[[126.006,9.3209],[126.1934,9.2767],[126.3046,8.9521],[126.1396,8.5957],[126.3653,8.4839],[126.4587,8.2028],[126.5815,7.2478],[126.1921,6.8525],[126.1894,6.3097],[125.8244,7.3333],[125.6893,7.263],[125.3807,6.6899],[125.5885,6.4658],[125.668,5.9787],[125.3465,5.599],[125.2315,6.0695],[124.9273,5.8753],[124.0781,6.4044],[123.9853,6.9937],[124.2066,7.3964],[123.6658,7.8178],[123.4931,7.8079],[123.3909,7.4075],[123.0967,7.7004],[122.843,7.5293],[122.7918,7.7225],[122.6162,7.7631],[122.1425,6.9497],[121.9643,6.9682],[121.9246,7.1995],[122.2434,7.9451],[122.9111,8.1564],[123.0506,8.4339],[123.4346,8.7033],[123.8492,8.4327],[123.7994,8.0491],[124.1977,8.2295],[124.4049,8.5999],[124.7312,8.563],[124.8689,8.9723],[125.141,8.8688],[125.2097,9.0271],[125.4987,9.0147],[125.4713,9.7568],[126.006,9.3209]]],[[[123.3703,9.4496],[123.3862,9.9671],[124.0389,11.2735],[124.005,10.4001],[123.7005,10.1283],[123.3703,9.4496]]],[[[121.9217,18.8947],[121.8582,18.8229],[121.8252,18.8427],[121.8607,18.9125],[121.8598,18.9368],[121.8889,18.9916],[121.9434,19.0104],[121.9879,18.9566],[121.9217,18.8947]]],[[[121.5209,19.362],[121.5313,19.2713],[121.3746,19.3563],[121.5209,19.362]]],[[[121.9601,20.3659],[121.9413,20.3537],[121.9141,20.3594],[121.9412,20.4537],[121.9912,20.4796],[122.0312,20.4694],[121.9601,20.3659]]],[[[121.8781,20.7819],[121.8296,20.7003],[121.7906,20.7012],[121.7965,20.7466],[121.8479,20.8413],[121.867,20.8392],[121.8781,20.7819]]],[[[121.1594,6.0756],[121.3915,6.0021],[121.2944,5.87],[120.8764,5.9526],[121.1594,6.0756]]],[[[117.0799,7.8834],[116.9695,7.8949],[116.9936,8.0505],[117.0799,7.8834]]],[[[119.9162,10.486],[119.7932,10.4553],[119.8521,10.6401],[120.0084,10.5701],[119.9162,10.486]]],[[[120.1,12.1677],[120.2282,12.2198],[120.3146,12.0124],[120.0105,12.0083],[119.8857,12.2999],[120.1,12.1677]]],[[[120.0388,11.7033],[119.8609,11.954],[120.0359,11.9172],[120.0388,11.7033]]],[[[122.6495,10.4727],[122.5384,10.425],[122.5375,10.6076],[122.7013,10.7406],[122.6495,10.4727]]],[[[124.5938,9.7872],[124.1225,9.5993],[123.8172,9.8174],[124.3357,10.1599],[124.5771,10.0267],[124.5938,9.7872]]],[[[120.2504,5.2566],[119.8215,5.0695],[120.1652,5.3324],[120.2504,5.2566]]],[[[122.0929,6.4283],[121.9592,6.4158],[121.832,6.6641],[122.2881,6.6389],[122.0929,6.4283]]],[[[126.0594,9.7662],[126.0738,10.0592],[126.1726,9.8],[126.0594,9.7662]]],[[[125.6902,9.9145],[125.4948,10.1187],[125.6668,10.4401],[125.6902,9.9145]]],[[[120.2713,13.7507],[120.2729,13.683],[120.1042,13.7824],[120.0994,13.8169],[120.1034,13.8425],[120.1207,13.8581],[120.2114,13.8207],[120.2713,13.7507]]],[[[121.9148,13.5403],[122.1146,13.4632],[122.0049,13.205],[121.8292,13.3286],[121.9148,13.5403]]],[[[122.094,12.3549],[122.014,12.1056],[121.9232,12.3313],[122.145,12.6526],[122.094,12.3549]]],[[[122.6545,12.309],[122.4229,12.4551],[122.6036,12.4916],[122.6545,12.309]]],[[[123.2818,12.8534],[123.3672,12.7008],[123.2742,12.8051],[123.1664,12.8759],[123.0542,12.9935],[122.9734,13.0347],[122.949,13.0587],[122.9575,13.1072],[123.0171,13.1162],[123.0436,13.1134],[123.2062,12.9054],[123.2818,12.8534]]],[[[123.7754,12.4539],[123.7791,12.3663],[123.7415,12.3985],[123.6206,12.5705],[123.5872,12.6333],[123.6215,12.6749],[123.7087,12.6108],[123.7754,12.4539]]],[[[123.7166,12.2874],[124.0403,11.9668],[124.0455,11.7524],[123.4737,12.2166],[123.1578,11.9256],[123.2364,12.5835],[123.7166,12.2874]]],[[[124.3536,13.6322],[124.1754,13.5315],[124.0389,13.6631],[124.2249,14.0776],[124.4172,13.871],[124.3536,13.6322]]],[[[122.1754,14.0488],[122.1723,14.008],[121.9562,14.1561],[121.9464,14.1815],[121.946,14.2051],[121.9592,14.2288],[122.1754,14.0488]]],[[[122.0335,15.005],[121.933,14.6561],[121.8398,15.0381],[122.0335,15.005]]],[[[124.3162,10.606],[124.2885,10.6015],[124.3347,10.7067],[124.3711,10.6914],[124.3823,10.6798],[124.3813,10.6326],[124.3162,10.606]]],[[[125.2808,9.9822],[125.2877,9.9327],[125.159,10.0629],[125.133,10.155],[125.1759,10.1511],[125.231,10.1157],[125.2808,9.9822]]],[[[122.9371,7.4091],[122.948,7.3857],[122.9437,7.361],[122.8396,7.3146],[122.8047,7.316],[122.7966,7.3934],[122.8222,7.4285],[122.8712,7.3973],[122.9148,7.4334],[122.9371,7.4091]]],[[[125.7846,6.9627],[125.7689,6.9058],[125.7075,7.04],[125.683,7.0732],[125.7145,7.1855],[125.7834,7.1307],[125.7846,6.9627]]],[[[124.6084,11.4922],[124.3604,11.6659],[124.5109,11.6871],[124.6084,11.4922]]],[[[124.8066,9.1426],[124.7779,9.0831],[124.6658,9.1323],[124.6391,9.1751],[124.6533,9.2258],[124.7081,9.243],[124.7368,9.2432],[124.7902,9.1901],[124.8066,9.1426]]],[[[121.2522,19.0824],[121.2467,19.0152],[121.1961,19.0507],[121.1849,19.1014],[121.1899,19.1389],[121.2132,19.1836],[121.2447,19.143],[121.2522,19.0824]]],[[[119.8614,11.5253],[119.8307,11.3757],[119.73,11.4319],[119.8614,11.5253]]],[[[123.757,11.2833],[123.8156,11.1507],[123.7367,11.1515],[123.7076,11.248],[123.7414,11.2791],[123.757,11.2833]]],[[[122.3108,12.5288],[122.2798,12.4983],[122.2609,12.5031],[122.2479,12.5569],[122.278,12.5929],[122.2875,12.5893],[122.3108,12.5288]]],[[[125.9705,9.5936],[125.9524,9.568],[125.9221,9.6215],[125.9485,9.7392],[125.9678,9.7591],[125.993,9.6846],[125.9705,9.5936]]],[[[124.8544,11.5948],[124.8359,11.5433],[124.8066,11.5576],[124.7811,11.5808],[124.7437,11.6585],[124.7309,11.7153],[124.7884,11.6831],[124.8215,11.6266],[124.8544,11.5948]]],[[[117.3553,8.2146],[117.287,8.191],[117.2723,8.2535],[117.2809,8.315],[117.3296,8.3085],[117.3537,8.2893],[117.3553,8.2146]]],[[[123.6977,9.2373],[123.6145,9.1033],[123.4935,9.1921],[123.6977,9.2373]]]]}},{"type":"Feature","properties":{"ADM0_A3":"PER"},"geometry":{"type":"Polygon","coordinates":[[[-69.9659,-4.2359],[-70.0533,-4.3331],[-70.4046,-4.1501],[-70.7995,-4.1733],[-70.9737,-4.3505],[-71.8447,-4.5044],[-72.8871,-5.1228],[-73.2355,-6.0984],[-73.1374,-6.4658],[-73.7581,-6.9058],[-73.7204,-7.3093],[-73.9643,-7.3789],[-74.0021,-7.5561],[-73.7204,-7.7825],[-73.7756,-7.9364],[-73.5491,-8.3458],[-72.974,-8.9932],[-73.2094,-9.4114],[-72.3791,-9.5102],[-72.1816,-10.0037],[-71.2379,-9.966],[-70.5411,-9.4375],[-70.6423,-11.0103],[-69.5786,-10.9518],[-68.6853,-12.502],[-68.9786,-12.8801],[-69.0741,-13.6828],[-68.8709,-14.1697],[-69.3595,-14.7953],[-69.1725,-15.2366],[-69.4209,-15.6406],[-69.2176,-16.1491],[-68.8428,-16.3379],[-69.6249,-17.2002],[-69.5109,-17.5061],[-69.8521,-17.7038],[-69.8026,-17.9902],[-69.9264,-18.2061],[-70.4183,-18.3456],[-71.337,-17.6825],[-71.5322,-17.2943],[-75.1042,-15.4119],[-75.9339,-14.6336],[-76.3765,-13.8631],[-76.2592,-13.8028],[-76.2236,-13.3712],[-76.8321,-12.3487],[-77.1527,-12.0604],[-77.2203,-11.6634],[-77.6332,-11.2878],[-78.7623,-8.617],[-79.995,-6.7689],[-81.142,-6.0567],[-81.1643,-5.8753],[-80.9307,-5.8408],[-80.8819,-5.6351],[-81.3366,-4.6695],[-81.232,-4.2343],[-80.3247,-3.3879],[-80.1792,-3.8777],[-80.4901,-4.0101],[-80.3529,-4.2085],[-80.4786,-4.4301],[-80.1396,-4.2961],[-79.6385,-4.4549],[-79.331,-4.9278],[-79.0333,-4.9691],[-78.686,-4.5624],[-78.3454,-3.3974],[-78.1585,-3.4651],[-77.8606,-2.9816],[-76.6791,-2.5626],[-75.5706,-1.5313],[-75.4081,-0.9243],[-75.2496,-0.9519],[-75.2594,-0.5901],[-75.6263,-0.1229],[-75.2246,-0.0417],[-74.6164,-0.37],[-74.2464,-0.9706],[-73.6643,-1.2488],[-73.4963,-1.6931],[-73.197,-1.8303],[-73.1545,-2.2782],[-72.9411,-2.394],[-72.2185,-2.4005],[-71.7525,-2.1527],[-71.397,-2.3341],[-70.9686,-2.2068],[-70.0958,-2.6582],[-70.7351,-3.7815],[-70.3395,-3.8144],[-69.9659,-4.2359]]]}},{"type":"Feature","properties":{"ADM0_A3":"PRY"},"geometry":{"type":"Polygon","coordinates":[[[-58.1598,-20.1646],[-57.8302,-20.9979],[-57.9559,-22.1092],[-56.9373,-22.2713],[-56.4478,-22.0762],[-56.246,-22.2646],[-55.8492,-22.3076],[-55.6177,-22.6715],[-55.4159,-23.9514],[-55.1943,-24.0175],[-54.6255,-23.8125],[-54.2418,-24.0473],[-54.7551,-26.5329],[-55.1359,-26.9312],[-55.4267,-27.0093],[-55.7146,-27.4148],[-56.1641,-27.3215],[-56.4372,-27.5538],[-58.6048,-27.3144],[-58.6186,-27.1321],[-58.1913,-26.63],[-58.1111,-26.1802],[-57.5717,-25.5342],[-57.6439,-25.3284],[-57.9598,-25.0492],[-59.1873,-24.5623],[-59.8925,-24.0936],[-61.0329,-23.7557],[-61.7985,-23.182],[-62.651,-22.2337],[-62.2767,-21.066],[-62.2763,-20.5625],[-61.7568,-19.6453],[-60.0074,-19.2976],[-59.0905,-19.2862],[-58.1802,-19.8179],[-58.1598,-20.1646]]]}},{"type":"Feature","properties":{"ADM0_A3":"PNG"},"geometry":{"type":"MultiPolygon","coordinates":[[[[152.9658,-4.7563],[152.8917,-4.8324],[152.7399,-4.6358],[152.6682,-4.1318],[152.2794,-3.5824],[150.7461,-2.7389],[150.8254,-2.5729],[152.0329,-3.2514],[153.0168,-4.1057],[153.1325,-4.3524],[152.9658,-4.7563]]],[[[151.9156,-4.2968],[152.1172,-4.2122],[152.4057,-4.3407],[152.3512,-4.8222],[151.9837,-5.0744],[152.0771,-5.4583],[151.5151,-5.5523],[151.2293,-5.9199],[150.4735,-6.2634],[149.6525,-6.2904],[148.3372,-5.6694],[148.432,-5.4718],[149.8314,-5.5241],[150.09,-5.0118],[150.1831,-5.5236],[150.9003,-5.4472],[151.3266,-4.9604],[151.6712,-4.8833],[151.5931,-4.2008],[151.9156,-4.2968]]],[[[140.9762,-9.1188],[140.9752,-6.9054],[140.8623,-6.74],[140.975,-6.3461],[140.9734,-2.6098],[141.1048,-2.6113],[142.549,-3.2046],[143.509,-3.4312],[144.0664,-3.8052],[144.4777,-3.8253],[145.767,-4.823],[145.7452,-5.4024],[147.5667,-6.0569],[147.8021,-6.3152],[147.8455,-6.6624],[146.9536,-6.8341],[147.19,-7.3781],[148.1268,-8.1036],[148.5831,-9.0518],[149.1983,-9.0313],[149.2632,-9.4979],[150.011,-9.6882],[149.7612,-9.8059],[149.8744,-10.013],[150.8495,-10.236],[150.4461,-10.3073],[150.6472,-10.518],[150.3199,-10.6549],[149.7541,-10.353],[147.7687,-10.0701],[147.0172,-9.3879],[146.9638,-9.0596],[146.6309,-8.9512],[146.0332,-8.0764],[144.5099,-7.5674],[144.1429,-7.7572],[143.6549,-7.4604],[143.9423,-7.9442],[143.5182,-8.0007],[143.6138,-8.2004],[142.5241,-8.3217],[142.2068,-8.1958],[143.1118,-8.4745],[143.3772,-8.7622],[143.3662,-8.961],[142.6472,-9.3278],[142.2296,-9.1699],[141.1332,-9.2213],[140.9762,-9.1188]]],[[[148.0258,-5.8264],[147.7946,-5.4924],[148.0548,-5.6115],[148.0258,-5.8264]]],[[[146.0193,-4.7262],[145.8836,-4.6675],[145.9958,-4.5393],[146.0193,-4.7262]]],[[[152.6706,-3.1334],[152.6462,-3.2212],[152.5433,-3.0956],[152.6706,-3.1334]]],[[[152.0992,-2.9474],[152.0885,-2.9979],[152.0573,-2.9949],[151.9711,-2.8961],[151.9546,-2.8705],[151.9747,-2.8456],[152.0746,-2.9185],[152.0992,-2.9474]]],[[[149.7654,-1.553],[149.5459,-1.4717],[149.581,-1.3532],[149.7654,-1.553]]],[[[151.081,-10.0201],[151.2965,-9.9567],[151.2309,-10.1947],[150.9592,-10.0926],[150.7761,-9.7091],[151.081,-10.0201]]],[[[150.3454,-9.4938],[150.1098,-9.3619],[150.2083,-9.2063],[150.3454,-9.4938]]],[[[151.1068,-8.7335],[151.005,-8.5238],[151.1176,-8.4188],[151.1068,-8.7335]]],[[[154.2808,-11.3614],[154.266,-11.4159],[154.2296,-11.3975],[154.1212,-11.4257],[154.0641,-11.4193],[154.0312,-11.3705],[154.0234,-11.3479],[154.1177,-11.3655],[154.1018,-11.3114],[154.2379,-11.3389],[154.2808,-11.3614]]],[[[143.5868,-8.4817],[143.5432,-8.4848],[143.3669,-8.4169],[143.3219,-8.3676],[143.5282,-8.3785],[143.5814,-8.3909],[143.5926,-8.46],[143.5868,-8.4817]]],[[[147.1763,-5.4319],[147.0059,-5.307],[147.1311,-5.1908],[147.1763,-5.4319]]],[[[147.0676,-1.9602],[147.4441,-2.0115],[147.2063,-2.1819],[146.5465,-2.2086],[146.6563,-1.974],[147.0676,-1.9602]]],[[[150.4366,-2.6618],[150.1657,-2.6603],[149.9616,-2.4738],[150.2271,-2.3842],[150.4295,-2.4704],[150.4366,-2.6618]]],[[[150.5284,-9.3466],[150.7887,-9.418],[150.894,-9.6675],[150.4362,-9.6246],[150.5284,-9.3466]]],[[[152.631,-8.9594],[152.9529,-9.0701],[152.9669,-9.209],[152.7201,-9.1665],[152.5151,-9.0099],[152.631,-8.9594]]],[[[153.5361,-11.4762],[153.7599,-11.5863],[153.379,-11.5596],[153.2036,-11.3241],[153.5361,-11.4762]]],[[[143.5903,-8.6334],[143.6082,-8.6771],[143.4628,-8.6171],[143.3241,-8.5168],[143.2538,-8.4896],[143.2068,-8.4234],[143.2931,-8.4728],[143.4434,-8.5189],[143.5903,-8.6334]]],[[[147.877,-2.2831],[147.8445,-2.3357],[147.7689,-2.3312],[147.7355,-2.3155],[147.7902,-2.3056],[147.8122,-2.2621],[147.8358,-2.2468],[147.877,-2.2831]]],[[[151.9572,-2.8302],[151.9334,-2.8304],[151.9298,-2.7506],[151.9464,-2.7086],[152.002,-2.7378],[152.0113,-2.8092],[151.9572,-2.8302]]],[[[150.8987,-10.5653],[150.8847,-10.6435],[150.8023,-10.6202],[150.7857,-10.6034],[150.7993,-10.5541],[150.8721,-10.5519],[150.8987,-10.5653]]],[[[153.6593,-4.0993],[153.6501,-4.123],[153.5915,-4.096],[153.6397,-4.0447],[153.663,-4.0412],[153.6593,-4.0993]]],[[[155.9576,-6.6868],[155.7193,-6.8628],[155.344,-6.7217],[155.2021,-6.3076],[154.7593,-5.9313],[154.7293,-5.4444],[155.0938,-5.6202],[155.9576,-6.6868]]],[[[154.6473,-5.4327],[154.54,-5.1108],[154.6326,-5.0139],[154.6473,-5.4327]]]]}},{"type":"Feature","properties":{"ADM0_A3":"PAN"},"geometry":{"type":"MultiPolygon","coordinates":[[[[-77.3742,8.6583],[-77.4785,8.4984],[-77.196,7.9725],[-77.5383,7.5663],[-77.7619,7.6988],[-77.9012,7.2293],[-78.4216,8.061],[-78.1419,8.3861],[-77.7605,8.1333],[-78.0995,8.497],[-78.223,8.3966],[-78.3992,8.5057],[-78.4099,8.3553],[-78.5141,8.6282],[-79.0864,8.9972],[-79.5071,8.9701],[-79.7504,8.5955],[-80.459,8.2139],[-80.0112,7.5],[-80.6667,7.2257],[-80.9012,7.2771],[-81.0639,7.8998],[-81.2684,7.6255],[-81.5041,7.7212],[-81.7276,8.1375],[-82.6795,8.322],[-82.8661,8.2463],[-82.8793,8.0707],[-83.0273,8.3377],[-82.8616,8.4535],[-82.917,8.7403],[-82.7278,8.9161],[-82.9403,9.0601],[-82.9398,9.4492],[-82.801,9.5918],[-82.3708,9.4286],[-82.3397,9.2092],[-82.1881,9.1917],[-82.2442,9.0315],[-82.0779,8.9349],[-81.7802,8.9572],[-81.8945,9.1404],[-81.3548,8.7806],[-80.1271,9.2099],[-79.5773,9.5979],[-79.1123,9.5368],[-78.0828,9.2363],[-77.3742,8.6583]]],[[[-78.8983,8.2743],[-78.9181,8.2319],[-78.9649,8.3263],[-78.9574,8.3506],[-78.9606,8.4358],[-78.916,8.4583],[-78.8833,8.4603],[-78.8562,8.4482],[-78.8392,8.3479],[-78.8532,8.3024],[-78.8983,8.2743]]],[[[-81.6033,7.3328],[-81.8521,7.4533],[-81.8122,7.5924],[-81.6033,7.3328]]],[[[-82.2335,9.3807],[-82.2444,9.3341],[-82.3217,9.4181],[-82.2758,9.4319],[-82.2594,9.4303],[-82.2335,9.3807]]],[[[-79.0654,8.2542],[-79.1104,8.2098],[-79.1275,8.2519],[-79.0963,8.2954],[-79.0853,8.2958],[-79.0654,8.2542]]]]}},{"type":"Feature","properties":{"ADM0_A3":"PLW"},"geometry":{"type":"MultiPolygon","coordinates":[[[[131.1724,3.0262],[131.1496,3.0219],[131.135,3.0252],[131.1367,3.0395],[131.1516,3.0541],[131.1724,3.0606],[131.1879,3.0556],[131.1863,3.0421],[131.1724,3.0262]]],[[[134.5954,7.382],[134.5157,7.5258],[134.6512,7.7121],[134.5954,7.382]]]]}},{"type":"Feature","properties":{"ADM0_A3":"PAK"},"geometry":{"type":"Polygon","coordinates":[[[76.7669,35.6617],[77.0486,35.1099],[76.5944,34.7358],[75.7092,34.5031],[74.3004,34.7654],[73.9612,34.6535],[73.7945,34.3782],[73.9724,34.2366],[73.9041,34.0757],[74.2509,33.9461],[73.9765,33.7213],[74.15,33.507],[74.0038,33.1895],[74.3036,32.9918],[74.3546,32.7687],[74.6633,32.7577],[74.6857,32.4938],[75.3335,32.2792],[74.5556,31.8186],[74.5177,31.1856],[74.6328,31.0347],[73.8993,30.4354],[73.8092,30.0934],[73.3816,29.9344],[72.9033,29.0288],[72.3419,28.7519],[71.8703,27.9625],[70.7979,27.7096],[70.4037,28.025],[69.537,27.1229],[69.5069,26.7427],[70.1477,26.5064],[70.1002,25.9101],[70.2646,25.7065],[70.6484,25.6669],[71.044,24.4001],[70.7163,24.238],[70.4893,24.4122],[69.8052,24.1652],[68.7812,24.3137],[68.7241,23.9647],[68.2825,23.928],[68.1155,23.7534],[67.5036,23.94],[67.3094,24.1748],[67.1715,24.7561],[66.703,24.8609],[66.6986,25.2263],[66.3242,25.6018],[66.1312,25.4933],[66.4677,25.4453],[64.7767,25.3073],[64.659,25.1841],[64.0594,25.4029],[63.5566,25.3532],[63.4914,25.2108],[61.5669,25.1863],[61.8424,26.2259],[62.4393,26.561],[63.1578,26.6498],[63.3016,27.1515],[62.763,27.2502],[62.758,28.2436],[61.8898,28.5465],[60.8434,29.8587],[62.4766,29.4083],[63.5676,29.498],[64.0987,29.3919],[66.2313,29.8657],[66.3469,30.8028],[66.8293,31.2637],[67.4528,31.2346],[67.7379,31.3439],[67.5782,31.5065],[68.161,31.803],[68.5977,31.803],[68.8689,31.6342],[69.2793,31.9368],[69.2414,32.4335],[69.5016,33.0201],[70.2611,33.289],[69.8896,34.0073],[71.0516,34.0497],[71.0957,34.3694],[70.9656,34.5304],[71.6205,35.183],[71.4275,35.8337],[71.1851,36.0421],[72.1567,36.7009],[73.1168,36.8686],[74.0389,36.8257],[74.6006,37.0367],[75.1452,36.9732],[75.885,36.6007],[75.9123,36.049],[76.1479,35.829],[76.5513,35.8871],[76.7669,35.6617]]]}},{"type":"Feature","properties":{"ADM0_A3":"OMN"},"geometry":{"type":"MultiPolygon","coordinates":[[[[58.7221,20.2188],[58.6412,20.3374],[58.8844,20.6806],[58.9508,20.5162],[58.7221,20.2188]]],[[[53.0856,16.6484],[51.9776,18.9961],[54.9773,19.9959],[55.641,22.0019],[55.1858,22.7041],[55.1999,23.0348],[55.5085,23.7246],[55.4685,23.9411],[55.9852,24.0634],[55.7608,24.2427],[55.7957,24.8681],[56.0006,24.9532],[56.0639,24.7388],[56.388,24.9792],[56.6406,24.4703],[57.123,23.9807],[58.773,23.5172],[59.4294,22.6608],[59.8232,22.509],[59.8,22.2199],[58.4742,20.4069],[58.209,20.424],[58.1694,20.5895],[57.8618,20.2441],[57.7142,19.6784],[57.8116,19.0171],[56.826,18.7535],[56.3835,17.988],[55.4791,17.8433],[55.0642,17.0389],[54.0682,17.0055],[53.0856,16.6484]]],[[[56.2979,25.6507],[56.1446,25.6905],[56.0805,26.0626],[56.3787,26.3563],[56.2979,25.6507]]],[[[56.2818,25.2355],[56.2402,25.2088],[56.2105,25.2133],[56.2165,25.2667],[56.2343,25.3038],[56.2773,25.3009],[56.2878,25.2786],[56.2818,25.2355]]]]}},{"type":"Feature","properties":{"ADM0_A3":"NOR"},"geometry":{"type":"MultiPolygon","coordinates":[[[[20.6222,69.0369],[20.1167,69.0209],[20.348,68.8487],[19.9688,68.542],[20.24,68.4775],[19.9698,68.3564],[18.303,68.5554],[18.1626,68.5284],[18.1767,68.2006],[17.9167,67.9649],[17.3246,68.1038],[16.7836,67.895],[16.5741,67.6196],[16.1274,67.4258],[16.4035,67.055],[15.4229,66.4898],[15.4838,66.306],[14.5433,66.1293],[14.6346,65.7933],[14.4797,65.3015],[13.6503,64.5815],[14.0776,64.464],[14.0633,64.0955],[12.7928,64],[12.1752,63.5959],[11.9999,63.2917],[12.2182,63.0006],[12.1146,62.5919],[12.3035,62.2856],[12.1554,61.7208],[12.8808,61.3523],[12.7061,61.0599],[12.2941,61.0027],[12.5887,60.4507],[12.4861,60.1068],[11.9321,59.8637],[11.6808,59.5923],[11.7981,59.2899],[11.6428,58.9261],[10.8345,59.1839],[10.6449,59.3892],[10.5953,59.7646],[10.5695,59.5871],[10.3981,59.5193],[10.4313,59.2796],[10.1794,59.0093],[9.8426,58.9585],[9.5572,59.1127],[9.6569,58.9712],[8.1661,58.1453],[7.0049,58.0242],[6.8771,58.1507],[6.5905,58.0973],[6.6599,58.2627],[6.0547,58.3751],[5.5173,58.7265],[5.6122,59.0129],[6.099,58.8703],[6.3633,59.0009],[6.0994,58.952],[5.8892,59.0979],[5.9519,59.2991],[6.4039,59.561],[5.3623,59.1664],[5.1316,59.2265],[5.3049,59.6426],[6.2166,59.8184],[5.7305,59.8631],[6.1405,60.2335],[6.5181,60.4076],[6.5269,60.1529],[6.7199,60.4182],[6.9957,60.512],[6.1533,60.3462],[5.1458,59.6388],[5.2057,60.0879],[5.6886,60.1232],[5.2858,60.2057],[5.1371,60.4456],[5.6483,60.688],[5.1158,60.636],[5.0086,61.0382],[6.7778,61.1424],[7.0387,60.9529],[7.0401,61.0912],[7.6045,61.2105],[7.3466,61.3006],[7.4426,61.4346],[7.1735,61.166],[6.5999,61.2896],[6.3835,61.1339],[5.1067,61.1875],[5.0027,61.4336],[5.3387,61.4855],[4.9278,61.7107],[4.9301,61.8783],[6.7308,61.8698],[5.2669,61.9356],[5.0965,62.0267],[5.1432,62.1599],[5.9083,62.416],[6.5801,62.4073],[6.1361,62.4075],[6.3529,62.6111],[7.5701,62.5482],[7.6907,62.5856],[7.5384,62.6721],[8.0955,62.7318],[6.735,62.7207],[6.9404,62.9305],[7.5719,63.0995],[8.1006,63.091],[8.6231,62.8462],[8.158,63.1615],[8.6355,63.3423],[8.3607,63.4989],[8.5762,63.6012],[9.1358,63.5937],[9.1561,63.4593],[9.6969,63.6246],[10.021,63.3908],[10.7602,63.4613],[10.7253,63.625],[11.3707,63.8048],[11.1756,63.8989],[11.4292,64.0245],[10.0551,63.5127],[9.5946,63.679],[9.6147,63.7948],[10.5656,64.4183],[11.5238,64.7444],[11.2968,64.7548],[11.4894,64.9758],[12.7384,65.2144],[12.9155,65.3393],[12.4176,65.1841],[12.1222,65.3624],[12.6889,65.9022],[13.0331,65.9562],[12.7838,66.1004],[14.0342,66.2976],[13.1188,66.2307],[13.0682,66.4308],[13.2114,66.6408],[13.9595,66.7943],[13.6516,66.9071],[14.1088,67.1192],[15.4157,67.2024],[14.4417,67.2714],[14.9619,67.5743],[15.5944,67.3485],[15.6915,67.5214],[15.2487,67.6021],[15.3039,67.7653],[14.8547,67.6633],[14.7989,67.8093],[15.1343,67.9727],[15.6214,67.9483],[15.316,68.0687],[16.0079,68.2287],[16.3123,67.8814],[16.2586,68.0012],[16.392,68.0916],[16.2038,68.3167],[17.5528,68.4263],[16.5144,68.5326],[17.3908,68.7994],[17.7046,69.1],[18.1015,69.1563],[18.0787,69.3252],[18.2598,69.4706],[18.859,69.3145],[18.6145,69.4906],[19.687,69.8047],[19.6415,69.424],[19.9605,69.8246],[20.3242,69.9453],[20.3382,69.6167],[20.1072,69.3412],[20.7395,69.5205],[20.5327,69.6923],[20.6221,69.9139],[21.4329,70.0132],[21.9747,69.8346],[21.8027,70.0661],[21.3558,70.2334],[22.6846,70.3748],[23.3539,69.9834],[23.3794,70.2475],[24.42,70.702],[24.2635,70.8263],[24.658,71.001],[25.7682,70.8532],[24.9942,70.2182],[25.2118,70.1365],[26.5069,70.9128],[26.734,70.8536],[26.5582,70.6691],[26.5851,70.41],[26.9894,70.5114],[27.1837,70.744],[27.5465,70.804],[27.2353,70.9472],[27.5971,71.0913],[28.3923,70.9753],[28.3269,70.8252],[27.898,70.6779],[28.2718,70.668],[28.193,70.2486],[28.8315,70.864],[29.7375,70.6468],[30.0651,70.703],[30.2132,70.5433],[30.9264,70.4011],[30.9441,70.2744],[30.263,70.1247],[28.7812,70.1454],[29.6014,69.9768],[29.6946,69.7446],[30.0883,69.7176],[30.2376,69.8622],[30.4283,69.7223],[30.8697,69.7834],[30.8607,69.5384],[30.1802,69.6358],[30.0873,69.4329],[29.3883,69.2981],[28.9658,69.022],[28.8463,69.1769],[29.3334,69.473],[29.1416,69.6714],[27.7479,70.0648],[26.5254,69.915],[26.0725,69.6916],[25.7672,69.2827],[25.7483,68.9901],[24.9414,68.5933],[23.854,68.8059],[23.324,68.649],[22.4109,68.7199],[21.5938,69.2736],[21.0661,69.2141],[21.0657,69.0417],[20.6222,69.0369]]],[[[4.9587,61.0846],[4.799,61.0827],[4.8244,61.1782],[4.9587,61.0846]]],[[[5.0858,60.3076],[4.997,60.1978],[4.9572,60.4473],[5.0858,60.3076]]],[[[29.9562,69.7968],[29.7442,69.7916],[29.8358,69.9056],[30.0552,69.8384],[29.9562,69.7968]]],[[[11.968,65.6265],[11.9019,65.5957],[11.7783,65.6045],[11.7651,65.631],[11.8004,65.6839],[11.8754,65.7059],[11.9724,65.7016],[12.0032,65.6794],[11.968,65.6265]]],[[[8.4708,63.6671],[8.3562,63.6648],[8.2871,63.6872],[8.4513,63.7318],[8.7089,63.7743],[8.7334,63.8013],[8.7646,63.8046],[8.8092,63.7714],[8.8148,63.726],[8.7865,63.7035],[8.4708,63.6671]]],[[[8.1027,63.3376],[7.804,63.4139],[8.0735,63.4708],[8.1027,63.3376]]],[[[23.4405,70.8158],[22.8291,70.5416],[22.3587,70.5148],[21.9945,70.6571],[23.4405,70.8158]]],[[[25.5863,71.1421],[26.1469,71.0395],[25.582,70.9608],[25.3152,71.053],[25.5863,71.1421]]],[[[23.6153,70.5493],[23.2707,70.2965],[22.9179,70.3847],[23.6153,70.5493]]],[[[24.0176,70.5674],[23.8271,70.5275],[23.6633,70.6752],[23.9564,70.6996],[24.0783,70.6506],[24.0176,70.5674]]],[[[13.8729,68.2653],[14.1188,68.2468],[14.0293,68.1875],[13.2294,67.9954],[13.3002,68.1604],[13.8729,68.2653]]],[[[12.9718,67.8741],[12.824,67.8212],[12.9577,68.0155],[13.1229,68.0494],[12.9718,67.8741]]],[[[15.2071,68.9431],[15.3966,68.7836],[15.2221,68.6163],[14.3734,68.7114],[14.8019,68.791],[15.0378,69.0005],[15.2071,68.9431]]],[[[19.7675,70.2167],[20.0885,70.1021],[19.7809,70.0774],[19.599,70.2662],[19.7675,70.2167]]],[[[20.7792,70.0897],[20.4051,70.1191],[20.6549,70.2309],[20.8194,70.2055],[20.7792,70.0897]]],[[[19.2551,70.0664],[19.5923,69.9702],[18.7848,69.579],[18.0615,69.6021],[18.674,69.7816],[19.1327,70.2441],[19.2551,70.0664]]],[[[12.5096,65.902],[12.4295,65.8991],[12.4302,65.9399],[12.4761,65.9771],[12.5488,66.0019],[12.6424,66.0085],[12.7471,66.0114],[12.7788,65.9917],[12.7187,65.9639],[12.5096,65.902]]],[[[12.4199,66.0433],[12.4613,66.185],[12.6208,66.1779],[12.4199,66.0433]]],[[[11.2314,64.8659],[10.7398,64.8703],[11.021,64.9787],[11.2314,64.8659]]],[[[17.503,69.5962],[18.0041,69.505],[18.0768,69.3958],[17.9507,69.1981],[16.8104,69.0707],[16.9718,69.1379],[17.0018,69.3619],[17.3608,69.3815],[17.2299,69.4777],[17.503,69.5962]]],[[[15.7604,68.5612],[16.1506,68.8424],[16.4797,68.8029],[16.5192,68.633],[15.9753,68.4025],[14.2575,68.1908],[15.4126,68.6158],[15.5643,68.8737],[15.483,69.0435],[15.9653,69.3021],[16.1148,69.2164],[15.8117,69.0242],[15.9279,68.7332],[15.7604,68.5612]]],[[[-8.9536,70.8392],[-8.3437,71.1401],[-7.9788,71.1169],[-8.9536,70.8392]]],[[[19.2193,74.391],[18.7975,74.4857],[19.1829,74.5179],[19.2193,74.391]]],[[[26.876,78.6489],[26.7295,78.6465],[26.4596,78.7203],[26.4077,78.7843],[26.4558,78.8105],[26.5859,78.8115],[26.7888,78.724],[27.0076,78.6975],[26.876,78.6489]]],[[[32.526,80.1191],[31.5776,80.0814],[31.4819,80.1079],[33.0191,80.218],[33.0986,80.2287],[33.384,80.2423],[33.6293,80.2174],[33.5566,80.1981],[32.526,80.1191]]],[[[21.6081,78.5957],[22.0432,78.577],[22.2995,78.2282],[23.452,78.1495],[23.1167,77.9915],[24.9019,77.7566],[22.8018,77.2758],[22.427,77.3159],[22.6854,77.5535],[20.9281,77.4597],[20.8731,77.5653],[21.6531,77.9235],[21.0354,78.0592],[20.5283,78.3256],[20.5603,78.4194],[20.2279,78.4778],[21.6081,78.5957]]],[[[20.8979,80.25],[22.2897,80.0492],[22.4508,80.4022],[23.008,80.474],[23.3154,80.4252],[23.1146,80.187],[24.4026,80.3552],[26.8608,80.16],[27.1483,80.0592],[27.1986,79.9066],[26.0059,79.617],[25.6412,79.403],[23.9478,79.1943],[22.9037,79.2307],[22.6957,79.3291],[22.8655,79.4119],[20.8611,79.3979],[19.9002,79.5338],[19.7467,79.618],[20.7841,79.7486],[18.9421,79.7363],[18.3247,79.8597],[18.856,80.0366],[17.9169,80.1431],[19.3434,80.1164],[19.5371,80.1632],[19.1783,80.3315],[19.7511,80.2272],[19.8104,80.3268],[19.6144,80.4625],[20.8979,80.25]]],[[[16.7867,79.9067],[17.8346,79.8],[17.9562,79.7042],[17.6687,79.3859],[18.3974,79.6052],[18.8152,79.4267],[18.6778,79.2617],[19.8936,79.0562],[20.611,79.1066],[20.7672,79.0591],[20.5007,78.9814],[21.3888,78.7404],[19.6768,78.6096],[19.1505,78.3794],[18.9951,78.0815],[18.4393,78.025],[18.2279,77.5226],[17.6233,77.3994],[17.1525,77.0489],[17.249,76.9692],[16.9767,76.8116],[17.0627,76.659],[16.7005,76.5793],[14.3658,77.2345],[13.9957,77.5082],[14.695,77.525],[14.9208,77.6888],[17.0333,77.7977],[16.9141,77.898],[14.0899,77.7714],[13.6806,78.0281],[17.0029,78.3694],[16.4486,78.5036],[16.7826,78.6636],[15.4174,78.4732],[15.2542,78.5891],[15.3842,78.7712],[15.0163,78.6301],[14.6893,78.7209],[14.4672,78.6754],[14.4318,78.4925],[14.6383,78.4146],[13.1502,78.2375],[11.3654,78.9504],[12.4033,78.9532],[11.9818,79.0253],[11.8928,79.1523],[12.084,79.2675],[11.9783,79.2927],[11.2081,79.1296],[10.7376,79.5202],[10.8107,79.6409],[10.6821,79.7583],[11.7023,79.8206],[12.2878,79.7131],[12.28,79.816],[13.6929,79.861],[13.9142,79.8169],[13.7775,79.7153],[12.5554,79.5695],[13.3338,79.5748],[13.9572,79.3396],[14.0398,79.5856],[14.8318,79.7664],[15.7641,79.1743],[16.3438,78.9761],[15.8258,79.709],[16.2457,80.0495],[16.7867,79.9067]]],[[[11.2503,78.6107],[12.1164,78.2326],[11.1213,78.4633],[10.5582,78.9029],[10.9608,78.8464],[11.2503,78.6107]]],[[[18.7416,80.3009],[18.525,80.2456],[18.1622,80.2882],[18.2056,80.3318],[18.2917,80.3584],[18.5193,80.3483],[18.7416,80.3009]]],[[[29.0471,78.9121],[29.3454,78.9058],[29.6451,78.9216],[29.6967,78.9047],[29.3105,78.8521],[28.8812,78.8801],[28.4945,78.8872],[28.0379,78.8287],[27.8891,78.8521],[28.121,78.9084],[28.374,78.9271],[28.4147,78.9614],[28.5111,78.9673],[28.8452,78.9708],[29.0471,78.9121]]]]}},{"type":"Feature","properties":{"ADM0_A3":"PRK"},"geometry":{"type":"MultiPolygon","coordinates":[[[[128.3746,38.6234],[128.039,38.3085],[127.0903,38.2839],[126.6339,37.7818],[126.3699,37.8784],[126.1167,37.7429],[125.7691,37.9854],[125.3578,37.7248],[124.9888,37.9314],[125.2067,38.0815],[124.6909,38.1292],[125.0674,38.5567],[125.5545,38.6862],[125.1688,38.8055],[125.4097,39.2884],[125.3608,39.5266],[124.7753,39.7581],[124.6383,39.6151],[124.3486,39.9069],[124.3866,40.1042],[124.8894,40.4598],[125.9891,40.9046],[126.4904,41.3581],[126.6013,41.641],[126.9035,41.7811],[127.1797,41.5313],[128.1494,41.3877],[128.2893,41.6074],[128.0452,41.9875],[128.9234,42.0382],[129.3137,42.4136],[129.6979,42.4481],[129.861,42.9651],[130.0826,42.9742],[130.6873,42.3025],[130.2357,42.1832],[129.7563,41.7123],[129.7087,40.8573],[127.5274,39.6957],[127.3945,39.2079],[127.7861,39.0841],[128.3746,38.6234]]],[[[124.9053,39.5363],[124.8489,39.5076],[124.8461,39.5589],[124.8896,39.6021],[124.9346,39.6078],[124.9053,39.5363]]]]}},{"type":"Feature","properties":{"ADM0_A3":"NGA"},"geometry":{"type":"MultiPolygon","coordinates":[[[[7.3008,4.4182],[7.1404,4.3951],[7.2273,4.5273],[7.3008,4.4182]]],[[[13.6063,13.7046],[14.064,13.0785],[14.1975,12.3838],[14.6197,12.151],[14.5754,11.5324],[13.9814,11.2119],[13.6999,10.8731],[13.2699,10.0362],[13.1987,9.5638],[12.9295,9.4263],[12.7312,8.7457],[12.4035,8.5956],[11.7674,7.2723],[11.8614,7.1164],[11.4018,6.5339],[11.1064,6.4577],[11.0087,6.7391],[10.6062,7.0631],[10.4132,6.8777],[10.1436,6.9964],[9.0602,6.0091],[8.5559,4.7552],[8.2338,4.9075],[8.2931,4.5576],[7.6442,4.5253],[7.5308,4.6552],[7.2844,4.5477],[7.0766,4.7162],[7.1547,4.5144],[6.9232,4.3907],[6.7677,4.7247],[6.8604,4.3733],[6.633,4.3402],[6.58,4.476],[6.5546,4.3414],[6.2637,4.3094],[6.271,4.4321],[6.1733,4.2774],[5.5878,4.6472],[5.3642,5.2593],[5.5497,5.4742],[5.3858,5.4018],[5.1992,5.5335],[5.4566,5.6117],[5.1124,5.6416],[4.4313,6.3486],[3.4866,6.4089],[3.717,6.5979],[3.3355,6.3969],[2.7064,6.3692],[2.7748,9.0485],[3.0449,9.0838],[3.3252,9.7785],[3.6021,10.0045],[3.6041,10.3507],[3.7838,10.4359],[3.7164,11.0796],[3.4878,11.3954],[3.6647,11.7625],[3.6467,12.53],[4.0388,12.9347],[4.1476,13.4577],[4.4214,13.6475],[5.492,13.8729],[6.2998,13.6588],[6.9372,13.0082],[7.8305,13.3409],[8.7506,12.9082],[9.6159,12.8106],[10.0451,13.2062],[10.4759,13.3302],[11.4119,13.3536],[12.4632,13.0938],[12.8717,13.449],[13.6063,13.7046]]]]}},{"type":"Feature","properties":{"ADM0_A3":"NER"},"geometry":{"type":"Polygon","coordinates":[[[13.6063,13.7046],[12.8717,13.449],[12.4632,13.0938],[11.4119,13.3536],[10.4759,13.3302],[10.0451,13.2062],[9.6159,12.8106],[8.7506,12.9082],[7.8305,13.3409],[6.9372,13.0082],[6.2998,13.6588],[5.492,13.8729],[4.6648,13.7332],[4.1476,13.4577],[4.0388,12.9347],[3.6467,12.53],[3.5954,11.6963],[2.8053,12.3838],[2.366,12.2219],[2.3892,11.8971],[2.0729,12.3094],[2.2263,12.4661],[2.1046,12.7013],[1.5649,12.6354],[0.9873,13.0419],[0.9885,13.3648],[1.2012,13.3575],[0.6182,13.7034],[0.1639,14.4972],[0.2287,14.9637],[0.9475,14.9821],[1.3002,15.2723],[3.5043,15.3563],[3.877,15.7553],[4.1821,16.5818],[4.2276,19.1428],[5.8366,19.4792],[7.4817,20.8731],[11.9679,23.5179],[13.4812,23.1802],[14.2155,22.6197],[14.9789,22.9963],[15.1818,21.5234],[15.6073,20.9544],[15.5871,20.7333],[15.9632,20.3462],[15.7351,19.9041],[15.4743,16.9084],[14.368,15.7501],[13.4482,14.3807],[13.6063,13.7046]]]}},{"type":"Feature","properties":{"ADM0_A3":"NIC"},"geometry":{"type":"Polygon","coordinates":[[[-83.1575,14.9931],[-83.4137,14.8253],[-83.1877,14.3401],[-83.4123,13.9965],[-83.5673,13.3203],[-83.5109,12.4118],[-83.6272,12.4593],[-83.5934,12.7131],[-83.7542,12.502],[-83.6804,12.0243],[-83.8289,11.861],[-83.6518,11.642],[-83.8679,11.3],[-83.642,10.9172],[-83.7129,10.7859],[-84.1684,10.7804],[-84.3483,10.9799],[-84.7012,11.0522],[-84.9092,10.9453],[-85.5842,11.1895],[-85.7443,11.0621],[-86.7556,12.1566],[-87.6675,12.9036],[-87.5851,13.0433],[-87.3896,12.9207],[-86.9589,13.0537],[-86.7107,13.3134],[-86.7336,13.7635],[-86.3317,13.7701],[-86.0404,14.0501],[-85.7339,13.8587],[-85.1795,14.3433],[-84.9852,14.7524],[-84.4536,14.6437],[-83.1575,14.9931]]]}},{"type":"Feature","properties":{"ADM0_A3":"NZL"},"geometry":{"type":"MultiPolygon","coordinates":[[[[173.1153,-41.2793],[173.9472,-40.9241],[173.7979,-41.272],[173.9994,-40.9933],[174.3025,-41.0195],[174.0386,-41.2419],[174.3701,-41.1037],[174.0693,-41.4295],[174.0837,-41.6708],[174.2831,-41.7406],[173.2212,-42.9766],[172.624,-43.2725],[172.7348,-43.3548],[172.5267,-43.4647],[173.0732,-43.6762],[173.0656,-43.8746],[172.5027,-43.8437],[172.5838,-43.7735],[172.4804,-43.7267],[172.2966,-43.8679],[172.0355,-43.7018],[172.1798,-43.896],[171.2407,-44.2642],[171.1463,-44.9123],[170.999,-44.9114],[171.1133,-45.0393],[170.7006,-45.6843],[170.7763,-45.8709],[170.3354,-45.9918],[169.6866,-46.5517],[169.0986,-46.6307],[168.3821,-46.6054],[168.1892,-46.3622],[167.842,-46.3662],[167.5395,-46.1485],[166.8308,-46.2255],[166.7121,-46.1337],[166.9167,-45.9572],[166.7303,-46.0527],[166.718,-45.8894],[166.4932,-45.9639],[166.5129,-45.8117],[167.0033,-45.7121],[166.7977,-45.6456],[166.9908,-45.5317],[166.734,-45.5436],[166.9199,-45.4079],[166.8692,-45.3112],[167.1557,-45.4109],[167.2301,-45.2903],[167.0259,-45.1236],[167.2595,-45.0822],[167.1719,-44.9971],[167.4107,-44.8279],[167.4662,-44.9583],[167.485,-44.7714],[167.787,-44.595],[167.909,-44.6647],[167.8565,-44.5007],[168.3666,-44.082],[169.1789,-43.9131],[169.1695,-43.7771],[169.8339,-43.537],[170.2402,-43.1639],[170.3961,-43.1822],[170.3028,-43.1076],[170.7353,-43.0298],[170.9699,-42.7184],[171.0384,-42.8621],[171.0277,-42.6961],[171.3134,-42.4602],[171.4862,-41.7947],[171.948,-41.5387],[172.2728,-40.7587],[172.6406,-40.5183],[172.9437,-40.5187],[172.7326,-40.5438],[172.7044,-40.6678],[172.9887,-40.8482],[173.1153,-41.2793]]],[[[173.9146,-40.8637],[173.7809,-40.9218],[173.8124,-40.7937],[173.9645,-40.713],[173.9146,-40.8637]]],[[[166.7463,-45.6559],[166.741,-45.705],[166.7292,-45.7297],[166.6945,-45.7299],[166.6425,-45.7244],[166.5917,-45.7018],[166.5592,-45.7082],[166.532,-45.6998],[166.5671,-45.6444],[166.6856,-45.615],[166.7314,-45.6387],[166.7463,-45.6559]]],[[[166.9795,-45.1797],[167.0227,-45.2998],[166.8927,-45.2405],[166.9795,-45.1797]]],[[[168.1449,-46.8622],[168.0432,-46.9326],[168.2409,-47.07],[167.522,-47.2587],[167.8008,-46.9065],[167.784,-46.6998],[168.1449,-46.8622]]],[[[175.5432,-36.2793],[175.3462,-36.2178],[175.3896,-36.0777],[175.5432,-36.2793]]],[[[173.2694,-34.9348],[173.4479,-34.8443],[174.104,-35.1429],[174.1432,-35.3],[174.3203,-35.2467],[174.5807,-35.7855],[174.3958,-35.7974],[174.8021,-36.3095],[174.7225,-36.8412],[175.2995,-36.9933],[175.3854,-37.2069],[175.5425,-37.2014],[175.4608,-36.4757],[175.7722,-36.7352],[176.1084,-37.6451],[177.274,-37.9935],[178.0092,-37.5549],[178.5362,-37.6921],[178.2677,-38.5512],[177.9762,-38.7223],[177.9088,-39.2396],[177.5229,-39.0738],[177.0768,-39.2218],[176.9393,-39.5553],[177.1099,-39.6731],[176.8422,-40.1578],[175.9829,-41.2133],[175.3098,-41.6106],[175.1656,-41.4174],[174.8813,-41.424],[174.8656,-41.223],[174.6354,-41.2895],[175.1625,-40.6216],[175.2541,-40.2894],[175.156,-40.1149],[173.7637,-39.3188],[173.8443,-39.1394],[174.5974,-38.7851],[174.8017,-37.8955],[174.928,-37.8045],[174.5858,-37.0978],[174.7343,-37.2152],[174.9289,-37.0848],[174.782,-36.9438],[174.4756,-36.9419],[174.1889,-36.4923],[174.4016,-36.602],[174.3928,-36.24],[174.0364,-36.1225],[173.9145,-35.9087],[174.0975,-36.391],[173.4122,-35.5426],[173.6262,-35.3191],[173.3764,-35.5001],[173.1167,-35.2053],[173.1906,-35.0162],[172.706,-34.4552],[173.0439,-34.4291],[172.9638,-34.5352],[173.2694,-34.9348]]],[[[169.1782,-52.4973],[169.2335,-52.5482],[169.1275,-52.5703],[169.076,-52.5519],[169.0398,-52.5285],[169.0218,-52.4954],[169.0791,-52.4988],[169.1286,-52.4852],[169.1782,-52.4973]]],[[[166.2211,-50.7615],[165.8892,-50.8077],[166.1014,-50.539],[166.2675,-50.5586],[166.2211,-50.7615]]],[[[-176.1776,-43.7403],[-176.3817,-43.8668],[-176.5166,-43.7848],[-176.3336,-44.0253],[-176.5155,-44.1166],[-176.6293,-44.0361],[-176.5551,-43.852],[-176.8477,-43.8239],[-176.1776,-43.7403]]],[[[-176.1765,-44.3217],[-176.2208,-44.3306],[-176.2146,-44.2735],[-176.2293,-44.2367],[-176.1547,-44.2245],[-176.1226,-44.2685],[-176.1765,-44.3217]]],[[[-172.4792,-8.5808],[-172.4837,-8.5829],[-172.4882,-8.5716],[-172.494,-8.5592],[-172.4987,-8.5479],[-172.497,-8.5465],[-172.4873,-8.5562],[-172.4811,-8.5675],[-172.4792,-8.5808]]],[[[-171.1864,-9.3555],[-171.1886,-9.3583],[-171.193,-9.3524],[-171.2,-9.3447],[-171.2044,-9.3333],[-171.2017,-9.3326],[-171.1944,-9.3388],[-171.1893,-9.3466],[-171.1864,-9.3555]]]]}},{"type":"Feature","properties":{"ADM0_A3":"NIU"},"geometry":{"type":"Polygon","coordinates":[[[-169.8034,-19.083],[-169.9483,-19.0729],[-169.834,-18.966],[-169.8034,-19.083]]]}},{"type":"Feature","properties":{"ADM0_A3":"COK"},"geometry":{"type":"Polygon","coordinates":[[[-159.7405,-21.2492],[-159.7726,-21.2495],[-159.8131,-21.2421],[-159.8396,-21.2381],[-159.8425,-21.2291],[-159.832,-21.2005],[-159.8106,-21.1864],[-159.7684,-21.1885],[-159.7395,-21.2081],[-159.7369,-21.2406],[-159.7405,-21.2492]]]}},{"type":"Feature","properties":{"ADM0_A3":"NLD"},"geometry":{"type":"MultiPolygon","coordinates":[[[[5.9939,50.7504],[5.6395,50.8436],[5.7965,51.1531],[5.2142,51.279],[5.031,51.4691],[4.5034,51.4747],[4.3737,51.356],[3.4489,51.5408],[4.2741,51.4716],[4.0048,51.5958],[4.1826,51.6103],[3.9469,51.8105],[4.4828,52.3092],[4.7687,52.9413],[5.8735,53.3752],[6.8162,53.4412],[7.1973,53.2823],[7.033,52.6514],[6.6916,52.5302],[7.0019,52.419],[7.0196,52.266],[6.7245,52.0802],[6.7418,51.9109],[5.9487,51.8027],[6.1988,51.45],[6.13,51.1474],[5.8575,51.0301],[6.0484,50.9049],[5.9939,50.7504]]],[[[4.2262,51.3865],[3.9021,51.2077],[3.4325,51.2458],[3.3501,51.3777],[4.2262,51.3865]]],[[[6.3334,53.5107],[6.1933,53.4768],[6.1593,53.4839],[6.1677,53.4937],[6.2909,53.515],[6.3334,53.5107]]],[[[5.9293,53.4588],[5.732,53.4426],[5.6653,53.4549],[5.6543,53.4665],[5.7081,53.4734],[5.8763,53.4751],[5.9282,53.465],[5.9293,53.4588]]],[[[5.1086,53.308],[4.9237,53.2346],[4.9079,53.2462],[5.0271,53.3102],[5.1086,53.308]]],[[[5.3258,53.3857],[5.2326,53.3778],[5.1902,53.3918],[5.4151,53.4314],[5.5574,53.4436],[5.5826,53.4381],[5.3258,53.3857]]],[[[4.8861,53.0707],[4.7092,53.036],[4.8864,53.1833],[4.8861,53.0707]]],[[[3.9491,51.7395],[4.0751,51.6488],[3.951,51.6271],[3.699,51.7099],[3.9491,51.7395]]],[[[6.7348,53.5825],[6.6421,53.5792],[6.6686,53.6057],[6.7546,53.6255],[6.8009,53.6255],[6.7348,53.5825]]],[[[-68.2058,12.1446],[-68.2543,12.0321],[-68.3692,12.302],[-68.2058,12.1446]]],[[[-62.9375,17.4957],[-62.9617,17.475],[-62.9831,17.4769],[-62.9972,17.4968],[-62.9996,17.5304],[-62.9793,17.5212],[-62.9718,17.5161],[-62.9654,17.5093],[-62.9375,17.4957]]],[[[-63.2327,17.6231],[-63.2416,17.6196],[-63.2545,17.6287],[-63.2521,17.6453],[-63.2416,17.6518],[-63.2335,17.6472],[-63.2269,17.6341],[-63.2327,17.6231]]]]}},{"type":"Feature","properties":{"ADM0_A3":"ABW"},"geometry":{"type":"Polygon","coordinates":[[[-69.8991,12.452],[-69.8957,12.423],[-69.9422,12.4385],[-70.0041,12.5005],[-70.0661,12.547],[-70.0509,12.5971],[-70.0351,12.6141],[-69.9731,12.5676],[-69.9118,12.4805],[-69.8991,12.452]]]}},{"type":"Feature","properties":{"ADM0_A3":"CUW"},"geometry":{"type":"Polygon","coordinates":[[[-68.7511,12.0598],[-68.8033,12.0455],[-68.9951,12.1418],[-69.1538,12.2984],[-69.1589,12.3803],[-69.1185,12.3732],[-69.0768,12.342],[-69.0131,12.2313],[-68.8274,12.1585],[-68.7511,12.0598]]]}},{"type":"Feature","properties":{"ADM0_A3":"NPL"},"geometry":{"type":"Polygon","coordinates":[[[88.1098,27.8706],[87.9844,27.1339],[88.1572,26.8073],[88.0549,26.43],[87.2874,26.3603],[87.0164,26.5554],[86.7014,26.4351],[85.7945,26.6042],[85.6484,26.829],[85.1918,26.7666],[84.6854,27.041],[84.6102,27.2987],[84.091,27.4914],[83.2897,27.371],[82.7334,27.519],[82.6773,27.6734],[81.8526,27.8671],[80.0517,28.8703],[80.6129,29.9559],[80.9076,30.1719],[81.1771,30.0399],[81.4172,30.3376],[81.8549,30.3624],[83.1555,29.6126],[83.5835,29.1836],[84.1014,29.22],[84.2287,28.9118],[84.7969,28.5602],[85.1591,28.5922],[85.1225,28.316],[85.6783,28.2774],[85.9945,27.9104],[86.137,28.1144],[86.4087,27.9287],[86.6145,28.103],[87.1414,27.8383],[88.1098,27.8706]]]}},{"type":"Feature","properties":{"ADM0_A3":"NRU"},"geometry":{"type":"Polygon","coordinates":[[[166.9584,-0.5166],[166.939,-0.5508],[166.9164,-0.5465],[166.907,-0.5237],[166.9136,-0.4991],[166.939,-0.4894],[166.9557,-0.497],[166.9584,-0.5166]]]}},{"type":"Feature","properties":{"ADM0_A3":"NAM"},"geometry":{"type":"Polygon","coordinates":[[[23.3807,-17.6406],[24.7329,-17.5178],[25.2588,-17.7936],[24.9091,-17.8214],[24.5306,-18.0527],[24.2439,-18.0234],[23.6472,-18.4494],[23.2193,-17.9997],[20.9741,-18.3188],[20.971,-22.0002],[19.9773,-22.0002],[19.9805,-28.4513],[19.5398,-28.5746],[19.1617,-28.9388],[18.1027,-28.8717],[17.4479,-28.6981],[17.3587,-28.2694],[17.0562,-28.0311],[16.8753,-28.1279],[16.7558,-28.4521],[16.4476,-28.6176],[15.719,-27.9658],[15.2876,-27.275],[14.8452,-25.7257],[14.8371,-25.0332],[14.5016,-24.202],[14.4628,-22.4491],[13.4506,-20.9167],[12.4582,-18.9268],[11.7759,-18.0018],[11.7431,-17.2492],[12.5481,-17.2127],[13.1012,-16.9677],[13.476,-17.04],[14.0175,-17.4089],[18.3964,-17.3994],[18.9553,-17.8035],[20.7455,-18.0197],[23.3807,-17.6406]]]}},{"type":"Feature","properties":{"ADM0_A3":"MOZ"},"geometry":{"type":"Polygon","coordinates":[[[31.2879,-22.4021],[32.4298,-21.2971],[32.3536,-21.1365],[32.4924,-20.6598],[32.9928,-19.9849],[32.7776,-19.3888],[32.8498,-19.1044],[32.6997,-18.9409],[32.9931,-18.3596],[32.948,-16.7123],[31.9398,-16.4288],[31.2362,-16.0236],[30.4094,-15.9782],[30.2318,-14.9903],[33.2018,-14.0134],[33.6364,-14.5682],[34.375,-14.4248],[34.5555,-15.1409],[34.2482,-15.8875],[34.4164,-16.2468],[35.0799,-16.8339],[35.0646,-17.0786],[35.2726,-17.1185],[35.1672,-16.5603],[35.3585,-16.1605],[35.7553,-16.0583],[35.8928,-14.8918],[35.2475,-13.8969],[34.5637,-13.3602],[34.3578,-12.1647],[34.6186,-11.6202],[35.5644,-11.6023],[35.9113,-11.4547],[36.3057,-11.7063],[36.9789,-11.567],[37.3729,-11.7104],[37.7248,-11.5807],[37.9202,-11.2947],[38.4918,-11.4133],[39.3216,-11.1226],[40.4636,-10.4644],[40.6117,-10.6615],[40.4028,-11.332],[40.5809,-12.6355],[40.4368,-12.9831],[40.5688,-12.9847],[40.6461,-14.5387],[40.775,-14.4213],[40.8445,-14.7187],[40.559,-15.4734],[39.9836,-16.2255],[39.7909,-16.2945],[39.8446,-16.4356],[39.0844,-16.9729],[37.5123,-17.5707],[36.9394,-17.9935],[36.4037,-18.7697],[36.2629,-18.7196],[36.2356,-18.8613],[35.8537,-18.9934],[34.9479,-19.8127],[34.6494,-19.7014],[34.7558,-19.822],[34.7051,-20.473],[34.9823,-20.8062],[35.2677,-21.651],[35.3157,-22.3969],[35.4563,-22.1159],[35.5402,-22.3026],[35.5754,-22.9631],[35.3704,-23.7982],[35.542,-23.8244],[35.2549,-24.4303],[32.9611,-25.4904],[32.5904,-26.0041],[32.8488,-26.2681],[32.9549,-26.0836],[32.8861,-26.8493],[32.1129,-26.8395],[32.0605,-26.0184],[31.9203,-25.7739],[31.9858,-24.4606],[31.5456,-23.4823],[31.2879,-22.4021]],[[34.6416,-12.0137],[34.6242,-11.9848],[34.5914,-11.9711],[34.554,-11.9822],[34.5416,-12.0187],[34.5805,-12.0658],[34.6218,-12.0666],[34.6416,-12.0137]],[[34.7193,-12.1106],[34.746,-12.0884],[34.7563,-12.0591],[34.756,-12.0308],[34.739,-12.0131],[34.7149,-12.0027],[34.6799,-12.0089],[34.6675,-12.0476],[34.6621,-12.1008],[34.6842,-12.1187],[34.7193,-12.1106]]]}},{"type":"Feature","properties":{"ADM0_A3":"MAR"},"geometry":{"type":"Polygon","coordinates":[[[-2.2196,35.1042],[-1.7956,34.7519],[-1.6792,33.3187],[-1.45,32.7848],[-1.0655,32.4683],[-1.2403,32.3376],[-1.2259,32.1072],[-2.8634,32.0747],[-3.0174,31.8343],[-3.7682,31.6896],[-3.8334,31.1978],[-3.6245,31.0658],[-3.6668,30.964],[-4.9683,30.4654],[-5.4488,29.9569],[-6.4797,29.8204],[-6.6354,29.5688],[-7.1424,29.6196],[-8.2652,28.9805],[-8.6784,28.6894],[-8.7949,27.1207],[-9.413,27.0885],[-9.8179,26.8502],[-10.7578,27.0201],[-11.3926,26.8834],[-11.3379,26.6334],[-11.7182,26.1041],[-12.061,25.9908],[-12.4312,24.8307],[-12.9912,24.4703],[-13.311,23.9811],[-13.8911,23.691],[-14.2212,22.3102],[-14.6309,21.8609],[-14.751,21.5006],[-17.0031,21.4207],[-16.9309,21.9],[-16.3587,22.5945],[-15.7893,23.7929],[-15.9807,23.6703],[-15.8993,23.8444],[-14.9043,24.7198],[-14.7949,25.4042],[-14.4139,26.2537],[-13.5758,26.7351],[-12.9489,27.9142],[-11.5527,28.3101],[-10.2006,29.3804],[-9.6671,30.1093],[-9.6529,30.4476],[-9.8755,30.7179],[-9.8087,31.4246],[-9.3475,32.0864],[-9.2459,32.5725],[-8.5128,33.2524],[-6.901,33.969],[-6.3531,34.7761],[-5.9248,35.7858],[-5.2778,35.9027],[-5.2527,35.6147],[-4.6283,35.2064],[-3.3947,35.2118],[-2.9722,35.4073],[-2.8399,35.1278],[-2.2196,35.1042]]]}},{"type":"Feature","properties":{"ADM0_A3":"SAH"},"geometry":{"type":"Polygon","coordinates":[[[-8.8178,27.6559],[-8.6834,27.6564],[-8.6822,25.9955],[-12.0163,25.9954],[-12.0234,23.4676],[-12.6204,23.2713],[-13.1533,22.8205],[-13.0162,21.3339],[-16.9646,21.3292],[-17.0988,20.8569],[-17.003,21.4208],[-14.751,21.5006],[-14.6309,21.8609],[-14.2212,22.3102],[-13.8911,23.691],[-13.311,23.9811],[-12.9912,24.4703],[-12.4312,24.8307],[-12.061,25.9908],[-11.7182,26.1041],[-11.3379,26.6334],[-11.3926,26.8834],[-10.7578,27.0201],[-9.8179,26.8502],[-9.413,27.0885],[-8.7949,27.1207],[-8.8178,27.6559]]]}},{"type":"Feature","properties":{"ADM0_A3":"MNE"},"geometry":{"type":"Polygon","coordinates":[[[19.1943,43.5333],[19.6145,43.1734],[20.3477,42.8528],[20.0543,42.7601],[20.0703,42.5571],[19.9391,42.5067],[19.6545,42.6286],[19.2807,42.1726],[19.3424,41.8691],[18.4381,42.5229],[18.5459,42.6416],[18.4602,42.9979],[18.8511,43.3463],[19.0267,43.2924],[18.9507,43.5267],[19.1943,43.5333]]]}},{"type":"Feature","properties":{"ADM0_A3":"MNG"},"geometry":{"type":"Polygon","coordinates":[[[87.8143,49.1623],[88.1157,49.2563],[88.1926,49.4517],[89.1095,49.5014],[89.6541,49.7175],[89.6438,49.903],[90.0537,50.0938],[91.8043,50.6936],[92.1924,50.7006],[92.3548,50.8642],[92.6267,50.6883],[92.9413,50.7782],[93.1031,50.6039],[94.2511,50.5564],[94.3547,50.2218],[94.6147,50.0237],[95.5227,49.9112],[96.0655,49.9987],[97.3598,49.7415],[98.0039,50.0143],[98.2503,50.3024],[98.2795,50.5333],[98.0298,50.6446],[97.8357,51.0517],[98.0376,51.45],[98.6405,51.8012],[98.8932,52.1173],[99.9217,51.7555],[102.1115,51.3535],[102.2884,50.5851],[103.3044,50.2003],[104.0787,50.1542],[105.3836,50.4737],[106.7111,50.3126],[107.2333,49.9894],[107.9166,49.9478],[107.9654,49.6535],[108.6137,49.3228],[110.7098,49.143],[111.3366,49.3559],[112.8064,49.5236],[114.2971,50.2744],[114.7432,50.2337],[115.4292,49.8965],[116.3512,49.9781],[116.6833,49.8238],[115.8205,48.5772],[115.7855,48.2482],[115.5251,48.1309],[115.6164,47.8748],[115.8982,47.6869],[116.2312,47.8582],[116.7605,47.8698],[117.3508,47.6522],[117.7684,47.9879],[118.4984,47.984],[119.7111,47.15],[119.8959,46.7329],[119.7066,46.606],[118.8439,46.7602],[117.7412,46.5182],[117.4381,46.5862],[117.3334,46.362],[116.5626,46.2898],[116.1977,45.7394],[115.6811,45.4583],[114.5602,45.39],[113.587,44.7457],[111.898,45.0641],[111.4022,44.3673],[111.9332,43.7114],[111.0072,43.3414],[110.4004,42.7737],[109.3398,42.4384],[106.77,42.2887],[104.982,41.5955],[104.4982,41.6587],[104.4982,41.877],[103.7111,41.7513],[102.1566,42.1581],[101.4953,42.5388],[97.2057,42.7898],[96.3854,42.7204],[95.8596,43.276],[95.5256,43.954],[95.3256,44.0394],[95.3503,44.2781],[94.712,44.3508],[93.5162,44.9445],[90.8772,45.1961],[90.6618,45.5252],[91.0018,46.0358],[90.9115,46.2707],[91.0289,46.5661],[90.3307,47.6552],[89.4792,48.0291],[89.0477,48.0025],[88.576,48.2202],[88.5171,48.3845],[87.9797,48.5551],[88.0601,48.7072],[87.7432,48.8816],[87.8722,49.0001],[87.8143,49.1623]]]}},{"type":"Feature","properties":{"ADM0_A3":"MDA"},"geometry":{"type":"Polygon","coordinates":[[[26.6189,48.2599],[27.5492,48.4777],[29.1254,47.9646],[29.1349,47.4897],[29.5392,47.271],[29.572,46.964],[29.8778,46.8289],[29.9243,46.5389],[30.1311,46.4231],[28.9584,46.4585],[28.9478,46.05],[28.4916,45.6658],[28.499,45.5177],[28.2125,45.4504],[28.0747,45.599],[28.2395,46.6408],[28.0718,46.9784],[26.9808,48.155],[26.6189,48.2599]]]}},{"type":"Feature","properties":{"ADM0_A3":"MCO"},"geometry":{"type":"Polygon","coordinates":[[[7.4387,43.7504],[7.3777,43.7317],[7.3801,43.7532],[7.395,43.7653],[7.4145,43.7709],[7.4369,43.7615],[7.4387,43.7504]]]}},{"type":"Feature","properties":{"ADM0_A3":"MEX"},"geometry":{"type":"MultiPolygon","coordinates":[[[[-117.1283,32.5333],[-114.7248,32.7153],[-114.8359,32.5083],[-111.042,31.3242],[-108.2145,31.3294],[-108.2118,31.7793],[-106.4532,31.7702],[-104.9179,30.5833],[-104.4006,29.5737],[-103.2577,29.0011],[-102.892,29.2164],[-102.6149,29.7523],[-102.2689,29.8712],[-101.4404,29.7769],[-100.7546,29.1825],[-100.296,28.3277],[-99.5053,27.5483],[-99.4565,27.0566],[-99.1078,26.4469],[-97.3756,25.8718],[-97.1462,25.9615],[-97.6677,24.39],[-97.8425,22.5103],[-97.7633,22.1059],[-97.3145,21.5642],[-97.4092,21.2726],[-97.3834,21.5667],[-97.7538,22.0267],[-97.1863,20.717],[-96.4561,19.8698],[-96.2896,19.3438],[-95.7781,18.8055],[-95.9204,18.8196],[-95.1818,18.7007],[-94.4598,18.1667],[-92.8848,18.4687],[-92.441,18.6753],[-91.9738,18.7159],[-91.9136,18.5285],[-91.534,18.4565],[-91.2752,18.6245],[-91.4367,18.8898],[-90.7393,19.3522],[-90.6932,19.7299],[-90.4917,19.9468],[-90.3531,21.0094],[-89.8198,21.2746],[-88.4667,21.5694],[-87.2509,21.447],[-87.1883,21.5464],[-87.3867,21.5515],[-87.1285,21.6215],[-86.8241,21.4217],[-86.7718,21.1505],[-87.4214,20.2314],[-87.4417,19.8615],[-87.6877,19.6371],[-87.4248,19.5833],[-87.6587,19.3523],[-87.5011,19.2878],[-87.8041,18.3571],[-87.882,18.2739],[-88.0391,18.4839],[-88.0738,18.8345],[-88.2957,18.4724],[-88.523,18.4459],[-88.8063,17.9655],[-89.1335,17.9708],[-89.1615,17.8148],[-90.9892,17.8164],[-90.993,17.2524],[-91.4096,17.2559],[-90.417,16.391],[-90.4472,16.0727],[-91.7366,16.0702],[-92.2042,15.275],[-92.0748,15.0742],[-92.2352,14.5454],[-93.1669,15.448],[-94.3742,16.2848],[-94.0013,16.0189],[-94.6615,16.2019],[-94.6168,16.3476],[-94.7908,16.2872],[-94.9004,16.4175],[-95.0208,16.2776],[-94.7994,16.2097],[-96.5108,15.6519],[-97.7548,15.9668],[-98.7622,16.5348],[-99.6907,16.7196],[-100.8478,17.2005],[-101.9187,17.9598],[-103.4416,18.3254],[-103.9125,18.8285],[-104.9385,19.3094],[-105.4821,19.9761],[-105.6694,20.3856],[-105.2602,20.5791],[-105.5108,20.8087],[-105.2371,21.1192],[-105.2087,21.4908],[-105.6491,21.9881],[-105.7918,22.6275],[-106.9355,23.8813],[-107.7649,24.4719],[-107.5272,24.3601],[-107.5119,24.4892],[-107.9512,24.6149],[-108.2808,25.0815],[-108.0515,25.067],[-108.7873,25.538],[-109.0288,25.4805],[-108.8866,25.7334],[-109.1965,25.5925],[-109.385,25.7271],[-109.4256,26.0326],[-109.1997,26.3052],[-109.1167,26.2527],[-109.2763,26.5339],[-109.4829,26.7104],[-109.7548,26.7029],[-109.944,27.0793],[-110.4778,27.3227],[-110.6155,27.6539],[-110.5299,27.8642],[-111.1214,27.967],[-112.1618,29.0189],[-113.0577,30.651],[-113.0467,31.1792],[-113.6235,31.3459],[-113.7594,31.5578],[-113.9478,31.6293],[-114.1493,31.5074],[-114.9336,31.9007],[-114.7899,31.6471],[-114.8819,31.1564],[-114.6299,30.1563],[-113.7555,29.3675],[-113.4997,28.9267],[-113.2056,28.7988],[-113.0937,28.5118],[-112.8709,28.4242],[-112.734,27.826],[-112.3292,27.5234],[-111.8626,26.6785],[-111.6994,26.581],[-111.7953,26.8797],[-111.5697,26.7076],[-111.2916,25.7898],[-110.6868,24.8677],[-110.6593,24.3415],[-110.3674,24.1005],[-110.2629,24.3445],[-109.4209,23.4801],[-109.4957,23.1598],[-110.0062,22.894],[-110.3627,23.6049],[-112.0726,24.84],[-112.0699,25.5729],[-112.3772,26.2139],[-113.0208,26.5833],[-113.1558,26.9462],[-113.5985,26.7213],[-114.4453,27.2182],[-114.9935,27.736],[-115.0365,27.8418],[-114.3006,27.873],[-114.0693,27.6757],[-114.2659,27.9345],[-114.0485,28.4262],[-114.9373,29.3516],[-115.6738,29.7564],[-116.0622,30.8041],[-116.2963,30.9705],[-116.3334,31.2028],[-116.6622,31.5649],[-116.6208,31.8511],[-116.848,31.9974],[-117.1283,32.5333]]],[[[-86.9396,20.3033],[-86.978,20.4898],[-86.7633,20.5791],[-86.9396,20.3033]]],[[[-106.5022,21.6108],[-106.607,21.5615],[-106.6394,21.6979],[-106.5022,21.6108]]],[[[-110.9145,18.7415],[-111.0637,18.7816],[-110.9894,18.8631],[-110.9145,18.7415]]],[[[-110.5674,25.0035],[-110.5902,24.9081],[-110.6993,25.0814],[-110.5674,25.0035]]],[[[-113.1556,29.0522],[-113.4963,29.3076],[-113.5872,29.573],[-113.2021,29.3019],[-113.1556,29.0522]]],[[[-115.1706,28.0694],[-115.3529,28.104],[-115.2335,28.3684],[-115.1706,28.0694]]],[[[-112.2031,29.0053],[-112.2784,28.7693],[-112.5141,28.8476],[-112.4235,29.2037],[-112.2851,29.2404],[-112.2031,29.0053]]],[[[-118.2428,28.9419],[-118.2855,28.9038],[-118.4001,29.1123],[-118.4014,29.1627],[-118.3678,29.1876],[-118.3123,29.1829],[-118.3121,29.1305],[-118.2655,29.0864],[-118.2474,29.0434],[-118.2428,28.9419]]],[[[-86.714,21.2393],[-86.6963,21.191],[-86.7136,21.1968],[-86.7364,21.2333],[-86.7529,21.2788],[-86.7391,21.28],[-86.7269,21.2643],[-86.714,21.2393]]],[[[-91.6837,18.6773],[-91.7961,18.6542],[-91.8161,18.6759],[-91.5891,18.778],[-91.5503,18.7737],[-91.5367,18.76],[-91.6542,18.7115],[-91.6837,18.6773]]],[[[-109.8051,24.1511],[-109.8268,24.1476],[-109.8779,24.2006],[-109.9005,24.3309],[-109.8903,24.3448],[-109.7938,24.1834],[-109.7956,24.1636],[-109.8051,24.1511]]],[[[-114.6941,31.7056],[-114.7272,31.7014],[-114.7892,31.7474],[-114.7846,31.7898],[-114.7711,31.7941],[-114.7091,31.7569],[-114.6879,31.7242],[-114.6941,31.7056]]],[[[-111.1003,26.0206],[-111.0877,25.9845],[-111.0944,25.9741],[-111.1353,25.9992],[-111.2045,25.8497],[-111.2247,25.8359],[-111.1829,26.0406],[-111.1393,26.0698],[-111.0909,26.0757],[-111.1003,26.0206]]],[[[-111.6989,24.3936],[-111.7123,24.3464],[-112.0133,24.5334],[-111.9409,24.5511],[-111.8568,24.538],[-111.6989,24.3936]]],[[[-112.0573,24.5457],[-112.2968,24.7896],[-112.1594,25.2856],[-112.195,24.8411],[-112.0573,24.5457]]]]}},{"type":"Feature","properties":{"ADM0_A3":"MUS"},"geometry":{"type":"Polygon","coordinates":[[[57.6513,-20.4849],[57.3177,-20.4276],[57.6565,-19.9899],[57.792,-20.2126],[57.6513,-20.4849]]]}},{"type":"Feature","properties":{"ADM0_A3":"MRT"},"geometry":{"type":"MultiPolygon","coordinates":[[[[-16.3733,19.7064],[-16.4375,19.6093],[-16.477,19.7104],[-16.3437,19.8662],[-16.3733,19.7064]]],[[[-12.2806,14.809],[-13.2064,15.6169],[-13.4097,16.0592],[-13.8685,16.1481],[-14.5337,16.656],[-16.239,16.5313],[-16.5353,15.8384],[-16.4636,16.6015],[-16.0789,17.5459],[-16.0467,18.2231],[-16.2131,19.0033],[-16.5145,19.362],[-16.3053,19.5126],[-16.4449,19.4731],[-16.2104,20.2279],[-16.8761,21.0861],[-17.048,20.8062],[-16.9646,21.3292],[-13.0162,21.3339],[-13.1533,22.8205],[-12.6204,23.2713],[-12.0234,23.4676],[-12.0163,25.9954],[-8.6822,25.9955],[-8.6834,27.2859],[-4.8226,24.9956],[-6.5941,24.9946],[-5.6287,16.5687],[-5.3599,16.2829],[-5.5125,15.4963],[-9.1768,15.4961],[-9.3354,15.5257],[-9.3506,15.6774],[-9.4469,15.4582],[-10.6966,15.4227],[-10.9482,15.1511],[-11.5027,15.6368],[-11.7602,15.4255],[-11.9409,14.8869],[-12.1047,14.7454],[-12.2806,14.809]]]]}},{"type":"Feature","properties":{"ADM0_A3":"MLT"},"geometry":{"type":"MultiPolygon","coordinates":[[[[14.5662,35.8527],[14.4364,35.8217],[14.3513,35.9784],[14.5662,35.8527]]],[[[14.3135,36.0276],[14.2536,36.0122],[14.1942,36.0422],[14.1804,36.0604],[14.2633,36.0758],[14.3037,36.0623],[14.3209,36.0362],[14.3135,36.0276]]]]}},{"type":"Feature","properties":{"ADM0_A3":"MLI"},"geometry":{"type":"Polygon","coordinates":[[[-11.3894,12.4044],[-11.3904,12.942],[-11.635,13.3699],[-11.8317,13.3158],[-12.0542,13.6331],[-12.0192,14.2065],[-12.2284,14.4586],[-12.2806,14.809],[-12.1047,14.7454],[-11.9409,14.8869],[-11.7602,15.4255],[-11.5027,15.6368],[-10.9482,15.1511],[-10.6966,15.4227],[-9.4469,15.4582],[-9.3506,15.6774],[-9.3354,15.5257],[-9.1768,15.4961],[-5.5125,15.4963],[-5.3599,16.2829],[-5.6287,16.5687],[-6.5941,24.9946],[-4.8226,24.9956],[1.1455,21.1022],[1.1657,20.8174],[1.7532,20.3316],[3.1303,19.8502],[3.2559,19.4109],[3.1061,19.1501],[3.256,19.0133],[4.2276,19.1428],[4.1821,16.5818],[3.877,15.7553],[3.5043,15.3563],[1.3002,15.2723],[0.9475,14.9821],[0.2175,14.9115],[-0.6665,15.0698],[-1.973,14.4565],[-2.1132,14.1685],[-2.5867,14.2276],[-2.8739,13.9507],[-2.9508,13.6484],[-3.2486,13.6584],[-3.3018,13.2808],[-3.5276,13.1827],[-3.9473,13.4022],[-4.3287,13.119],[-4.2271,12.7937],[-4.4806,12.6722],[-4.4287,12.3376],[-5.2881,11.8279],[-5.2502,11.3758],[-5.4905,11.0424],[-5.5235,10.426],[-5.8438,10.3896],[-6.0346,10.1948],[-6.2384,10.2616],[-6.2611,10.7241],[-6.4239,10.5591],[-6.6541,10.6564],[-6.6933,10.3495],[-6.9503,10.3423],[-7.0171,10.1433],[-7.4979,10.4398],[-7.9906,10.1625],[-8.0073,10.3219],[-8.2667,10.486],[-8.3374,10.9906],[-8.6667,11.0095],[-8.3985,11.3666],[-8.822,11.6732],[-8.8183,11.9225],[-9.1205,12.45],[-9.3954,12.4646],[-9.3581,12.2554],[-9.7147,12.0425],[-10.2749,12.2126],[-10.7092,11.8987],[-10.9332,12.2052],[-11.3052,12.0154],[-11.5022,12.1986],[-11.3894,12.4044]]]}},{"type":"Feature","properties":{"ADM0_A3":"MDV"},"geometry":{"type":"MultiPolygon","coordinates":[[[[73.4166,3.2313],[73.3953,3.2294],[73.382,3.2465],[73.385,3.2714],[73.4016,3.2888],[73.4277,3.2898],[73.4428,3.2743],[73.435,3.2501],[73.4166,3.2313]]],[[[73.5122,4.1646],[73.4948,4.1552],[73.4786,4.1589],[73.473,4.1707],[73.4812,4.1881],[73.4947,4.2104],[73.5041,4.2346],[73.5178,4.2477],[73.5283,4.2433],[73.5271,4.2297],[73.5222,4.211],[73.519,4.1869],[73.5122,4.1646]]]]}},{"type":"Feature","properties":{"ADM0_A3":"MYS"},"geometry":{"type":"MultiPolygon","coordinates":[[[[100.1191,6.442],[100.2614,6.6827],[101.0535,6.2426],[100.9816,5.771],[101.114,5.6368],[101.5561,5.9078],[101.7907,5.7793],[102.1011,6.2422],[102.274,6.2034],[103.0971,5.4084],[103.4539,4.6695],[103.4395,2.9331],[103.8122,2.5805],[104.2501,1.3886],[103.9814,1.6236],[103.9915,1.4548],[103.4803,1.3295],[103.3568,1.5461],[101.2955,2.8852],[101.2999,3.2533],[100.7154,3.9662],[100.3433,5.9842],[100.1191,6.442]]],[[[117.5744,4.1706],[117.1006,4.3371],[115.8368,4.3333],[115.5685,3.9388],[115.4544,3.0343],[115.1176,2.8949],[115.1791,2.5232],[114.7864,2.2505],[114.8306,1.98],[114.5125,1.452],[113.9023,1.4343],[113.6223,1.2359],[113.0065,1.4339],[112.943,1.567],[112.4762,1.5591],[112.1857,1.4391],[112.0785,1.1434],[111.809,1.0117],[111.1014,1.0505],[110.5058,0.862],[109.7357,1.5229],[109.5489,1.8483],[109.6289,2.0275],[109.8648,1.7645],[111.2232,1.3959],[111.0287,1.5578],[111.2509,2.0639],[111.2422,2.4357],[111.4438,2.3815],[111.4433,2.6343],[111.6232,2.818],[113.0447,3.2052],[113.9239,4.2432],[114.0125,4.5752],[114.6541,4.0376],[114.8402,4.3932],[114.7467,4.7181],[115.0268,4.8997],[115.107,4.3904],[115.3192,4.3653],[115.14,4.8998],[115.5545,5.0936],[115.419,5.4132],[115.6039,5.6034],[115.8771,5.6135],[116.7762,6.9902],[116.7881,6.6061],[117.1285,6.9689],[117.294,6.6769],[117.6457,6.4737],[117.6445,6.0019],[117.5012,5.8847],[118.0038,6.0533],[118.1158,5.8625],[117.9736,5.7062],[118.3531,5.8061],[119.2556,5.3659],[119.1322,5.1005],[118.2605,4.9889],[118.1854,4.8285],[118.5483,4.3792],[118.0082,4.2502],[117.6965,4.3428],[117.5744,4.1706]]],[[[104.2216,2.7317],[104.1733,2.7213],[104.1469,2.7282],[104.1291,2.7672],[104.1698,2.8568],[104.1848,2.8717],[104.2232,2.7742],[104.2216,2.7317]]],[[[100.289,5.2947],[100.191,5.2829],[100.2455,5.4678],[100.289,5.2947]]],[[[99.848,6.4657],[99.9187,6.3586],[99.7438,6.2633],[99.6463,6.4184],[99.848,6.4657]]],[[[117.1416,7.1682],[117.0643,7.2607],[117.2641,7.3517],[117.1416,7.1682]]],[[[101.3186,2.9885],[101.2681,2.9704],[101.2654,2.9965],[101.2742,3.0328],[101.3112,3.0674],[101.3284,3.0476],[101.3186,2.9885]]],[[[111.3893,2.4153],[111.3587,2.4022],[111.3115,2.4376],[111.3004,2.7412],[111.3335,2.7683],[111.3551,2.7645],[111.3783,2.7093],[111.3763,2.5763],[111.3805,2.4589],[111.3893,2.4153]]],[[[117.8848,4.1861],[117.7454,4.1669],[117.649,4.169],[117.6668,4.204],[117.6621,4.2502],[117.708,4.2624],[117.7614,4.2523],[117.8848,4.1861]]]]}},{"type":"Feature","properties":{"ADM0_A3":"MWI"},"geometry":{"type":"MultiPolygon","coordinates":[[[[34.7193,-12.1106],[34.6842,-12.1187],[34.6621,-12.1008],[34.6675,-12.0476],[34.6799,-12.0089],[34.7149,-12.0027],[34.739,-12.0131],[34.756,-12.0308],[34.7563,-12.0591],[34.746,-12.0884],[34.7193,-12.1106]]],[[[34.6416,-12.0137],[34.6218,-12.0666],[34.5805,-12.0658],[34.5416,-12.0187],[34.554,-11.9822],[34.5914,-11.9711],[34.6242,-11.9848],[34.6416,-12.0137]]],[[[33.2018,-14.0134],[32.9921,-14.0222],[32.6704,-13.5904],[32.9676,-13.225],[33.0216,-12.6305],[33.5123,-12.3478],[33.2523,-12.1126],[33.2327,-11.4177],[33.3798,-11.1579],[33.2613,-10.8934],[33.6615,-10.5531],[33.1957,-9.6262],[32.996,-9.6229],[32.974,-9.395],[33.8889,-9.6701],[33.9956,-9.4954],[34.5242,-10.0302],[34.6079,-11.0805],[34.9595,-11.5781],[34.6186,-11.6202],[34.3578,-12.1647],[34.5637,-13.3602],[35.2475,-13.8969],[35.8928,-14.8918],[35.7912,-15.9587],[35.2915,-16.2472],[35.1672,-16.5603],[35.2904,-17.097],[35.1246,-17.1272],[35.0799,-16.8339],[34.4164,-16.2468],[34.2482,-15.8875],[34.5408,-15.2973],[34.5053,-14.5981],[34.3325,-14.4086],[33.6364,-14.5682],[33.2018,-14.0134]]]]}},{"type":"Feature","properties":{"ADM0_A3":"MDG"},"geometry":{"type":"MultiPolygon","coordinates":[[[[49.5383,-12.4321],[49.9375,-13.0723],[50.2354,-14.732],[50.4413,-15.1493],[50.4046,-15.6291],[50.185,-15.9578],[49.8926,-15.4577],[49.6644,-15.5216],[49.8391,-16.4865],[49.4493,-17.2406],[49.3629,-18.3363],[47.1773,-24.7872],[46.7285,-25.1499],[46.1587,-25.2304],[45.508,-25.5632],[45.1152,-25.5431],[44.0354,-24.9957],[43.67,-24.3003],[43.7223,-23.5297],[43.2648,-22.3836],[43.5019,-21.3564],[43.8002,-21.1792],[44.4047,-19.9221],[44.4488,-19.4287],[44.04,-18.2885],[43.9794,-17.3916],[44.4214,-16.7026],[44.4762,-16.2173],[44.9092,-16.1745],[45.2229,-15.9505],[45.5982,-15.9926],[45.7002,-15.8138],[46.1575,-15.7383],[46.3996,-15.9246],[46.3314,-15.7137],[46.4751,-15.5135],[46.9423,-15.219],[47.0992,-15.4342],[47.0926,-15.1501],[47.352,-14.7661],[47.4647,-14.7133],[47.4783,-15.0094],[47.774,-14.6367],[47.9642,-14.6726],[47.7733,-14.3699],[47.9955,-13.9604],[47.941,-13.6624],[48.2553,-13.7193],[48.7965,-13.2675],[48.9194,-12.8391],[48.7863,-12.4709],[49.207,-12.0796],[49.5383,-12.4321]]],[[[48.3422,-13.3639],[48.2119,-13.3853],[48.1912,-13.26],[48.3089,-13.1982],[48.3422,-13.3639]]],[[[49.9364,-16.9029],[49.824,-17.0865],[49.8557,-16.9332],[49.9859,-16.7124],[50.023,-16.6953],[49.9364,-16.9029]]]]}},{"type":"Feature","properties":{"ADM0_A3":"MKD"},"geometry":{"type":"Polygon","coordinates":[[[21.5625,42.2475],[22.2397,42.3582],[22.7961,42.0257],[23.0036,41.7398],[22.9297,41.3561],[22.6036,41.1402],[21.9934,41.131],[21.5758,40.8689],[20.7408,40.9053],[20.489,41.2726],[20.5531,41.8624],[20.725,41.8735],[20.7781,42.071],[21.5625,42.2475]]]}},{"type":"Feature","properties":{"ADM0_A3":"LUX"},"geometry":{"type":"Polygon","coordinates":[[[6.1165,50.121],[6.2049,49.9151],[6.4873,49.7985],[6.3443,49.4527],[5.7897,49.5383],[5.8804,49.6448],[5.744,49.9196],[5.9763,50.1672],[6.1165,50.121]]]}},{"type":"Feature","properties":{"ADM0_A3":"LTU"},"geometry":{"type":"MultiPolygon","coordinates":[[[[20.9578,55.2789],[20.8998,55.2867],[21.0141,55.402],[21.0576,55.4768],[21.0879,55.5831],[21.1148,55.6165],[21.1157,55.5682],[21.1039,55.4877],[21.0317,55.3505],[20.9578,55.2789]]],[[[22.7662,54.3568],[22.6845,54.5629],[22.8247,54.8713],[22.5673,55.0591],[21.2357,55.2641],[21.0461,56.0701],[21.6535,56.3146],[22.8756,56.3964],[24.1207,56.2643],[24.841,56.4112],[25.0699,56.2004],[25.6632,56.1048],[26.5936,55.6675],[26.4576,55.3425],[26.7757,55.2731],[25.8593,54.9193],[25.5474,54.3318],[25.7481,54.2597],[25.6806,54.1405],[25.4611,54.2928],[24.8695,54.1452],[24.7682,53.9747],[23.5591,53.9198],[23.3701,54.2005],[22.7662,54.3568]]]]}},{"type":"Feature","properties":{"ADM0_A3":"LIE"},"geometry":{"type":"Polygon","coordinates":[[[9.5803,47.0574],[9.5023,47.0627],[9.4877,47.0623],[9.4795,47.0975],[9.4843,47.1727],[9.5275,47.2708],[9.5368,47.2546],[9.5422,47.2341],[9.5511,47.2123],[9.5558,47.1855],[9.5719,47.1579],[9.6012,47.1321],[9.6105,47.1071],[9.5957,47.0758],[9.5803,47.0574]]]}},{"type":"Feature","properties":{"ADM0_A3":"LBY"},"geometry":{"type":"Polygon","coordinates":[[[9.5188,30.2294],[9.895,30.3873],[10.2164,30.7832],[10.1149,31.4638],[10.2746,31.685],[11.505,32.4137],[11.5046,33.1819],[12.2799,32.8585],[13.2835,32.9146],[15.1766,32.3912],[15.706,31.4264],[17.8305,30.9276],[19.1237,30.2661],[19.7133,30.4884],[20.1115,30.9637],[19.9264,31.8175],[20.031,32.1079],[21.0623,32.7755],[22.1874,32.9183],[23.0906,32.6187],[23.1062,32.3314],[23.2863,32.2138],[24.9507,31.9537],[25.1505,31.655],[24.8527,31.3348],[24.9614,30.6785],[24.7032,30.2011],[24.9803,29.1819],[24.9795,20.0026],[23.9803,19.9959],[23.9803,19.4966],[15.9841,23.4452],[14.2155,22.6197],[13.4812,23.1802],[11.9679,23.5179],[11.5076,24.3144],[10.3258,24.5302],[10.1195,24.7902],[10.0007,25.3321],[9.4224,26.1471],[9.8594,26.552],[9.8944,26.8479],[9.7476,27.3309],[9.916,27.7857],[9.8207,29.1148],[9.3103,30.1152],[9.5188,30.2294]]]}},{"type":"Feature","properties":{"ADM0_A3":"LBR"},"geometry":{"type":"Polygon","coordinates":[[[-11.5075,6.9065],[-10.6475,7.7594],[-10.2832,8.4852],[-9.6636,8.4735],[-9.5183,8.3461],[-9.3691,7.7038],[-9.4638,7.4159],[-9.1176,7.2159],[-8.8896,7.2627],[-8.7083,7.6589],[-8.5789,7.6771],[-8.2966,7.074],[-8.3326,6.8016],[-8.6036,6.5078],[-7.8886,6.2349],[-7.7965,5.9751],[-7.4544,5.8413],[-7.545,4.3513],[-9.1322,5.0546],[-10.2764,6.0776],[-10.7856,6.3102],[-11.5075,6.9065]]]}},{"type":"Feature","properties":{"ADM0_A3":"LSO"},"geometry":{"type":"Polygon","coordinates":[[[28.7369,-30.102],[28.3921,-30.1476],[28.0568,-30.6311],[27.7531,-30.6],[27.3885,-30.3159],[27.0569,-29.6256],[27.2945,-29.5193],[27.7355,-28.94],[28.6258,-28.5817],[29.3907,-29.2697],[29.098,-29.919],[28.7369,-30.102]]]}},{"type":"Feature","properties":{"ADM0_A3":"LBN"},"geometry":{"type":"Polygon","coordinates":[[[35.9763,34.6292],[36.3839,34.6579],[36.3299,34.4996],[36.585,34.2212],[36.2778,33.9253],[36.365,33.8394],[36.0188,33.7839],[36.0223,33.5625],[35.4932,33.1195],[35.1086,33.0837],[35.6479,34.2482],[35.9763,34.6292]]]}},{"type":"Feature","properties":{"ADM0_A3":"LVA"},"geometry":{"type":"Polygon","coordinates":[[[26.5936,55.6675],[25.6632,56.1048],[25.0699,56.2004],[24.841,56.4112],[24.1207,56.2643],[22.0846,56.4067],[21.0461,56.0701],[21.0314,56.6366],[21.7287,57.571],[22.5546,57.7243],[23.2873,57.0897],[23.6478,56.971],[24.3826,57.25],[24.3226,57.8706],[25.34,58.0395],[26.4621,57.5445],[27.4697,57.524],[27.8286,57.2933],[27.6395,56.8457],[27.8486,56.8534],[28.1031,56.5457],[28.1479,56.1429],[27.5768,55.7988],[27.0525,55.8306],[26.5936,55.6675]]]}},{"type":"Feature","properties":{"ADM0_A3":"LAO"},"geometry":{"type":"Polygon","coordinates":[[[102.1274,22.3792],[102.662,21.676],[102.8159,21.8074],[102.9496,21.6813],[102.8512,21.2659],[103.1045,20.8916],[103.6351,20.6971],[104.1014,20.9455],[104.5832,20.6467],[104.3678,20.4414],[104.8479,20.2024],[104.9279,20.0181],[104.5879,19.6187],[104.032,19.6751],[104.0629,19.4826],[103.8916,19.305],[105.1465,18.651],[105.1146,18.4053],[106.5022,16.9541],[106.6564,16.4926],[106.8511,16.5156],[107.3964,16.043],[107.1659,15.8025],[107.6531,15.2552],[107.4147,14.5629],[106.8199,14.3147],[106.5015,14.5782],[106.2254,14.4762],[105.9789,14.343],[106.0668,13.9212],[105.2457,14.2005],[105.1833,14.3462],[105.4974,14.5907],[105.4904,15.2566],[105.641,15.6565],[104.8193,16.4661],[104.816,17.3003],[103.9496,18.319],[103.2883,18.4084],[103.0514,18.0285],[102.6606,17.818],[102.1015,18.2106],[101.1675,17.499],[100.9085,17.5839],[101.1439,18.1426],[101.047,18.442],[101.2863,18.9771],[101.2119,19.5483],[100.6255,19.4999],[100.4201,19.6445],[100.5399,20.1324],[100.318,20.3859],[100.1149,20.2577],[100.1839,20.5891],[100.3261,20.7957],[100.6229,20.8596],[100.5361,20.9924],[100.7031,21.2514],[101.1389,21.5675],[101.2479,21.1973],[101.8006,21.2126],[101.7365,21.8265],[101.5245,22.2537],[101.7388,22.4953],[102.1274,22.3792]]]}},{"type":"Feature","properties":{"ADM0_A3":"KGZ"},"geometry":{"type":"Polygon","coordinates":[[[70.958,40.2389],[71.6925,40.1523],[72.1312,40.4386],[72.3577,40.4017],[72.4021,40.5781],[72.6041,40.5254],[73.1369,40.8106],[72.1873,41.0259],[72.1643,41.1737],[71.8786,41.195],[71.6649,41.5412],[71.5855,41.3333],[71.4209,41.3419],[71.3931,41.1234],[70.177,41.54],[71.2285,42.1629],[70.8929,42.34],[71.4221,42.7832],[72.2758,42.7577],[73.493,42.409],[73.4219,42.5935],[73.5563,43.0028],[74.2091,43.2404],[75.3662,42.837],[76.9881,42.9736],[79.1267,42.7757],[79.4282,42.4835],[79.9211,42.4131],[80.2462,42.0598],[78.7426,41.5601],[78.1234,41.0756],[76.9077,41.0242],[76.3186,40.3522],[75.6771,40.3058],[75.5556,40.6252],[74.8352,40.4826],[74.8305,40.3285],[73.9916,40.0431],[73.8354,39.8001],[73.9071,39.5785],[73.7157,39.4623],[72.5634,39.3772],[72.23,39.2075],[72.0428,39.3521],[71.7786,39.278],[71.4703,39.6037],[70.7993,39.3947],[70.5012,39.5874],[69.2977,39.5248],[69.2788,39.9178],[69.4763,39.9197],[69.5303,40.0973],[69.9668,40.2022],[70.5151,39.9499],[70.958,40.2389]],[[71.2062,39.8926],[71.2287,40.0481],[70.9763,40.1333],[71.0117,39.8951],[71.2062,39.8926]],[[71.7797,39.9502],[71.7899,39.9953],[71.7653,39.9933],[71.7365,39.981],[71.6813,39.9687],[71.6689,39.9461],[71.7059,39.9174],[71.7529,39.9071],[71.7797,39.9502]],[[70.7017,39.8253],[70.6982,39.8458],[70.6642,39.8555],[70.5671,39.8666],[70.4978,39.8824],[70.4828,39.8827],[70.4893,39.863],[70.5187,39.8282],[70.5596,39.7909],[70.6121,39.7868],[70.7017,39.8253]]]}},{"type":"Feature","properties":{"ADM0_A3":"KWT"},"geometry":{"type":"MultiPolygon","coordinates":[[[[48.2754,29.6243],[48.0814,29.7989],[48.1848,29.9789],[48.3482,29.7827],[48.2754,29.6243]]],[[[48.4425,28.5429],[47.6713,28.5332],[47.4332,28.9896],[46.5314,29.0962],[47.1482,30.001],[47.7539,30.0766],[47.9787,29.9828],[48.1435,29.5725],[47.9696,29.6167],[47.7227,29.393],[48.0515,29.3554],[48.4425,28.5429]]]]}},{"type":"Feature","properties":{"ADM0_A3":"KOS"},"geometry":{"type":"Polygon","coordinates":[[[20.3443,42.8279],[20.8006,43.2611],[21.3906,42.7514],[21.7521,42.6515],[21.5625,42.2475],[20.7781,42.071],[20.725,41.8735],[20.5785,41.8662],[20.4854,42.2234],[20.064,42.5473],[20.0543,42.7601],[20.3443,42.8279]]]}},{"type":"Feature","properties":{"ADM0_A3":"KIR"},"geometry":{"type":"MultiPolygon","coordinates":[[[[172.9696,3.1292],[172.9063,3.0959],[172.8871,3.1013],[172.9625,3.1488],[172.9622,3.1429],[172.9696,3.1292]]],[[[172.8442,3.0512],[172.7703,3.0125],[172.7505,3.0331],[172.7773,3.0339],[172.827,3.0711],[172.8871,3.074],[172.8803,3.0535],[172.8442,3.0512]]],[[[173.0188,1.8457],[173.0236,1.8226],[172.9666,1.8854],[172.9327,1.9259],[172.9348,1.9437],[172.9501,1.9325],[172.9691,1.9127],[172.9815,1.897],[173.0188,1.8457]]],[[[173.0294,1.7174],[172.9933,1.7131],[173.0204,1.7275],[173.0278,1.7473],[173.0236,1.8093],[173.0377,1.8044],[173.0427,1.7788],[173.0452,1.7416],[173.0294,1.7174]]],[[[173.0328,1.0131],[173.0865,0.9734],[173.0795,0.9462],[173.0614,0.9152],[172.9911,0.8354],[172.9699,0.8428],[173.0386,0.9147],[173.065,0.9627],[173.0256,0.9991],[173.01,0.991],[173.0037,0.991],[172.99,1.0251],[173.0037,1.0251],[173.0328,1.0131]]],[[[174.5087,-0.8018],[174.4764,-0.829],[174.4641,-0.8042],[174.4797,-0.7736],[174.4527,-0.6471],[174.4078,-0.6298],[174.3811,-0.5918],[174.394,-0.5918],[174.4388,-0.6266],[174.4748,-0.6422],[174.4954,-0.7257],[174.5087,-0.8018]]],[[[174.7732,-1.2119],[174.7789,-1.2634],[174.756,-1.2564],[174.7484,-1.2364],[174.741,-1.1846],[174.7168,-1.1337],[174.7441,-1.1474],[174.7666,-1.1871],[174.7732,-1.2119]]],[[[173.0384,1.3421],[173.0113,1.3384],[173.0286,1.3587],[173.1434,1.3813],[173.1533,1.3875],[173.1719,1.3751],[173.1715,1.3634],[173.1631,1.3575],[173.1063,1.3571],[173.0617,1.3463],[173.0384,1.3421]]],[[[169.5511,-0.8737],[169.5417,-0.876],[169.5229,-0.8656],[169.5256,-0.8526],[169.5387,-0.8469],[169.5553,-0.8565],[169.5511,-0.8737]]],[[[-172.2146,-4.5111],[-172.2083,-4.518],[-172.1939,-4.516],[-172.181,-4.5148],[-172.1888,-4.5217],[-172.2152,-4.5244],[-172.2283,-4.507],[-172.2122,-4.4939],[-172.1979,-4.4917],[-172.1964,-4.4954],[-172.1972,-4.4995],[-172.2039,-4.4995],[-172.2147,-4.5026],[-172.2146,-4.5111]]],[[[-171.0852,-3.1354],[-171.0898,-3.1433],[-171.0967,-3.1369],[-171.0917,-3.1251],[-171.0877,-3.115],[-171.081,-3.1204],[-171.0852,-3.1354]]],[[[-171.2332,-4.4635],[-171.243,-4.4681],[-171.2545,-4.4665],[-171.2618,-4.4598],[-171.262,-4.4492],[-171.2524,-4.4416],[-171.2394,-4.4441],[-171.2319,-4.4537],[-171.2332,-4.4635]]],[[[-174.5129,-4.6751],[-174.5011,-4.6884],[-174.501,-4.6947],[-174.5067,-4.6937],[-174.5239,-4.6896],[-174.5292,-4.6816],[-174.5167,-4.6868],[-174.5115,-4.6856],[-174.523,-4.674],[-174.5331,-4.6653],[-174.5407,-4.6617],[-174.5408,-4.6573],[-174.5314,-4.6595],[-174.5129,-4.6751]]],[[[-154.9563,-4.088],[-154.959,-4.0938],[-154.9711,-4.0858],[-154.9946,-4.0711],[-155.0146,-4.0549],[-155.015,-4.048],[-154.987,-4.0386],[-154.9512,-4.0311],[-154.9434,-4.0416],[-154.95,-4.056],[-154.9563,-4.088]]],[[[-151.7826,-11.441],[-151.7909,-11.4568],[-151.8067,-11.4513],[-151.816,-11.4312],[-151.8191,-11.4093],[-151.8133,-11.3918],[-151.8028,-11.3927],[-151.7911,-11.4144],[-151.7826,-11.441]]],[[[-155.8638,-5.6267],[-155.8871,-5.6318],[-155.9144,-5.6316],[-155.9279,-5.6186],[-155.9286,-5.6076],[-155.9194,-5.6075],[-155.9108,-5.6095],[-155.8723,-5.6113],[-155.8624,-5.6191],[-155.8638,-5.6267]]],[[[-157.3421,1.8556],[-157.2461,1.7317],[-157.579,1.9021],[-157.4358,1.8473],[-157.4419,2.025],[-157.3421,1.8556]]],[[[-159.3391,3.9235],[-159.2593,3.8392],[-159.2748,3.7966],[-159.3323,3.8005],[-159.3587,3.8153],[-159.3137,3.8227],[-159.3063,3.8384],[-159.3268,3.8632],[-159.3542,3.8805],[-159.3732,3.8805],[-159.3778,3.8466],[-159.409,3.8732],[-159.391,3.8996],[-159.369,3.917],[-159.3391,3.9235]]],[[[-171.6976,-2.7664],[-171.665,-2.7855],[-171.6396,-2.8112],[-171.6276,-2.847],[-171.6284,-2.8559],[-171.6474,-2.8556],[-171.6706,-2.8444],[-171.6873,-2.8298],[-171.6961,-2.8257],[-171.6983,-2.8223],[-171.6784,-2.8245],[-171.6554,-2.8398],[-171.6385,-2.8467],[-171.6397,-2.8292],[-171.6602,-2.7985],[-171.6727,-2.788],[-171.688,-2.7791],[-171.706,-2.7731],[-171.7182,-2.7786],[-171.7248,-2.7813],[-171.7276,-2.7741],[-171.7251,-2.7679],[-171.7189,-2.7614],[-171.6976,-2.7664]]]]}},{"type":"Feature","properties":{"ADM0_A3":"KEN"},"geometry":{"type":"MultiPolygon","coordinates":[[[[40.9944,-2.1584],[40.9573,-2.1673],[40.9765,-2.1098],[41.086,-2.0365],[41.1307,-2.053],[41.1393,-2.0698],[41.1368,-2.0851],[41.1182,-2.1001],[40.9944,-2.1584]]],[[[33.9032,-1.0021],[33.9432,0.1738],[34.4817,1.0421],[34.7986,1.2445],[34.9782,1.7736],[34.9058,2.4797],[34.4479,3.1635],[34.4377,3.6506],[34.165,3.813],[33.9761,4.2202],[35.2684,5.4923],[35.3253,5.3649],[35.745,5.344],[35.7631,4.808],[36.022,4.4681],[36.9056,4.4115],[38.0861,3.6488],[39.4944,3.4561],[39.8422,3.8515],[40.7652,4.273],[41.1404,3.963],[41.884,3.9777],[40.9645,2.8146],[40.9787,-0.8703],[41.5327,-1.6953],[41.2675,-1.945],[40.8897,-2.0235],[40.8982,-2.2699],[40.6441,-2.5395],[40.2225,-2.6884],[40.1154,-3.2506],[39.377,-4.6255],[39.1901,-4.6772],[37.7973,-3.6744],[37.6082,-3.4971],[37.6438,-3.0454],[33.9032,-1.0021]]]]}},{"type":"Feature","properties":{"ADM0_A3":"KAZ"},"geometry":{"type":"MultiPolygon","coordinates":[[[[50.1845,44.8546],[49.9951,44.937],[50.023,45.0447],[50.1099,45.0819],[50.0389,44.9491],[50.1845,44.8546]]],[[[50.3117,44.9721],[50.2772,44.9586],[50.2562,45.0224],[50.2949,45.0759],[50.3497,45.083],[50.3309,44.9984],[50.3117,44.9721]]],[[[52.6824,45.4118],[52.6648,45.4013],[52.5983,45.4282],[52.5543,45.474],[52.6089,45.528],[52.6596,45.5181],[52.693,45.4607],[52.6824,45.4118]]],[[[70.9468,42.2487],[69.1536,41.4252],[68.5841,40.8763],[68.5727,40.6227],[68.415,40.6194],[68.0477,40.8093],[68.1131,41.0286],[67.9357,41.1966],[66.7097,41.1791],[66.4986,41.9949],[66.0096,42.0049],[66.1003,42.9908],[65.803,42.877],[65.4962,43.3105],[64.9055,43.7147],[64.4432,43.5512],[63.207,43.628],[61.9902,43.4921],[61.0079,44.3938],[58.5553,45.5554],[55.9757,44.9949],[55.9774,41.3222],[55.4344,41.2963],[54.8538,41.9652],[54.121,42.3352],[53.0559,42.1478],[52.4938,41.7804],[52.5966,42.7602],[51.8982,42.8696],[51.616,43.1584],[51.2954,43.1741],[51.3018,43.4824],[50.8308,44.1928],[50.3312,44.3255],[50.2529,44.4615],[50.4095,44.624],[51.5436,44.531],[51.0094,44.9218],[51.4157,45.3579],[53.2004,45.332],[52.7738,45.5728],[53.1353,46.1917],[53.0694,46.8561],[52.4832,46.9907],[52.1383,46.8286],[51.178,47.1102],[49.8863,46.5957],[49.3475,46.5191],[49.2322,46.3372],[48.6102,46.5665],[48.5186,46.7343],[48.9594,46.7746],[48.167,47.7088],[47.2924,47.7409],[47.0933,47.9477],[47.0646,48.2325],[46.6609,48.4123],[46.7026,48.8056],[47.0313,49.1503],[46.8231,49.5022],[47.5036,50.4027],[47.7058,50.378],[48.335,49.8583],[48.759,49.9283],[48.8433,50.0131],[48.6251,50.6127],[49.3234,50.8517],[49.498,51.0836],[50.3093,51.3216],[50.7939,51.7292],[51.3445,51.4753],[52.2191,51.7094],[52.5712,51.4816],[53.3381,51.4824],[54.1397,51.0408],[54.5553,50.5358],[54.6416,51.0116],[55.6862,50.5829],[56.4914,51.0195],[57.0117,51.0652],[57.4422,50.8889],[57.8389,51.0917],[58.3592,51.0638],[58.8837,50.6944],[59.4523,50.6204],[59.523,50.4929],[60.0586,50.8503],[60.4248,50.6791],[60.9423,50.6955],[61.3895,50.861],[61.5547,51.3246],[60.4647,51.6512],[60.0303,51.9333],[60.9945,52.3369],[60.7744,52.6758],[61.0475,52.9725],[62.0827,53.0054],[61.1992,53.2872],[61.2289,53.4459],[61.535,53.5233],[60.9795,53.6217],[61.2311,54.0195],[61.9287,53.9465],[64.4612,54.3842],[65.0884,54.3402],[65.477,54.6233],[68.1559,54.9767],[68.2062,55.1609],[68.9772,55.3896],[70.1824,55.1625],[70.7381,55.3052],[71.1855,54.5993],[71.0932,54.2122],[72.0045,54.2057],[72.186,54.3256],[72.4468,53.9418],[72.6223,54.1343],[73.2299,53.9578],[73.6664,54.0635],[73.6789,53.9294],[73.3057,53.7072],[73.4069,53.4476],[73.859,53.6197],[74.3516,53.4876],[74.452,53.6473],[75.4372,54.0896],[76.8373,54.4424],[76.6546,54.1453],[76.4217,54.1515],[76.4848,54.0226],[77.86,53.2692],[79.9862,50.7746],[80.4236,50.9463],[80.448,51.1833],[80.7353,51.2934],[81.1272,51.1911],[81.0715,50.9688],[81.3883,50.9565],[81.4659,50.7398],[82.4939,50.7276],[83.3573,50.9946],[83.9451,50.7747],[84.3232,50.2392],[84.9895,50.0614],[85.2326,49.6158],[86.1809,49.4993],[86.6755,49.7773],[86.6265,49.5627],[87.3229,49.0858],[86.8083,49.0497],[86.5494,48.5286],[85.7494,48.3851],[85.526,47.9156],[85.6566,47.2546],[85.4848,47.0635],[84.7861,46.8307],[84.6666,46.9724],[83.0295,47.1859],[82.3152,45.5949],[82.6116,45.4243],[82.5215,45.1255],[81.9449,45.1608],[81.692,45.3494],[79.8719,44.8838],[80.4815,44.7146],[80.3551,44.552],[80.3553,44.0973],[80.7857,43.1616],[80.3902,43.0431],[80.539,42.8735],[80.2022,42.7345],[80.2094,42.19],[79.9211,42.4131],[79.4282,42.4835],[79.1267,42.7757],[76.9881,42.9736],[75.3662,42.837],[74.2091,43.2404],[73.5563,43.0028],[73.4219,42.5935],[73.493,42.409],[71.7605,42.8215],[71.2566,42.7335],[70.8929,42.34],[70.9468,42.2487]]]]}},{"type":"Feature","properties":{"ADM0_A3":"JOR"},"geometry":{"type":"Polygon","coordinates":[[[35.7873,32.7349],[36.3721,32.3869],[36.8184,32.3173],[38.7735,33.3722],[39.0414,32.3057],[39.2475,32.351],[39.2928,32.2438],[38.9623,31.9949],[36.9586,31.4915],[37.9801,30.5],[37.6499,30.331],[37.4692,29.9951],[36.7553,29.866],[36.0154,29.1905],[34.9508,29.3535],[35.1406,30.4209],[35.4393,31.1324],[35.5729,32.6409],[35.7873,32.7349]]]}},{"type":"Feature","properties":{"ADM0_A3":"JPN"},"geometry":{"type":"MultiPolygon","coordinates":[[[[133.3705,36.2039],[133.3247,36.1665],[133.2393,36.1788],[133.1899,36.2326],[133.2062,36.2934],[133.2957,36.3401],[133.3812,36.2464],[133.3705,36.2039]]],[[[138.344,37.8221],[138.2252,37.8294],[138.25,38.0785],[138.5036,38.3159],[138.4536,38.0757],[138.5752,38.0655],[138.344,37.8221]]],[[[134.9328,34.2881],[134.6679,34.2941],[135.0047,34.544],[134.9328,34.2881]]],[[[130.6228,30.263],[130.3881,30.3882],[130.6436,30.389],[130.6228,30.263]]],[[[130.9598,30.3969],[130.8703,30.4442],[131.0604,30.8285],[130.9598,30.3969]]],[[[130.0825,32.2297],[129.9602,32.2437],[130.0098,32.5216],[130.1678,32.5412],[130.0825,32.2297]]],[[[129.2795,34.1234],[129.2148,34.3207],[129.3371,34.2848],[129.2795,34.1234]]],[[[129.3856,34.3537],[129.2667,34.3705],[129.4511,34.6866],[129.3856,34.3537]]],[[[128.6653,32.7839],[128.8945,32.6521],[128.693,32.6047],[128.6653,32.7839]]],[[[130.3811,32.4237],[130.2417,32.4628],[130.4614,32.5157],[130.3811,32.4237]]],[[[141.0728,45.3329],[141.034,45.2693],[140.9821,45.3638],[140.9717,45.4655],[141.0017,45.4648],[141.0567,45.4496],[141.0699,45.4],[141.0728,45.3329]]],[[[141.2954,45.1193],[141.226,45.1122],[141.1453,45.1539],[141.1354,45.2062],[141.1937,45.2479],[141.2519,45.2325],[141.3101,45.1786],[141.3292,45.1505],[141.2954,45.1193]]],[[[139.4812,42.081],[139.4313,42.1996],[139.5584,42.2352],[139.4812,42.081]]],[[[134.3519,34.4836],[134.3332,34.4638],[134.3153,34.4689],[134.2519,34.423],[134.2381,34.467],[134.1883,34.4963],[134.1821,34.5192],[134.326,34.5344],[134.3723,34.5224],[134.3519,34.4836]]],[[[139.4564,34.7265],[139.4457,34.6795],[139.3924,34.6899],[139.3669,34.7205],[139.37,34.7754],[139.4262,34.7759],[139.4564,34.7265]]],[[[129.077,32.8403],[128.9973,32.9519],[129.1098,33.1326],[129.077,32.8403]]],[[[129.4918,33.223],[129.4214,33.1758],[129.3704,33.176],[129.417,33.2311],[129.4231,33.2574],[129.4619,33.3312],[129.538,33.3578],[129.5699,33.361],[129.5081,33.2843],[129.4918,33.223]]],[[[129.7957,33.7488],[129.6748,33.7397],[129.7173,33.8584],[129.7957,33.7488]]],[[[132.5784,34.1152],[132.5494,34.0751],[132.4609,34.0873],[132.4963,34.122],[132.5235,34.1641],[132.5435,34.1727],[132.5602,34.1269],[132.5784,34.1152]]],[[[132.266,33.9452],[132.3146,33.9086],[132.4305,33.9235],[132.4449,33.9132],[132.411,33.8799],[132.36,33.847],[132.2673,33.8715],[132.2088,33.8729],[132.2006,33.9278],[132.208,33.9478],[132.266,33.9452]]],[[[129.718,31.6571],[129.6868,31.6396],[129.7068,31.7183],[129.7873,31.7871],[129.7937,31.7425],[129.718,31.6571]]],[[[142.1882,26.6165],[142.1699,26.6157],[142.1071,26.7215],[142.1253,26.7265],[142.1617,26.71],[142.2021,26.6488],[142.1882,26.6165]]],[[[143.8243,44.117],[144.7152,43.928],[145.3695,44.3274],[145.1396,43.6625],[145.3408,43.3025],[145.833,43.3859],[144.9214,43.0009],[143.9693,42.8814],[143.4295,42.4189],[143.2365,42.0002],[141.8514,42.5791],[140.9861,42.3421],[140.4805,42.5594],[140.3267,42.2934],[141.151,41.8051],[140.6599,41.8156],[140.2701,41.456],[140.0366,41.4738],[140.1084,41.9129],[139.8354,42.2781],[139.8602,42.5817],[140.4322,42.9541],[140.3924,43.3031],[141.1382,43.1799],[141.3741,43.2796],[141.7609,44.4825],[141.583,45.156],[141.668,45.4013],[141.9377,45.5095],[142.8848,44.6701],[143.8243,44.117]]],[[[131.1746,33.6026],[131.6963,33.6028],[131.5374,33.2741],[131.8966,33.2546],[132.0021,32.8824],[131.6604,32.4656],[131.3372,31.4047],[131.0708,31.4369],[131.0984,31.2562],[130.6857,31.0151],[130.7763,31.7063],[130.5561,31.5631],[130.5888,31.1785],[130.1473,31.4085],[130.322,31.6015],[130.1944,32.0908],[130.6405,32.6192],[130.4979,32.6569],[130.5473,32.8316],[130.2375,33.1776],[130.1269,33.1048],[130.175,32.8513],[130.3265,32.8526],[130.3404,32.7019],[130.0541,32.7708],[129.7686,32.571],[129.6791,33.06],[129.9917,32.8516],[129.5801,33.2363],[130.7156,33.9278],[130.9531,33.872],[131.1746,33.6026]]],[[[134.3574,34.2563],[134.6375,34.2266],[134.7389,33.8205],[134.3771,33.6084],[134.1816,33.2472],[133.632,33.511],[133.2859,33.36],[132.8043,32.752],[132.4951,32.9166],[132.4128,33.4305],[132.0326,33.34],[132.6431,33.6899],[132.9352,34.0953],[133.1931,33.9332],[133.582,34.0171],[133.6026,34.2438],[133.9483,34.348],[134.3574,34.2563]]],[[[141.2293,41.3727],[141.4555,41.4047],[141.4305,40.7233],[141.7971,40.2912],[141.977,39.4288],[141.4675,38.4042],[141.1084,38.3379],[140.9621,38.1489],[141.0017,37.1146],[140.5735,36.2313],[140.874,35.725],[140.4574,35.5103],[140.3547,35.1814],[139.8439,34.9149],[139.8265,35.2967],[140.0969,35.5852],[139.8348,35.6581],[139.65,35.4091],[139.675,35.1493],[139.2494,35.278],[139.086,34.8392],[138.8375,34.6192],[138.8027,34.9748],[138.9036,35.0252],[138.7196,35.1241],[138.1891,34.5963],[137.0617,34.5828],[137.2752,34.7725],[136.9633,34.8349],[136.8713,34.7331],[136.8042,35.0503],[136.533,34.6784],[136.8803,34.4336],[136.8537,34.3241],[136.3299,34.1769],[135.9162,33.5617],[135.6953,33.487],[135.4528,33.5534],[135.1279,34.007],[135.1001,34.2884],[135.4159,34.6175],[134.74,34.7652],[133.1424,34.3024],[132.3126,34.325],[132.1465,33.8388],[131.7405,34.0521],[130.9188,33.9757],[131.0042,34.3926],[131.3544,34.4132],[132.9229,35.5113],[133.9812,35.5072],[135.1743,35.7471],[135.327,35.5255],[135.9031,35.6069],[136.0953,35.7676],[136.0675,36.1168],[136.6981,36.742],[136.8435,37.3821],[137.3227,37.5221],[136.8999,37.1177],[137.0167,36.8372],[137.2463,36.7532],[138.3199,37.2184],[138.8851,37.8439],[139.3639,38.099],[139.802,38.8816],[140.0647,39.6244],[139.9947,39.8551],[139.7415,39.9209],[140.0111,40.2604],[139.9667,40.6728],[140.2813,40.8461],[140.3859,41.2298],[140.6276,41.1954],[140.7486,40.8303],[141.1186,40.8823],[141.2442,41.2056],[140.8006,41.1388],[140.8019,41.2537],[140.9369,41.5056],[141.2293,41.3727]]],[[[124.2932,24.5159],[124.1357,24.3476],[124.0848,24.4358],[124.2932,24.5159]]],[[[123.8887,24.2801],[123.6798,24.3178],[123.7715,24.4145],[123.8887,24.2801]]],[[[125.4441,24.7432],[125.2689,24.7325],[125.2836,24.8719],[125.4441,24.7432]]],[[[128.2588,26.6528],[127.8671,26.4425],[127.8036,26.1525],[127.6531,26.0947],[127.9072,26.6936],[128.0977,26.6678],[128.2549,26.8819],[128.2588,26.6528]]],[[[128.9981,27.7208],[128.9563,27.7025],[128.9,27.7278],[128.8828,27.8424],[128.9076,27.898],[128.9517,27.9103],[128.9897,27.8111],[129.0164,27.7702],[128.9981,27.7208]]],[[[129.4525,28.209],[129.3664,28.1277],[129.1646,28.2498],[129.6896,28.5175],[129.4525,28.209]]],[[[129.324,28.1049],[129.3306,28.0816],[129.2324,28.1011],[129.1925,28.1925],[129.2574,28.1762],[129.2773,28.1447],[129.324,28.1049]]],[[[139.8411,33.0561],[139.8238,33.0455],[139.7757,33.0782],[139.7689,33.1072],[139.7774,33.1251],[139.8089,33.1292],[139.8736,33.0935],[139.8411,33.0561]]]]}},{"type":"Feature","properties":{"ADM0_A3":"JAM"},"geometry":{"type":"Polygon","coordinates":[[[-77.2615,18.4574],[-76.3499,18.1519],[-76.2108,17.9135],[-76.8532,17.9737],[-77.205,17.7149],[-77.7682,17.8774],[-78.326,18.3498],[-77.8734,18.5222],[-77.2615,18.4574]]]}},{"type":"Feature","properties":{"ADM0_A3":"ITA"},"geometry":{"type":"MultiPolygon","coordinates":[[[[7.0211,45.9258],[7.7879,45.9218],[8.4226,46.446],[8.4584,46.2459],[9.0237,45.8457],[9.3044,46.4956],[9.5287,46.3062],[9.9393,46.3618],[10.0806,46.228],[10.087,46.5999],[10.4307,46.55],[10.4528,46.8649],[10.9933,46.777],[11.2444,46.9757],[12.1694,47.0821],[12.3883,46.7026],[13.7,46.5203],[13.3782,46.2616],[13.6325,46.1771],[13.4877,45.9871],[13.8747,45.6148],[13.7198,45.5876],[13.6283,45.7709],[13.2063,45.7714],[12.2743,45.446],[12.2257,45.2415],[12.5234,44.968],[12.2483,44.7225],[12.3963,44.2239],[13.5642,43.5713],[14.0104,42.6896],[14.5407,42.2443],[15.1687,41.934],[16.1646,41.8962],[15.9005,41.5121],[17.955,40.6552],[18.4606,40.221],[18.3935,39.9036],[18.0779,39.937],[17.865,40.2802],[17.18,40.5028],[16.9282,40.4581],[16.5219,39.7476],[17.1146,39.3806],[17.1746,38.9981],[16.6167,38.8001],[16.5456,38.4091],[16.0568,37.9418],[15.7245,37.9391],[15.6431,38.1754],[15.8224,38.303],[15.927,38.6717],[16.1968,38.7592],[16.21,38.9411],[15.6928,39.9902],[14.9509,40.239],[14.7657,40.6684],[14.3399,40.5988],[14.4605,40.7287],[14.0443,40.8123],[13.7334,41.2356],[13.0887,41.2438],[11.6373,42.2875],[11.1032,42.4166],[11.1678,42.5352],[10.5148,42.9675],[10.2458,43.8521],[10.0477,44.02],[8.7658,44.4223],[8.005,43.8768],[7.4932,43.7671],[7.6372,44.1648],[7.3186,44.138],[6.9002,44.3357],[6.9927,44.8273],[6.6348,45.0682],[7.1464,45.3817],[6.7909,45.7409],[7.0211,45.9258]],[[12.4392,41.8984],[12.4384,41.9062],[12.4306,41.9055],[12.4275,41.9007],[12.4306,41.8976],[12.4392,41.8984]],[[12.4853,43.9014],[12.5146,43.953],[12.5037,43.9897],[12.4411,43.9824],[12.3969,43.9346],[12.4264,43.8941],[12.4853,43.9014]]],[[[10.3951,42.8582],[10.4193,42.7132],[10.1098,42.7851],[10.3951,42.8582]]],[[[13.9383,40.7056],[13.8937,40.697],[13.8677,40.7087],[13.8535,40.7241],[13.8712,40.7618],[13.9621,40.7394],[13.9608,40.7182],[13.9383,40.7056]]],[[[12.0513,36.757],[12.0033,36.746],[11.9406,36.7804],[11.9364,36.8286],[11.948,36.8431],[12.0242,36.8209],[12.048,36.7764],[12.0513,36.757]]],[[[15.5766,38.2203],[15.0995,37.4586],[15.2957,37.0552],[15.1126,36.6878],[14.5019,36.7987],[14.2591,37.0464],[12.6402,37.5943],[12.4355,37.8198],[12.7344,38.1831],[12.9027,38.0349],[13.2911,38.1915],[13.7889,37.9812],[15.5766,38.2203]]],[[[9.632,40.882],[9.8053,40.4996],[9.643,40.2684],[9.5625,39.166],[9.0563,39.2392],[8.9666,38.9637],[8.6485,38.9266],[8.4182,39.2057],[8.5478,39.8392],[8.4078,39.9172],[8.4713,40.2927],[8.1899,40.6516],[8.2242,40.9133],[8.5719,40.8502],[9.2284,41.2571],[9.632,40.882]]],[[[8.4789,39.0675],[8.4215,38.9687],[8.3586,39.0988],[8.4789,39.0675]]],[[[8.286,41.0398],[8.2527,40.9941],[8.2057,40.9975],[8.224,41.0313],[8.2674,41.0991],[8.3202,41.1219],[8.3438,41.1016],[8.3189,41.0627],[8.286,41.0398]]]]}},{"type":"Feature","properties":{"ADM0_A3":"ISR"},"geometry":{"type":"Polygon","coordinates":[[[35.8407,33.4157],[35.888,32.9444],[35.5729,32.6409],[35.5515,32.3955],[35.1933,32.5344],[34.956,32.1609],[34.9611,31.8233],[35.2037,31.75],[34.951,31.6023],[34.8805,31.3682],[35.4506,31.4793],[34.9043,29.4773],[34.2453,31.2083],[34.5256,31.5256],[35.1086,33.0837],[35.4112,33.0757],[35.8407,33.4157]]]}},{"type":"Feature","properties":{"ADM0_A3":"PSX"},"geometry":{"type":"MultiPolygon","coordinates":[[[[34.4773,31.5849],[34.2453,31.2083],[34.1981,31.3226],[34.4773,31.5849]]],[[[35.5515,32.3955],[35.4506,31.4793],[34.8805,31.3682],[34.951,31.6023],[35.2037,31.75],[34.9538,31.8413],[35.065,32.4604],[35.1933,32.5344],[35.5515,32.3955]]]]}},{"type":"Feature","properties":{"ADM0_A3":"IRL"},"geometry":{"type":"MultiPolygon","coordinates":[[[[-9.9482,53.9131],[-9.9524,53.8846],[-10.0265,53.9206],[-10.0625,53.9597],[-10.2657,53.9777],[-10.1811,54.0168],[-10.1397,54.0052],[-9.9964,54.0036],[-9.9562,53.9872],[-9.9482,53.9131]]],[[[-7.2187,55.092],[-7.5504,54.768],[-7.9106,54.6983],[-7.7544,54.5949],[-8.1448,54.4535],[-7.6065,54.1438],[-7.3245,54.1334],[-7.0077,54.4067],[-6.6498,54.0586],[-6.1757,54.0535],[-6.3476,53.9413],[-6.0274,52.9271],[-6.4632,52.3454],[-6.325,52.2467],[-6.9658,52.2495],[-8.0578,51.8256],[-8.4092,51.8888],[-8.4078,51.7121],[-9.2965,51.4982],[-9.8354,51.4834],[-9.5798,51.6893],[-10.1208,51.6007],[-9.5988,51.8744],[-10.3411,51.7989],[-9.9097,52.1229],[-10.3567,52.2069],[-9.7721,52.2501],[-9.9061,52.4037],[-9.6322,52.5469],[-8.7834,52.6796],[-8.9903,52.7554],[-9.9166,52.5697],[-9.4649,52.8232],[-9.2992,53.0976],[-8.9301,53.2071],[-10.0913,53.4128],[-10.117,53.5485],[-9.7207,53.6045],[-9.9016,53.7272],[-9.5782,53.8054],[-9.9141,53.8637],[-9.8564,54.0954],[-10.0927,54.1558],[-10.0564,54.2578],[-8.5456,54.2412],[-8.6231,54.3469],[-8.1334,54.6408],[-8.7639,54.6812],[-8.3773,54.8895],[-8.2746,55.1463],[-7.6671,55.2565],[-7.5566,55.1222],[-7.6587,54.9709],[-7.3088,55.3658],[-6.9617,55.2379],[-7.2187,55.092]]]]}},{"type":"Feature","properties":{"ADM0_A3":"IRQ"},"geometry":{"type":"Polygon","coordinates":[[[42.359,37.1086],[42.7746,37.3719],[43.6758,37.2272],[44.1145,37.3019],[44.2818,36.978],[44.731,37.1653],[45.3616,36.0153],[46.2734,35.7732],[45.995,35.6081],[46.1338,35.1276],[45.6781,34.7984],[45.6375,34.5738],[45.5008,34.5816],[45.5428,34.2155],[45.3971,33.9708],[46.0199,33.4157],[46.1128,32.9577],[47.3713,32.4237],[47.83,31.7944],[47.6795,31.0024],[48.0106,30.9898],[48.0149,30.4656],[48.5465,29.9624],[47.2232,30.0415],[46.5314,29.0962],[44.7165,29.1936],[42.0744,31.0804],[40.3693,31.939],[39.1454,32.1245],[39.2928,32.2438],[39.2475,32.351],[39.0414,32.3057],[38.7735,33.3722],[40.987,34.4291],[41.1947,34.769],[41.3541,35.6404],[41.296,36.3834],[41.7886,36.5972],[42.359,37.1086]]]}},{"type":"Feature","properties":{"ADM0_A3":"IRN"},"geometry":{"type":"MultiPolygon","coordinates":[[[[56.188,26.9211],[55.9543,26.7011],[55.295,26.6392],[55.7626,26.812],[55.7576,26.9477],[56.188,26.9211]]],[[[53.9142,37.3436],[54.6994,37.4702],[54.9001,37.7779],[55.3809,38.0511],[56.2721,38.0804],[56.4406,38.2494],[57.1936,38.2164],[57.3537,37.9733],[58.2616,37.6658],[58.8154,37.6835],[59.3018,37.5106],[59.455,37.2528],[60.0628,36.9629],[60.3413,36.6376],[61.1699,36.5723],[61.2785,35.5138],[61.1,35.2723],[61.0801,34.8556],[60.7263,34.5183],[60.8895,34.3194],[60.6427,34.3072],[60.4857,34.0948],[60.4859,33.7119],[60.917,33.5052],[60.5605,33.1378],[60.8293,32.2494],[60.8207,31.4952],[61.6602,31.3824],[61.8108,30.9133],[60.8434,29.8587],[61.8898,28.5465],[62.758,28.2436],[62.7527,27.2656],[63.3052,27.1246],[63.1578,26.6498],[62.4393,26.561],[61.8424,26.2259],[61.5879,25.2023],[61.4122,25.1021],[60.6639,25.2822],[60.5105,25.4371],[60.4002,25.3116],[59.4561,25.4815],[59.0461,25.4173],[57.3346,25.7916],[57.036,26.8007],[56.7281,27.1277],[56.1181,27.1431],[54.6449,26.5089],[54.2471,26.6966],[53.7058,26.7256],[52.6916,27.3234],[52.4759,27.6165],[51.5891,27.8642],[51.2789,28.1313],[50.8758,29.0627],[50.6752,29.1466],[50.6496,29.4201],[50.0716,30.1985],[49.5549,30.029],[49.0281,30.3334],[49.2245,30.4723],[49.002,30.5065],[48.8701,30.0624],[48.4346,30.0376],[48.3311,30.2854],[48.0149,30.4656],[48.0106,30.9898],[47.6795,31.0024],[47.83,31.7944],[47.3713,32.4237],[46.1128,32.9577],[46.0199,33.4157],[45.3971,33.9708],[45.5428,34.2155],[45.5008,34.5816],[45.6375,34.5738],[45.6781,34.7984],[46.1338,35.1276],[45.995,35.6081],[46.2734,35.7732],[45.3616,36.0153],[44.8809,36.7993],[44.7941,37.2904],[44.574,37.4354],[44.5899,37.7104],[44.2229,37.8802],[44.4499,38.3342],[44.2985,38.3863],[44.2717,38.836],[44.0232,39.3774],[44.3894,39.4221],[44.5871,39.7686],[45.4797,39.0063],[46.1701,38.869],[46.5548,38.9044],[47.9959,39.6839],[48.3222,39.3991],[48.1044,39.2411],[48.2921,39.0188],[47.9965,38.8538],[48.5927,38.4111],[48.8687,38.4355],[49.081,37.6676],[50.1305,37.4071],[50.5332,37.0137],[51.1186,36.7426],[52.1901,36.6217],[53.7677,36.9303],[53.9154,36.9303],[53.6795,36.8531],[53.9701,36.8183],[53.9142,37.3436]]]]}},{"type":"Feature","properties":{"ADM0_A3":"IDN"},"geometry":{"type":"MultiPolygon","coordinates":[[[[97.4815,1.4651],[97.9319,0.9739],[97.8204,0.5645],[97.0792,1.4255],[97.4815,1.4651]]],[[[99.1639,-1.7779],[98.8277,-1.61],[98.6018,-1.1979],[98.6761,-0.9705],[98.9326,-0.954],[99.2673,-1.6277],[99.1639,-1.7779]]],[[[116.6408,-8.6139],[116.5865,-8.8861],[115.8573,-8.7879],[116.0765,-8.7449],[116.0611,-8.4374],[116.4016,-8.2042],[116.7189,-8.336],[116.6408,-8.6139]]],[[[115.4479,-8.1552],[115.7043,-8.4071],[115.1449,-8.849],[115.0551,-8.573],[114.6132,-8.3783],[114.4676,-8.1663],[115.154,-8.0657],[115.4479,-8.1552]]],[[[106.0457,-1.6694],[106.3659,-2.4648],[106.8185,-2.5733],[106.612,-2.8955],[106.6672,-3.0718],[105.9987,-2.8249],[105.7858,-2.1813],[105.1334,-2.0426],[105.4596,-1.5747],[105.5854,-1.5268],[105.7009,-1.7311],[105.7204,-1.5339],[105.9101,-1.505],[106.0457,-1.6694]]],[[[123.1798,-4.5512],[123.1957,-4.8227],[123.0552,-4.7482],[122.9717,-5.1385],[123.1873,-5.333],[122.9688,-5.4058],[122.8121,-5.6713],[122.645,-5.6634],[122.5864,-5.4889],[122.7665,-5.2102],[122.8533,-4.6184],[123.0746,-4.3869],[123.1798,-4.5512]]],[[[122.6451,-5.2694],[122.5639,-5.3875],[122.2831,-5.3195],[122.3689,-4.7672],[122.702,-4.6187],[122.6451,-5.2694]]],[[[108.316,3.6896],[108.1004,3.7045],[108.2433,3.8104],[108.0023,3.9829],[108.2483,4.2171],[108.3929,3.9862],[108.316,3.6896]]],[[[108.2072,-2.9977],[108.0553,-3.2269],[107.8582,-3.0863],[107.6145,-3.2094],[107.6663,-2.5663],[108.2151,-2.697],[108.2072,-2.9977]]],[[[135.383,-0.6514],[135.8936,-0.7258],[136.3753,-1.094],[135.915,-1.1784],[135.7471,-0.823],[135.6457,-0.8819],[135.383,-0.6514]]],[[[135.4742,-1.5918],[136.8926,-1.7997],[136.2281,-1.8937],[135.4742,-1.5918]]],[[[130.8133,-0.0041],[131.2769,-0.1498],[131.2575,-0.3657],[130.9465,-0.3376],[130.6835,-0.0807],[130.8963,-0.416],[130.2366,-0.2097],[130.8133,-0.0041]]],[[[128.4539,2.0518],[128.2959,2.0347],[128.218,2.2975],[128.6021,2.5976],[128.6232,2.2244],[128.4539,2.0518]]],[[[128.153,-1.6605],[127.5616,-1.7285],[127.395,-1.5898],[127.6467,-1.3324],[128.153,-1.6605]]],[[[126.0551,-2.4513],[126.0379,-2.4694],[125.9779,-2.4154],[125.9376,-2.2628],[125.9032,-2.2222],[125.8629,-2.0771],[125.8732,-2.0359],[125.9228,-1.9748],[125.9628,-1.9758],[125.9927,-2.0118],[125.976,-2.1681],[126.0657,-2.3658],[126.0551,-2.4513]]],[[[126.0242,-1.7897],[126.3317,-1.8229],[125.9564,-1.9166],[125.3872,-1.8431],[126.0242,-1.7897]]],[[[124.9695,-1.7055],[125.1879,-1.7129],[125.3141,-1.8771],[124.4178,-2.0052],[124.3297,-1.8589],[124.4176,-1.6593],[124.9695,-1.7055]]],[[[131.3256,-7.9995],[131.1138,-7.9974],[131.1378,-7.6849],[131.6435,-7.1128],[131.7361,-7.1971],[131.6244,-7.6262],[131.3256,-7.9995]]],[[[126.801,-7.6679],[126.4721,-7.9504],[125.7982,-7.9846],[125.9753,-7.6634],[126.6096,-7.5718],[126.801,-7.6679]]],[[[124.5756,-8.1408],[125.0503,-8.1796],[125.1317,-8.3265],[124.4442,-8.4446],[124.3936,-8.253],[124.5756,-8.1408]]],[[[131.0019,-1.3155],[130.7823,-1.2555],[130.6729,-0.9598],[131.033,-0.9176],[131.0019,-1.3155]]],[[[96.4926,5.2293],[97.5472,5.2059],[98.2484,4.4146],[98.3073,4.0929],[99.7323,3.1831],[100.5238,2.1892],[100.8879,1.9482],[100.8282,2.2426],[101.0462,2.2575],[101.4767,1.6931],[102.0199,1.4421],[102.3899,0.842],[102.9493,0.6642],[103.0075,0.4153],[102.55,0.2165],[103.339,0.5137],[103.6727,0.2889],[103.7867,0.047],[103.4285,-0.1918],[103.4386,-0.5756],[103.7211,-0.8867],[104.3605,-1.0384],[104.5159,-1.8194],[104.8452,-2.093],[104.6508,-2.5952],[104.9708,-2.3709],[105.397,-2.3802],[106.0443,-3.1063],[105.8438,-3.6137],[105.8872,-5.0096],[105.7483,-5.8183],[105.3494,-5.5495],[105.0813,-5.7455],[104.6396,-5.5204],[104.6016,-5.9046],[103.8314,-5.0796],[102.5377,-4.1521],[102.1275,-3.5992],[101.5786,-3.167],[100.8896,-2.2485],[100.2891,-0.7988],[99.6698,0.0451],[99.1592,0.3518],[98.5953,1.8646],[97.7008,2.3585],[97.5908,2.8466],[96.9689,3.5751],[96.4447,3.8163],[95.4319,4.865],[95.2066,5.284],[95.2796,5.5929],[95.7373,5.5793],[96.1333,5.2943],[96.4926,5.2293]]],[[[122.7829,-8.6117],[121.0353,-8.9354],[120.5505,-8.8019],[119.9094,-8.8576],[119.8079,-8.6977],[119.8748,-8.4198],[120.6103,-8.2404],[121.4445,-8.5778],[121.9665,-8.4552],[122.3232,-8.6283],[122.8505,-8.3044],[122.8457,-8.0933],[123.006,-8.3291],[122.7829,-8.6117]]],[[[120.0125,-9.3747],[120.5556,-9.719],[120.8042,-10.1085],[120.4392,-10.294],[119.6011,-9.7735],[119.0424,-9.669],[118.9588,-9.5193],[119.1856,-9.3845],[120.0125,-9.3747]]],[[[118.2424,-8.3178],[118.6119,-8.2807],[118.7139,-8.4149],[118.9262,-8.2977],[119.0789,-8.7305],[118.427,-8.8555],[118.3789,-8.6746],[117.5079,-9.0075],[117.0613,-9.099],[116.7885,-9.0063],[116.8351,-8.5324],[117.1648,-8.3672],[117.5671,-8.4264],[117.9695,-8.728],[118.2349,-8.5919],[117.8148,-8.3421],[117.7553,-8.1495],[118.1175,-8.1223],[118.2424,-8.3178]]],[[[124.8889,0.9953],[124.4275,0.4706],[123.7538,0.3055],[123.2654,0.3266],[122.9969,0.4935],[120.579,0.5283],[120.1923,0.2685],[120.0133,-0.1962],[120.0629,-0.5556],[120.6674,-1.3701],[121.1485,-1.3395],[121.5756,-0.8285],[121.9696,-0.9333],[122.28,-0.757],[122.8888,-0.7552],[122.8295,-0.6589],[123.1715,-0.5707],[123.4342,-0.7782],[123.3779,-1.0041],[122.9028,-0.901],[122.2507,-1.5553],[121.651,-1.8954],[121.3555,-1.8782],[122.2917,-2.9076],[122.399,-3.2009],[122.2529,-3.6204],[122.6896,-4.0845],[122.8479,-4.0646],[122.8723,-4.392],[122.1143,-4.5402],[122.0381,-4.8324],[121.5887,-4.7596],[121.4865,-4.5811],[121.6181,-4.0927],[120.8918,-3.5206],[121.0521,-2.7517],[120.6536,-2.6676],[120.261,-2.9493],[120.4366,-3.7073],[120.2793,-5.1461],[120.4304,-5.591],[119.5574,-5.611],[119.3604,-5.3142],[119.6236,-4.0344],[119.4675,-3.513],[118.9946,-3.5376],[118.8677,-3.398],[118.7833,-2.7208],[119.0922,-2.4829],[119.3219,-1.9297],[119.309,-1.4082],[119.5082,-0.9067],[119.7113,-0.6808],[119.8443,-0.8619],[119.7219,-0.0885],[120.2695,0.9708],[120.6025,0.8544],[120.868,1.2528],[121.0817,1.3276],[121.5918,1.068],[122.4366,1.0181],[122.8383,0.8457],[123.0665,0.9418],[123.9308,0.8504],[124.9893,1.701],[125.2338,1.5023],[124.8889,0.9953]]],[[[107.3739,-6.0076],[107.6668,-6.2158],[108.3302,-6.286],[108.6778,-6.7905],[110.4263,-6.9473],[110.8348,-6.4242],[111.1815,-6.6867],[111.5403,-6.6482],[112.5393,-6.9265],[112.7943,-7.3045],[112.7945,-7.5524],[113.0136,-7.6577],[114.0707,-7.633],[114.4093,-7.7925],[114.3869,-8.4052],[114.5838,-8.7696],[113.2533,-8.2867],[112.6788,-8.4092],[111.51,-8.3051],[109.2816,-7.7049],[108.2205,-7.7823],[106.4553,-7.3687],[106.5197,-7.0537],[105.9443,-6.859],[105.2555,-6.8353],[105.2734,-6.7294],[105.4837,-6.7815],[106.075,-5.9142],[106.8252,-6.0982],[107.0463,-5.9042],[107.3739,-6.0076]]],[[[109.6289,2.0275],[109.539,1.8962],[109.654,1.6149],[110.5058,0.862],[111.1014,1.0505],[111.809,1.0117],[112.0785,1.1434],[112.1857,1.4391],[112.4762,1.5591],[112.943,1.567],[113.0065,1.4339],[113.6223,1.2359],[113.9023,1.4343],[114.5125,1.452],[114.8306,1.98],[114.7864,2.2505],[115.1791,2.5232],[115.1176,2.8949],[115.4544,3.0343],[115.6788,4.193],[115.8607,4.348],[117.1006,4.3371],[117.5744,4.1706],[117.4653,4.0761],[117.7772,3.6893],[117.056,3.6227],[117.3463,3.4266],[117.3524,3.1938],[117.6106,3.0644],[117.5691,2.9293],[118.0666,2.3178],[117.7893,2.0269],[118.985,0.9821],[118.5348,0.8135],[117.9116,1.0987],[117.9643,0.8896],[117.7451,0.7296],[117.5222,0.2359],[117.5625,-0.7709],[116.914,-1.2236],[116.7398,-1.0442],[116.7534,-1.3273],[116.2755,-1.7849],[116.4243,-1.7849],[116.452,-1.9231],[116.314,-2.1398],[116.5654,-2.2997],[116.5293,-2.5105],[116.3168,-2.5519],[116.3307,-2.9021],[116.1663,-2.9346],[116.2572,-3.1264],[115.9562,-3.595],[114.6936,-4.1697],[114.5256,-3.3767],[114.3443,-3.4444],[114.3443,-3.2352],[113.7051,-3.4553],[113.6101,-3.1957],[113.3432,-3.2465],[113.034,-2.9335],[112.9715,-3.1871],[112.758,-3.3222],[112.285,-3.321],[111.8581,-3.5519],[111.6947,-2.8895],[110.9301,-3.0711],[110.8993,-2.9086],[110.7031,-3.0209],[110.574,-2.8914],[110.2561,-2.9661],[110.0966,-2.0014],[109.9599,-1.8628],[109.9833,-1.2748],[109.7874,-1.0113],[109.2588,-0.8074],[109.3728,-0.6382],[109.1211,-0.3909],[109.2575,0.0312],[108.9445,0.3557],[108.9168,0.9126],[109.1315,1.2539],[109.0103,1.2396],[109.0759,1.4959],[109.3785,1.9227],[109.6289,2.0275]]],[[[127.7327,0.8481],[127.8811,0.8321],[128.2225,1.4006],[128.6884,1.5726],[128.7026,1.1064],[128.2606,0.7338],[128.8996,0.2163],[127.9831,0.4719],[127.8874,0.2983],[127.9778,-0.2483],[128.4255,-0.8927],[128.0464,-0.7061],[127.6916,-0.2419],[127.608,0.8482],[127.4285,1.14],[127.6317,1.8437],[128.0364,2.199],[127.8868,1.833],[128.0117,1.3317],[127.6528,1.0139],[127.7327,0.8481]]],[[[129.7547,-2.8658],[130.5699,-3.1309],[130.86,-3.5703],[130.8051,-3.8577],[129.8441,-3.3271],[129.5117,-3.3285],[129.4677,-3.4532],[128.8625,-3.235],[128.5166,-3.4491],[128.132,-3.1574],[127.9023,-3.4963],[127.8779,-3.2221],[128.1985,-2.8659],[129.7547,-2.8658]]],[[[126.8611,-3.0879],[127.2442,-3.4711],[127.2296,-3.633],[126.9409,-3.7646],[126.5467,-3.7717],[126.0565,-3.421],[126.0883,-3.1055],[126.8611,-3.0879]]],[[[124.9223,-8.9425],[124.9368,-9.0534],[125.149,-9.0426],[124.9602,-9.2138],[125.0682,-9.5119],[124.9631,-9.6656],[124.4275,-10.1486],[123.6441,-10.3109],[123.7094,-9.6148],[124.0363,-9.3416],[124.3193,-9.4138],[124.4444,-9.1903],[124.9223,-8.9425]]],[[[134.747,-5.707],[134.7142,-6.2951],[134.4411,-6.3349],[134.1549,-6.0629],[134.3431,-5.833],[134.2054,-5.7072],[134.5708,-5.4273],[134.747,-5.707]]],[[[134.5368,-6.4423],[134.3228,-6.8487],[134.0908,-6.8338],[134.1146,-6.1908],[134.5368,-6.4423]]],[[[138.5354,-8.2736],[138.2963,-8.4052],[137.6504,-8.3861],[138.0818,-7.5662],[138.7698,-7.3904],[138.9891,-7.6961],[138.5354,-8.2736]]],[[[140.9734,-2.6098],[140.975,-6.3461],[140.8623,-6.74],[140.9752,-6.9054],[140.9762,-9.1188],[140.0029,-8.1955],[140.117,-7.9237],[139.9348,-8.1012],[139.3856,-8.1891],[139.2488,-7.9824],[138.8906,-8.2378],[139.088,-7.5872],[138.7479,-7.2515],[139.1769,-7.1904],[138.6014,-6.9365],[138.8646,-6.8584],[138.4387,-6.3434],[138.2963,-5.949],[138.3746,-5.8437],[138.1996,-5.807],[138.3396,-5.6757],[138.0871,-5.7092],[138.0608,-5.4652],[137.2798,-4.9454],[135.9797,-4.5309],[135.1956,-4.4507],[134.6797,-4.0791],[134.8865,-3.9385],[133.9738,-3.818],[133.6783,-3.4795],[133.8415,-3.0548],[133.5182,-3.4119],[133.4009,-3.899],[133.2487,-4.0623],[132.9145,-4.0569],[132.7514,-3.2946],[131.9712,-2.7886],[132.2307,-2.6804],[132.725,-2.7891],[133.191,-2.4378],[133.7001,-2.6246],[133.9049,-2.3909],[133.791,-2.2937],[133.9216,-2.1021],[132.3076,-2.2423],[132.0234,-1.9903],[131.9304,-1.5597],[130.9959,-1.4247],[131.2572,-0.8555],[132.3938,-0.3555],[132.8564,-0.4174],[133.4727,-0.7262],[133.9745,-0.7443],[134.2596,-1.363],[134.1059,-1.721],[134.1948,-2.3091],[134.46,-2.8323],[134.4833,-2.583],[134.6274,-2.5367],[134.8868,-3.2099],[135.2516,-3.3686],[135.4866,-3.3451],[135.8592,-2.9953],[136.3899,-2.2733],[137.0721,-2.1051],[137.1234,-1.8409],[137.8063,-1.4832],[139.7896,-2.3482],[140.9734,-2.6098]]],[[[138.8951,-8.3887],[138.5634,-8.3091],[138.7962,-8.1736],[138.8951,-8.3887]]],[[[101.7081,2.0784],[101.7194,1.7892],[101.5008,1.7332],[101.4097,2.0217],[101.7081,2.0784]]],[[[102.4271,0.9901],[102.2796,1.0757],[102.2563,1.3971],[102.4429,1.2342],[102.4271,0.9901]]],[[[102.4919,1.4592],[102.4994,1.3309],[102.024,1.608],[102.4919,1.4592]]],[[[103.0275,0.7466],[102.4904,0.8566],[102.5066,1.0888],[103.0275,0.7466]]],[[[103.1664,0.8702],[102.7019,1.0537],[102.7256,1.1588],[103.1664,0.8702]]],[[[103.2845,0.5419],[103.1396,0.5491],[103.1874,0.6998],[103.2845,0.5419]]],[[[103.4502,0.6645],[103.4297,0.6509],[103.3444,0.7779],[103.3657,0.8511],[103.3861,0.8696],[103.4331,0.825],[103.4703,0.7781],[103.4975,0.7227],[103.4502,0.6645]]],[[[104.0248,1.1806],[104.1398,1.1656],[104.0661,0.9896],[103.9322,1.0714],[104.0248,1.1806]]],[[[104.5854,1.2161],[104.5752,0.8319],[104.4393,1.0504],[104.252,1.0149],[104.5854,1.2161]]],[[[104.7786,-0.176],[105.0054,-0.2828],[104.9143,-0.3233],[104.4471,-0.1892],[104.5427,0.0177],[104.7786,-0.176]]],[[[104.4742,-0.3347],[104.5901,-0.4666],[104.3632,-0.6586],[104.2571,-0.4633],[104.4742,-0.3347]]],[[[103.7365,-0.3479],[103.4613,-0.3576],[103.5489,-0.2275],[103.7365,-0.3479]]],[[[109.7103,-1.1807],[109.4637,-1.2775],[109.476,-0.9854],[109.7434,-1.0394],[109.7103,-1.1807]]],[[[113.8445,-7.1054],[113.127,-7.2241],[112.7259,-7.0728],[112.8681,-6.8999],[113.9747,-6.873],[114.083,-6.9894],[113.8445,-7.1054]]],[[[134.9653,-1.116],[134.9174,-1.1343],[134.8617,-1.1142],[134.8089,-1.0376],[134.8279,-0.9788],[134.8893,-0.9385],[134.9408,-0.9789],[134.9567,-1.0306],[134.9963,-1.0341],[134.9653,-1.116]]],[[[127.2499,-0.4953],[127.1191,-0.5205],[127.1265,-0.2786],[127.29,-0.2844],[127.2499,-0.4953]]],[[[127.567,-0.3189],[127.6824,-0.4684],[127.605,-0.6102],[127.8802,-0.8087],[127.7611,-0.8837],[127.4627,-0.806],[127.3,-0.5003],[127.3251,-0.3358],[127.567,-0.3189]]],[[[132.9263,-5.9021],[132.845,-5.988],[132.9217,-5.7853],[132.9377,-5.6826],[133.0088,-5.6214],[133.1146,-5.3106],[133.1385,-5.3179],[133.1729,-5.3481],[133.1196,-5.576],[132.9711,-5.7358],[132.9263,-5.9021]]],[[[132.8071,-5.8508],[132.6814,-5.9126],[132.6302,-5.607],[132.8071,-5.8508]]],[[[128.2756,-3.6746],[127.925,-3.6993],[128.2644,-3.5123],[128.2756,-3.6746]]],[[[126.8166,4.0335],[126.7045,4.071],[126.7573,4.5479],[126.9211,4.291],[126.8166,4.0335]]],[[[125.6581,3.436],[125.5115,3.4611],[125.4688,3.7333],[125.6581,3.436]]],[[[130.8622,-8.3187],[131.0201,-8.0913],[131.1764,-8.1308],[130.8622,-8.3187]]],[[[129.8389,-7.9546],[129.7135,-8.0407],[129.609,-7.8034],[129.813,-7.8197],[129.8389,-7.9546]]],[[[127.8234,-8.0988],[128.1192,-8.1707],[128.0235,-8.2554],[127.8234,-8.0988]]],[[[130.3533,-1.6905],[130.4188,-1.9713],[130.248,-2.0478],[129.7377,-1.8669],[130.3533,-1.6905]]],[[[102.3672,-5.4787],[102.1107,-5.3226],[102.3718,-5.3664],[102.3672,-5.4787]]],[[[100.4251,-3.1829],[100.2043,-2.9868],[100.1985,-2.7855],[100.4546,-3.002],[100.4251,-3.1829]]],[[[100.2041,-2.741],[100.0149,-2.8197],[99.9879,-2.5254],[100.2041,-2.741]]],[[[99.8431,-2.3431],[99.607,-2.2575],[99.5722,-2.0258],[99.8431,-2.3431]]],[[[98.4593,-0.5305],[98.3097,-0.5318],[98.4271,-0.2265],[98.3229,-0.0008],[98.5441,-0.2576],[98.4593,-0.5305]]],[[[96.4637,2.36],[95.8086,2.6556],[95.7172,2.826],[95.8958,2.8891],[96.4637,2.36]]],[[[122.043,-5.438],[121.8085,-5.2562],[121.9137,-5.0723],[122.041,-5.1588],[122.043,-5.438]]],[[[123.2123,-1.1713],[123.2378,-1.3894],[123.4348,-1.2368],[123.5119,-1.4474],[123.2749,-1.4372],[123.1729,-1.616],[123.1504,-1.3045],[122.8904,-1.5872],[122.908,-1.1822],[123.2123,-1.1713]]],[[[121.8644,-0.4068],[121.8812,-0.5026],[121.6553,-0.5262],[121.8644,-0.4068]]],[[[120.5283,-6.2984],[120.4873,-6.4648],[120.468,-6.4062],[120.4607,-6.254],[120.4355,-6.1802],[120.4516,-6.0949],[120.4465,-5.8763],[120.4773,-5.7753],[120.5342,-5.9038],[120.5492,-5.9692],[120.5283,-6.2984]]],[[[115.3771,-6.9708],[115.2405,-6.8612],[115.5242,-6.9019],[115.3771,-6.9708]]],[[[116.3033,-3.8682],[116.0934,-4.0541],[116.0184,-3.6999],[116.2697,-3.2511],[116.3033,-3.8682]]],[[[122.9489,-10.9093],[122.8262,-10.8991],[122.8457,-10.7618],[123.3711,-10.4749],[123.4182,-10.6513],[122.9489,-10.9093]]],[[[124.2866,-8.3295],[124.1467,-8.5314],[123.9277,-8.4489],[124.2396,-8.2034],[124.2866,-8.3295]]],[[[123.9248,-8.2725],[123.553,-8.5668],[123.2301,-8.5307],[123.4759,-8.3223],[123.3912,-8.2805],[123.9248,-8.2725]]],[[[123.3175,-8.3548],[123.025,-8.3955],[123.2171,-8.2354],[123.3175,-8.3548]]],[[[134.7161,-6.5494],[134.6608,-6.5589],[134.6337,-6.4772],[134.6791,-6.4561],[134.7285,-6.5059],[134.7161,-6.5494]]],[[[103.4239,1.0483],[103.4297,0.9934],[103.3633,1.0068],[103.3154,1.0713],[103.355,1.1172],[103.38,1.1336],[103.4049,1.0726],[103.4239,1.0483]]],[[[103.8286,0.801],[103.834,0.7722],[103.7424,0.83],[103.74,0.8718],[103.752,0.8914],[103.8066,0.8463],[103.8286,0.801]]],[[[104.2394,0.834],[104.1768,0.8049],[104.0981,0.8962],[104.1011,0.9175],[104.1083,0.9335],[104.1228,0.944],[104.1705,0.8967],[104.2271,0.8799],[104.2394,0.834]]],[[[104.6893,0.0595],[104.6981,0.0347],[104.6509,0.0627],[104.6224,0.0796],[104.6035,0.0952],[104.4992,0.2321],[104.5438,0.2233],[104.6599,0.1031],[104.6893,0.0595]]],[[[106.2853,3.1571],[106.2837,3.0882],[106.2146,3.1286],[106.201,3.2049],[106.2237,3.2296],[106.2712,3.2163],[106.2853,3.1571]]],[[[105.7604,2.863],[105.6922,3.0625],[105.8367,2.9765],[105.7604,2.863]]],[[[108.8875,2.9054],[108.7865,2.8856],[108.8857,2.999],[108.8875,2.9054]]],[[[108.9531,-1.6196],[108.8379,-1.6616],[108.8037,-1.5678],[108.8772,-1.5398],[108.9568,-1.5641],[108.9531,-1.6196]]],[[[107.4733,-2.8995],[107.4328,-2.9253],[107.4093,-2.9006],[107.4024,-2.8729],[107.4193,-2.8381],[107.4744,-2.8347],[107.4997,-2.845],[107.4733,-2.8995]]],[[[106.8864,-3.0053],[106.8697,-3.0253],[106.8143,-3.0145],[106.7743,-2.9868],[106.7492,-2.9604],[106.7429,-2.9328],[106.7969,-2.8989],[106.9106,-2.934],[106.8864,-3.0053]]],[[[114.4126,-7.1335],[114.3977,-7.1731],[114.3469,-7.1633],[114.2988,-7.0976],[114.3222,-7.0804],[114.3489,-7.0734],[114.3836,-7.0807],[114.4126,-7.1335]]],[[[112.7194,-5.811],[112.6979,-5.8465],[112.6021,-5.8437],[112.586,-5.8036],[112.6485,-5.7309],[112.69,-5.7262],[112.7273,-5.7527],[112.7194,-5.811]]],[[[105.2528,-6.6404],[105.1214,-6.6149],[105.2605,-6.5239],[105.2528,-6.6404]]],[[[97.3342,2.0756],[97.3283,2.0533],[97.2251,2.1585],[97.1083,2.2169],[97.1566,2.2322],[97.2528,2.216],[97.2914,2.2008],[97.3287,2.1485],[97.3342,2.0756]]],[[[95.3621,5.8124],[95.3426,5.7841],[95.2832,5.7985],[95.2177,5.8895],[95.242,5.907],[95.2825,5.8978],[95.3592,5.8768],[95.366,5.8427],[95.3621,5.8124]]],[[[123.5976,-1.7043],[123.4825,-1.6814],[123.5285,-1.5028],[123.5976,-1.7043]]],[[[123.2424,-4.113],[123.0762,-4.2271],[122.969,-4.03],[123.2119,-3.9976],[123.2424,-4.113]]],[[[123.8482,-1.9555],[123.866,-1.9957],[123.8035,-1.9943],[123.7772,-1.9187],[123.7835,-1.8783],[123.8482,-1.9555]]],[[[123.1525,-1.8165],[123.0788,-1.8989],[123.0709,-1.8549],[123.0858,-1.8148],[123.1064,-1.7867],[123.1375,-1.7727],[123.1525,-1.8165]]],[[[119.4641,-8.741],[119.4465,-8.4292],[119.5572,-8.5188],[119.4641,-8.741]]],[[[119.0738,-8.2389],[119.03,-8.24],[119.0209,-8.1999],[119.0366,-8.1578],[119.0787,-8.1402],[119.0978,-8.1392],[119.1283,-8.1771],[119.1349,-8.1971],[119.1067,-8.2234],[119.0738,-8.2389]]],[[[115.61,-8.7698],[115.5819,-8.8042],[115.5009,-8.7429],[115.4805,-8.7154],[115.5406,-8.6754],[115.5614,-8.6699],[115.6133,-8.7132],[115.61,-8.7698]]],[[[117.649,4.169],[117.8848,4.1861],[117.9229,4.0543],[117.7368,4.004],[117.649,4.169]]],[[[117.6584,3.2805],[117.5479,3.432],[117.6809,3.4075],[117.6584,3.2805]]],[[[124.0513,-5.9737],[124.0421,-6.0216],[124.0057,-5.9667],[123.9723,-5.9394],[123.9758,-5.8802],[124.0229,-5.9021],[124.0513,-5.9737]]],[[[123.6268,-5.2716],[123.6228,-5.373],[123.5826,-5.3674],[123.5501,-5.3318],[123.5409,-5.2983],[123.5428,-5.2711],[123.5606,-5.2498],[123.6268,-5.2716]]],[[[120.7744,-7.1189],[120.6724,-7.1247],[120.6408,-7.1158],[120.6334,-7.0183],[120.7455,-7.0602],[120.7817,-7.0631],[120.7744,-7.1189]]],[[[117.5563,-8.3673],[117.4905,-8.1834],[117.665,-8.1482],[117.5563,-8.3673]]],[[[116.4241,-3.4645],[116.3878,-3.6367],[116.3266,-3.5391],[116.3953,-3.4233],[116.427,-3.3999],[116.4241,-3.4645]]],[[[127.3727,0.7913],[127.3384,0.7584],[127.3061,0.7694],[127.2864,0.8119],[127.2928,0.8425],[127.3198,0.862],[127.3538,0.8475],[127.3727,0.7913]]],[[[134.3742,-2.1235],[134.3452,-2.1388],[134.3351,-2.0952],[134.3508,-2.0369],[134.3695,-2.0276],[134.391,-2.0308],[134.419,-2.0518],[134.3742,-2.1235]]],[[[133.5708,-4.2459],[133.6219,-4.2993],[133.5029,-4.2574],[133.333,-4.1696],[133.3209,-4.111],[133.4644,-4.1998],[133.5708,-4.2459]]],[[[130.9053,-0.7774],[130.8798,-0.8284],[130.8324,-0.8629],[130.4024,-0.9239],[130.4391,-0.8874],[130.4573,-0.8512],[130.4843,-0.8325],[130.527,-0.8373],[130.5481,-0.8263],[130.5695,-0.8219],[130.5938,-0.8267],[130.6354,-0.8116],[130.7232,-0.8225],[130.8135,-0.8139],[130.807,-0.765],[130.9053,-0.7774]]],[[[130.6267,-0.5287],[130.4654,-0.4865],[130.6159,-0.4173],[130.6267,-0.5287]]],[[[129.5489,-0.187],[129.5057,-0.1898],[129.4692,-0.1314],[129.3701,-0.0664],[129.3088,0.0454],[129.542,-0.1393],[129.5489,-0.187]]],[[[127.4534,-0.0059],[127.4486,-0.0366],[127.4179,0.0063],[127.3968,0.0166],[127.4195,0.1244],[127.4313,0.1426],[127.4494,0.069],[127.4534,-0.0059]]],[[[127.4197,0.6421],[127.384,0.631],[127.3736,0.6349],[127.3629,0.6751],[127.3826,0.7436],[127.4248,0.7444],[127.4426,0.7334],[127.4459,0.6833],[127.4197,0.6421]]],[[[127.3004,-0.781],[127.1564,-0.7609],[127.2091,-0.6193],[127.3004,-0.781]]],[[[128.7225,-3.5469],[128.7201,-3.5892],[128.7133,-3.6025],[128.6588,-3.5878],[128.6195,-3.5886],[128.5852,-3.5122],[128.5949,-3.4948],[128.6665,-3.5167],[128.6936,-3.5245],[128.7225,-3.5469]]],[[[128.5626,-3.5854],[128.3916,-3.6379],[128.4516,-3.5147],[128.5626,-3.5854]]],[[[126.7193,3.8747],[126.7218,3.8325],[126.6612,3.9284],[126.6375,4.0419],[126.6855,4.0014],[126.7396,3.9177],[126.7193,3.8747]]],[[[126.8519,3.7685],[126.8355,3.7569],[126.7996,3.7839],[126.7775,3.8134],[126.7789,3.8432],[126.8045,3.8579],[126.857,3.8124],[126.8578,3.7872],[126.8519,3.7685]]],[[[125.4074,2.6516],[125.3973,2.6295],[125.3601,2.7468],[125.3908,2.8054],[125.4353,2.7839],[125.4465,2.763],[125.4039,2.707],[125.4074,2.6516]]],[[[131.982,-7.2021],[131.9695,-7.2514],[131.9269,-7.225],[131.8845,-7.1675],[131.8229,-7.1592],[131.7775,-7.1439],[131.7508,-7.1168],[131.9223,-7.1045],[131.982,-7.2021]]],[[[128.6701,-7.1833],[128.5298,-7.1346],[128.6277,-7.0687],[128.6701,-7.1833]]],[[[127.4194,-7.623],[127.3553,-7.6465],[127.375,-7.5725],[127.3707,-7.5128],[127.4752,-7.5311],[127.474,-7.5785],[127.464,-7.5969],[127.4194,-7.623]]],[[[123.4162,-10.3026],[123.3256,-10.2642],[123.4588,-10.1399],[123.4162,-10.3026]]],[[[121.883,-10.5903],[121.7047,-10.5557],[121.9983,-10.447],[121.883,-10.5903]]],[[[134.8195,-6.4342],[134.7951,-6.4424],[134.7953,-6.3931],[134.8229,-6.3496],[134.8519,-6.3246],[134.8858,-6.3235],[134.8195,-6.4342]]],[[[134.6744,-6.7498],[134.6574,-6.7653],[134.6314,-6.7329],[134.6291,-6.7128],[134.6635,-6.6577],[134.6977,-6.6257],[134.7357,-6.6233],[134.7261,-6.6687],[134.6744,-6.7498]]],[[[127.9879,-2.9365],[127.9377,-3.02],[127.8496,-3.0163],[127.8343,-3.0044],[127.9384,-2.9523],[127.9879,-2.9365]]],[[[127.6063,-3.3151],[127.6293,-3.3592],[127.5311,-3.3313],[127.4877,-3.2882],[127.5305,-3.2615],[127.5545,-3.2543],[127.6063,-3.3151]]],[[[122.9773,-8.5452],[122.9455,-8.604],[122.8878,-8.5873],[122.9035,-8.5307],[122.9328,-8.4971],[123.0105,-8.4483],[123.0895,-8.4398],[123.1379,-8.4569],[123.1531,-8.4758],[123.0301,-8.4948],[122.9773,-8.5452]]]]}},{"type":"Feature","properties":{"ADM0_A3":"IND"},"geometry":{"type":"MultiPolygon","coordinates":[[[[68.165,23.8573],[68.7241,23.9647],[68.7812,24.3137],[69.8052,24.1652],[70.4893,24.4122],[70.7163,24.238],[71.044,24.4001],[70.6484,25.6669],[70.2646,25.7065],[70.1002,25.9101],[70.1477,26.5064],[69.5069,26.7427],[69.537,27.1229],[70.4037,28.025],[70.7979,27.7096],[71.8703,27.9625],[72.3419,28.7519],[72.9033,29.0288],[73.3816,29.9344],[73.8092,30.0934],[73.8993,30.4354],[74.6328,31.0347],[74.5177,31.1856],[74.5556,31.8186],[75.3247,32.2153],[75.2337,32.3721],[74.6857,32.4938],[74.6633,32.7577],[74.3546,32.7687],[74.3036,32.9918],[74.0038,33.1895],[74.15,33.507],[73.9765,33.7213],[74.2509,33.9461],[73.9041,34.0757],[73.9724,34.2366],[73.7945,34.3782],[73.9612,34.6535],[74.3004,34.7654],[75.7092,34.5031],[76.5944,34.7358],[77.7994,35.4959],[78.0427,35.4798],[78.0122,35.251],[78.327,34.6064],[78.9701,34.3026],[78.7267,34.0134],[78.8019,33.4997],[79.1352,33.1719],[79.2193,32.5011],[78.9189,32.3582],[78.7009,32.597],[78.3896,32.5199],[78.7354,31.958],[78.7436,31.3238],[79.1071,31.4026],[79.4932,30.9937],[80.1494,30.7898],[80.1912,30.5684],[81.0103,30.1645],[80.4019,29.7303],[80.0707,28.8302],[81.8526,27.8671],[82.6773,27.6734],[82.7334,27.519],[83.2897,27.371],[84.091,27.4914],[84.6102,27.2987],[84.6854,27.041],[85.2402,26.7503],[85.5685,26.8398],[85.7945,26.6042],[86.7014,26.4351],[87.0164,26.5554],[87.2874,26.3603],[87.9951,26.3824],[88.1615,26.7248],[87.9844,27.1339],[88.1411,27.9489],[88.5779,28.0934],[88.8037,28.0069],[88.749,27.5219],[88.8914,27.3161],[88.7388,27.1756],[89.1482,26.8162],[89.7639,26.7016],[90.3459,26.8903],[90.7396,26.7717],[91.9983,26.855],[92.0834,27.2906],[91.9908,27.4502],[91.5947,27.5577],[91.6319,27.76],[92.5467,27.8792],[93.252,28.6295],[93.7607,28.7298],[94.623,29.3124],[95.3893,29.0374],[96.0354,29.4472],[96.3559,29.2491],[96.1224,29.0821],[96.1371,28.9226],[96.4357,29.0507],[96.5809,28.7637],[96.2814,28.4121],[96.6026,28.4599],[97.3225,28.218],[97.3352,27.9377],[96.8769,27.5867],[97.1021,27.1154],[96.7316,27.3315],[96.1908,27.2613],[95.1287,26.5973],[95.1324,26.0413],[94.5799,25.3198],[94.7076,25.0487],[94.1276,23.8765],[93.3263,24.0642],[93.366,23.1325],[93.1642,23.032],[93.1512,22.2306],[92.9095,21.9889],[92.721,22.1324],[92.5749,21.9781],[92.2461,23.6836],[91.9296,23.686],[91.751,23.0535],[91.6195,22.9797],[91.4362,23.1999],[91.3152,23.1044],[91.1655,23.5811],[91.3671,24.0935],[91.877,24.1953],[92.102,24.4081],[92.2283,24.8813],[92.4684,24.9441],[92.0497,25.1695],[90.4394,25.1577],[89.8333,25.2928],[89.8229,25.9414],[89.6709,26.2138],[89.5499,26.0053],[89.3697,26.0061],[89.0187,26.4103],[88.9704,26.2509],[88.828,26.2522],[88.3699,26.5641],[88.4404,26.3695],[88.0846,25.8882],[88.9517,25.2593],[88.4562,25.1884],[88.0234,24.6278],[88.7235,24.2749],[88.5674,23.6744],[88.7244,23.255],[88.9281,23.1866],[89.0517,21.6541],[88.8575,21.7447],[88.745,21.5844],[88.6416,22.122],[88.5847,21.6597],[88.2875,21.7582],[88.1221,21.6358],[88.1963,22.1396],[87.9414,22.3743],[88.1593,22.1217],[87.9484,21.8254],[87.1007,21.5008],[86.8596,21.2367],[86.9755,20.7001],[86.7504,20.3132],[86.3766,20.0067],[86.2452,20.053],[86.2162,19.8958],[85.575,19.6929],[85.5041,19.8877],[85.2486,19.7577],[85.1808,19.5949],[85.4416,19.6266],[84.771,19.1254],[84.1041,18.2927],[82.3596,17.0962],[82.2588,16.5599],[81.7619,16.3295],[81.2861,16.3371],[80.9787,15.7584],[80.6466,15.895],[80.2935,15.7107],[80.0534,15.074],[80.3065,13.4851],[80.1563,13.7138],[80.0621,13.6062],[80.3424,13.3613],[80.2291,12.6903],[79.8585,11.9888],[79.6932,11.3125],[79.8486,11.1969],[79.8382,10.3226],[79.3146,10.2567],[78.9399,9.5658],[79.0199,9.3333],[79.4114,9.1924],[78.9796,9.2686],[78.4215,9.105],[78.1925,8.8909],[78.0602,8.3846],[77.5176,8.0783],[77.0659,8.3159],[76.5534,8.9028],[76.3246,9.4521],[76.2424,9.9271],[76.4588,9.5362],[76.3465,9.9221],[75.7238,11.3618],[74.9455,12.5646],[74.3822,14.4947],[73.9492,15.0748],[73.8328,15.6594],[73.6799,15.7089],[73.3376,16.4599],[72.8755,18.6428],[73.0056,19.0211],[72.9721,19.1533],[72.8347,18.9756],[72.803,19.0793],[72.8116,19.2989],[72.9872,19.2774],[72.7879,19.363],[72.6678,19.831],[72.8937,20.6728],[72.6238,21.372],[72.7348,21.4708],[72.6133,21.4618],[73.1125,21.7504],[72.5431,21.6966],[72.7002,21.9719],[72.5223,21.9762],[72.553,22.16],[72.8092,22.2333],[72.1828,22.2697],[72.2744,22.0897],[72.0372,21.823],[72.254,21.531],[72.0152,21.1557],[71.0246,20.7389],[70.7193,20.7404],[70.1273,21.0947],[68.9699,22.2903],[69.0517,22.4373],[69.2766,22.2855],[70.1772,22.5728],[70.4893,23.0895],[69.6646,22.7591],[69.2359,22.8485],[68.6407,23.1899],[68.4175,23.5715],[68.7768,23.8521],[68.235,23.597],[68.165,23.8573]]],[[[93.89,6.8311],[93.8288,6.7487],[93.658,7.0161],[93.8225,7.2366],[93.89,6.8311]]],[[[93.7336,7.3565],[93.6385,7.2619],[93.5973,7.3187],[93.6143,7.3581],[93.6547,7.3799],[93.6925,7.4106],[93.7336,7.3565]]],[[[93.1407,8.2495],[93.1706,8.2121],[93.1152,8.2185],[93.0643,8.275],[93.0775,8.3279],[93.097,8.3494],[93.1407,8.2495]]],[[[93.4426,7.8778],[93.365,7.8766],[93.342,7.9193],[93.3094,7.964],[93.3345,8.0069],[93.3755,8.0179],[93.4337,7.9484],[93.4474,7.8991],[93.4426,7.8778]]],[[[93.5369,8.0566],[93.49,8.0194],[93.4782,8.0245],[93.4718,8.0527],[93.4697,8.0727],[93.4612,8.1086],[93.4564,8.1719],[93.494,8.2247],[93.5316,8.2138],[93.5116,8.1598],[93.5369,8.0566]]],[[[92.7875,9.1367],[92.7436,9.131],[92.7166,9.1651],[92.7133,9.2049],[92.7386,9.2307],[92.7621,9.2439],[92.7857,9.2405],[92.8093,9.1734],[92.7875,9.1367]]],[[[92.5028,10.5549],[92.3695,10.5474],[92.3528,10.7511],[92.5104,10.8975],[92.5028,10.5549]]],[[[92.6932,11.3812],[92.6445,11.3613],[92.5957,11.3864],[92.6339,11.4268],[92.6402,11.5091],[92.69,11.4634],[92.6872,11.4112],[92.6932,11.3812]]],[[[92.7228,11.5361],[92.5339,11.8734],[92.7883,12.2258],[92.8573,13.3581],[93.0623,13.5455],[93.0661,13.2216],[92.8862,12.9423],[92.9902,12.5385],[92.8637,12.436],[92.7228,11.5361]]],[[[93.0174,12.0368],[93.0621,11.8994],[92.9817,11.9595],[92.9554,12.0024],[92.9958,12.0318],[93.0174,12.0368]]],[[[92.7176,12.8649],[92.6857,12.8],[92.6797,12.9393],[92.6944,12.9568],[92.7106,12.9616],[92.7309,12.9485],[92.7176,12.8649]]],[[[72.7804,11.2025],[72.773,11.1961],[72.7725,11.2143],[72.7818,11.2433],[72.7927,11.2627],[72.7959,11.2604],[72.7929,11.2416],[72.7879,11.2159],[72.7804,11.2025]]],[[[73.0674,8.2691],[73.0533,8.2567],[73.0389,8.252],[73.0285,8.2535],[73.0234,8.2659],[73.0261,8.2753],[73.039,8.2648],[73.0559,8.2746],[73.0752,8.3063],[73.0795,8.3165],[73.0836,8.311],[73.0798,8.2931],[73.0674,8.2691]]]]}},{"type":"Feature","properties":{"ADM0_A3":"ISL"},"geometry":{"type":"Polygon","coordinates":[[[-15.5431,66.2285],[-14.5959,66.3815],[-15.1164,66.1024],[-14.6982,66.0202],[-14.8271,65.7643],[-14.3918,65.7874],[-14.3182,65.6845],[-14.4734,65.5753],[-13.6179,65.5193],[-13.8048,65.3548],[-13.6411,65.275],[-13.7549,65.1925],[-13.5586,65.1247],[-13.5993,65.0359],[-13.854,64.9929],[-14.0444,64.7419],[-14.3851,64.7452],[-14.6282,64.416],[-16.6403,63.8655],[-17.8157,63.713],[-17.9469,63.5357],[-18.6536,63.4067],[-20.1981,63.5558],[-20.494,63.6874],[-20.414,63.8052],[-20.6509,63.7374],[-21.106,63.9398],[-22.6522,63.8277],[-22.7012,64.0832],[-22.1876,64.0392],[-21.4633,64.3791],[-22.0534,64.3139],[-21.9013,64.3916],[-21.9503,64.515],[-21.5906,64.6264],[-22.106,64.5331],[-22.467,64.795],[-23.819,64.7392],[-24.0262,64.8634],[-21.8921,65.0488],[-21.78,65.1877],[-22.5091,65.1968],[-21.8444,65.4474],[-22.9025,65.5805],[-23.8999,65.4076],[-24.4757,65.5252],[-23.8567,65.5384],[-24.0926,65.7765],[-23.2854,65.75],[-23.8326,65.8492],[-23.525,65.88],[-23.7773,66.0176],[-23.4345,66.0242],[-23.5985,66.1088],[-23.4525,66.181],[-22.4417,65.9083],[-22.4453,66.07],[-22.9479,66.2127],[-22.4844,66.2663],[-23.1169,66.3387],[-22.8892,66.4406],[-22.4261,66.4301],[-21.4069,66.0256],[-21.5166,65.9676],[-21.3088,65.8953],[-21.3749,65.7419],[-21.6584,65.7236],[-21.1297,65.2666],[-20.8043,65.6364],[-20.4548,65.571],[-20.3566,66.0333],[-20.2075,66.1001],[-19.4897,65.7681],[-19.383,66.0757],[-18.8459,66.1839],[-18.1419,65.7341],[-18.2972,66.1574],[-17.5504,65.9644],[-17.153,66.2028],[-16.485,66.1959],[-16.5407,66.4467],[-16.2493,66.5229],[-15.9854,66.5146],[-15.5431,66.2285]]]}},{"type":"Feature","properties":{"ADM0_A3":"HUN"},"geometry":{"type":"Polygon","coordinates":[[[22.1318,48.4053],[22.8767,47.9473],[21.9997,47.505],[21.0398,46.2422],[20.2418,46.1086],[19.6135,46.1692],[18.4373,45.7673],[17.9639,45.7703],[17.3106,45.9961],[16.5162,46.4999],[16.2836,46.8573],[16.0931,46.8633],[16.4534,47.0068],[16.4429,47.3995],[16.6766,47.536],[16.4213,47.6745],[17.0666,47.7076],[17.1474,48.006],[17.7619,47.7702],[18.7242,47.7872],[18.7919,48.0003],[19.6254,48.2231],[19.9504,48.1466],[20.3338,48.2956],[20.49,48.5269],[21.4514,48.5522],[21.7215,48.3466],[22.1318,48.4053]]]}},{"type":"Feature","properties":{"ADM0_A3":"HND"},"geometry":{"type":"MultiPolygon","coordinates":[[[[-83.1575,14.9931],[-84.4536,14.6437],[-84.9852,14.7524],[-85.1795,14.3433],[-85.7339,13.8587],[-86.0404,14.0501],[-86.3317,13.7701],[-86.759,13.7461],[-86.7107,13.3134],[-87.0592,12.9915],[-87.3373,12.9792],[-87.4891,13.3529],[-87.8142,13.3992],[-87.8022,13.89],[-88.151,13.9874],[-88.4827,13.8542],[-89.1205,14.3702],[-89.3626,14.416],[-89.1718,14.6069],[-89.1426,15.0723],[-88.2283,15.729],[-87.7019,15.9106],[-86.9072,15.7624],[-86.3566,15.7832],[-85.9856,16.0242],[-85.4837,15.8995],[-84.9737,15.9899],[-84.2614,15.8226],[-83.7755,15.4369],[-84.0828,15.5109],[-84.0951,15.4009],[-83.7604,15.2204],[-83.4979,15.2221],[-83.6464,15.3684],[-83.1575,14.9931]]],[[[-86.4199,16.3784],[-86.5803,16.3002],[-86.6304,16.3018],[-86.5569,16.3621],[-86.4383,16.4139],[-86.3378,16.4392],[-86.2555,16.4282],[-86.4199,16.3784]]],[[[-85.8709,16.4615],[-85.9472,16.4036],[-85.961,16.4297],[-85.9242,16.4833],[-85.8782,16.514],[-85.8338,16.5109],[-85.8444,16.4877],[-85.8709,16.4615]]]]}},{"type":"Feature","properties":{"ADM0_A3":"HTI"},"geometry":{"type":"MultiPolygon","coordinates":[[[[-71.7792,19.7182],[-71.6453,19.1635],[-71.8071,18.987],[-71.7432,18.7329],[-72.0004,18.5979],[-71.7619,18.3413],[-71.7683,18.0392],[-72.0599,18.2286],[-72.8767,18.1518],[-73.3852,18.2512],[-73.885,18.0419],[-74.46,18.3931],[-74.3875,18.6247],[-74.2277,18.6627],[-72.7894,18.4348],[-72.3761,18.5745],[-72.8111,19.0716],[-72.7032,19.4411],[-73.3963,19.6587],[-73.3153,19.8546],[-72.8765,19.9281],[-71.7792,19.7182]]],[[[-72.8046,18.7777],[-72.8222,18.7071],[-73.078,18.7909],[-73.2853,18.8967],[-73.2764,18.9541],[-73.1706,18.9673],[-73.0691,18.932],[-72.9192,18.8615],[-72.8046,18.7777]]],[[[-72.6641,20.0375],[-72.6235,20.0142],[-72.6389,19.9858],[-72.7398,20.0034],[-72.8442,20.0354],[-72.8784,20.0274],[-72.8993,20.0314],[-72.9604,20.0623],[-72.9067,20.0858],[-72.8515,20.0937],[-72.791,20.0919],[-72.6641,20.0375]]]]}},{"type":"Feature","properties":{"ADM0_A3":"GUY"},"geometry":{"type":"Polygon","coordinates":[[[-60.7421,5.2021],[-61.3908,5.9388],[-61.1287,6.2143],[-61.1456,6.6945],[-60.3521,7.0029],[-60.3451,7.15],[-60.6333,7.2111],[-60.7187,7.5359],[-59.8491,8.2487],[-60.0175,8.5493],[-59.2002,8.0746],[-58.4773,7.3258],[-58.6729,6.3908],[-58.2984,6.8793],[-57.9826,6.7859],[-57.1902,6.0973],[-57.3186,5.3354],[-57.2098,5.1954],[-57.331,5.0202],[-57.8811,4.8806],[-58.0543,4.1017],[-57.6467,3.3945],[-57.3037,3.3771],[-57.1974,2.8533],[-56.7043,2.0365],[-56.4828,1.9421],[-57.3175,1.9635],[-58.0347,1.5203],[-58.3407,1.5875],[-58.5119,1.2847],[-58.8218,1.2012],[-59.2312,1.376],[-59.6666,1.7463],[-59.9943,2.69],[-59.8544,3.5875],[-59.5511,3.9335],[-59.7033,4.3811],[-60.1486,4.5333],[-59.9907,5.0829],[-60.142,5.2388],[-60.7421,5.2021]]]}},{"type":"Feature","properties":{"ADM0_A3":"GNB"},"geometry":{"type":"MultiPolygon","coordinates":[[[[-16.7118,12.3548],[-15.5748,12.4904],[-15.1961,12.6799],[-13.7292,12.6739],[-13.7079,12.3127],[-13.9489,12.1782],[-13.738,12.0097],[-13.7328,11.736],[-14.683,11.5085],[-15.043,10.9401],[-15.0546,11.1419],[-15.2221,11.0309],[-15.3931,11.2172],[-15.3547,11.3963],[-15.4795,11.4103],[-15.0727,11.5978],[-15.5019,11.7238],[-15.0783,11.969],[-15.9417,11.7866],[-15.9202,11.9378],[-16.3281,12.0516],[-16.2446,12.2371],[-16.7118,12.3548]]],[[[-16.1145,11.0594],[-16.2364,11.1134],[-16.0673,11.1972],[-16.1145,11.0594]]],[[[-15.8959,11.0825],[-15.9052,11.0547],[-15.964,11.059],[-15.9506,11.0871],[-15.9635,11.0953],[-15.9465,11.1797],[-15.9377,11.1928],[-15.9091,11.1613],[-15.9053,11.1483],[-15.8959,11.0825]]],[[[-15.7251,11.2155],[-15.7251,11.1745],[-15.7675,11.1823],[-15.7798,11.1945],[-15.7547,11.2687],[-15.7175,11.3018],[-15.6719,11.2965],[-15.6584,11.2865],[-15.6672,11.2579],[-15.6871,11.2343],[-15.7251,11.2155]]],[[[-15.5534,11.537],[-15.5628,11.5138],[-15.6196,11.5335],[-15.5366,11.6176],[-15.4825,11.6323],[-15.4844,11.5675],[-15.5262,11.5539],[-15.5534,11.537]]],[[[-15.9018,11.4658],[-16.0232,11.4771],[-15.9646,11.5983],[-15.9018,11.4658]]],[[[-15.9864,11.882],[-16.0383,11.7597],[-16.1524,11.8768],[-15.9864,11.882]]]]}},{"type":"Feature","properties":{"ADM0_A3":"GIN"},"geometry":{"type":"Polygon","coordinates":[[[-10.2832,8.4852],[-10.7121,8.3353],[-10.5005,8.6875],[-10.616,9.0592],[-10.747,9.0953],[-10.6905,9.3143],[-11.2057,9.9777],[-12.428,9.8981],[-13.028,9.1036],[-13.2927,9.0492],[-13.4363,9.4203],[-13.6914,9.5358],[-13.6898,9.9278],[-14.4269,10.2483],[-14.7759,10.9316],[-15.0512,10.8346],[-14.683,11.5085],[-13.7328,11.736],[-13.738,12.0097],[-13.9489,12.1782],[-13.7079,12.3127],[-13.7292,12.6739],[-13.0829,12.6335],[-13.0613,12.49],[-12.3991,12.3401],[-11.3894,12.4044],[-11.5022,12.1986],[-11.3052,12.0154],[-10.9332,12.2052],[-10.7092,11.8987],[-10.2749,12.2126],[-9.754,12.0299],[-9.3581,12.2554],[-9.3954,12.4646],[-9.0431,12.4023],[-8.822,11.6732],[-8.3985,11.3666],[-8.6667,11.0095],[-8.3374,10.9906],[-8.2667,10.486],[-7.9857,10.2784],[-8.1552,9.9732],[-8.137,9.4957],[-7.8962,9.4159],[-7.9181,9.1885],[-7.778,9.0809],[-7.951,8.7868],[-7.7196,8.643],[-7.6812,8.4104],[-8.21,8.4833],[-8.2561,8.2537],[-8.0099,8.0785],[-8.206,7.5902],[-8.4864,7.5585],[-8.6598,7.6884],[-8.8896,7.2627],[-9.1176,7.2159],[-9.4638,7.4159],[-9.3691,7.7038],[-9.5183,8.3461],[-9.782,8.5377],[-10.2832,8.4852]]]}},{"type":"Feature","properties":{"ADM0_A3":"GTM"},"geometry":{"type":"Polygon","coordinates":[[[-92.2352,14.5454],[-92.0748,15.0742],[-92.2042,15.275],[-91.7366,16.0702],[-90.4472,16.0727],[-90.417,16.391],[-91.4096,17.2559],[-90.993,17.2524],[-90.9892,17.8164],[-89.1615,17.8148],[-89.2375,15.8944],[-88.6034,15.7642],[-88.5939,15.9503],[-88.2283,15.729],[-89.1703,15.0399],[-89.1718,14.6069],[-89.5736,14.3901],[-89.5472,14.2413],[-90.0481,13.9041],[-90.0952,13.7365],[-91.3773,13.9902],[-92.2352,14.5454]]]}},{"type":"Feature","properties":{"ADM0_A3":"GRD"},"geometry":{"type":"Polygon","coordinates":[[[-61.7155,12.0126],[-61.7822,12.0084],[-61.7558,12.0455],[-61.7499,12.1084],[-61.715,12.1852],[-61.6604,12.237],[-61.607,12.2233],[-61.6271,12.054],[-61.7155,12.0126]]]}},{"type":"Feature","properties":{"ADM0_A3":"GRC"},"geometry":{"type":"MultiPolygon","coordinates":[[[[27.8602,36.5539],[27.8383,36.538],[27.7881,36.5837],[27.7857,36.6075],[27.8368,36.6349],[27.8625,36.6412],[27.8698,36.6225],[27.869,36.5827],[27.8602,36.5539]]],[[[20.6123,38.3834],[20.7613,38.0706],[20.3525,38.1799],[20.5632,38.475],[20.6123,38.3834]]],[[[20.8885,37.8054],[20.9939,37.708],[20.8186,37.6647],[20.6195,37.855],[20.8885,37.8054]]],[[[20.6867,38.6087],[20.5547,38.5826],[20.6941,38.8442],[20.6867,38.6087]]],[[[20.7587,38.3294],[20.7093,38.3186],[20.6464,38.4143],[20.6236,38.4803],[20.6497,38.484],[20.6748,38.4763],[20.7013,38.4514],[20.7011,38.4259],[20.7116,38.3986],[20.7392,38.3658],[20.7587,38.3294]]],[[[20.0779,39.4327],[19.884,39.4615],[19.6465,39.7671],[19.9261,39.7737],[19.8467,39.6681],[20.0779,39.4327]]],[[[23.4154,38.9586],[24.1275,38.6485],[24.2758,38.22],[24.5633,38.1475],[24.5785,38.0202],[24.3595,38.0186],[24.0401,38.39],[23.6508,38.4431],[23.2521,38.8012],[22.8813,38.8477],[23.2582,39.0313],[23.4154,38.9586]]],[[[23.7798,39.1144],[23.7352,39.0806],[23.6661,39.0954],[23.5939,39.2086],[23.7798,39.1144]]],[[[23.888,39.1583],[23.8412,39.1466],[23.8881,39.2264],[23.9709,39.2677],[23.9397,39.2005],[23.888,39.1583]]],[[[24.6747,38.8092],[24.541,38.7887],[24.4856,38.9803],[24.6747,38.8092]]],[[[24.7742,40.6152],[24.5167,40.6872],[24.7191,40.7863],[24.7742,40.6152]]],[[[23.551,37.9259],[23.5114,37.9012],[23.4668,37.9024],[23.4353,37.9115],[23.4193,37.9312],[23.4391,37.9407],[23.4622,37.9804],[23.4837,37.9911],[23.5155,37.986],[23.5349,37.9702],[23.551,37.9259]]],[[[23.0538,36.1898],[22.9108,36.221],[22.9505,36.3839],[23.0538,36.1898]]],[[[27.1761,35.4653],[27.0707,35.5978],[27.2231,35.8205],[27.1761,35.4653]]],[[[27.0197,36.959],[26.9199,36.9452],[26.9377,37.0246],[26.8887,37.0873],[26.9666,37.0521],[27.016,37.0097],[27.0401,37.0016],[27.0346,36.976],[27.0197,36.959]]],[[[26.9496,36.7271],[26.9184,36.7259],[26.9556,36.7742],[27.0611,36.8404],[27.2149,36.8986],[27.2656,36.9051],[27.3521,36.8689],[27.1932,36.8091],[27.151,36.7776],[27.0336,36.7708],[26.9496,36.7271]]],[[[25.5459,36.9676],[25.3619,37.0704],[25.5253,37.1964],[25.5459,36.9676]]],[[[25.2789,37.0684],[25.1994,36.9913],[25.1333,36.9997],[25.1055,37.035],[25.1465,37.1074],[25.2351,37.1485],[25.2753,37.1378],[25.2715,37.0842],[25.2789,37.0684]]],[[[25.4824,36.3926],[25.3705,36.3589],[25.409,36.4737],[25.4824,36.3926]]],[[[25.3817,36.674],[25.3644,36.6583],[25.2887,36.7215],[25.26,36.7584],[25.2959,36.7892],[25.4069,36.7173],[25.3817,36.674]]],[[[26.8244,37.8114],[27.0551,37.7093],[26.5811,37.7237],[26.8244,37.8114]]],[[[26.0293,37.5294],[25.9824,37.5256],[25.9968,37.5656],[26.0863,37.6349],[26.2115,37.6383],[26.3256,37.673],[26.3514,37.6743],[26.2969,37.6196],[26.2049,37.5685],[26.0293,37.5294]]],[[[25.8594,36.7904],[25.7711,36.7822],[25.7432,36.7897],[25.7968,36.807],[25.8344,36.8254],[25.8524,36.8476],[25.942,36.8866],[26.0007,36.9374],[26.0645,36.9027],[25.9847,36.8797],[25.8594,36.7904]]],[[[26.4606,36.5854],[26.3816,36.5615],[26.3314,36.5114],[26.27,36.5469],[26.2698,36.5954],[26.337,36.5806],[26.3842,36.6079],[26.37,36.6386],[26.4213,36.6242],[26.4606,36.5854]]],[[[24.356,37.5769],[24.289,37.5283],[24.2774,37.6011],[24.3204,37.6777],[24.3791,37.6827],[24.4008,37.649],[24.356,37.5769]]],[[[24.4357,37.3444],[24.3789,37.3141],[24.3978,37.3834],[24.3697,37.4196],[24.3948,37.4504],[24.4312,37.4752],[24.4485,37.4496],[24.4814,37.408],[24.4357,37.3444]]],[[[24.5357,36.7638],[24.5375,36.705],[24.5307,36.684],[24.326,36.6556],[24.3449,36.723],[24.3574,36.7443],[24.4252,36.7129],[24.4502,36.729],[24.4604,36.7475],[24.5357,36.7638]]],[[[24.9429,37.4935],[24.9379,37.3897],[24.9115,37.3906],[24.8962,37.4066],[24.8953,37.4463],[24.9065,37.5089],[24.9429,37.4935]]],[[[24.9917,37.7596],[24.7002,37.9617],[24.9563,37.9048],[24.9917,37.7596]]],[[[25.2559,37.5996],[25.2188,37.5351],[25.1563,37.5451],[25.052,37.6145],[25.0163,37.6459],[24.9965,37.6769],[25.0394,37.6807],[25.0918,37.648],[25.2254,37.6307],[25.2559,37.5996]]],[[[24.7209,36.9214],[24.7026,36.9171],[24.6765,36.9593],[24.671,36.9986],[24.6814,37.0216],[24.7161,37.0238],[24.7632,36.9492],[24.7209,36.9214]]],[[[26.094,38.2181],[25.8919,38.2433],[25.9914,38.3535],[25.8461,38.574],[26.1604,38.5407],[26.094,38.2181]]],[[[26.4102,39.3294],[26.5956,39.0488],[26.4688,38.9728],[26.1079,39.0811],[26.2731,39.1976],[26.0724,39.0956],[25.8441,39.2],[26.1654,39.3735],[26.4102,39.3294]]],[[[25.6857,40.4266],[25.5727,40.4004],[25.448,40.4828],[25.5686,40.5159],[25.6243,40.492],[25.6643,40.4639],[25.6857,40.4266]]],[[[25.4377,39.9833],[25.357,39.8081],[25.0622,39.8524],[25.058,39.9997],[25.4377,39.9833]]],[[[25.4027,37.4191],[25.3071,37.413],[25.3127,37.4893],[25.3481,37.5092],[25.463,37.4711],[25.4574,37.4471],[25.4027,37.4191]]],[[[24.5235,37.1251],[24.4865,37.1101],[24.4248,37.132],[24.4412,37.1869],[24.4838,37.2102],[24.5291,37.1923],[24.5359,37.1677],[24.5235,37.1251]]],[[[27.8428,35.9293],[27.7155,35.9573],[27.7163,36.1716],[28.2318,36.4336],[28.0878,36.0653],[27.8428,35.9293]]],[[[23.8522,35.5354],[24.166,35.5952],[24.109,35.4958],[24.354,35.3595],[25.7302,35.3486],[25.7913,35.1229],[26.3202,35.3151],[26.1656,35.0186],[24.7998,34.9345],[24.4637,35.1604],[23.5928,35.2572],[23.5698,35.5348],[23.7369,35.6555],[23.8522,35.5354]]],[[[26.3209,41.7166],[26.5813,41.6013],[26.6249,41.4018],[26.3307,41.2388],[26.3541,40.9971],[26.1092,40.7497],[25.1045,40.9947],[23.7628,40.7478],[23.8668,40.4186],[24.2128,40.3278],[24.3434,40.1477],[23.7279,40.3297],[23.9675,40.1146],[23.9471,39.9656],[23.4263,40.264],[23.6741,39.9589],[23.3956,39.9898],[23.312,40.2165],[22.8965,40.3999],[22.9223,40.5909],[22.6295,40.4956],[22.5922,40.0369],[23.3277,39.1749],[23.1547,39.1015],[23.1617,39.2578],[22.9214,39.3063],[22.886,39.17],[23.0667,39.0379],[22.5691,38.8675],[23.967,38.275],[24.0554,37.7096],[23.5018,38.0349],[23.0363,37.8784],[23.4893,37.4402],[23.1615,37.3338],[22.7254,37.5421],[23.1602,36.4481],[22.7172,36.7939],[22.4277,36.4758],[22.0805,37.029],[21.8924,36.7373],[21.7381,36.8632],[21.5829,37.081],[21.6789,37.3872],[21.1247,37.8916],[21.4037,38.1967],[21.9533,38.3212],[22.9203,37.9583],[22.8932,38.0509],[23.1835,38.1337],[22.4217,38.4385],[21.4726,38.3214],[21.3311,38.4873],[21.1826,38.3456],[20.7686,38.8744],[21.1116,38.8963],[21.1184,39.03],[20.7797,39.0085],[20.3008,39.3271],[20.0013,39.7094],[20.2482,39.6784],[20.3824,39.8026],[20.3111,39.9794],[20.6574,40.1174],[21.0309,40.6225],[20.9643,40.8499],[21.5758,40.8689],[21.9934,41.131],[22.4936,41.1185],[22.7839,41.332],[24.0561,41.5272],[24.5183,41.5525],[25.2512,41.2436],[25.9233,41.3119],[26.1354,41.3857],[26.0855,41.7041],[26.3209,41.7166]]]]}},{"type":"Feature","properties":{"ADM0_A3":"GHA"},"geometry":{"type":"Polygon","coordinates":[[[-0.0686,11.1156],[-0.0863,10.673],[0.3809,10.2918],[0.2334,9.4635],[0.5257,9.3985],[0.4888,8.8515],[0.3726,8.7593],[0.6863,8.3549],[0.5,7.5469],[0.6348,7.3537],[0.5256,6.8509],[0.7369,6.4526],[1.1872,6.0894],[0.9497,5.8103],[0.2597,5.7573],[-2.0019,4.7625],[-3.114,5.0887],[-2.8157,5.153],[-2.755,5.4325],[-2.9983,5.7113],[-3.2358,6.8072],[-2.7897,7.9319],[-2.5059,8.2087],[-2.7469,9.0451],[-2.7665,10.2382],[-2.9149,10.5923],[-2.8299,10.9984],[-0.6271,10.9274],[-0.2995,11.1669],[-0.0686,11.1156]]]}},{"type":"Feature","properties":{"ADM0_A3":"DEU"},"geometry":{"type":"MultiPolygon","coordinates":[[[[9.524,47.5242],[8.5727,47.7756],[8.4301,47.5921],[7.5654,47.6065],[7.6166,48.1568],[8.1349,48.9736],[6.7354,49.1606],[6.3443,49.4527],[6.4873,49.7985],[6.1083,50.0942],[6.3645,50.3162],[6.3409,50.4518],[5.8575,51.0301],[6.13,51.1474],[6.1988,51.45],[5.9487,51.8027],[6.7418,51.9109],[6.7245,52.0802],[7.0196,52.266],[7.0019,52.419],[6.6916,52.5302],[7.0132,52.6335],[7.1795,52.9662],[7.1973,53.2823],[7.0533,53.3758],[7.2064,53.6545],[8.0093,53.6907],[8.1085,53.4677],[8.2452,53.4453],[8.3339,53.6062],[8.4952,53.3942],[8.6189,53.875],[9.2056,53.856],[9.784,53.5546],[8.9781,53.9262],[8.9066,54.2608],[8.6449,54.295],[8.9572,54.5383],[8.6703,54.9034],[9.6158,54.8554],[10.0222,54.6739],[9.8687,54.4725],[11.0134,54.3792],[11.0086,54.1812],[10.8107,54.0751],[10.9178,53.9953],[11.3996,53.9446],[12.5754,54.4674],[13.7242,54.1532],[13.8655,53.8534],[14.2589,53.7296],[14.4109,53.199],[14.1286,52.8782],[14.6194,52.5285],[14.5546,52.3597],[14.7525,52.0818],[14.6017,51.8324],[14.7247,51.5239],[14.9355,51.4354],[14.9639,51.0951],[14.7665,50.8183],[14.3197,51.0378],[14.369,50.8987],[12.9427,50.4064],[12.549,50.3934],[12.2773,50.1814],[12.0897,50.2686],[12.512,49.8958],[12.3905,49.7396],[12.632,49.4612],[13.7699,48.816],[13.7854,48.5875],[13.4866,48.5818],[13.3746,48.3614],[12.7604,48.107],[12.9535,47.8906],[12.8977,47.7219],[13.0541,47.6551],[13.0144,47.4781],[12.2093,47.7183],[11.042,47.3931],[10.4395,47.5516],[10.183,47.2788],[9.9716,47.5053],[9.524,47.5242]]],[[[13.7092,54.3827],[13.7073,54.2812],[13.3644,54.2458],[13.1621,54.3646],[13.1767,54.5442],[13.4228,54.6993],[13.7092,54.3827]]],[[[14.2114,53.9503],[13.9258,53.8791],[13.8277,54.1272],[14.2114,53.9503]]],[[[11.2828,54.418],[11.1293,54.416],[11.0707,54.456],[11.0117,54.4662],[11.0435,54.5155],[11.085,54.5334],[11.2336,54.5013],[11.2803,54.4384],[11.2828,54.418]]],[[[8.3077,54.787],[8.4052,55.0587],[8.3799,54.8999],[8.6296,54.8917],[8.3077,54.787]]],[[[8.5879,54.7127],[8.5489,54.6882],[8.4538,54.6911],[8.4004,54.7141],[8.4177,54.7387],[8.4682,54.7574],[8.51,54.7603],[8.5734,54.7487],[8.5879,54.7127]]]]}},{"type":"Feature","properties":{"ADM0_A3":"GEO"},"geometry":{"type":"Polygon","coordinates":[[[43.4395,41.1071],[42.7541,41.5789],[42.4664,41.4398],[41.5101,41.5175],[41.763,41.97],[41.4888,42.6593],[39.9783,43.4198],[40.1502,43.5698],[40.648,43.5339],[41.5806,43.2192],[42.7606,43.1696],[43.7826,42.747],[43.826,42.5715],[44.5059,42.7486],[44.7711,42.6168],[44.871,42.7564],[45.7053,42.4981],[45.6386,42.2051],[46.4299,41.891],[46.1821,41.6571],[46.6726,41.2868],[46.5344,41.0886],[45.281,41.4496],[44.8414,41.2114],[43.4395,41.1071]]]}},{"type":"Feature","properties":{"ADM0_A3":"GMB"},"geometry":{"type":"Polygon","coordinates":[[[-16.5623,13.5873],[-15.5097,13.5862],[-15.1083,13.8121],[-13.8267,13.4078],[-14.2468,13.2358],[-15.1511,13.5565],[-15.2862,13.396],[-15.8144,13.3251],[-15.8343,13.1564],[-16.7633,13.0642],[-16.8248,13.3411],[-16.6693,13.475],[-16.4134,13.2697],[-15.4275,13.4684],[-16.3518,13.3434],[-16.5623,13.5873]]]}},{"type":"Feature","properties":{"ADM0_A3":"GAB"},"geometry":{"type":"Polygon","coordinates":[[[13.2936,2.1616],[13.2163,1.2484],[14.1809,1.3702],[14.4299,0.9015],[14.3242,0.6242],[13.9496,0.3538],[13.8601,-0.2033],[14.4741,-0.5734],[14.384,-1.89],[14.1998,-2.3542],[13.9938,-2.4906],[13.7338,-2.1385],[13.4649,-2.3954],[12.992,-2.3134],[12.5904,-1.8269],[12.4321,-1.9289],[12.4464,-2.33],[11.6055,-2.3426],[11.5378,-2.8367],[11.9342,-3.3186],[11.8799,-3.6659],[11.5043,-3.5203],[11.1302,-3.9163],[9.7595,-2.5186],[10.062,-2.5499],[9.6246,-2.3671],[9.2989,-1.903],[9.4832,-1.8946],[9.2656,-1.8251],[9.0363,-1.3089],[9.3188,-1.632],[9.5011,-1.5552],[9.2958,-1.5152],[9.3467,-1.325],[9.0646,-1.2983],[8.7031,-0.591],[8.9464,-0.6888],[9.2967,-0.3513],[9.3549,0.3436],[9.7968,0.0442],[10.0015,0.195],[9.5465,0.2959],[9.3248,0.5521],[9.4953,0.6648],[9.618,0.5765],[9.5908,1.032],[11.3354,0.9997],[11.3484,2.2997],[13.2936,2.1616]]]}},{"type":"Feature","properties":{"ADM0_A3":"FRA"},"geometry":{"type":"MultiPolygon","coordinates":[[[[9.4804,42.8054],[9.5507,42.1297],[9.1861,41.3849],[8.8075,41.5884],[8.8868,41.7007],[8.6219,41.9307],[8.701,42.0956],[8.5656,42.3577],[8.8148,42.6079],[9.3134,42.7132],[9.3632,43.0174],[9.4804,42.8054]]],[[[7.6156,47.5927],[7.3432,47.4331],[6.9684,47.4532],[7.0006,47.3225],[6.4562,46.9483],[5.97,46.2147],[6.1994,46.1931],[6.4289,46.4305],[6.7761,46.4066],[6.7721,46.1651],[7.0211,45.9258],[6.7909,45.7409],[7.1534,45.4009],[7.0783,45.2399],[6.6348,45.0682],[6.9927,44.8273],[6.9002,44.3357],[7.3186,44.138],[7.6372,44.1648],[7.4932,43.7671],[6.5702,43.1991],[6.1159,43.0724],[5.0598,43.4445],[4.7121,43.3733],[3.9108,43.5631],[3.2589,43.1932],[3.0518,42.9151],[3.2114,42.4312],[2.0327,42.3535],[1.7099,42.6044],[0.7645,42.838],[0.6316,42.6896],[-0.0412,42.6891],[-1.4608,43.0518],[-1.4107,43.2401],[-1.794,43.4073],[-1.4849,43.5638],[-1.2455,44.5599],[-1.077,44.6898],[-1.2452,44.6667],[-1.081,45.5324],[-0.5485,45.0006],[-0.7908,45.468],[-1.196,45.7145],[-1.0317,45.7411],[-1.1463,46.3114],[-1.7865,46.5148],[-2.0594,46.8103],[-2.0189,47.0376],[-2.1971,47.1629],[-2.0276,47.2736],[-1.7425,47.216],[-2.5031,47.3121],[-2.4277,47.4709],[-2.7703,47.5139],[-2.7872,47.6255],[-4.3121,47.8229],[-4.6788,48.0395],[-4.3294,48.17],[-4.5771,48.29],[-4.2414,48.3037],[-4.7625,48.4502],[-4.5312,48.62],[-3.2314,48.8408],[-2.6923,48.5368],[-2.4462,48.6483],[-2.0037,48.5821],[-1.9057,48.6971],[-1.3765,48.6526],[-1.5655,48.8055],[-1.5831,49.2024],[-1.8564,49.6838],[-1.2586,49.6802],[-1.1385,49.3879],[-0.1635,49.2968],[0.4169,49.4484],[0.1294,49.5084],[0.1867,49.703],[1.2455,49.9982],[1.5928,50.2522],[1.6723,50.885],[2.5249,51.0971],[2.7594,50.7506],[3.1068,50.7794],[3.6894,50.3061],[4.1746,50.2465],[4.1761,49.9603],[4.545,49.9603],[4.8187,50.1532],[4.8676,49.7881],[5.5073,49.5109],[6.2422,49.4943],[6.7354,49.1606],[8.1349,48.9736],[7.6166,48.1568],[7.6156,47.5927]]],[[[-1.1783,45.9041],[-1.2136,45.8166],[-1.3887,46.0504],[-1.1783,45.9041]]],[[[45.1803,-12.9768],[45.0924,-12.653],[45.2231,-12.7521],[45.1803,-12.9768]]],[[[55.7974,-21.3394],[55.3627,-21.2736],[55.2328,-21.0584],[55.3113,-20.9041],[55.6619,-20.9063],[55.8391,-21.1386],[55.7974,-21.3394]]],[[[-60.8263,14.4945],[-61.0637,14.4671],[-61.0113,14.6019],[-61.2133,14.8486],[-60.9271,14.7552],[-60.8263,14.4945]]],[[[-61.3271,16.2304],[-61.5222,16.228],[-61.4712,16.5066],[-61.1726,16.2561],[-61.3271,16.2304]]],[[[-61.5896,16.0069],[-61.7594,16.0621],[-61.748,16.3553],[-61.5523,16.2709],[-61.5896,16.0069]]],[[[-61.2305,15.8899],[-61.2862,15.886],[-61.3107,15.8947],[-61.3184,15.9549],[-61.2753,15.9962],[-61.25,16.0063],[-61.2124,15.9599],[-61.2034,15.9212],[-61.2305,15.8899]]],[[[-54.6163,2.3268],[-54.1955,2.8179],[-53.9905,3.5896],[-54.3507,4.0541],[-54.4733,4.9147],[-53.9199,5.769],[-52.8993,5.425],[-52.2905,4.9422],[-52.3246,4.7709],[-52.22,4.8628],[-52.0581,4.7174],[-52.0029,4.3523],[-51.8275,4.6357],[-51.6525,4.0613],[-52.3279,3.1817],[-52.7006,2.3637],[-53.0097,2.1817],[-53.7678,2.3548],[-54.1301,2.121],[-54.6163,2.3268]]]]}},{"type":"Feature","properties":{"ADM0_A3":"SPM"},"geometry":{"type":"MultiPolygon","coordinates":[[[[-56.1507,46.7624],[-56.1717,46.7528],[-56.2433,46.7672],[-56.2092,46.7982],[-56.1851,46.8073],[-56.1526,46.8111],[-56.1374,46.8016],[-56.1393,46.7787],[-56.1507,46.7624]]],[[[-56.2671,46.8385],[-56.3848,46.8194],[-56.3646,47.099],[-56.2671,46.8385]]]]}},{"type":"Feature","properties":{"ADM0_A3":"WLF"},"geometry":{"type":"MultiPolygon","coordinates":[[[[-176.1606,-13.3328],[-176.1769,-13.3409],[-176.1954,-13.3017],[-176.1712,-13.2426],[-176.1479,-13.2217],[-176.1281,-13.2682],[-176.1606,-13.3328]]],[[[-178.0467,-14.3184],[-178.1033,-14.3249],[-178.1586,-14.3119],[-178.1944,-14.2555],[-178.178,-14.2316],[-178.1422,-14.2426],[-178.105,-14.2842],[-178.0437,-14.3032],[-178.0467,-14.3184]]]]}},{"type":"Feature","properties":{"ADM0_A3":"MAF"},"geometry":{"type":"Polygon","coordinates":[[[-63.0112,18.0689],[-63.123,18.0689],[-63.115,18.0907],[-63.0631,18.1153],[-63.0248,18.1131],[-63.0094,18.1043],[-63.0112,18.0689]]]}},{"type":"Feature","properties":{"ADM0_A3":"BLM"},"geometry":{"type":"Polygon","coordinates":[[[-62.8319,17.8765],[-62.8469,17.8752],[-62.8589,17.8836],[-62.8694,17.8986],[-62.8754,17.9136],[-62.8742,17.9223],[-62.8654,17.9183],[-62.7997,17.9087],[-62.807,17.8977],[-62.8182,17.8854],[-62.8319,17.8765]]]}},{"type":"Feature","properties":{"ADM0_A3":"PYF"},"geometry":{"type":"MultiPolygon","coordinates":[[[[-151.4666,-16.6575],[-151.4849,-16.6651],[-151.5042,-16.647],[-151.5124,-16.619],[-151.5058,-16.574],[-151.4574,-16.6037],[-151.4381,-16.6234],[-151.4666,-16.6575]]],[[[-149.8137,-17.545],[-149.8449,-17.5711],[-149.8866,-17.5528],[-149.9051,-17.5277],[-149.9118,-17.5012],[-149.9021,-17.4695],[-149.8088,-17.4739],[-149.7824,-17.4878],[-149.8137,-17.545]]],[[[-151.4098,-16.8777],[-151.4495,-16.8793],[-151.4855,-16.8637],[-151.4764,-16.7607],[-151.4667,-16.7396],[-151.4112,-16.7744],[-151.3645,-16.8643],[-151.4098,-16.8777]]],[[[-149.3215,-17.69],[-149.1818,-17.8623],[-149.5789,-17.735],[-149.635,-17.5643],[-149.3792,-17.5224],[-149.3215,-17.69]]],[[[-139.0243,-9.6952],[-138.8273,-9.7416],[-139.0737,-9.8457],[-139.1665,-9.7702],[-139.0243,-9.6952]]],[[[-139.0597,-9.9313],[-139.134,-10.0096],[-139.1342,-9.9263],[-139.1075,-9.9154],[-139.0832,-9.9154],[-139.0597,-9.9313]]],[[[-138.6511,-10.5153],[-138.6877,-10.5324],[-138.6904,-10.4256],[-138.6429,-10.4459],[-138.6245,-10.463],[-138.6324,-10.4922],[-138.6511,-10.5153]]],[[[-140.0726,-8.9104],[-140.2174,-8.9297],[-140.24,-8.7976],[-140.0577,-8.8015],[-140.0726,-8.9104]]],[[[-140.0756,-9.426],[-140.0974,-9.4441],[-140.138,-9.3844],[-140.1444,-9.3594],[-140.0709,-9.3281],[-140.0311,-9.3447],[-140.0756,-9.426]]],[[[-140.8094,-17.8566],[-140.8044,-17.8757],[-140.8408,-17.8731],[-140.8516,-17.8666],[-140.8507,-17.8311],[-140.8243,-17.788],[-140.8036,-17.7517],[-140.7614,-17.7178],[-140.6862,-17.6838],[-140.6498,-17.6697],[-140.6382,-17.678],[-140.6521,-17.6831],[-140.7763,-17.7541],[-140.8152,-17.8037],[-140.8325,-17.8385],[-140.8292,-17.8492],[-140.8094,-17.8566]]],[[[-139.5562,-8.9402],[-139.621,-8.9479],[-139.6318,-8.8985],[-139.6118,-8.8724],[-139.584,-8.8601],[-139.5346,-8.8754],[-139.5084,-8.8971],[-139.5099,-8.9156],[-139.5562,-8.9402]]],[[[-140.6854,-18.3799],[-140.6719,-18.4161],[-140.696,-18.3991],[-140.7732,-18.3638],[-140.7817,-18.3342],[-140.6854,-18.3799]]],[[[-140.8299,-18.1894],[-140.8227,-18.2169],[-140.8601,-18.1987],[-140.8955,-18.1479],[-140.9586,-18.0851],[-140.9735,-18.0592],[-140.9251,-18.0838],[-140.8933,-18.1205],[-140.8299,-18.1894]]],[[[-136.2939,-18.5443],[-136.3141,-18.5663],[-136.316,-18.5452],[-136.344,-18.5349],[-136.3829,-18.5137],[-136.4357,-18.4891],[-136.4643,-18.4851],[-136.4785,-18.4708],[-136.4587,-18.4632],[-136.4261,-18.4743],[-136.3804,-18.4968],[-136.3276,-18.5193],[-136.2939,-18.5443]]],[[[-136.9717,-18.342],[-136.9713,-18.3609],[-137.0676,-18.2653],[-137.0296,-18.2729],[-136.9717,-18.342]]],[[[-138.5059,-20.8572],[-138.5349,-20.8759],[-138.524,-20.8506],[-138.5464,-20.7951],[-138.5684,-20.7871],[-138.5464,-20.7712],[-138.5149,-20.8134],[-138.5059,-20.8572]]],[[[-142.5118,-16.0963],[-142.5296,-16.1071],[-142.5068,-16.0277],[-142.4812,-16.0178],[-142.5118,-16.0963]]],[[[-143.4406,-16.6197],[-143.3862,-16.6688],[-143.4585,-16.6354],[-143.5507,-16.6211],[-143.5156,-16.6123],[-143.4647,-16.6136],[-143.4406,-16.6197]]],[[[-143.5711,-16.6348],[-143.6106,-16.6404],[-143.7074,-16.5809],[-143.6702,-16.5809],[-143.6148,-16.6181],[-143.5711,-16.6348]]],[[[-145.0514,-15.8561],[-145.0577,-15.9011],[-145.0764,-15.8576],[-145.1379,-15.7881],[-145.1607,-15.757],[-145.1335,-15.762],[-145.0514,-15.8561]]],[[[-145.4867,-16.3298],[-145.4822,-16.3468],[-145.5027,-16.3458],[-145.5398,-16.2951],[-145.5531,-16.2512],[-145.5767,-16.2015],[-145.6091,-16.1652],[-145.6128,-16.1318],[-145.6138,-16.0792],[-145.5771,-16.1599],[-145.5423,-16.2246],[-145.517,-16.2778],[-145.4867,-16.3298]]]]}},{"type":"Feature","properties":{"ADM0_A3":"NCL"},"geometry":{"type":"MultiPolygon","coordinates":[[[[164.2023,-20.2461],[165.1918,-20.7688],[165.6628,-21.2672],[166.9424,-22.0901],[166.9703,-22.3229],[166.468,-22.2561],[164.9274,-21.2898],[164.1697,-20.4802],[164.0405,-20.1729],[164.2023,-20.2461]]],[[[167.5444,-22.6232],[167.5127,-22.6611],[167.4734,-22.6533],[167.4437,-22.6392],[167.4221,-22.6186],[167.4435,-22.5414],[167.5295,-22.5792],[167.5444,-22.6232]]],[[[159.9518,-19.3117],[159.9364,-19.3331],[159.9282,-19.1743],[159.9599,-19.1146],[159.9751,-19.2383],[159.9518,-19.3117]]],[[[168.0109,-21.43],[168.1391,-21.4452],[168.1207,-21.6158],[167.9668,-21.6416],[167.8154,-21.3927],[168.0109,-21.43]]],[[[166.5468,-20.6987],[166.4936,-20.7086],[166.5578,-20.6171],[166.5597,-20.5611],[166.5854,-20.4505],[166.5825,-20.4134],[166.6247,-20.4183],[166.6708,-20.4502],[166.6179,-20.4775],[166.6003,-20.5254],[166.6021,-20.5854],[166.6226,-20.5963],[166.5889,-20.6619],[166.5468,-20.6987]]],[[[167.4009,-21.1606],[167.0727,-20.9973],[167.1895,-20.8035],[167.0558,-20.7202],[167.2979,-20.7325],[167.4009,-21.1606]]]]}},{"type":"Feature","properties":{"ADM0_A3":"ATF"},"geometry":{"type":"MultiPolygon","coordinates":[[[[69.1849,-49.1096],[69.5928,-48.971],[69.644,-49.1174],[69.4051,-49.1817],[69.5424,-49.2557],[70.3202,-49.0586],[70.5555,-49.2015],[70.3861,-49.434],[69.76,-49.4302],[69.9864,-49.5816],[70.2478,-49.5307],[70.1243,-49.7044],[69.1531,-49.5297],[68.8727,-49.7099],[68.832,-48.8487],[69.0572,-48.6564],[69.1361,-48.861],[69.0327,-49.0176],[69.1849,-49.1096]]],[[[69.2824,-49.0589],[69.1672,-48.8829],[69.3688,-48.8904],[69.2824,-49.0589]]],[[[51.8346,-46.4399],[51.7617,-46.4487],[51.6966,-46.4281],[51.6593,-46.3736],[51.7419,-46.3269],[51.7842,-46.3589],[51.8154,-46.3947],[51.8346,-46.4399]]]]}},{"type":"Feature","properties":{"ADM0_A3":"ALD"},"geometry":{"type":"MultiPolygon","coordinates":[[[[19.9896,60.3512],[20.2396,60.283],[20.1947,60.1936],[19.746,60.099],[19.6869,60.2676],[19.9896,60.3512]]],[[[19.6623,60.1872],[19.6675,60.1647],[19.6292,60.1704],[19.5998,60.1627],[19.5799,60.1351],[19.5365,60.145],[19.519,60.1846],[19.5514,60.2438],[19.6288,60.2461],[19.6623,60.1872]]],[[[20.6113,60.0407],[20.6034,60.0169],[20.5218,60.0117],[20.4875,60.0328],[20.4112,60.0301],[20.3979,60.0407],[20.4296,60.0617],[20.4901,60.0749],[20.5691,60.0696],[20.6113,60.0407]]]]}},{"type":"Feature","properties":{"ADM0_A3":"FIN"},"geometry":{"type":"MultiPolygon","coordinates":[[[[24.1555,65.8053],[23.7003,66.2526],[23.7012,66.4808],[23.9886,66.8105],[23.6415,67.1294],[23.7336,67.4229],[23.4549,67.4603],[23.5019,67.8752],[23.6389,67.9544],[22.8541,68.3673],[21.9975,68.5206],[20.6222,69.0369],[21.0657,69.0417],[21.0661,69.2141],[21.5938,69.2736],[22.4109,68.7199],[23.324,68.649],[23.854,68.8059],[24.9414,68.5933],[25.7483,68.9901],[25.7672,69.2827],[26.0115,69.6526],[26.5254,69.915],[27.8899,70.0617],[29.1416,69.6714],[29.3334,69.473],[28.8463,69.1769],[28.9658,69.022],[28.4141,68.9042],[28.7776,68.8138],[28.4707,68.4884],[28.6852,68.1898],[29.3438,68.0619],[29.9881,67.6683],[29.0662,66.8917],[30.0875,65.7865],[30.0953,65.6817],[29.7159,65.6246],[29.8194,65.5687],[29.608,65.2487],[29.827,65.1451],[29.6042,64.9684],[30.1103,64.7326],[29.9866,64.5243],[30.4879,64.2365],[30.5261,64.0773],[29.9915,63.7352],[31.1809,63.2083],[31.534,62.8854],[31.1867,62.4814],[27.7977,60.5361],[26.5347,60.4129],[26.5693,60.6246],[26.3777,60.4241],[25.956,60.4742],[26.0358,60.3415],[25.758,60.2675],[22.9639,59.8264],[23.1984,60.0218],[22.8671,60.2158],[22.7935,60.0768],[22.4627,60.0292],[22.585,60.3806],[21.436,60.5964],[21.3605,60.9675],[21.606,61.5916],[21.256,61.9896],[21.3434,62.2774],[21.1036,62.6229],[21.4735,63.0333],[21.651,63.0393],[21.5451,63.2043],[22.3197,63.3104],[22.2433,63.4379],[22.5323,63.6479],[23.5989,64.0409],[24.5579,64.801],[25.2882,64.8604],[25.3479,65.4792],[24.6749,65.6707],[24.628,65.8592],[24.1555,65.8053]]],[[[21.9942,60.3367],[21.9215,60.3323],[21.8187,60.3818],[21.8057,60.4012],[21.846,60.4125],[21.8193,60.4523],[21.8272,60.4699],[21.9068,60.4385],[21.9503,60.4017],[21.9078,60.3932],[21.9798,60.3552],[21.9942,60.3367]]],[[[21.2178,63.2413],[21.422,63.2459],[21.2534,63.152],[21.0839,63.2775],[21.2178,63.2413]]],[[[22.1751,60.3708],[22.4155,60.3034],[22.3605,60.1656],[22.0771,60.2863],[22.1751,60.3708]]],[[[21.4509,60.5296],[21.3,60.4798],[21.2146,60.6039],[21.4509,60.5296]]],[[[21.8332,60.1405],[21.7331,60.1062],[21.695,60.1144],[21.7048,60.1723],[21.7643,60.1988],[21.8644,60.2018],[21.8332,60.1405]]],[[[21.6283,60.1078],[21.5406,60.0979],[21.486,60.1268],[21.5067,60.1483],[21.568,60.1723],[21.6341,60.169],[21.6481,60.1409],[21.6283,60.1078]]],[[[24.8482,64.991],[24.6989,64.9578],[24.5786,64.9786],[24.5766,65.0429],[24.6512,65.074],[24.786,65.0864],[24.9706,65.0553],[24.9976,65.0387],[24.8918,65.0263],[24.8482,64.991]]]]}},{"type":"Feature","properties":{"ADM0_A3":"FJI"},"geometry":{"type":"MultiPolygon","coordinates":[[[[179.9992,-16.1686],[179.5642,-16.6369],[179.5682,-16.7475],[179.9304,-16.5194],[179.9279,-16.7444],[179.2023,-16.7127],[178.7066,-16.9762],[178.4975,-16.7879],[178.5836,-16.6219],[179.9992,-16.1686]]],[[[178.2802,-17.372],[178.5916,-17.6515],[178.6677,-18.0809],[177.9555,-18.2641],[177.3214,-18.0775],[177.264,-17.8635],[177.5045,-17.5396],[178.2802,-17.372]]],[[[-179.9749,-16.9248],[-180,-16.963],[-180,-16.9078],[-180,-16.8588],[-180,-16.8243],[-180,-16.7855],[-179.8936,-16.7004],[-179.861,-16.6883],[-179.8223,-16.7653],[-179.8678,-16.8503],[-179.9749,-16.9248]]],[[[180,-16.9631],[179.897,-16.9641],[180,-16.7857],[180,-16.9631]]],[[[178.4879,-18.9741],[178.4877,-19.0171],[178.359,-19.0456],[178.3156,-19.0102],[178.288,-19.0037],[178.2113,-19.0665],[178.1892,-19.0923],[178.1818,-19.1117],[178.1621,-19.1215],[178.0208,-19.1517],[177.9587,-19.1216],[178.0008,-19.1011],[178.052,-19.0602],[178.1041,-19.0662],[178.1566,-19.0279],[178.2084,-18.9696],[178.2822,-18.957],[178.3343,-18.9345],[178.4203,-18.9508],[178.4879,-18.9741]]],[[[-178.9881,-17.9767],[-179.0184,-17.9918],[-179.0392,-17.9884],[-179.0638,-17.9724],[-179.079,-17.9441],[-179.0476,-17.9204],[-178.9991,-17.9474],[-178.9881,-17.9767]]],[[[-178.7619,-18.2339],[-178.7736,-18.2524],[-178.8273,-18.2222],[-178.8479,-18.2021],[-178.7909,-18.1863],[-178.7631,-18.1914],[-178.7619,-18.2339]]],[[[-178.2511,-17.9527],[-178.3068,-17.9633],[-178.3572,-17.9209],[-178.3254,-17.8758],[-178.2803,-17.8864],[-178.2546,-17.93],[-178.2511,-17.9527]]],[[[-178.9565,-17.2729],[-178.9818,-17.307],[-179.0039,-17.2949],[-178.9755,-17.2375],[-178.9715,-17.2127],[-179.0149,-17.1824],[-179.0177,-17.1613],[-179.005,-17.1483],[-178.9528,-17.182],[-178.9211,-17.2084],[-178.9148,-17.223],[-178.9246,-17.2486],[-178.9565,-17.2729]]],[[[-178.5351,-19.166],[-178.5463,-19.175],[-178.5737,-19.1649],[-178.5959,-19.1514],[-178.5987,-19.1371],[-178.5893,-19.1188],[-178.5677,-19.1093],[-178.5567,-19.113],[-178.563,-19.1187],[-178.5762,-19.1252],[-178.5741,-19.1432],[-178.5571,-19.1541],[-178.5406,-19.157],[-178.5351,-19.166]]],[[[-179.7999,-18.9403],[-179.7976,-18.9698],[-179.8125,-18.9682],[-179.8302,-18.9556],[-179.8394,-18.9617],[-179.8455,-18.9708],[-179.8486,-18.9913],[-179.8512,-19.0029],[-179.865,-18.9987],[-179.8673,-18.9784],[-179.8628,-18.9642],[-179.8562,-18.9433],[-179.8311,-18.9242],[-179.7999,-18.9403]]],[[[177.2342,-17.1471],[177.1828,-17.1639],[177.2102,-17.0843],[177.2393,-17.0594],[177.2575,-17.0542],[177.2874,-17.0486],[177.2758,-17.1049],[177.2342,-17.1471]]],[[[179.4224,-17.3668],[179.389,-17.3938],[179.3731,-17.2562],[179.4076,-17.2573],[179.4328,-17.2716],[179.4472,-17.3062],[179.4224,-17.3668]]],[[[179.3493,-18.1023],[179.3404,-18.1104],[179.2535,-18.0306],[179.2564,-17.999],[179.2718,-17.9707],[179.3064,-17.944],[179.3379,-17.9896],[179.3624,-18.0652],[179.3493,-18.1023]]],[[[178.8275,-17.729],[178.7761,-17.7468],[178.7477,-17.6857],[178.7871,-17.6244],[178.8311,-17.6188],[178.8525,-17.6812],[178.8275,-17.729]]],[[[-179.9294,-16.5028],[-180,-16.54],[-180,-16.4889],[-179.9437,-16.4414],[-179.9009,-16.4315],[-179.9273,-16.4791],[-179.9294,-16.5028]]],[[[-179.9562,-16.1492],[-180,-16.1683],[-180,-16.1561],[-180,-16.1529],[-179.9694,-16.1261],[-179.9446,-16.1261],[-179.9562,-16.1492]]],[[[180,-16.54],[179.9872,-16.5412],[179.9847,-16.5222],[180,-16.4889],[180,-16.54]]],[[[177.1215,-12.5055],[177.0824,-12.5156],[177.0193,-12.5073],[177.0062,-12.4911],[177.0264,-12.4875],[177.0676,-12.477],[177.1181,-12.4823],[177.127,-12.4929],[177.1215,-12.5055]]],[[[174.6297,-21.695],[174.6219,-21.7059],[174.593,-21.7023],[174.5872,-21.6801],[174.6042,-21.6675],[174.6277,-21.676],[174.6297,-21.695]]],[[[-178.7116,-20.6678],[-178.7095,-20.6705],[-178.7149,-20.6703],[-178.7231,-20.6668],[-178.7291,-20.6602],[-178.7306,-20.6528],[-178.7275,-20.6452],[-178.7246,-20.6457],[-178.7192,-20.6523],[-178.7142,-20.6598],[-178.7116,-20.6678]]]]}},{"type":"Feature","properties":{"ADM0_A3":"ETH"},"geometry":{"type":"Polygon","coordinates":[[[35.2684,5.4923],[34.9836,5.8583],[34.7106,6.6603],[33.9024,7.5095],[33.0126,7.9515],[33.2811,8.4373],[33.9533,8.4435],[34.0945,8.5822],[34.0793,9.5135],[34.3112,10.1909],[34.2757,10.5281],[34.5719,10.8802],[34.7713,10.7462],[34.9314,10.8648],[35.1123,11.8166],[35.6702,12.6237],[36.1075,12.7265],[36.5243,14.2568],[37.0245,14.272],[37.2572,14.4538],[37.5712,14.1491],[37.8842,14.8523],[38.4314,14.4286],[39.0742,14.6282],[39.198,14.4794],[40.1406,14.4561],[40.8201,14.1117],[42.3785,12.4664],[41.7927,11.686],[41.7982,10.9805],[42.9228,10.9993],[42.6564,10.6],[42.8416,10.2031],[43.4825,9.3795],[43.9838,9.0088],[46.9782,7.9971],[47.9782,7.9971],[44.9405,4.912],[43.5835,4.855],[43.1257,4.6445],[42.8566,4.3242],[42.0241,4.1379],[41.884,3.9777],[41.1404,3.963],[40.7652,4.273],[39.8422,3.8515],[39.4944,3.4561],[38.0861,3.6488],[36.9056,4.4115],[36.022,4.4681],[35.7631,4.808],[35.745,5.344],[35.3253,5.3649],[35.2684,5.4923]]]}},{"type":"Feature","properties":{"ADM0_A3":"EST"},"geometry":{"type":"MultiPolygon","coordinates":[[[[27.352,57.5281],[26.4621,57.5445],[25.2826,58.0485],[24.3226,57.8706],[24.5291,58.3542],[24.1148,58.2661],[23.7676,58.3608],[23.5093,58.6585],[23.6808,58.7872],[23.432,58.9207],[23.4944,59.1957],[24.3804,59.4727],[25.4438,59.5211],[25.5093,59.639],[26.9747,59.4506],[28.0125,59.4843],[28.1511,59.3744],[27.4342,58.7873],[27.5024,58.2213],[27.7785,57.8707],[27.5421,57.7994],[27.352,57.5281]]],[[[22.6174,58.6212],[23.3232,58.4508],[22.3717,58.2171],[21.9969,57.9313],[22.1877,58.1543],[21.8821,58.2624],[21.9841,58.3867],[21.8623,58.4972],[22.6174,58.6212]]],[[[22.9237,58.8269],[22.5422,58.69],[22.411,58.8634],[22.0562,58.9436],[22.6494,59.0871],[22.9099,58.9912],[22.9237,58.8269]]],[[[23.3436,58.5503],[23.0635,58.6111],[23.3328,58.6486],[23.3436,58.5503]]]]}},{"type":"Feature","properties":{"ADM0_A3":"ERI"},"geometry":{"type":"MultiPolygon","coordinates":[[[[36.5243,14.2568],[36.4268,15.1321],[36.9138,16.2962],[37.009,17.0589],[37.411,17.0617],[37.5475,17.3241],[38.2535,17.5848],[38.6095,18.0051],[39.0345,17.0855],[39.2989,15.9211],[39.7855,15.1249],[39.8638,15.4703],[40.2041,15.0141],[41.1765,14.6203],[41.6582,13.9831],[42.2451,13.5876],[42.3993,13.2126],[43.1167,12.7086],[42.7037,12.3803],[42.3785,12.4664],[40.8201,14.1117],[40.1406,14.4561],[39.198,14.4794],[39.0238,14.6282],[38.4314,14.4286],[37.8842,14.8523],[37.5712,14.1491],[37.2572,14.4538],[37.0245,14.272],[36.5243,14.2568]]],[[[40.0765,16.0824],[40.1101,15.9857],[40.0124,16.0227],[39.9961,16.0427],[40.0391,16.081],[40.0481,16.1045],[40.0765,16.0824]]],[[[40.1412,15.6961],[40.399,15.5799],[39.9752,15.6125],[40.0705,15.6766],[39.9567,15.8894],[40.1412,15.6961]]]]}},{"type":"Feature","properties":{"ADM0_A3":"GNQ"},"geometry":{"type":"MultiPolygon","coordinates":[[[[8.7357,3.7583],[8.9101,3.7582],[8.9461,3.6275],[8.704,3.2236],[8.4749,3.2646],[8.4646,3.4506],[8.7357,3.7583]]],[[[11.3287,2.1674],[11.3354,0.9997],[9.9067,0.9601],[9.3859,1.1393],[9.807,1.9275],[9.8008,2.3044],[9.9799,2.1678],[11.3287,2.1674]]]]}},{"type":"Feature","properties":{"ADM0_A3":"SLV"},"geometry":{"type":"Polygon","coordinates":[[[-89.3626,14.416],[-89.1205,14.3702],[-88.4827,13.8542],[-88.151,13.9874],[-87.7314,13.8411],[-87.8207,13.2852],[-88.1807,13.164],[-88.6856,13.2815],[-88.512,13.1839],[-90.0952,13.7365],[-90.0481,13.9041],[-89.5472,14.2413],[-89.5736,14.3901],[-89.3626,14.416]]]}},{"type":"Feature","properties":{"ADM0_A3":"EGY"},"geometry":{"type":"Polygon","coordinates":[[[36.8714,21.9967],[31.4345,21.9959],[31.4003,22.2024],[31.2092,21.9949],[24.9803,21.9959],[24.9803,29.1819],[24.7032,30.2011],[24.9614,30.6785],[24.8527,31.3348],[25.1505,31.655],[25.3822,31.5128],[25.8933,31.6209],[27.248,31.3779],[29.0721,30.8303],[30.2227,31.2584],[30.3951,31.4576],[30.9235,31.5668],[30.563,31.417],[31.0018,31.4628],[31.0829,31.6033],[31.5244,31.4583],[31.889,31.5414],[32.136,31.3411],[31.8922,31.4825],[31.7711,31.2926],[32.1018,31.0928],[32.2818,31.2009],[32.2162,31.2937],[32.6033,31.0688],[33.6665,31.1304],[34.1981,31.3226],[34.9043,29.4773],[34.2201,27.7643],[33.2478,28.5677],[32.5657,29.974],[32.3598,29.6307],[32.8982,28.5652],[33.5471,27.8981],[33.9591,26.649],[35.1941,24.4751],[35.7839,23.9378],[35.5408,23.9207],[35.5044,23.7793],[35.6979,22.9462],[36.8714,21.9967]]]}},{"type":"Feature","properties":{"ADM0_A3":"ECU"},"geometry":{"type":"MultiPolygon","coordinates":[[[[-75.2845,-0.1065],[-75.6263,-0.1229],[-75.2594,-0.5901],[-75.2496,-0.9519],[-75.4081,-0.9243],[-75.5706,-1.5313],[-76.6791,-2.5626],[-77.8606,-2.9816],[-78.1585,-3.4651],[-78.3454,-3.3974],[-78.686,-4.5624],[-79.0333,-4.9691],[-79.331,-4.9278],[-79.6385,-4.4549],[-80.1396,-4.2961],[-80.4786,-4.4301],[-80.3529,-4.2085],[-80.4901,-4.0101],[-80.1792,-3.8777],[-80.3247,-3.3879],[-79.9633,-3.1577],[-79.7299,-2.5791],[-79.8421,-2.0674],[-79.9256,-2.5485],[-80.0302,-2.5567],[-80.0066,-2.3538],[-80.2847,-2.7067],[-80.9322,-2.2691],[-80.7606,-1.9346],[-80.9024,-1.0789],[-80.5539,-0.8479],[-80.4555,-0.5854],[-80.2824,-0.6205],[-80.4823,-0.3683],[-80.0461,0.1554],[-80.0359,0.8346],[-78.8997,1.2063],[-78.8597,1.4554],[-78.1807,0.9686],[-77.7029,0.8378],[-77.3963,0.3939],[-76.4946,0.2354],[-76.2706,0.4394],[-75.2845,-0.1065]]],[[[-80.1316,-2.9731],[-80.2729,-2.9959],[-80.2237,-2.7531],[-79.909,-2.7256],[-80.1316,-2.9731]]],[[[-78.9092,1.2528],[-78.9656,1.2454],[-78.9917,1.2932],[-78.9232,1.3489],[-78.8998,1.3598],[-78.9092,1.2528]]],[[[-90.3349,-0.7716],[-90.5317,-0.5814],[-90.2694,-0.4847],[-90.1927,-0.6588],[-90.3349,-0.7716]]],[[[-89.4189,-0.911],[-89.6086,-0.8886],[-89.2878,-0.6898],[-89.4189,-0.911]]],[[[-91.426,-0.4608],[-91.6107,-0.4439],[-91.6467,-0.2845],[-91.4602,-0.2557],[-91.426,-0.4608]]],[[[-90.4239,-1.3399],[-90.4644,-1.342],[-90.5195,-1.2991],[-90.4772,-1.221],[-90.432,-1.2398],[-90.3987,-1.2623],[-90.3791,-1.2923],[-90.4239,-1.3399]]],[[[-91.2722,0.0251],[-90.7997,-0.7521],[-91.1311,-1.0196],[-91.419,-0.9967],[-91.4954,-0.8609],[-91.1209,-0.5591],[-91.4289,-0.0234],[-91.5968,0.0021],[-91.3614,0.1258],[-91.2722,0.0251]]],[[[-90.5739,-0.334],[-90.8678,-0.2714],[-90.7804,-0.1604],[-90.5739,-0.334]]]]}},{"type":"Feature","properties":{"ADM0_A3":"DOM"},"geometry":{"type":"Polygon","coordinates":[[[-71.7683,18.0392],[-71.7619,18.3413],[-72.0004,18.5979],[-71.7432,18.7329],[-71.8071,18.987],[-71.6453,19.1635],[-71.7792,19.7182],[-71.5578,19.8954],[-70.9541,19.914],[-69.9568,19.6719],[-69.7394,19.2992],[-69.2325,19.2718],[-69.6236,19.1178],[-68.6848,18.9048],[-68.3392,18.6115],[-68.6874,18.2149],[-68.935,18.408],[-69.2745,18.4398],[-69.7707,18.4436],[-70.4799,18.2173],[-70.6447,18.3362],[-71.0278,18.2732],[-71.439,17.6356],[-71.7683,18.0392]]]}},{"type":"Feature","properties":{"ADM0_A3":"DMA"},"geometry":{"type":"Polygon","coordinates":[[[-61.2817,15.249],[-61.3754,15.2273],[-61.4581,15.6331],[-61.2772,15.5267],[-61.2817,15.249]]]}},{"type":"Feature","properties":{"ADM0_A3":"DJI"},"geometry":{"type":"Polygon","coordinates":[[[43.246,11.4998],[42.9228,10.9993],[41.7982,10.9805],[41.7927,11.686],[42.45,12.5213],[42.7037,12.3803],[43.1167,12.7086],[43.3803,12.0913],[42.5218,11.5722],[43.246,11.4998]]]}},{"type":"Feature","properties":{"ADM0_A3":"GRL"},"geometry":{"type":"MultiPolygon","coordinates":[[[[-29.9529,83.5648],[-25.7951,83.261],[-31.9927,83.0854],[-32.0327,82.9834],[-25.1234,83.1596],[-24.4703,82.8774],[-21.6918,82.6825],[-21.5207,82.5954],[-21.6158,82.5477],[-23.1181,82.3247],[-29.5794,82.1612],[-29.8874,82.0548],[-29.5438,81.9399],[-25.1488,82.0011],[-24.2931,81.701],[-23.4961,81.773],[-23.1037,82.0118],[-21.338,82.0687],[-21.1303,81.9342],[-21.2305,81.6014],[-23.0725,80.9267],[-23.1964,80.8474],[-23.1177,80.7782],[-19.6299,81.6399],[-17.4561,81.3977],[-16.1207,81.7766],[-14.242,81.8139],[-12.4344,81.6825],[-11.4307,81.4568],[-13.1262,81.0878],[-14.4523,80.9931],[-14.2286,80.8705],[-14.5036,80.7633],[-16.7606,80.5734],[-15.9373,80.4276],[-16.4888,80.252],[-19.4292,80.2577],[-20.1501,80.0112],[-20.0688,79.7738],[-19.353,79.7342],[-19.414,79.3488],[-18.992,79.1784],[-21.1337,78.6586],[-20.9557,78.555],[-21.7296,77.7085],[-21.3797,77.6976],[-20.8626,77.9119],[-19.4904,77.7189],[-19.2969,77.6213],[-19.4675,77.5658],[-20.1621,77.6898],[-20.6808,77.619],[-20.4638,77.4473],[-19.3003,77.2224],[-18.4426,77.2594],[-18.2924,77.1329],[-18.3373,76.9212],[-18.6058,76.7633],[-20.4867,76.9208],[-21.6147,76.6879],[-22.3343,76.7937],[-22.6066,76.6808],[-21.8773,76.5735],[-21.4882,76.2719],[-19.8629,76.1207],[-19.9577,75.9967],[-19.509,75.7575],[-19.3995,75.4944],[-19.3753,75.2982],[-19.5264,75.1802],[-20.485,75.3143],[-21.6493,75.0234],[-22.2329,75.1197],[-21.6951,74.9645],[-20.9858,75.0744],[-20.7953,74.806],[-21.0385,74.6542],[-20.8616,74.6359],[-20.4171,74.9752],[-19.9849,74.9752],[-19.287,74.5464],[-19.2716,74.3426],[-21.1294,74.1109],[-21.9549,74.2443],[-21.762,74.4828],[-21.9826,74.5675],[-21.9727,74.39],[-22.3343,74.2864],[-22.1957,74.2057],[-22.3353,74.0634],[-20.3673,73.8482],[-20.6367,73.4636],[-22.3469,73.2692],[-23.2332,73.3977],[-24.1577,73.7645],[-24.6772,73.6022],[-25.5213,73.8516],[-24.7913,73.5113],[-26.0623,73.253],[-27.2704,73.4363],[-26.5418,73.249],[-27.5616,73.1385],[-24.1327,73.4094],[-22.0363,72.9185],[-22.0748,72.3992],[-22.2802,72.3448],[-22.2932,72.1195],[-24.069,72.4987],[-24.63,73.0376],[-26.6576,72.7158],[-24.8133,72.9015],[-24.65,72.5825],[-25.1179,72.347],[-24.5724,72.4202],[-21.9597,71.7447],[-22.5032,71.5004],[-22.4796,71.3834],[-22.4176,71.2487],[-22.299,71.4323],[-21.7522,71.4783],[-21.5227,70.5262],[-22.3841,70.4624],[-22.437,70.86],[-22.6907,70.4373],[-23.3278,70.451],[-23.9714,70.6495],[-24.5622,71.2235],[-25.8852,71.5719],[-27.0872,71.6266],[-27.107,71.5327],[-25.8427,71.4802],[-25.6994,71.3683],[-25.7422,71.1836],[-26.7179,70.9505],[-28.3984,70.9929],[-27.9922,70.8952],[-28.0699,70.699],[-29.0721,70.445],[-26.6218,70.4634],[-26.5768,70.3571],[-27.5608,70.1245],[-27.6289,70.0282],[-27.3842,69.9916],[-27.0277,70.2012],[-25.5299,70.3532],[-22.2845,70.1258],[-22.2871,70.0334],[-23.0336,69.9008],[-23.0496,69.7927],[-23.8657,69.7367],[-23.7394,69.5886],[-24.2967,69.5855],[-24.2956,69.4393],[-25.1886,69.2605],[-25.0924,69.1652],[-25.698,68.8899],[-26.4829,68.6759],[-30.1955,68.199],[-30.72,68.2512],[-30.6107,68.1179],[-30.9786,68.0613],[-32.3274,68.4373],[-32.1801,68.2573],[-32.3668,68.213],[-32.1646,67.9911],[-33.1082,67.6582],[-34.1017,66.7259],[-34.6328,66.4348],[-35.1886,66.2503],[-35.8672,66.4414],[-35.6301,66.1399],[-36.3792,65.8308],[-36.5272,66.0077],[-36.6652,65.7901],[-37.0628,65.8714],[-37.7542,65.5931],[-38.0013,65.7096],[-37.2787,66.3044],[-38.1566,66.3856],[-37.7523,66.2615],[-38.1399,65.9035],[-38.5204,66.0097],[-38.2034,65.7117],[-40.1735,65.5562],[-39.6525,65.2878],[-40.2531,65.0489],[-41.0887,65.0354],[-40.966,64.8688],[-40.6555,64.9153],[-40.1822,64.4799],[-40.7817,64.2218],[-41.581,64.2983],[-40.6178,64.1317],[-40.5504,63.7252],[-41.0487,63.5138],[-41.1077,63.2738],[-41.3879,63.0619],[-42.1745,63.2088],[-41.6345,62.9725],[-41.909,62.7371],[-42.9417,62.7202],[-42.153,62.5685],[-42.3215,62.1527],[-42.1102,61.8572],[-42.5853,61.7175],[-42.3474,61.6174],[-42.717,60.7675],[-43.0441,60.5237],[-43.9227,60.5954],[-43.213,60.3907],[-43.1229,60.0612],[-43.3201,59.9281],[-43.955,60.0255],[-43.6579,59.8586],[-43.9065,59.8155],[-44.4129,59.9226],[-44.2244,60.2735],[-44.6133,60.0166],[-45.3792,60.2029],[-45.3678,60.3729],[-44.9747,60.4572],[-44.7567,60.6646],[-45.3805,60.4449],[-46.0466,60.6157],[-46.1419,60.7765],[-45.8702,61.2183],[-46.8745,60.8164],[-48.1808,60.7692],[-47.7703,60.9978],[-48.3864,61.0047],[-48.4282,61.1874],[-48.9221,61.2774],[-49.0492,61.5239],[-49.2891,61.5899],[-49.1931,61.6856],[-49.3803,61.8902],[-48.8287,62.0797],[-49.6238,61.9986],[-49.5535,62.2327],[-50.3192,62.4732],[-50.2987,62.722],[-49.7931,63.0446],[-50.3901,62.822],[-51.4688,63.6423],[-51.5475,64.0061],[-50.2607,64.2143],[-50.4866,64.2089],[-50.4371,64.3128],[-51.5423,64.097],[-51.7079,64.2051],[-51.2315,64.5606],[-50.6843,64.6782],[-50.3551,64.6826],[-50.009,64.4473],[-50.1216,64.7038],[-50.517,64.7665],[-50.9606,65.2011],[-50.7216,64.7976],[-51.2206,64.6285],[-51.139,64.7857],[-51.2554,64.7581],[-51.9226,64.2188],[-52.0934,64.4159],[-52.259,65.1549],[-52.5377,65.3288],[-51.6191,65.7132],[-51.0919,65.7758],[-52.5513,65.4614],[-53.199,65.594],[-53.1063,65.9771],[-53.392,66.0483],[-51.225,66.8815],[-53.0358,66.2014],[-53.6147,66.1545],[-53.6347,66.4137],[-53.4188,66.6485],[-53.0383,66.8268],[-52.3869,66.8812],[-53.6872,66.9865],[-53.8844,67.1355],[-53.7986,67.4182],[-52.512,67.7613],[-50.6135,67.5279],[-51.171,67.6936],[-50.9688,67.8066],[-52.3448,67.8369],[-53.7352,67.549],[-53.1516,68.2078],[-51.5969,68.0548],[-51.2073,68.3255],[-51.2102,68.4199],[-52.1985,68.2208],[-53.3832,68.2974],[-53.0395,68.6109],[-52.6046,68.7087],[-51.6231,68.5348],[-51.1333,68.5984],[-50.8006,68.7913],[-51.2494,68.7399],[-51.0849,69.1283],[-50.2974,69.1706],[-51.077,69.2095],[-50.8041,69.663],[-50.3495,69.7962],[-50.5,69.9358],[-50.3229,70.0271],[-52.2546,70.0589],[-54.0145,70.4217],[-54.5308,70.6993],[-54.1658,70.8201],[-52.802,70.7506],[-51.5245,70.4395],[-50.6821,70.3969],[-51.3229,70.5888],[-51.2566,70.8527],[-51.7743,71.0104],[-51.0189,71.0013],[-53.0076,71.18],[-53.117,71.3129],[-52.8918,71.4577],[-51.7786,71.6829],[-53.4401,71.579],[-53.1445,71.8074],[-53.3337,71.7897],[-53.6929,72.1597],[-53.8099,72.2926],[-53.6521,72.3626],[-53.9277,72.3188],[-53.4625,71.8936],[-54.0199,71.6579],[-53.963,71.459],[-54.6891,71.3672],[-55.594,71.5535],[-55.6693,71.6915],[-55.3156,72.1107],[-54.8401,72.3561],[-55.5814,72.1789],[-55.6358,72.3004],[-55.2957,72.3544],[-55.6017,72.4535],[-54.925,72.572],[-54.7379,72.8725],[-55.0731,73.0151],[-55.6686,73.0079],[-55.6928,73.1128],[-55.2883,73.3271],[-56.1041,73.5582],[-55.8383,73.7597],[-56.2254,74.1291],[-57.2306,74.1253],[-56.7063,74.2192],[-56.7177,74.4292],[-56.2555,74.5268],[-58.5655,75.3527],[-58.2497,75.5067],[-58.5162,75.6891],[-61.1882,76.1579],[-63.2913,76.3521],[-65.3699,76.1306],[-66.9926,76.2129],[-66.6748,75.9774],[-66.8262,75.9688],[-68.3173,76.0908],[-69.4841,76.3992],[-68.1143,76.6506],[-69.6738,76.7359],[-69.8881,76.8271],[-69.6942,76.9895],[-70.6131,76.8218],[-71.1549,77.0739],[-68.9783,77.1953],[-68.1355,77.3796],[-66.3895,77.2803],[-66.4531,77.3931],[-66.3064,77.5645],[-66.8235,77.6866],[-69.3514,77.4671],[-70.5354,77.6996],[-70.1145,77.8414],[-71.2716,77.8131],[-72.8181,78.1943],[-72.4725,78.482],[-71.6513,78.6231],[-68.9935,78.8574],[-69.0305,78.9429],[-68.3771,79.0378],[-65.8255,79.1737],[-65.2878,79.4373],[-64.7923,80.0006],[-64.1792,80.0993],[-66.8437,80.0762],[-67.2015,80.2222],[-66.9959,80.413],[-64.5155,81],[-63.722,81.0573],[-63.0287,80.8896],[-63.2352,81.0833],[-62.9933,81.207],[-61.436,81.1336],[-61.1,81.3961],[-61.2029,81.7469],[-60.4324,81.9202],[-59.2819,81.884],[-56.6151,81.3629],[-59.2618,82.0066],[-54.5489,82.3506],[-53.6713,82.1641],[-53.5557,81.6533],[-53.0412,81.871],[-52.9255,82.0384],[-53.102,82.1189],[-53.0226,82.3217],[-50.8944,81.8952],[-49.5411,81.9181],[-50.9355,82.3828],[-50.0371,82.4724],[-44.7295,81.7798],[-44.5324,81.8489],[-44.6371,82.1044],[-44.2389,82.3682],[-44.3266,82.4717],[-45.5565,82.747],[-41.3696,82.75],[-46.1368,82.8588],[-46.4782,82.9519],[-46.169,83.0639],[-45.4146,83.0177],[-43.0093,83.2646],[-41.3001,83.1008],[-40.3568,83.3322],[-38.1563,82.9986],[-37.9348,83.1607],[-38.7496,83.3709],[-37.7233,83.4978],[-29.9529,83.5648]]],[[[-52.7312,69.9447],[-52.0453,69.8072],[-51.9002,69.6048],[-53.5784,69.2566],[-54.1827,69.4035],[-53.6583,69.4651],[-53.825,69.5403],[-54.9191,69.7136],[-54.7879,69.9499],[-54.3226,69.9419],[-54.8308,70.133],[-54.3716,70.3173],[-53.2967,70.2054],[-52.7312,69.9447]]],[[[-51.0137,69.5525],[-51.234,69.5519],[-51.3503,69.8548],[-50.679,69.8485],[-51.0137,69.5525]]],[[[-53.5352,71.0408],[-53.9578,71.1277],[-53.5845,71.2971],[-53.4321,71.1534],[-53.5352,71.0408]]],[[[-55.0169,72.7911],[-55.5666,72.5644],[-56.2148,72.7192],[-55.0169,72.7911]]],[[[-71.6673,77.3253],[-72.4949,77.3855],[-71.9828,77.46],[-71.4334,77.3944],[-71.6673,77.3253]]],[[[-44.8646,82.0836],[-46.7519,82.3482],[-47.3512,82.5992],[-46.3992,82.6921],[-44.9175,82.4805],[-44.7499,82.4011],[-44.8646,82.0836]]],[[[-25.4323,70.9213],[-25.4022,70.6527],[-26.2179,70.4541],[-26.6047,70.5534],[-28.0353,70.4868],[-27.6172,70.9138],[-26.6218,70.8756],[-25.8189,71.0437],[-25.4323,70.9213]]],[[[-18.6647,81.8465],[-19.0314,81.8272],[-19.6105,82.0781],[-19.3146,82.1232],[-18.6647,81.8465]]],[[[-17.6125,79.8259],[-18.662,79.72],[-19.1383,79.8523],[-17.9829,80.0552],[-17.4714,80.0287],[-17.4008,79.9405],[-17.6125,79.8259]]],[[[-18.9972,77.9738],[-19.1295,77.9385],[-19.3147,78.3442],[-18.9354,78.4236],[-18.8825,78.1149],[-18.9972,77.9738]]],[[[-18.5826,76.0423],[-18.6973,76.0159],[-19.0854,76.4304],[-19.0589,76.695],[-18.7326,76.642],[-18.5826,76.0423]]],[[[-18.0005,75.4073],[-17.8859,75.2044],[-17.392,75.0369],[-18.8913,75.0722],[-18.8561,75.3191],[-18.0005,75.4073]]],[[[-17.9537,77.6423],[-18.174,77.7144],[-17.6814,77.8586],[-17.9537,77.6423]]],[[[-37.0313,65.532],[-37.1868,65.5313],[-37.2229,65.6955],[-36.9531,65.6633],[-37.0313,65.532]]],[[[-46.2667,60.7814],[-46.3815,60.6603],[-46.79,60.7798],[-46.2052,60.9435],[-46.2667,60.7814]]],[[[-51.6751,70.8552],[-52.148,70.9044],[-51.9698,70.9765],[-51.6751,70.8552]]]]}},{"type":"Feature","properties":{"ADM0_A3":"FRO"},"geometry":{"type":"MultiPolygon","coordinates":[[[[-6.6232,61.806],[-6.6428,61.7683],[-6.6702,61.7687],[-6.7643,61.8153],[-6.8392,61.8408],[-6.864,61.8623],[-6.8848,61.8991],[-6.8418,61.9037],[-6.7908,61.8954],[-6.6621,61.8618],[-6.6258,61.8267],[-6.6232,61.806]]],[[[-6.6995,61.4446],[-6.6797,61.4143],[-6.703,61.4177],[-6.7705,61.4522],[-6.8881,61.5348],[-6.9292,61.6029],[-6.9349,61.6343],[-6.9059,61.6308],[-6.8816,61.6028],[-6.77,61.5844],[-6.7406,61.5705],[-6.7411,61.5364],[-6.7035,61.4959],[-6.6995,61.4446]]],[[[-7.1869,62.1393],[-7.0652,62.0732],[-7.1794,62.04],[-7.4226,62.1403],[-7.1869,62.1393]]],[[[-6.6311,62.2279],[-6.6558,62.0936],[-6.8405,62.1193],[-6.7252,61.9515],[-7.1722,62.2856],[-6.6311,62.2279]]],[[[-6.4061,62.2586],[-6.5441,62.2056],[-6.5546,62.3557],[-6.4061,62.2586]]]]}},{"type":"Feature","properties":{"ADM0_A3":"DNK"},"geometry":{"type":"MultiPolygon","coordinates":[[[[12.5687,55.7851],[12.215,55.4665],[12.4131,55.2862],[12.0899,55.1881],[12.0504,54.8153],[11.8623,54.7726],[11.6538,55.1869],[11.2863,55.2044],[10.9789,55.7215],[11.6277,55.9569],[11.8197,55.6977],[11.8664,55.9682],[12.2189,56.1187],[12.5787,56.0641],[12.5687,55.7851]]],[[[9.7397,54.8255],[8.6703,54.9034],[8.6159,55.4182],[8.1321,55.5998],[8.164,56.6069],[8.6717,56.4957],[8.8881,56.7351],[9.1964,56.7017],[9.2549,57.0117],[8.9928,57.0161],[8.772,56.7253],[8.4684,56.6646],[8.2683,56.754],[8.4271,56.9844],[9.4336,57.1743],[9.9623,57.581],[10.61,57.7369],[10.4446,57.5622],[10.5241,57.2432],[10.2961,56.9991],[10.2827,56.6205],[10.9262,56.4433],[10.7534,56.242],[10.3187,56.2129],[10.183,55.8652],[9.9037,55.8428],[10.0236,55.7614],[9.5911,55.4932],[9.671,55.2664],[9.4537,55.0396],[9.7323,54.968],[9.7397,54.8255]]],[[[10.6451,55.6098],[10.8192,55.3219],[10.6238,55.0524],[9.9888,55.1632],[9.859,55.3572],[9.8606,55.5155],[10.6451,55.6098]]],[[[11.3614,54.8916],[11.7396,54.8074],[11.7659,54.6794],[11.0355,54.7731],[11.0586,54.9406],[11.3614,54.8916]]],[[[10.7341,54.7507],[10.6217,54.8514],[10.9511,55.1562],[10.7341,54.7507]]],[[[12.5492,54.9658],[12.1188,54.9144],[12.274,55.0641],[12.5492,54.9658]]],[[[12.6657,55.5965],[12.5716,55.554],[12.5509,55.5562],[12.5203,55.6146],[12.5699,55.6501],[12.5992,55.6802],[12.62,55.6793],[12.6484,55.6468],[12.6657,55.5965]]],[[[10.4844,54.8476],[10.4173,54.8372],[10.3405,54.8589],[10.2156,54.941],[10.1999,54.9627],[10.2655,54.9488],[10.347,54.906],[10.4137,54.8968],[10.5049,54.8605],[10.4844,54.8476]]],[[[10.0612,54.8864],[9.8063,54.906],[9.7712,55.0599],[10.0612,54.8864]]],[[[10.6073,55.7831],[10.5903,55.7651],[10.527,55.7838],[10.5203,55.8485],[10.5443,55.9066],[10.5161,55.9585],[10.5472,55.9919],[10.6363,55.9142],[10.6617,55.8776],[10.6273,55.8339],[10.6073,55.7831]]],[[[11.0521,57.2525],[11.0114,57.2291],[10.8738,57.2623],[10.9346,57.3086],[11.0857,57.3299],[11.1745,57.3229],[11.0769,57.2769],[11.0521,57.2525]]],[[[15.0877,55.0219],[14.6842,55.1022],[14.7137,55.238],[15.1326,55.1445],[15.0877,55.0219]]]]}},{"type":"Feature","properties":{"ADM0_A3":"CZE"},"geometry":{"type":"Polygon","coordinates":[[[18.8322,49.5108],[18.1609,49.2574],[18.0859,49.0651],[17.7585,48.8881],[17.1356,48.8411],[16.9531,48.5988],[16.5436,48.7962],[16.0572,48.7548],[14.9935,49.0011],[14.6913,48.5992],[14.1898,48.5786],[12.6812,49.4145],[12.3905,49.7396],[12.512,49.8958],[12.0898,50.3018],[12.2773,50.1814],[12.549,50.3934],[12.9427,50.4064],[14.369,50.8987],[14.2832,51.0295],[14.7233,50.8147],[14.9829,50.8866],[14.9938,51.0144],[16.0072,50.6116],[16.36,50.6214],[16.2104,50.4237],[16.6392,50.1021],[16.9896,50.2369],[16.8801,50.4271],[17.4152,50.2548],[17.7022,50.3072],[17.6271,50.1164],[18.5624,49.8793],[18.8322,49.5108]]]}},{"type":"Feature","properties":{"ADM0_A3":"CYN"},"geometry":{"type":"Polygon","coordinates":[[[34.0045,35.0652],[33.4758,35.0003],[33.3838,35.1627],[32.7127,35.171],[32.8799,35.1806],[32.9416,35.3904],[33.6076,35.3541],[34.5561,35.6621],[33.942,35.292],[34.0045,35.0652]]]}},{"type":"Feature","properties":{"ADM0_A3":"CYP"},"geometry":{"type":"Polygon","coordinates":[[[32.7127,35.171],[34.0502,34.9884],[33.6994,34.9699],[32.9418,34.5759],[32.449,34.7294],[32.3172,34.9533],[32.301,35.083],[32.7127,35.171]]]}},{"type":"Feature","properties":{"ADM0_A3":"CUB"},"geometry":{"type":"MultiPolygon","coordinates":[[[[-81.8375,23.163],[-80.6501,23.1031],[-79.8203,22.887],[-79.2757,22.4076],[-78.6865,22.3668],[-77.6368,21.7974],[-77.4973,21.8716],[-77.1441,21.6436],[-77.3662,21.6126],[-77.2529,21.4835],[-77.0986,21.589],[-76.8674,21.3304],[-75.7229,21.111],[-75.5958,20.9947],[-75.7246,20.7146],[-74.8826,20.6506],[-74.1675,20.2922],[-74.1537,20.1686],[-75.1164,19.9014],[-75.1516,20.0084],[-75.2905,19.8931],[-76.1584,19.9897],[-77.7151,19.8555],[-77.1038,20.4075],[-77.2296,20.6438],[-78.1164,20.7619],[-78.4908,21.0537],[-78.7277,21.5927],[-79.3574,21.5852],[-80.2313,21.8722],[-80.4854,22.1234],[-81.0356,22.0736],[-81.1855,22.268],[-81.2844,22.1094],[-81.8494,22.2137],[-82.0777,22.3877],[-81.7104,22.4967],[-81.8388,22.6725],[-82.738,22.6893],[-83.3796,22.223],[-83.9007,22.1701],[-84.031,21.9431],[-84.5026,21.7762],[-84.5014,21.9303],[-84.8382,21.8279],[-84.3264,22.0743],[-84.3613,22.3789],[-84.0449,22.666],[-83.2578,22.9676],[-81.8375,23.163]]],[[[-77.669,21.952],[-77.9186,22.0881],[-77.6337,22.054],[-77.669,21.952]]],[[[-78.0271,22.2852],[-78.0475,22.2685],[-78.1017,22.3058],[-78.18,22.322],[-78.2261,22.38],[-78.27,22.4022],[-78.2735,22.4236],[-78.201,22.4376],[-78.1506,22.4315],[-78.0941,22.3872],[-78.0617,22.3059],[-78.0271,22.2852]]],[[[-78.6301,22.5522],[-78.4929,22.5311],[-78.4453,22.5437],[-78.3996,22.5475],[-78.3512,22.5386],[-78.2839,22.4555],[-78.343,22.4451],[-78.3899,22.4451],[-78.4246,22.4601],[-78.5477,22.464],[-78.629,22.4882],[-78.6736,22.5088],[-78.6955,22.534],[-78.6301,22.5522]]],[[[-77.8794,22.1275],[-78.0417,22.2013],[-77.9992,22.2987],[-77.8794,22.1275]]],[[[-82.5618,21.5717],[-82.9596,21.4413],[-83.1838,21.5935],[-82.9736,21.5923],[-83.0825,21.7914],[-82.9912,21.9427],[-82.7146,21.8903],[-82.5618,21.5717]]],[[[-79.3496,22.6639],[-79.3479,22.6377],[-79.5228,22.7111],[-79.5979,22.7876],[-79.6282,22.8052],[-79.5791,22.8067],[-79.3822,22.6813],[-79.3496,22.6639]]]]}},{"type":"Feature","properties":{"ADM0_A3":"HRV"},"geometry":{"type":"MultiPolygon","coordinates":[[[[13.5779,45.5169],[14.3699,45.4814],[14.5688,45.6572],[14.7931,45.4782],[15.3395,45.467],[15.2771,45.7326],[15.6521,45.8622],[15.609,46.1719],[16.2274,46.3729],[16.3212,46.5346],[17.8071,45.7904],[18.3583,45.753],[18.9054,45.9317],[19.0047,45.3995],[19.401,45.1891],[19.1369,45.1962],[19.0853,44.9268],[18.9413,44.8652],[18.6626,45.0774],[17.8128,45.0781],[16.9187,45.2766],[16.5307,45.2167],[16.2934,45.0088],[15.7881,45.179],[15.7366,44.7658],[16.1034,44.521],[16.3001,44.1245],[17.2738,43.4458],[17.6505,43.0066],[17.5852,42.9384],[16.9031,43.3924],[15.9855,43.5198],[15.1858,44.1721],[15.1229,44.2568],[15.471,44.272],[14.9813,44.6029],[14.8546,45.081],[14.5505,45.2977],[14.3127,45.3378],[13.8607,44.8374],[13.6293,45.1082],[13.5779,45.5169]]],[[[16.6507,42.9966],[16.8355,42.9687],[16.9711,42.9815],[17.0937,42.9644],[17.1698,42.9326],[17.1883,42.917],[17.0894,42.9149],[16.9775,42.9278],[16.8507,42.8955],[16.7389,42.9127],[16.6964,42.9337],[16.6663,42.9599],[16.6507,42.9966]]],[[[17.194,43.1258],[17.1241,43.1154],[16.6792,43.1231],[16.5498,43.1439],[16.4059,43.1974],[16.3765,43.2138],[16.5214,43.2292],[16.656,43.2138],[16.6973,43.175],[17.0611,43.1439],[17.194,43.1258]]],[[[16.7853,43.2707],[16.6274,43.2681],[16.4903,43.2862],[16.4231,43.3172],[16.4281,43.3434],[16.4489,43.3871],[16.6016,43.3819],[16.8344,43.3508],[16.8913,43.3146],[16.8736,43.2979],[16.7853,43.2707]]],[[[15.2311,44.0623],[15.2467,44.0271],[15.1219,44.0933],[15.0746,44.1378],[15.0658,44.1577],[15.2311,44.0623]]],[[[14.8103,44.9771],[14.4379,45.0986],[14.5711,45.2248],[14.8103,44.9771]]],[[[14.8314,44.7589],[14.8566,44.7148],[14.7625,44.7546],[14.6782,44.7699],[14.6604,44.7998],[14.6725,44.8244],[14.6905,44.8481],[14.7542,44.8448],[14.7638,44.8214],[14.8314,44.7589]]],[[[15.1885,44.3357],[15.1626,44.3092],[15.0979,44.3582],[15.0386,44.393],[14.9961,44.4343],[14.9128,44.4858],[14.8847,44.5447],[14.7604,44.6647],[14.7419,44.6974],[14.8038,44.6487],[14.8554,44.6183],[14.898,44.6108],[15.0064,44.5342],[15.113,44.4357],[15.2399,44.3502],[15.2136,44.3476],[15.1885,44.3357]]],[[[15.1888,43.9224],[15.203,43.9077],[15.2017,43.8978],[15.1498,43.9118],[15.1358,43.9073],[14.8913,44.1255],[14.865,44.168],[14.9525,44.1172],[15.1888,43.9224]]],[[[15.3714,43.9738],[15.4372,43.8995],[15.3742,43.9148],[15.3086,43.9608],[15.27,44.0107],[15.3714,43.9738]]],[[[14.4881,44.6601],[14.3124,44.9004],[14.3313,45.165],[14.4881,44.6601]]],[[[17.6078,42.769],[17.7442,42.7003],[17.3441,42.7904],[17.3896,42.7986],[17.4319,42.8004],[17.6078,42.769]]],[[[18.4363,42.5597],[18.5175,42.4329],[17.0454,43.0149],[17.802,42.9022],[18.4363,42.5597]]]]}},{"type":"Feature","properties":{"ADM0_A3":"CIV"},"geometry":{"type":"MultiPolygon","coordinates":[[[[-3.0867,5.1283],[-3.114,5.0887],[-3.2464,5.1141],[-3.2149,5.1472],[-3.0867,5.1283]]],[[[-7.9906,10.1625],[-7.4979,10.4398],[-7.0171,10.1433],[-6.9503,10.3423],[-6.6933,10.3495],[-6.6541,10.6564],[-6.4239,10.5591],[-6.2611,10.7241],[-6.2384,10.2616],[-6.1172,10.2019],[-5.5566,10.4399],[-5.0999,10.2416],[-4.9699,9.9301],[-4.6258,9.7136],[-4.3322,9.6457],[-3.7906,9.9172],[-3.2235,9.8955],[-2.8167,9.4258],[-2.6959,9.4813],[-2.7469,9.0451],[-2.5059,8.2087],[-2.7897,7.9319],[-3.2439,6.6487],[-2.9983,5.7113],[-2.7937,5.6001],[-2.8157,5.153],[-3.1687,5.203],[-3.2,5.3545],[-3.3476,5.1307],[-4.1202,5.3097],[-4.6089,5.2359],[-4.0372,5.2301],[-4.8997,5.1383],[-5.2824,5.2103],[-5.0618,5.1307],[-5.9138,5.0109],[-7.545,4.3513],[-7.4544,5.8413],[-7.7965,5.9751],[-7.8886,6.2349],[-8.6036,6.5078],[-8.3023,6.981],[-8.4864,7.5585],[-8.2319,7.5567],[-8.0099,8.0785],[-8.2561,8.2537],[-8.237,8.4557],[-7.6812,8.4104],[-7.7196,8.643],[-7.951,8.7868],[-7.778,9.0809],[-7.9181,9.1885],[-7.8962,9.4159],[-8.137,9.4957],[-8.1552,9.9732],[-7.9906,10.1625]]]]}},{"type":"Feature","properties":{"ADM0_A3":"CRI"},"geometry":{"type":"Polygon","coordinates":[[[-82.5636,9.5767],[-82.801,9.5918],[-82.9398,9.4492],[-82.9403,9.0601],[-82.7278,8.9161],[-82.917,8.7403],[-82.8616,8.4535],[-83.0273,8.3377],[-82.8793,8.0707],[-83.2858,8.6644],[-83.4697,8.7068],[-83.2915,8.406],[-83.6047,8.4803],[-83.7341,8.6145],[-83.6137,8.8041],[-83.7369,9.1503],[-84.5816,9.5684],[-84.7149,9.8994],[-85.025,10.1157],[-85.2632,10.2566],[-84.8864,9.8209],[-85.1145,9.5818],[-85.6249,9.9024],[-85.8497,10.292],[-85.6672,10.745],[-85.908,10.8976],[-85.5842,11.1895],[-84.9092,10.9453],[-84.7012,11.0522],[-84.3483,10.9799],[-83.9193,10.7354],[-83.642,10.9172],[-83.3468,10.3154],[-82.5636,9.5767]]]}},{"type":"Feature","properties":{"ADM0_A3":"COD"},"geometry":{"type":"Polygon","coordinates":[[[30.7512,-8.1937],[28.8981,-8.4854],[28.8695,-8.7858],[28.4007,-9.2248],[28.6301,-9.8313],[28.6389,-10.6692],[28.3572,-11.483],[28.4825,-11.8121],[29.0644,-12.3488],[29.4855,-12.4185],[29.5082,-12.2282],[29.7951,-12.1555],[29.7752,-13.4381],[29.5542,-13.2489],[29.1116,-13.3951],[28.5509,-12.8361],[28.4129,-12.5181],[27.5334,-12.1953],[27.1592,-11.5792],[26.824,-11.9652],[26.026,-11.8901],[25.3494,-11.623],[25.2888,-11.2124],[24.3779,-11.4171],[24.3657,-11.1299],[23.9665,-10.8718],[23.8339,-11.0137],[22.561,-11.0559],[22.2788,-11.1941],[22.1779,-10.8923],[22.307,-10.6913],[22.2745,-10.2591],[21.8132,-9.4688],[21.9054,-8.6934],[21.7816,-7.3146],[20.6078,-7.2777],[20.59,-6.9199],[19.8752,-6.9863],[19.5276,-7.1444],[19.3408,-7.9666],[17.5796,-8.099],[16.9848,-7.2574],[16.6973,-6.1643],[16.4314,-5.9002],[13.0033,-5.8361],[12.5146,-6.0042],[12.2137,-5.7587],[12.5037,-5.6958],[12.4515,-5.0715],[12.8297,-4.7366],[13.1366,-4.6043],[13.4149,-4.8374],[13.6596,-4.7215],[13.7171,-4.4545],[14.3583,-4.2994],[14.4107,-4.8312],[14.7079,-4.8817],[15.99,-3.7662],[16.2174,-3.0303],[16.2153,-2.1778],[16.8799,-1.2259],[17.7528,-0.549],[18.0722,2.0133],[18.6222,3.3041],[18.5675,4.2576],[19.0686,4.8914],[19.686,5.1214],[20.2264,4.8296],[20.5581,4.4627],[22.4222,4.135],[22.8646,4.7239],[23.4172,4.6631],[24.3198,4.9941],[25.0652,4.9674],[25.5251,5.3121],[26.8221,5.0624],[27.1149,5.1979],[27.4033,5.1092],[28.1921,4.3502],[28.4275,4.3242],[28.7271,4.505],[29.2249,4.3919],[29.4696,4.6118],[29.6769,4.5869],[30.1949,3.9819],[30.8953,3.4637],[30.7286,2.4554],[31.274,2.1463],[30.9426,1.6828],[29.9429,0.8192],[29.7177,0.0983],[29.577,-1.3879],[29.1966,-1.7199],[29.1315,-2.1951],[28.8576,-2.4467],[29.2244,-3.0535],[29.2118,-3.8338],[29.4032,-4.4493],[29.3234,-4.8988],[29.607,-5.7227],[29.4801,-6.025],[29.5408,-6.3139],[30.2127,-7.0379],[30.7512,-8.1937]]]}},{"type":"Feature","properties":{"ADM0_A3":"COG"},"geometry":{"type":"Polygon","coordinates":[[[11.1302,-3.9163],[11.5043,-3.5203],[11.8799,-3.6659],[11.9342,-3.3186],[11.5378,-2.8367],[11.6055,-2.3426],[12.4464,-2.33],[12.4321,-1.9289],[12.5904,-1.8269],[12.992,-2.3134],[13.4649,-2.3954],[13.7338,-2.1385],[13.9938,-2.4906],[14.1998,-2.3542],[14.384,-1.89],[14.4741,-0.5734],[13.8601,-0.2033],[13.9496,0.3538],[14.3242,0.6242],[14.4299,0.9015],[14.1809,1.3702],[13.2163,1.2484],[13.2936,2.1616],[14.5789,2.1991],[14.9024,2.0123],[15.7416,1.915],[16.0594,1.6762],[16.0801,2.1068],[16.4686,2.8317],[16.6107,3.5054],[17.438,3.6846],[18.1609,3.4998],[18.4998,3.6041],[18.6222,3.3041],[18.0722,2.0133],[17.7528,-0.549],[16.8799,-1.2259],[16.2153,-2.1778],[16.1468,-3.4642],[15.8725,-3.9343],[15.526,-4.088],[14.7079,-4.8817],[14.4107,-4.8312],[14.3583,-4.2994],[13.7171,-4.4545],[13.6596,-4.7215],[13.4149,-4.8374],[12.7982,-4.4306],[12.3846,-4.6191],[12.0184,-5.0043],[11.7775,-4.5658],[11.1302,-3.9163]]]}},{"type":"Feature","properties":{"ADM0_A3":"COM"},"geometry":{"type":"MultiPolygon","coordinates":[[[[44.4764,-12.0815],[44.505,-12.3565],[44.2201,-12.1714],[44.4764,-12.0815]]],[[[43.7887,-12.307],[43.859,-12.3683],[43.6637,-12.3429],[43.6329,-12.2877],[43.6313,-12.2471],[43.7043,-12.256],[43.7887,-12.307]]],[[[43.4658,-11.9013],[43.2267,-11.7519],[43.299,-11.3745],[43.4658,-11.9013]]]]}},{"type":"Feature","properties":{"ADM0_A3":"COL"},"geometry":{"type":"MultiPolygon","coordinates":[[[[-71.3197,11.8619],[-71.9581,11.6664],[-72.2485,11.1964],[-72.6901,10.8358],[-73.0065,9.7892],[-73.3662,9.1941],[-73.0584,9.2596],[-72.7964,9.109],[-72.6654,8.6276],[-72.3903,8.2871],[-72.472,7.5243],[-72.0066,7.0326],[-70.7372,7.09],[-70.1292,6.9536],[-69.4271,6.124],[-67.8592,6.2899],[-67.482,6.1803],[-67.4739,5.93],[-67.8249,5.2705],[-67.8553,4.5069],[-67.6616,3.8643],[-67.3111,3.4159],[-67.8591,2.7936],[-67.6187,2.7936],[-67.2108,2.3901],[-66.8845,1.3583],[-66.876,1.223],[-67.0823,1.1854],[-67.1192,1.7036],[-67.4004,2.1167],[-67.9362,1.7485],[-68.1938,1.987],[-68.1766,1.7198],[-69.8486,1.7087],[-69.8521,1.0595],[-69.3118,1.0505],[-69.1533,0.6588],[-69.4721,0.7299],[-70.0539,0.5786],[-70.0705,-0.1389],[-69.634,-0.5093],[-69.4002,-1.1949],[-69.9659,-4.2359],[-70.3395,-3.8144],[-70.7351,-3.7815],[-70.0958,-2.6582],[-70.9686,-2.2068],[-71.397,-2.3341],[-71.7525,-2.1527],[-72.2185,-2.4005],[-72.9411,-2.394],[-73.1545,-2.2782],[-73.197,-1.8303],[-73.4963,-1.6931],[-73.6643,-1.2488],[-74.2464,-0.9706],[-74.8018,-0.2001],[-75.7767,0.0893],[-76.2706,0.4394],[-76.4946,0.2354],[-77.3963,0.3939],[-77.7029,0.8378],[-78.3121,1.0461],[-79.0254,1.6237],[-78.793,1.8487],[-78.5769,1.7738],[-78.5917,2.3566],[-77.8136,2.7164],[-77.0768,3.9133],[-77.2635,3.8932],[-77.278,4.0585],[-77.3582,3.9447],[-77.4087,4.2478],[-77.5207,4.2128],[-77.2863,4.7217],[-77.3733,5.324],[-77.5344,5.5371],[-77.2493,5.7802],[-77.4694,6.1768],[-77.3688,6.5756],[-77.9012,7.2293],[-77.7619,7.6988],[-77.5383,7.5663],[-77.196,7.9725],[-77.4785,8.4984],[-77.3931,8.6447],[-76.7866,7.9316],[-76.7721,8.3105],[-76.9205,8.5737],[-76.2769,8.9891],[-76.0272,9.3658],[-75.6394,9.4504],[-75.5386,10.2052],[-75.7083,10.1434],[-75.446,10.6109],[-74.8446,11.1097],[-74.3302,10.9967],[-74.5163,10.8625],[-74.4009,10.7652],[-74.1429,11.3209],[-73.3134,11.2958],[-72.275,11.8893],[-72.1357,12.1886],[-71.7146,12.42],[-71.2621,12.3353],[-71.1373,12.0463],[-71.3197,11.8619]]],[[[-78.1137,2.5417],[-78.1408,2.5197],[-78.1925,2.5593],[-78.2101,2.6092],[-78.1784,2.6463],[-78.1376,2.6342],[-78.1191,2.6036],[-78.1137,2.5417]]]]}},{"type":"Feature","properties":{"ADM0_A3":"CHN"},"geometry":{"type":"MultiPolygon","coordinates":[[[[118.183,24.4963],[118.1495,24.4361],[118.0905,24.4461],[118.0888,24.4889],[118.0768,24.5014],[118.093,24.5412],[118.1038,24.5523],[118.1707,24.5185],[118.183,24.4963]]],[[[121.8627,31.4923],[121.5199,31.5496],[121.2111,31.8054],[121.8627,31.4923]]],[[[122.2959,29.9634],[122.2815,29.9438],[122.1578,30.0013],[122.024,30.0133],[121.9778,30.0638],[121.9694,30.1431],[122.1105,30.1397],[122.2845,30.068],[122.3223,30.0314],[122.2959,29.9634]]],[[[122.1726,29.679],[122.169,29.6603],[122.0838,29.7253],[122.0427,29.7359],[122.0623,29.7728],[122.1196,29.7822],[122.165,29.7008],[122.1726,29.679]]],[[[122.4039,29.8924],[122.394,29.8461],[122.3676,29.8527],[122.3318,29.935],[122.351,29.9552],[122.4016,29.9502],[122.4039,29.8924]]],[[[119.8209,25.457],[119.7003,25.4327],[119.7226,25.6388],[119.8209,25.457]]],[[[110.3852,21.0932],[110.5216,21.0831],[110.5039,20.9677],[110.281,21.0012],[110.3852,21.0932]]],[[[121.2514,28.0864],[121.134,28.1353],[121.2055,28.2044],[121.2514,28.0864]]],[[[113.5553,22.8042],[113.5637,22.7579],[113.4856,22.8283],[113.4634,22.8324],[113.4261,22.8586],[113.4044,22.9028],[113.4649,22.9045],[113.5205,22.8521],[113.5553,22.8042]]],[[[112.7902,21.6019],[112.7711,21.5818],[112.742,21.6181],[112.7335,21.6699],[112.7127,21.6979],[112.7605,21.7333],[112.782,21.7723],[112.8391,21.7645],[112.8626,21.7526],[112.8126,21.7122],[112.8007,21.6949],[112.7902,21.6019]]],[[[112.6437,21.6396],[112.5456,21.6185],[112.525,21.623],[112.559,21.6748],[112.6477,21.7103],[112.6437,21.6396]]],[[[107.9727,21.508],[107.7593,21.655],[107.3512,21.6089],[106.971,21.9239],[106.6636,21.9789],[106.5504,22.5014],[106.7803,22.7789],[106.1484,22.9701],[105.843,22.9228],[105.2754,23.3452],[104.8647,23.1364],[104.6873,22.8222],[104.3718,22.7041],[104.1431,22.8001],[103.9415,22.5401],[103.6202,22.782],[103.493,22.588],[103.3006,22.7644],[102.9819,22.4482],[102.4709,22.7509],[102.1274,22.3792],[101.7075,22.4866],[101.5245,22.2537],[101.7365,21.8265],[101.7281,21.1564],[101.2479,21.1973],[101.0798,21.7559],[100.6046,21.4718],[100.1477,21.4805],[99.9177,22.028],[99.1734,22.1533],[99.5071,22.9591],[98.8638,23.1913],[98.6768,23.9051],[98.8351,24.1212],[98.2125,24.1106],[97.5646,23.911],[97.7082,24.2288],[97.5294,24.6312],[97.8195,25.2519],[98.6563,25.8636],[98.5641,26.0724],[98.7394,26.6981],[98.6512,27.5725],[98.4525,27.6572],[98.2988,27.5501],[98.0989,28.1423],[97.6589,28.5],[97.3225,28.218],[96.6026,28.4599],[96.2814,28.4121],[96.5809,28.7637],[96.4357,29.0507],[96.1371,28.9226],[96.1224,29.0821],[96.3559,29.2491],[96.0354,29.4472],[95.3893,29.0374],[94.623,29.3124],[93.7607,28.7298],[93.252,28.6295],[92.6525,28.0934],[92.6644,27.9489],[91.9776,27.7304],[91.6319,27.76],[91.6419,27.9232],[91.273,28.0784],[91.0208,27.9701],[89.8979,28.2941],[89.4807,28.06],[88.8914,27.3161],[88.749,27.5219],[88.8037,28.0069],[88.6211,28.0918],[87.6226,27.8152],[87.1414,27.8383],[86.6145,28.103],[86.4087,27.9287],[86.137,28.1144],[85.9945,27.9104],[85.6783,28.2774],[85.1225,28.316],[85.1591,28.5922],[84.7969,28.5602],[84.2287,28.9118],[84.1014,29.22],[83.5835,29.1836],[83.1555,29.6126],[82.2207,30.0639],[82.0434,30.3268],[81.4172,30.3376],[81.1104,30.0368],[80.6821,30.4148],[80.1912,30.5684],[80.1494,30.7898],[79.3885,31.0642],[79.1071,31.4026],[78.7578,31.3025],[78.7354,31.958],[78.3896,32.5199],[78.7009,32.597],[78.9189,32.3582],[79.2193,32.5011],[79.1352,33.1719],[78.8019,33.4997],[78.7267,34.0134],[78.9701,34.3026],[78.282,34.6539],[78.0122,35.251],[78.0427,35.4798],[77.09,35.5521],[76.6318,35.7294],[76.5513,35.8871],[76.1778,35.8105],[75.9123,36.049],[75.9744,36.3824],[75.8402,36.6497],[75.4242,36.7382],[75.3467,36.9135],[74.3762,37.1374],[75.1188,37.3857],[74.8942,37.6014],[74.8359,38.4043],[74.2774,38.6598],[74.0256,38.5398],[73.8017,38.6069],[73.6316,39.4489],[73.9071,39.5785],[73.8354,39.8001],[73.9916,40.0431],[74.8305,40.3285],[74.8352,40.4826],[75.5556,40.6252],[75.6771,40.3058],[76.3186,40.3522],[76.9077,41.0242],[78.1234,41.0756],[78.7426,41.5601],[80.2352,42.0435],[80.165,42.6655],[80.539,42.8735],[80.3902,43.0431],[80.7857,43.1616],[80.3553,44.0973],[80.3551,44.552],[80.4815,44.7146],[79.8719,44.8838],[81.692,45.3494],[81.9449,45.1608],[82.5215,45.1255],[82.6116,45.4243],[82.3152,45.5949],[83.0295,47.1859],[84.6666,46.9724],[84.7861,46.8307],[85.4848,47.0635],[85.6566,47.2546],[85.526,47.9156],[85.6922,48.3118],[86.5494,48.5286],[86.7531,49.0088],[87.0485,49.1099],[87.8143,49.1623],[87.8722,49.0001],[87.7432,48.8816],[88.0601,48.7072],[87.9797,48.5551],[88.5171,48.3845],[88.576,48.2202],[89.0477,48.0025],[89.4792,48.0291],[90.3133,47.6762],[91.0289,46.5661],[90.9115,46.2707],[91.0018,46.0358],[90.6618,45.5252],[90.8772,45.1961],[93.5162,44.9445],[94.712,44.3508],[95.3503,44.2781],[95.3256,44.0394],[95.5256,43.954],[95.8596,43.276],[96.3854,42.7204],[97.2057,42.7898],[101.4953,42.5388],[102.1566,42.1581],[103.7111,41.7513],[104.4982,41.877],[104.4982,41.6587],[104.982,41.5955],[106.77,42.2887],[109.4432,42.456],[110.4004,42.7737],[111.0072,43.3414],[111.9332,43.7114],[111.4022,44.3673],[111.898,45.0641],[113.587,44.7457],[114.5602,45.39],[115.6811,45.4583],[116.1977,45.7394],[116.5626,46.2898],[117.3334,46.362],[117.4381,46.5862],[117.7412,46.5182],[118.8439,46.7602],[119.3318,46.6138],[119.8672,46.6722],[119.7111,47.15],[118.4984,47.984],[117.7684,47.9879],[117.3508,47.6522],[116.7605,47.8698],[116.2312,47.8582],[115.8982,47.6869],[115.6164,47.8748],[115.5251,48.1309],[115.7855,48.2482],[115.8205,48.5772],[116.6833,49.8238],[117.8734,49.5135],[118.4516,49.8445],[119.2599,50.0664],[119.3463,50.279],[119.1637,50.406],[120.0669,51.6007],[120.7498,52.0965],[120.6562,52.5667],[120.0676,52.6329],[120.0945,52.7872],[120.9854,53.2846],[123.3096,53.5556],[125.649,53.0423],[126.3417,52.362],[126.9248,51.1001],[127.307,50.708],[127.3372,50.3501],[127.5902,50.209],[127.5508,49.8018],[127.9996,49.5686],[128.704,49.6001],[129.0651,49.3747],[129.4981,49.3888],[130.196,48.8916],[130.5531,48.8612],[130.5521,48.6025],[130.8043,48.3415],[130.7326,48.0192],[130.9619,47.7093],[132.4763,47.715],[133.0201,48.0644],[134.2934,48.3734],[134.6652,48.2539],[134.566,48.0225],[134.7523,47.7154],[134.1677,47.3022],[133.8613,46.2478],[133.4364,45.6047],[133.186,45.4948],[133.1135,45.1307],[132.936,45.0299],[131.8519,45.3269],[131.4469,44.984],[130.9816,44.8443],[131.2553,44.0716],[131.2573,43.3781],[131.0686,42.9022],[130.4248,42.7271],[130.527,42.5354],[130.2403,42.8918],[129.8982,42.9981],[129.6979,42.4481],[129.3137,42.4136],[128.9234,42.0382],[128.0452,41.9875],[128.2893,41.6074],[128.1494,41.3877],[127.1797,41.5313],[126.9548,41.7695],[126.7216,41.7166],[125.9891,40.9046],[124.8894,40.4598],[124.2675,39.9242],[123.6509,39.8816],[122.84,39.6008],[121.9823,39.0532],[121.6772,39.0034],[121.6499,38.8651],[121.1636,38.7316],[121.1067,38.9208],[121.6799,39.1087],[121.6276,39.2202],[121.8185,39.3865],[121.2755,39.3848],[121.2675,39.5447],[121.5176,39.639],[121.5174,39.8448],[121.801,39.9505],[122.2639,40.5002],[121.8349,40.9743],[121.7293,40.8461],[121.1745,40.9013],[120.4791,40.231],[119.3911,39.7525],[118.977,39.1826],[117.7847,39.1345],[117.5538,38.6915],[117.6561,38.4242],[118.0149,38.1834],[118.94,38.0428],[119.0892,37.7007],[118.9526,37.3312],[119.2874,37.1383],[119.7605,37.1551],[120.2572,37.679],[120.75,37.8339],[121.6402,37.4604],[122.0566,37.5289],[122.667,37.4028],[122.4467,37.0681],[122.5197,36.9468],[122.3409,36.8322],[121.9327,36.9595],[120.8108,36.6328],[120.8958,36.4441],[120.7115,36.4133],[120.6379,36.1299],[120.3931,36.0539],[120.3277,36.2282],[120.1833,36.2024],[120.0941,36.1189],[120.2848,35.9844],[119.4297,35.3014],[119.1653,34.8488],[120.2667,34.274],[120.8711,33.0165],[120.8532,32.6614],[121.3417,32.425],[121.4508,32.1533],[121.8324,31.8998],[121.8663,31.7036],[121.7636,31.6995],[120.5201,32.1059],[120.0359,31.9363],[120.7155,31.9837],[121.8345,31.0616],[121.8779,30.917],[121.4189,30.7898],[120.8975,30.3926],[120.1946,30.2413],[120.4945,30.3031],[120.6334,30.1332],[121.258,30.3041],[121.6779,29.9791],[122.0829,29.8704],[121.5062,29.4846],[121.888,29.6278],[121.9684,29.4906],[121.9178,29.135],[121.7175,29.2563],[121.4477,29.1313],[121.6797,28.9531],[121.54,28.9319],[121.6625,28.8514],[121.4752,28.6414],[121.61,28.2921],[121.2723,28.2221],[121.1457,28.3267],[120.9586,28.037],[120.7477,28.01],[120.833,27.8915],[120.6075,27.4124],[120.043,26.6338],[119.8822,26.6104],[119.8242,26.8464],[119.5882,26.785],[119.8811,26.3342],[119.4631,26.0547],[119.1395,26.1218],[119.332,25.9487],[119.6188,26.0036],[119.6225,25.3912],[119.1801,25.4498],[119.2855,25.2322],[118.9775,25.2093],[118.9091,24.9289],[118.6369,24.8355],[118.657,24.6214],[118.0871,24.627],[117.8427,24.4743],[118.0561,24.2461],[117.6282,23.8367],[117.4664,23.8406],[117.3677,23.5886],[117.2908,23.7144],[117.0825,23.5788],[116.9106,23.6467],[116.4707,22.9459],[115.6404,22.8534],[115.4983,22.7188],[115.1958,22.8173],[114.8538,22.6168],[114.6517,22.7553],[114.5542,22.5289],[114.0154,22.5119],[113.6196,22.8614],[113.6205,23.1275],[113.5197,23.1021],[113.3311,22.912],[113.553,22.594],[113.5491,22.2252],[113.149,22.075],[113.0888,22.208],[112.9539,21.9073],[112.5863,21.7769],[112.3597,21.978],[112.305,21.7417],[111.9439,21.8497],[111.6027,21.5591],[111.0169,21.5117],[110.5672,21.2141],[110.4109,21.3381],[110.154,20.9446],[110.3654,20.8376],[110.3131,20.6717],[110.5115,20.5183],[110.3447,20.2948],[109.8825,20.3641],[109.9684,20.4481],[109.6626,20.9169],[109.9308,21.4806],[109.5664,21.6906],[109.544,21.5379],[109.1486,21.4255],[109.1018,21.5905],[108.7717,21.6305],[108.4799,21.9046],[108.5021,21.6334],[108.3248,21.6935],[107.9727,21.508]]],[[[110.8888,19.9919],[111.0137,19.6555],[110.6409,19.2912],[110.4513,18.7479],[110.0674,18.4476],[109.5193,18.2183],[108.7016,18.5353],[108.6655,19.3041],[109.2767,19.7611],[109.1774,19.7685],[109.2635,19.8827],[110.1716,20.0537],[110.5882,19.9764],[110.6518,20.1377],[110.8888,19.9919]]]]}},{"type":"Feature","properties":{"ADM0_A3":"MAC"},"geometry":{"type":"Polygon","coordinates":[[[113.4789,22.1956],[113.4811,22.2175],[113.4941,22.2416],[113.5271,22.2459],[113.5481,22.2226],[113.5455,22.2215],[113.4988,22.2017],[113.4842,22.1978],[113.4789,22.1956]]]}},{"type":"Feature","properties":{"ADM0_A3":"HKG"},"geometry":{"type":"MultiPolygon","coordinates":[[[[114.0154,22.5119],[114.266,22.541],[114.3353,22.3962],[114.268,22.2956],[113.9373,22.365],[114.0154,22.5119]]],[[[114.232,22.2105],[114.2072,22.1952],[114.1388,22.2684],[114.1345,22.2922],[114.1874,22.2966],[114.2469,22.2636],[114.2436,22.2335],[114.232,22.2105]]],[[[113.9978,22.2105],[113.8389,22.2417],[114.0439,22.3334],[113.9978,22.2105]]]]}},{"type":"Feature","properties":{"ADM0_A3":"CHL"},"geometry":{"type":"MultiPolygon","coordinates":[[[[-109.28,-27.1404],[-109.4341,-27.1713],[-109.3905,-27.0684],[-109.28,-27.1404]]],[[[-78.8042,-33.6465],[-78.9834,-33.6678],[-78.9895,-33.6617],[-78.9793,-33.6441],[-78.9381,-33.6136],[-78.8883,-33.5764],[-78.8774,-33.5752],[-78.859,-33.5781],[-78.8382,-33.5851],[-78.7847,-33.6102],[-78.7689,-33.6273],[-78.7747,-33.6416],[-78.8042,-33.6465]]],[[[-70.4183,-18.3456],[-69.9264,-18.2061],[-69.8026,-17.9902],[-69.8521,-17.7038],[-69.5109,-17.5061],[-69.3134,-17.9432],[-69.0939,-18.0505],[-68.9683,-18.968],[-68.4629,-19.4328],[-68.6983,-19.7211],[-68.5607,-19.9671],[-68.7558,-20.0908],[-68.7605,-20.4162],[-68.4843,-20.6284],[-68.5583,-20.902],[-68.197,-21.3003],[-67.8794,-22.8229],[-67.1949,-22.8217],[-67.0088,-23.0014],[-67.3562,-24.0338],[-68.2503,-24.392],[-68.562,-24.7474],[-68.3842,-25.0919],[-68.5921,-25.42],[-68.4145,-26.1537],[-68.5916,-26.4704],[-68.3187,-26.9732],[-68.8463,-27.1537],[-69.1744,-27.9247],[-69.6569,-28.4136],[-69.8279,-29.1032],[-70.0268,-29.324],[-69.96,-30.0783],[-69.8443,-30.175],[-69.9563,-30.3582],[-70.1532,-30.3609],[-70.3091,-31.0227],[-70.5196,-31.1484],[-70.5852,-31.5694],[-70.2544,-31.9577],[-70.3638,-32.0835],[-70.022,-32.8846],[-70.0849,-33.2018],[-69.8196,-33.2838],[-69.8524,-34.2243],[-70.0521,-34.3008],[-70.3932,-35.1469],[-70.5552,-35.2469],[-70.4048,-36.0617],[-71.0555,-36.5237],[-71.1922,-36.8437],[-71.1676,-37.7623],[-70.8477,-38.5416],[-70.9516,-38.7385],[-71.4016,-38.9351],[-71.5395,-39.6024],[-71.7199,-39.6353],[-71.6598,-40.0208],[-71.8183,-40.1767],[-71.6953,-40.3353],[-71.9414,-40.7892],[-71.9113,-41.6504],[-71.75,-42.0468],[-72.1082,-42.2519],[-72.1437,-42.5771],[-72.1024,-43.0656],[-71.7506,-43.2373],[-71.905,-43.3476],[-71.6801,-43.9296],[-71.82,-44.3831],[-71.2126,-44.4412],[-71.1597,-44.5603],[-71.2611,-44.7631],[-72.0637,-44.7719],[-72.0417,-44.9042],[-71.5963,-44.9792],[-71.3538,-45.2305],[-71.5081,-45.5127],[-71.7462,-45.5789],[-71.6315,-45.9537],[-71.8757,-46.1605],[-71.6997,-46.6514],[-71.9402,-46.8312],[-71.905,-47.2017],[-72.3459,-47.4927],[-72.5179,-47.8764],[-72.293,-48.2291],[-72.6084,-48.5193],[-72.6144,-48.7929],[-73.0336,-49.0144],[-73.1353,-49.3007],[-73.4616,-49.3139],[-73.5763,-49.5829],[-73.5013,-50.1253],[-73.1529,-50.7383],[-72.3402,-50.6818],[-72.4077,-51.5408],[-71.9711,-51.9642],[-69.9603,-52.0082],[-68.461,-52.2904],[-69.241,-52.2055],[-69.6203,-52.4647],[-70.7951,-52.7687],[-70.9959,-53.7793],[-71.2978,-53.8834],[-72.1744,-53.6323],[-72.4129,-53.3502],[-71.9417,-53.2341],[-71.8917,-53.5235],[-71.7915,-53.4846],[-71.7405,-53.2326],[-71.289,-53.0337],[-71.2271,-52.8106],[-71.3877,-52.7643],[-72.278,-53.1323],[-72.5489,-53.4607],[-73.0527,-53.2435],[-72.7277,-52.7623],[-71.5113,-52.6054],[-72.7121,-52.5355],[-73.1225,-53.0739],[-73.6452,-52.837],[-73.2408,-52.7071],[-73.1239,-52.488],[-73.5857,-52.6857],[-74.0145,-52.6394],[-74.2649,-52.1049],[-73.8345,-52.234],[-73.6843,-52.0777],[-73.2604,-52.1578],[-72.795,-51.9495],[-72.5708,-52.2001],[-72.714,-52.3567],[-72.5233,-52.2555],[-72.6248,-52.0069],[-72.5425,-51.7062],[-73.1688,-51.4539],[-72.6,-51.7991],[-73.5182,-52.041],[-73.7526,-51.7955],[-74.1967,-51.6806],[-73.9298,-51.6179],[-73.9395,-51.2663],[-74.8147,-51.0629],[-75.0947,-50.6812],[-74.6857,-50.662],[-74.7759,-50.4699],[-74.6445,-50.3609],[-73.8065,-50.9384],[-73.6544,-50.4927],[-73.978,-50.8271],[-74.1972,-50.6098],[-74.1856,-50.4854],[-73.9503,-50.5105],[-74.6296,-50.194],[-74.3337,-49.9746],[-73.9586,-49.9947],[-74.3239,-49.7834],[-74.2908,-49.6041],[-73.8364,-49.6094],[-74.0944,-49.4297],[-73.935,-49.0209],[-74.2213,-49.5006],[-74.3666,-49.4005],[-74.341,-48.5957],[-74.0091,-48.475],[-74.4744,-48.464],[-74.5847,-47.999],[-73.3911,-48.1459],[-73.6099,-47.9939],[-73.7159,-47.6555],[-73.9409,-47.9294],[-74.2271,-47.9689],[-74.6549,-47.7022],[-74.5338,-47.5677],[-74.243,-47.6793],[-74.1341,-47.5908],[-74.4827,-47.4305],[-74.1584,-47.1825],[-74.3136,-46.7882],[-74.5123,-46.8852],[-75.006,-46.7411],[-74.9842,-46.5121],[-75.5403,-46.6987],[-75.4304,-46.9346],[-75.7064,-46.7053],[-74.9245,-46.1597],[-75.0667,-45.8749],[-74.1579,-45.7672],[-74.1227,-45.4962],[-73.9572,-45.4044],[-73.825,-45.4469],[-74.0199,-46.0559],[-74.393,-46.2174],[-73.9676,-46.1541],[-73.8787,-45.8469],[-73.7353,-45.8117],[-73.7082,-46.0703],[-73.9486,-46.5331],[-73.8454,-46.566],[-73.5918,-45.8991],[-73.7566,-45.7028],[-73.7308,-45.48],[-73.2662,-45.3462],[-72.9338,-45.4523],[-73.445,-45.2382],[-73.4049,-45.1023],[-72.6801,-44.5939],[-72.6639,-44.4364],[-73.2651,-44.1687],[-72.9966,-43.6315],[-73.076,-43.3236],[-72.758,-43.0395],[-72.848,-42.6691],[-72.6318,-42.5097],[-72.7732,-42.2577],[-72.6311,-42.1998],[-72.4124,-42.3882],[-72.4994,-41.9809],[-72.8241,-41.9088],[-72.3604,-41.6491],[-72.3183,-41.499],[-72.5424,-41.6906],[-72.9528,-41.5147],[-73.2418,-41.7809],[-73.7352,-41.7425],[-73.6239,-41.5813],[-73.855,-41.4464],[-73.9836,-40.9743],[-73.671,-39.9632],[-73.4104,-39.7892],[-73.2265,-39.2244],[-73.5202,-38.5094],[-73.4648,-38.0403],[-73.6618,-37.6985],[-73.6624,-37.341],[-73.6017,-37.1885],[-73.216,-37.1669],[-73.1181,-36.6884],[-72.5874,-35.7597],[-72.6239,-35.5857],[-72.2238,-35.0962],[-72.0028,-34.1653],[-71.6644,-33.6526],[-71.743,-33.0951],[-71.4522,-32.6596],[-71.7089,-30.628],[-71.6695,-30.3304],[-71.4004,-30.143],[-71.3157,-29.6497],[-71.5192,-28.9265],[-71.1864,-28.3778],[-70.6466,-26.3294],[-70.7137,-25.7842],[-70.4522,-25.2519],[-70.5741,-24.6443],[-70.3923,-23.5659],[-70.5934,-23.2555],[-70.3317,-22.8486],[-70.0875,-21.4931],[-70.1574,-19.7059],[-70.4183,-18.3456]]],[[[-68.6299,-52.6526],[-68.6532,-54.8536],[-69.4863,-54.8589],[-69.7234,-54.7121],[-70.4972,-54.8096],[-71.9016,-54.6016],[-71.8001,-54.434],[-70.7973,-54.3272],[-70.7011,-54.4854],[-70.311,-54.5285],[-70.8631,-54.1104],[-70.8677,-53.8842],[-70.5313,-53.6273],[-70.3797,-53.9867],[-70.6298,-54.0056],[-70.5353,-54.1361],[-70.169,-54.3793],[-69.7418,-54.3059],[-69.2532,-54.5574],[-69.0443,-54.4067],[-69.9881,-54.1091],[-70.1511,-53.8881],[-70.0911,-53.7218],[-69.356,-53.4163],[-70.3293,-53.3776],[-70.4434,-53.0855],[-70.1306,-52.9428],[-70.3801,-52.752],[-69.9354,-52.8211],[-69.4141,-52.4862],[-69.167,-52.6676],[-68.6299,-52.6526]]],[[[-67.0799,-55.1538],[-67.3397,-55.2926],[-67.4947,-55.1774],[-68.07,-55.2211],[-68.3014,-54.9807],[-67.2453,-54.9776],[-67.0799,-55.1538]]],[[[-73.7734,-43.3459],[-74.3874,-43.2316],[-74.0367,-41.7955],[-73.5278,-41.8963],[-73.4229,-42.1929],[-73.4708,-42.4663],[-73.7893,-42.5857],[-73.4363,-42.9365],[-73.7497,-43.1591],[-73.7734,-43.3459]]],[[[-74.4762,-49.1479],[-74.4588,-49.6911],[-74.5947,-50.0066],[-74.763,-50.0114],[-74.8804,-49.7259],[-74.7238,-49.4238],[-74.9601,-49.533],[-75.066,-49.8523],[-75.5498,-49.7913],[-75.3059,-49.494],[-75.4675,-49.3589],[-75.086,-49.2702],[-75.2102,-49.148],[-74.9492,-48.9602],[-74.8962,-48.7332],[-74.5461,-48.7669],[-74.4762,-49.1479]]],[[[-75.5103,-48.7635],[-75.6509,-48.5863],[-75.5607,-48.0709],[-75.3914,-48.0197],[-75.1585,-48.6227],[-75.5103,-48.7635]]],[[[-74.3857,-52.9224],[-73.654,-53.0698],[-73.1352,-53.3539],[-74.2702,-53.0815],[-74.7115,-52.7682],[-74.3857,-52.9224]]],[[[-74.5673,-48.592],[-74.923,-48.6265],[-75.2473,-48.0268],[-74.8274,-47.8504],[-74.5673,-48.592]]],[[[-72.9232,-53.4816],[-72.2054,-53.8074],[-72.8404,-54.1251],[-72.9586,-54.0659],[-72.7638,-53.8648],[-73.0395,-53.8328],[-73.0808,-53.998],[-73.2106,-53.9858],[-73.3144,-53.7292],[-73.8455,-53.5458],[-73.4471,-53.4101],[-72.9232,-53.4816]]],[[[-74.8229,-51.6302],[-74.7801,-51.8247],[-74.5368,-51.9651],[-74.6945,-52.2792],[-74.8518,-52.2707],[-75.1054,-51.7889],[-74.8229,-51.6302]]],[[[-69.703,-54.919],[-68.458,-54.9597],[-68.3998,-55.042],[-68.6133,-55.1556],[-68.2827,-55.2552],[-68.0483,-55.6432],[-68.867,-55.4502],[-68.8901,-55.2412],[-69.1926,-55.1719],[-69.3592,-55.3007],[-69.1809,-55.4748],[-69.4118,-55.4442],[-69.9798,-55.1475],[-69.8844,-54.882],[-69.703,-54.919]]],[[[-71.3905,-54.0328],[-71.0219,-54.1118],[-71.1433,-54.374],[-71.4733,-54.2312],[-71.9485,-54.3009],[-72.2104,-54.0478],[-71.9965,-53.8849],[-71.3905,-54.0328]]],[[[-73.7354,-44.3945],[-74.0021,-44.5909],[-73.7521,-45.2668],[-74.0991,-45.3254],[-74.6178,-44.6479],[-74.5018,-44.4735],[-74.0972,-44.3894],[-73.9949,-44.1402],[-73.7032,-44.2741],[-73.7354,-44.3945]]],[[[-72.9861,-44.7801],[-73.3971,-44.7743],[-73.26,-44.3503],[-72.7764,-44.5086],[-72.9861,-44.7801]]],[[[-75.0425,-44.8901],[-75.0675,-44.9065],[-75.0987,-44.9018],[-75.1242,-44.8699],[-75.1421,-44.8156],[-75.1074,-44.7951],[-75.0795,-44.7951],[-75.0484,-44.8239],[-75.0322,-44.8705],[-75.0425,-44.8901]]],[[[-75.302,-50.68],[-75.4385,-50.7411],[-75.4276,-50.4806],[-75.1153,-50.5104],[-75.302,-50.68]]],[[[-75.1067,-48.8365],[-75.3899,-49.1592],[-75.6412,-49.1954],[-75.4876,-49.0824],[-75.5831,-48.8589],[-75.1067,-48.8365]]],[[[-75.1122,-47.8377],[-75.2031,-47.728],[-74.9265,-47.7231],[-75.1122,-47.8377]]],[[[-74.6688,-43.6078],[-74.8104,-43.6254],[-74.8427,-43.5955],[-74.842,-43.5703],[-74.8177,-43.5494],[-74.745,-43.5359],[-74.6975,-43.553],[-74.6727,-43.5774],[-74.6648,-43.5996],[-74.6688,-43.6078]]],[[[-73.6322,-44.8215],[-73.7795,-44.5592],[-73.6412,-44.6108],[-73.6322,-44.8215]]],[[[-74.5586,-51.2771],[-74.6204,-51.3957],[-75.0474,-51.3983],[-75.2891,-51.6254],[-75.1537,-51.2788],[-74.5586,-51.2771]]],[[[-75.0548,-50.2961],[-75.4491,-50.3434],[-75.3267,-50.0118],[-74.876,-50.11],[-75.0548,-50.2961]]],[[[-73.8106,-43.8272],[-73.7896,-43.8765],[-73.8336,-43.8832],[-73.9042,-43.8754],[-73.9383,-43.9143],[-73.9557,-43.922],[-74.1178,-43.8875],[-74.143,-43.8722],[-74.1399,-43.821],[-73.9672,-43.8165],[-73.8569,-43.7838],[-73.8414,-43.789],[-73.8106,-43.8272]]],[[[-74.1422,-51.9311],[-74.1721,-51.9421],[-74.2831,-51.9188],[-74.3387,-51.8979],[-74.4236,-51.8451],[-74.4371,-51.7906],[-74.4754,-51.7257],[-74.4508,-51.7249],[-74.3621,-51.7507],[-74.3257,-51.7702],[-74.2771,-51.8116],[-74.1334,-51.8709],[-74.1154,-51.8885],[-74.1189,-51.9111],[-74.1422,-51.9311]]],[[[-74.3129,-45.6915],[-74.6898,-45.6626],[-74.3105,-45.1727],[-74.3129,-45.6915]]],[[[-67.5752,-55.8896],[-67.6114,-55.8917],[-67.6995,-55.8731],[-67.8315,-55.8648],[-67.8464,-55.8572],[-67.8497,-55.8426],[-67.8341,-55.8275],[-67.7621,-55.8161],[-67.5448,-55.826],[-67.5173,-55.8328],[-67.5098,-55.8443],[-67.5453,-55.8774],[-67.5752,-55.8896]]],[[[-66.4721,-55.2291],[-66.5517,-55.2729],[-66.6111,-55.2699],[-66.6302,-55.2541],[-66.6366,-55.2344],[-66.6248,-55.2131],[-66.5997,-55.1937],[-66.5416,-55.1694],[-66.5231,-55.1655],[-66.4358,-55.1897],[-66.4721,-55.2291]]],[[[-70.9916,-54.868],[-70.4175,-54.9089],[-70.2979,-55.1138],[-70.4756,-55.1771],[-71.4066,-54.9309],[-71.4105,-54.8394],[-70.9916,-54.868]]],[[[-67.2889,-55.7769],[-67.5635,-55.7078],[-67.3741,-55.5894],[-67.2889,-55.7769]]]]}},{"type":"Feature","properties":{"ADM0_A3":"TCD"},"geometry":{"type":"Polygon","coordinates":[[[23.9803,19.4966],[23.9708,15.7215],[23.1052,15.7025],[22.9339,15.5331],[22.9323,15.1621],[22.6709,14.7225],[22.3815,14.5505],[22.5386,14.1619],[22.1064,13.7998],[22.2281,13.3296],[21.8253,12.7905],[22.3523,12.6604],[22.5911,11.5799],[22.9227,11.3449],[22.8601,10.9197],[22.4938,10.9962],[21.7715,10.6428],[21.6827,10.2898],[20.3421,9.1271],[18.9563,8.9389],[18.886,8.836],[19.1087,8.6562],[18.5642,8.0459],[17.6494,7.9836],[16.7848,7.551],[16.5453,7.8655],[15.9576,7.5076],[15.4801,7.5238],[15.5498,7.7879],[15.1162,8.5573],[14.3323,9.2035],[13.9772,9.6916],[14.2433,9.9797],[15.6549,10.0078],[15.1322,10.6485],[15.0813,11.8455],[14.8471,12.5021],[14.4617,13.0218],[14.064,13.0785],[13.6063,13.7046],[13.4482,14.3807],[14.368,15.7501],[15.4743,16.9084],[15.7351,19.9041],[15.9632,20.3462],[15.5871,20.7333],[15.6073,20.9544],[15.1818,21.5234],[14.979,22.9962],[15.9841,23.4452],[23.9803,19.4966]]]}},{"type":"Feature","properties":{"ADM0_A3":"CAF"},"geometry":{"type":"Polygon","coordinates":[[[24.1474,8.6656],[24.2914,8.2914],[24.8533,8.1375],[25.2004,7.8079],[25.2789,7.4275],[26.3618,6.6353],[26.3086,6.4553],[26.5143,6.0692],[27.1439,5.7229],[27.4033,5.1092],[27.0719,5.1998],[26.8221,5.0624],[25.5251,5.3121],[25.0652,4.9674],[24.3198,4.9941],[23.4172,4.6631],[22.8646,4.7239],[22.4222,4.135],[20.5581,4.4627],[20.2264,4.8296],[19.501,5.1275],[19.0686,4.8914],[18.5941,4.3462],[18.6104,3.4784],[18.4744,3.623],[18.1609,3.4998],[17.4916,3.6873],[16.6107,3.5054],[16.1834,2.2701],[16.0635,2.9086],[15.1287,3.8269],[15.0636,4.2849],[14.7312,4.6024],[14.563,5.2799],[14.6169,5.8651],[14.4407,6.0867],[14.7393,6.2798],[15.4801,7.5238],[15.9576,7.5076],[16.5453,7.8655],[16.7848,7.551],[17.6494,7.9836],[18.5642,8.0459],[19.1087,8.6562],[18.8883,8.8897],[20.3421,9.1271],[20.6314,9.3014],[21.6827,10.2898],[21.7065,10.5748],[22.0432,10.8227],[22.4938,10.9962],[22.8601,10.9197],[23.6463,9.8229],[23.6227,9.3406],[23.4683,9.1147],[23.5373,8.8158],[24.1474,8.6656]]]}},{"type":"Feature","properties":{"ADM0_A3":"CPV"},"geometry":{"type":"MultiPolygon","coordinates":[[[[-25.1698,16.9465],[-25.3083,16.9358],[-25.3371,17.091],[-25.0347,17.1765],[-25.1698,16.9465]]],[[[-23.4442,15.008],[-23.7054,14.9613],[-23.7481,15.3285],[-23.4442,15.008]]],[[[-24.8871,16.8181],[-25.0931,16.8325],[-24.9365,16.9221],[-24.8871,16.8181]]],[[[-22.9177,16.2373],[-22.6926,16.169],[-22.7101,16.0434],[-22.9593,16.0451],[-22.9177,16.2373]]],[[[-24.3083,14.8563],[-24.4405,14.8348],[-24.4969,14.9803],[-24.3295,15.0195],[-24.3083,14.8563]]],[[[-24.0877,16.6225],[-24.3224,16.4931],[-24.3981,16.6184],[-24.0877,16.6225]]],[[[-22.8883,16.6591],[-22.9203,16.6079],[-22.9594,16.6831],[-22.9806,16.7009],[-22.9909,16.8088],[-22.9329,16.841],[-22.9047,16.8438],[-22.9039,16.7321],[-22.8883,16.6591]]],[[[-23.1821,15.1368],[-23.21,15.1331],[-23.2518,15.1781],[-23.2425,15.2405],[-23.2472,15.257],[-23.2103,15.3235],[-23.1377,15.3177],[-23.1193,15.2684],[-23.1159,15.1667],[-23.1821,15.1368]]]]}},{"type":"Feature","properties":{"ADM0_A3":"CAN"},"geometry":{"type":"MultiPolygon","coordinates":[[[[-132.6555,54.1275],[-132.1661,53.9552],[-132.5347,53.6517],[-132.187,53.6848],[-132.1344,54.0343],[-131.6676,54.1414],[-132.0113,53.2652],[-132.5205,53.194],[-132.7475,53.3105],[-132.4313,53.3504],[-132.845,53.5077],[-133.0979,54.0056],[-133.0484,54.1589],[-132.6555,54.1275]]],[[[-131.7537,53.1956],[-131.6347,52.9222],[-131.9718,52.8798],[-131.4552,52.7017],[-131.5906,52.5782],[-131.1426,52.2911],[-131.2215,52.1536],[-132.1651,52.7833],[-132.2581,52.9339],[-132.1438,52.9993],[-132.5468,53.1375],[-131.7537,53.1956]]],[[[-127.1973,50.6404],[-125.4821,50.3168],[-124.8306,49.5301],[-123.9958,49.224],[-123.2838,48.4552],[-123.5731,48.3228],[-124.8683,48.6536],[-125.1403,48.8026],[-124.8126,49.2126],[-124.9273,49.0142],[-125.4895,48.9338],[-125.8285,49.0918],[-125.6442,49.1858],[-125.9517,49.248],[-125.9354,49.4015],[-126.5485,49.4189],[-126.5419,49.5905],[-126.1341,49.6723],[-126.9033,49.9441],[-127.1143,49.8797],[-127.2498,50.138],[-127.8639,50.1277],[-127.9059,50.4452],[-127.4865,50.4046],[-127.4659,50.5831],[-128.0583,50.4985],[-128.3499,50.6966],[-128.3008,50.7941],[-127.9181,50.8605],[-127.1973,50.6404]]],[[[-130.0251,55.8882],[-130.0979,56.1093],[-131.8243,56.59],[-131.8662,56.7928],[-132.1043,56.8568],[-132.0315,57.0266],[-132.338,57.0794],[-132.2322,57.1985],[-133.4011,58.4109],[-134.9437,59.2883],[-135.051,59.5787],[-135.4759,59.7933],[-136.3218,59.6048],[-136.2471,59.5329],[-136.4664,59.4591],[-136.5788,59.1522],[-137.4386,58.9031],[-137.5933,59.2263],[-139.1852,60.0836],[-139.0792,60.3437],[-139.6763,60.3283],[-139.9733,60.1832],[-141.0021,60.3002],[-141.0021,69.6508],[-139.1815,69.5155],[-137.8694,69.0928],[-135.2588,68.6843],[-135.8947,68.9267],[-135.5755,69.027],[-135.9102,69.1115],[-135.1408,69.4678],[-134.4568,69.4776],[-134.4089,69.6818],[-133.8798,69.5077],[-134.1743,69.2528],[-133.1631,69.4339],[-132.9153,69.6296],[-132.4039,69.6587],[-132.4885,69.7381],[-131.1364,69.9069],[-130.6655,70.1271],[-129.6756,70.193],[-129.5384,70.1052],[-129.6483,69.9978],[-130.8321,69.6515],[-131.9378,69.5347],[-132.6867,69.2599],[-133.379,68.8867],[-133.1968,68.7398],[-133.304,68.8474],[-132.5776,68.8478],[-132.7391,68.9225],[-132.7189,69.0792],[-131.7884,69.432],[-131.0634,69.4507],[-130.9707,69.2091],[-130.1176,69.7201],[-128.8989,69.9662],[-129.1579,69.8001],[-128.853,69.751],[-128.2786,70.1081],[-127.6838,70.2604],[-128.1701,70.4185],[-127.991,70.5738],[-127.226,70.2961],[-126.2504,69.5453],[-125.525,69.3516],[-125.1719,69.428],[-125.3569,69.626],[-125.2012,69.8288],[-124.7679,69.99],[-124.9904,70.0266],[-124.555,70.1512],[-124.4069,69.7674],[-124.1246,69.69],[-124.4813,69.4251],[-124.3381,69.3648],[-123.5284,69.3894],[-123.0258,69.81],[-122.0701,69.8162],[-117.227,68.9134],[-116.0595,68.837],[-116.2434,68.9741],[-115.8063,68.9866],[-114.9938,68.85],[-113.9644,68.3991],[-114.0959,68.2668],[-114.7653,68.2702],[-115.1271,68.132],[-115.4345,67.9023],[-115.1332,67.8192],[-112.503,67.6819],[-110.0739,67.9929],[-109.6304,67.7327],[-109.038,67.6912],[-108.852,67.422],[-108.6133,67.598],[-107.9887,67.2564],[-107.9913,67.0952],[-108.496,67.0923],[-107.2595,66.3985],[-107.7104,66.74],[-107.746,66.9615],[-107.1565,66.8817],[-107.9584,67.8186],[-107.7631,67.9068],[-107.7983,68.0369],[-106.4243,68.2006],[-106.4044,68.3193],[-105.7502,68.5923],[-108.261,68.1499],[-108.7181,68.2975],[-108.3135,68.6108],[-106.1645,68.9199],[-105.6856,68.8282],[-105.3774,68.4138],[-104.6532,68.2301],[-104.4868,68.0632],[-103.4741,68.115],[-102.3204,67.7356],[-100.4561,67.8395],[-98.9205,67.7258],[-98.4121,67.8072],[-98.7036,67.9657],[-98.6315,68.0726],[-97.4549,67.617],[-97.1554,67.7264],[-97.2065,67.8551],[-98.1925,67.923],[-98.6505,68.3635],[-98.2186,68.3174],[-97.7942,68.3876],[-97.9251,68.5237],[-97.4104,68.4965],[-96.9767,68.2554],[-96.4307,68.3106],[-96.7221,68.0388],[-95.9703,68.2491],[-96.3691,67.5098],[-96.1415,67.2718],[-95.7199,67.3168],[-95.7777,67.1846],[-95.4159,67.1556],[-95.4189,67.0132],[-96.4226,67.0518],[-95.7875,66.6168],[-96.0369,66.9375],[-95.3997,66.9495],[-95.2587,67.2625],[-95.6505,67.7375],[-95.4607,68.0214],[-94.7444,68.0709],[-93.4489,68.6189],[-93.6439,68.6331],[-93.6814,68.8873],[-93.8524,69.0003],[-94.0649,68.7848],[-94.6004,68.8032],[-94.0836,69.1231],[-94.2554,69.1515],[-94.2547,69.3138],[-93.6195,69.417],[-93.7485,69.2261],[-93.431,69.375],[-93.5323,69.4809],[-94.2708,69.4551],[-94.6338,69.6497],[-94.8225,69.5778],[-95.9649,69.8028],[-96.5514,70.2103],[-96.2977,70.5114],[-95.8786,70.549],[-95.9882,70.6168],[-95.8863,70.6943],[-96.258,70.6423],[-96.5489,70.8087],[-96.4466,71.2399],[-96.062,71.4139],[-95.5643,71.3368],[-95.4063,71.4917],[-95.8377,71.5982],[-95.2012,71.9037],[-94.6111,71.9869],[-94.3084,71.7649],[-93.7463,71.7428],[-93.7628,71.638],[-93.0313,71.3357],[-92.8827,71.0693],[-92.9814,70.8522],[-92.3558,70.6343],[-92.0474,70.3033],[-91.7608,70.3263],[-91.5641,70.1783],[-92.3205,70.2354],[-92.5119,70.1039],[-91.9767,70.0387],[-92.8878,69.6682],[-91.912,69.5313],[-91.2018,69.6448],[-91.4399,69.5257],[-90.4156,69.457],[-91.2372,69.2855],[-90.479,68.8812],[-90.5736,68.4747],[-90.2478,68.2674],[-89.8977,68.4908],[-89.6666,69.0146],[-89.2795,69.2555],[-88.0414,68.8117],[-87.8279,68.3],[-88.347,68.2883],[-88.3138,67.9503],[-87.3594,67.1772],[-86.5608,67.4821],[-86.398,67.8001],[-85.9526,68.0725],[-85.6898,68.6709],[-84.8676,68.7733],[-85.1066,68.844],[-84.8622,69.074],[-85.3868,69.2319],[-85.5074,69.8453],[-82.3742,69.6418],[-82.7548,69.4944],[-82.3099,69.41],[-82.2275,69.2489],[-81.3778,69.1856],[-81.9579,68.8836],[-81.2525,68.7432],[-81.9148,68.4588],[-82.5527,68.4465],[-82.2224,68.1453],[-82.0125,68.1939],[-82.0625,67.9282],[-81.2943,67.4974],[-81.4676,67.0699],[-83.4064,66.3712],[-84.5385,66.9728],[-84.8458,67.0287],[-85.1137,66.9069],[-84.7377,66.9336],[-84.223,66.6825],[-83.869,66.2136],[-84.6281,66.2077],[-85.6039,66.5683],[-86.7082,66.523],[-86.6851,66.3604],[-85.9587,66.119],[-87.4529,65.339],[-87.97,65.3489],[-89.7494,65.936],[-91.4115,65.9594],[-89.9241,65.7803],[-88.974,65.3483],[-87.0275,65.1981],[-87.2805,64.8262],[-88.1056,64.1833],[-88.8177,63.9922],[-89.2006,64.1138],[-89.1315,63.9685],[-90.0417,64.1409],[-89.8557,63.957],[-90.1682,63.9788],[-90.0134,63.8043],[-90.1547,63.6896],[-90.8119,63.5809],[-92.3384,63.7876],[-93.6963,64.1472],[-93.5598,63.8653],[-93.2702,63.8409],[-93.3785,63.9485],[-92.1569,63.6917],[-92.4651,63.5551],[-91.8418,63.6976],[-90.7113,63.3041],[-90.7779,62.9716],[-91.449,62.8041],[-92.3613,62.8194],[-91.9358,62.5924],[-92.5514,62.5467],[-92.768,62.38],[-92.528,62.1684],[-93.2054,62.3649],[-92.9055,62.2151],[-93.3498,62.0298],[-93.3331,61.9329],[-93.5818,61.942],[-93.312,61.7673],[-93.9127,61.4814],[-93.8888,61.344],[-94.0834,61.3037],[-94.0678,61.1389],[-94.5094,60.6045],[-94.7617,60.4982],[-94.6468,60.4164],[-94.7883,59.2679],[-94.9573,59.0688],[-94.2871,58.716],[-94.3322,58.2974],[-94.1232,58.7367],[-93.1788,58.7256],[-92.4328,57.3203],[-92.7981,56.922],[-90.5922,57.2245],[-88.8265,56.8143],[-87.4824,56.0213],[-85.6767,55.6011],[-85.218,55.349],[-85.3653,55.0793],[-85.0609,55.2856],[-83.9106,55.3146],[-82.3933,55.0678],[-82.2194,54.8135],[-82.4242,54.2446],[-82.1415,53.8176],[-82.2916,53.0307],[-81.5994,52.4326],[-81.8279,52.2242],[-81.4662,52.2045],[-80.658,51.7584],[-80.4433,51.3886],[-80.8512,51.125],[-80.4783,51.3073],[-80.1036,51.2829],[-79.3479,50.7626],[-79.7145,51.1176],[-79.6888,51.3466],[-79.297,51.6228],[-78.9032,51.2003],[-78.7313,51.4975],[-78.9816,51.7746],[-78.4481,52.2614],[-78.7441,52.6554],[-79.1003,53.6566],[-78.9457,53.8316],[-79.0751,53.9324],[-78.996,54.0025],[-79.2418,54.0989],[-79.1467,54.1692],[-79.7124,54.6718],[-77.7753,55.2913],[-76.7618,55.9964],[-76.5298,56.5],[-76.5729,57.1812],[-76.8909,57.7581],[-77.5524,58.2396],[-78.5059,58.6491],[-78.4305,58.9018],[-77.7607,59.38],[-77.859,59.4758],[-77.7262,59.6759],[-77.3491,59.579],[-77.4853,59.6846],[-77.2892,60.022],[-77.5859,60.0882],[-77.4529,60.1458],[-77.6814,60.4271],[-77.5036,60.5427],[-77.7908,60.6398],[-77.603,60.8252],[-78.1813,60.8191],[-77.5144,61.5563],[-78.0214,61.8321],[-78.1334,62.2823],[-77.3724,62.5725],[-75.8169,62.3159],[-75.6755,62.2495],[-75.7898,62.1796],[-75.3412,62.3121],[-74.6326,62.1157],[-74.6458,62.2111],[-73.7051,62.4731],[-72.687,62.1246],[-72.7716,61.8404],[-72.2261,61.8316],[-72.04,61.6803],[-72.2159,61.5873],[-71.6383,61.6172],[-71.8544,61.4398],[-71.6453,61.4131],[-71.7435,61.3373],[-71.4227,61.1589],[-70.2793,61.0687],[-69.9924,60.8565],[-69.4719,61.0109],[-69.4047,60.8468],[-69.7513,60.4875],[-69.6737,60.0759],[-70.6548,60.0262],[-69.7339,59.918],[-69.5794,59.6751],[-69.6819,59.3417],[-69.344,59.3031],[-69.5316,58.8692],[-69.7842,58.9557],[-70.1543,58.7606],[-69.7899,58.6893],[-69.2711,58.8839],[-68.6982,58.9045],[-68.3812,58.7435],[-68.2294,58.4846],[-68.3565,58.1632],[-69.0408,57.9025],[-68.4136,58.0518],[-68.021,58.4853],[-67.8883,58.2958],[-68.0639,58.139],[-67.756,58.4046],[-67.6783,57.9911],[-67.5696,58.2135],[-66.7222,58.491],[-66.3624,58.7912],[-66.0909,58.659],[-66.0024,58.4312],[-65.9229,58.572],[-66.0431,58.8207],[-65.3835,59.0602],[-65.7,59.2133],[-65.4117,59.315],[-65.4751,59.4703],[-65.0382,59.3879],[-65.4074,59.5394],[-65.4334,59.7765],[-65.0282,59.7707],[-65.1717,59.908],[-64.8173,60.3311],[-64.4994,60.2683],[-64.4196,60.1714],[-64.7685,60.0121],[-64.2835,60.0641],[-64.2263,59.7412],[-64.0561,59.8226],[-63.7502,59.5126],[-63.9455,59.3802],[-63.4151,59.1944],[-63.9711,59.0538],[-63.2484,59.0683],[-63.2821,58.8674],[-63.0503,58.8782],[-62.8739,58.6725],[-63.5371,58.3299],[-62.5938,58.474],[-62.8121,58.2004],[-63.2615,58.0147],[-62.4862,58.1541],[-61.9586,57.9118],[-61.968,57.6119],[-62.4956,57.4892],[-61.9211,57.4208],[-61.9774,57.2479],[-61.3337,57.0106],[-61.3716,56.6808],[-62.4973,56.8017],[-61.7377,56.526],[-61.9404,56.4236],[-61.4253,56.3606],[-61.7131,56.231],[-61.3647,56.216],[-61.3011,56.0472],[-61.4495,55.9957],[-61.0894,55.8664],[-60.7433,55.9415],[-60.5621,55.727],[-60.341,55.7847],[-60.4083,55.6496],[-60.1924,55.4809],[-60.6171,55.0602],[-59.7588,55.3096],[-59.4379,55.1759],[-59.8378,54.814],[-59.2596,55.2],[-58.9971,55.1495],[-58.7802,54.8384],[-57.9625,54.8757],[-57.4045,54.5909],[-58.6332,54.0496],[-59.823,53.8344],[-60.1449,53.5961],[-60.3954,53.6533],[-60.1003,53.487],[-60.3295,53.2661],[-58.6521,53.9779],[-57.936,54.0912],[-58.31,54.2017],[-57.4161,54.1627],[-57.135,53.7918],[-57.5241,53.6114],[-57.3317,53.4691],[-56.5243,53.7665],[-55.9661,53.4711],[-55.7979,53.212],[-55.8923,53.0004],[-55.8028,52.6432],[-56.3249,52.5445],[-55.7465,52.4746],[-55.7771,52.3643],[-56.0117,52.3945],[-55.6728,52.1901],[-56.976,51.4577],[-58.5104,51.2951],[-60.0802,50.2546],[-61.7249,50.1041],[-62.7154,50.3017],[-66.4955,50.2119],[-66.9412,49.9937],[-67.372,49.3484],[-68.2819,49.1972],[-69.6739,48.1992],[-71.0183,48.4556],[-69.775,48.0981],[-69.9944,47.7399],[-71.2678,46.7959],[-72.2046,46.5589],[-72.981,46.2097],[-73.4766,45.7382],[-74.0378,45.5019],[-74.3151,45.5311],[-73.9738,45.3451],[-75.4013,44.7723],[-76.4646,44.0576],[-76.82,43.6288],[-78.8456,43.5834],[-79.1719,43.4666],[-78.9151,42.9091],[-79.0367,42.8023],[-80.2476,42.366],[-81.2776,42.2092],[-82.69,41.6752],[-83.03,41.833],[-83.1497,42.1419],[-82.5453,42.6247],[-82.1378,43.5709],[-82.5511,45.3474],[-83.5927,45.8171],[-83.4695,45.9947],[-83.616,46.1168],[-83.9778,46.0849],[-84.1495,46.5428],[-84.5618,46.4574],[-84.876,46.8999],[-88.3782,48.3031],[-89.4557,47.9962],[-90.9161,48.2091],[-91.5183,48.0583],[-92.0052,48.3019],[-92.4146,48.2766],[-92.5006,48.4354],[-92.9962,48.6118],[-93.7077,48.5254],[-94.6209,48.7426],[-94.8543,49.3046],[-95.1553,49.3697],[-95.1621,48.9917],[-122.9242,49.0747],[-123.0773,48.9802],[-123.2294,49.2605],[-122.8791,49.3989],[-123.2768,49.3439],[-123.1875,49.6803],[-123.5306,49.3973],[-124.0286,49.6029],[-123.9926,49.7362],[-123.8172,49.5866],[-123.5825,49.6812],[-123.8744,49.7368],[-123.8254,50.1442],[-123.9459,50.1839],[-123.8657,50.0721],[-123.9849,49.8756],[-124.2813,49.7721],[-124.7824,50.0201],[-125.0567,50.4187],[-124.8626,50.6373],[-124.8599,50.8724],[-125.0588,50.5139],[-125.4763,50.4972],[-125.5394,50.649],[-125.6413,50.4662],[-126.0943,50.4976],[-126.4475,50.5877],[-125.9041,50.7049],[-126.5144,50.6794],[-126.3746,50.8374],[-126.5218,50.8661],[-126.5173,51.0568],[-126.6318,50.9151],[-127.0576,50.8675],[-127.7081,51.1512],[-127.4197,51.6081],[-126.6915,51.7034],[-127.3387,51.7074],[-127.7141,51.4902],[-127.8691,51.7752],[-127.7276,51.9932],[-127.8588,51.9903],[-127.7954,52.191],[-127.2422,52.3951],[-126.714,52.0607],[-127.194,52.4577],[-126.9513,52.7212],[-127.0193,52.8425],[-127.0662,52.6527],[-127.8343,52.251],[-128.1022,51.7884],[-128.3576,52.1589],[-128.0375,52.3182],[-127.9402,52.5452],[-128.2715,52.363],[-128.0533,52.9107],[-128.365,52.8258],[-128.5247,53.1407],[-129.0809,53.3673],[-129.1716,53.5336],[-128.8546,53.7045],[-128.9056,53.5593],[-127.9278,53.2747],[-128.2072,53.4832],[-128.6755,53.5546],[-128.7637,53.7469],[-128.5321,53.8581],[-128.9594,53.8415],[-129.2579,53.418],[-129.5637,53.2515],[-130.3353,53.7239],[-130.0433,54.1335],[-129.626,54.2303],[-130.0842,54.1814],[-130.4303,54.421],[-129.5606,55.4625],[-129.7952,55.5596],[-130.0485,55.0573],[-130.0251,55.8882]]],[[[-109.816,78.6504],[-109.3622,78.4929],[-109.4845,78.3164],[-113.2926,78.3344],[-110.8776,78.7351],[-109.816,78.6504]]],[[[-110.4581,78.1032],[-109.619,78.0568],[-110.8656,77.8341],[-110.1176,77.7156],[-110.1985,77.5245],[-110.6829,77.4459],[-112.3727,77.3641],[-113.1644,77.5303],[-113.2834,77.813],[-112.3046,78.0068],[-110.4581,78.1032]]],[[[-115.5513,77.3633],[-116.3292,77.1371],[-115.8101,76.9391],[-116.2527,76.9014],[-115.9463,76.7113],[-116.9992,76.5316],[-117.2336,76.2815],[-117.993,76.4058],[-117.7805,76.7843],[-117.8808,76.8051],[-118.7914,76.513],[-118.6245,76.3659],[-118.9939,76.1449],[-119.5804,76.3265],[-119.7396,76.1177],[-119.5261,75.9972],[-119.9129,75.8588],[-120.4089,75.8256],[-120.8484,76.1827],[-121.2135,75.9837],[-122.4005,75.9442],[-122.6405,76.0091],[-122.5927,76.1621],[-122.9028,76.1347],[-122.423,76.3901],[-121.5611,76.4535],[-119.0902,77.3051],[-116.8436,77.3396],[-116.7036,77.3799],[-117.0397,77.4651],[-116.5113,77.5476],[-115.5513,77.3633]]],[[[-108.2924,76.0571],[-107.7235,75.9954],[-108.0207,75.8048],[-107.2162,75.8916],[-106.9135,75.6796],[-106.6931,75.81],[-106.8621,75.9301],[-106.677,76.0237],[-105.6327,75.9454],[-105.4814,75.7022],[-105.972,75.1315],[-107.0556,74.9282],[-108.8313,75.0649],[-112.5193,74.4168],[-113.6716,74.453],[-114.3127,74.7151],[-111.6711,75.0194],[-111.0935,75.2563],[-113.7118,75.0686],[-113.8533,75.2594],[-113.4671,75.4161],[-114.0165,75.4343],[-114.1685,75.2395],[-114.5138,75.2755],[-114.3578,75.1713],[-114.4518,75.0879],[-115.0201,74.9762],[-115.4132,75.115],[-115.7289,74.9681],[-117.6001,75.2717],[-117.2576,75.4595],[-115.1418,75.6785],[-117.1636,75.6449],[-114.9915,75.8963],[-116.6646,75.9576],[-116.2099,76.1944],[-114.7786,76.1726],[-115.8222,76.27],[-115.5807,76.4375],[-114.9985,76.4975],[-114.1939,76.4515],[-113.8235,76.2068],[-112.6976,76.2017],[-111.8652,75.9393],[-112.0567,75.8342],[-111.5491,75.8221],[-111.0527,75.5485],[-109.0864,75.5065],[-108.9126,75.587],[-108.9448,75.699],[-109.8705,75.9291],[-109.4304,76.1091],[-110.3095,76.3974],[-108.8316,76.8211],[-108.467,76.7376],[-108.6276,76.5867],[-108.1232,76.2334],[-108.3819,76.1157],[-108.2924,76.0571]]],[[[-114.5215,72.5929],[-113.5781,72.6521],[-113.2924,72.9498],[-112.7536,72.986],[-111.2697,72.7137],[-111.8952,72.3561],[-111.6751,72.3001],[-110.2051,72.6613],[-110.6608,73.0082],[-110.0084,72.9836],[-108.755,72.5511],[-108.1882,71.7238],[-107.8128,71.6262],[-107.306,71.8947],[-107.6958,72.1493],[-108.2374,73.1499],[-107.9362,73.2171],[-108.0291,73.3487],[-106.4821,73.1962],[-105.4151,72.7883],[-104.8783,71.98],[-104.3859,71.577],[-104.5148,71.0643],[-103.5846,70.6309],[-103.0772,70.5088],[-103.0496,70.6551],[-101.6763,70.2783],[-101.5624,70.135],[-101.0908,70.1357],[-100.9057,69.8117],[-101.0437,69.6687],[-101.4838,69.8502],[-101.6477,69.6985],[-102.2343,69.8422],[-102.5959,69.7179],[-102.6211,69.5515],[-103.4348,69.6677],[-103.0489,69.4718],[-103.1202,69.2046],[-102.1514,69.4877],[-101.9782,69.4251],[-102.0461,69.2577],[-101.7893,69.1816],[-101.8571,69.024],[-102.8951,68.8236],[-105.1059,68.9204],[-105.0196,69.0812],[-106.1409,69.162],[-106.42,69.4138],[-106.6591,69.4396],[-107.4399,69.0021],[-109.4721,68.6767],[-113.1277,68.4941],[-113.6168,68.8385],[-113.6941,69.195],[-116.5135,69.4246],[-117.104,69.8042],[-117.1954,70.0541],[-114.5923,70.3125],[-111.6326,70.3088],[-113.7573,70.6907],[-117.5871,70.6295],[-118.2641,70.8883],[-118.3765,70.9677],[-118.2691,71.0347],[-115.3034,71.4937],[-117.9356,71.3921],[-118.2265,71.4671],[-117.7423,71.6593],[-118.9877,71.7643],[-118.9446,71.9855],[-118.2135,72.2629],[-118.4813,72.4277],[-118.3745,72.5339],[-116.5732,73.0549],[-114.3019,73.3307],[-114.1271,73.2307],[-114.0538,72.9581],[-114.5215,72.5929]]],[[[-119.7363,74.1126],[-119.206,74.198],[-119.118,74.0155],[-118.544,74.2446],[-117.5148,74.2317],[-115.3928,73.502],[-119.078,72.6403],[-119.5128,72.3027],[-120.1799,72.2126],[-120.6193,71.5058],[-121.7494,71.4448],[-123.0957,71.0938],[-124.0078,71.6774],[-125.8453,71.9787],[-125.6273,72.2548],[-124.9871,72.588],[-124.9697,72.8433],[-124.5649,72.9441],[-124.8041,73.1257],[-123.7973,73.7682],[-124.1915,73.902],[-124.6962,74.3482],[-121.5041,74.5451],[-119.5626,74.2328],[-119.7363,74.1126]]],[[[-69.4889,83.0168],[-66.4226,82.9269],[-68.4693,82.6534],[-64.9839,82.9023],[-64.504,82.7784],[-63.641,82.8126],[-63.473,82.7712],[-63.6425,82.713],[-63.0854,82.5652],[-63.2468,82.4502],[-61.6972,82.4886],[-61.3025,82.3998],[-61.2735,82.2798],[-63.5923,81.8455],[-66.6257,81.6164],[-68.6885,81.2933],[-64.8328,81.4386],[-69.5507,80.3833],[-70.7126,80.5396],[-70.2649,80.2336],[-72.056,80.1232],[-70.5684,80.0937],[-71.3558,79.9113],[-71.1102,79.8478],[-71.3878,79.7618],[-72.4365,79.6944],[-74.3945,79.8741],[-73.4725,79.7564],[-73.2011,79.5966],[-73.3615,79.504],[-75.5034,79.4142],[-76.8988,79.5123],[-75.6027,79.2396],[-74.4812,79.2295],[-74.5323,79.0527],[-78.5816,79.075],[-77.8828,78.9424],[-76.2559,79.0068],[-74.4331,78.7241],[-74.8786,78.5448],[-76.4161,78.5115],[-75.1935,78.3277],[-75.9696,77.9931],[-78.0126,77.946],[-78.0762,77.519],[-78.4932,77.3694],[-80.573,77.3148],[-81.6591,77.5254],[-81.2777,77.3652],[-82.0568,77.2965],[-81.8402,77.2141],[-79.4973,77.1961],[-79.2208,76.936],[-78.2889,76.978],[-77.9987,76.852],[-78.2843,76.5712],[-80.6903,76.1765],[-80.9967,76.215],[-80.8348,76.3691],[-80.9745,76.4701],[-81.7174,76.495],[-82.5298,76.7233],[-82.2332,76.4658],[-83.8857,76.4531],[-84.2238,76.6753],[-84.2753,76.3565],[-85.1413,76.3046],[-86.4537,76.5849],[-86.6802,76.3766],[-87.3542,76.448],[-87.4898,76.5858],[-87.4976,76.3863],[-88.396,76.4053],[-88.4959,76.7729],[-88.6141,76.6509],[-88.5458,76.4209],[-89.5701,76.4919],[-89.4998,76.8268],[-88.3981,77.104],[-86.8123,77.1849],[-87.9379,77.5998],[-88.0947,77.7192],[-87.7571,77.8362],[-86.3851,77.8086],[-85.5885,77.4611],[-84.7387,77.361],[-83.6081,77.4422],[-82.6647,77.8888],[-83.7794,77.5326],[-84.8605,77.4995],[-85.2894,77.559],[-85.292,77.7639],[-85.5476,77.9277],[-84.6154,78.1957],[-84.2227,78.176],[-84.9104,78.2397],[-84.7832,78.5276],[-85.5859,78.1096],[-86.2178,78.0812],[-85.9201,78.3429],[-86.9132,78.1268],[-87.5518,78.1766],[-87.4913,78.4172],[-86.8079,78.7744],[-85.0038,78.9123],[-83.2714,78.7703],[-81.7501,78.9758],[-84.412,78.9966],[-84.5678,79.0713],[-84.3836,79.1186],[-83.5759,79.0537],[-85.2685,79.6641],[-86.4208,79.8452],[-86.6145,80.1235],[-86.4985,80.2583],[-83.7236,80.229],[-81.6884,79.6858],[-80.4759,79.6063],[-80.1245,79.6695],[-81.0102,79.6931],[-82.987,80.3226],[-76.863,80.8648],[-78.7162,80.9517],[-78.2868,81.1676],[-76.8851,81.4303],[-79.1983,81.1176],[-79.7613,80.8419],[-81.007,80.6549],[-82.8843,80.5775],[-82.2224,80.7723],[-85.1458,80.5211],[-86.5316,80.6047],[-86.6031,80.664],[-86.4405,80.728],[-85.2463,80.9879],[-83.2888,81.1479],[-85.7809,81.0351],[-87.7117,80.6563],[-89.1669,80.9413],[-86.4768,81.0357],[-84.9412,81.2862],[-89.623,81.0325],[-89.9473,81.1727],[-89.2087,81.2501],[-89.6737,81.3286],[-87.597,81.5258],[-90.3035,81.4011],[-90.5538,81.4642],[-89.8217,81.6349],[-91.6841,81.6357],[-90.9419,81.8274],[-88.0632,82.0965],[-87.0182,81.9587],[-85.0448,81.9828],[-86.6156,82.2186],[-84.8968,82.4494],[-83.5907,82.3265],[-82.6337,82.0773],[-82.3274,82.0925],[-82.7475,82.1964],[-82.5369,82.2473],[-79.4249,81.8544],[-82.4476,82.395],[-81.6812,82.5187],[-82.1168,82.6287],[-80.8625,82.5715],[-81.1781,82.7447],[-81.0102,82.7791],[-78.7488,82.6794],[-79.8338,82.8165],[-80.1549,82.9111],[-79.8863,82.9385],[-77.4796,82.8832],[-76.0094,82.5352],[-75.6429,82.6435],[-77.1249,83.0085],[-74.4142,83.0131],[-72.6587,82.7216],[-73.4419,82.9048],[-72.8117,83.0812],[-71.9832,83.1014],[-70.9404,82.9022],[-71.4235,83.0211],[-71.0848,83.0827],[-69.4889,83.0168]]],[[[-95.4844,77.792],[-93.1287,77.6602],[-93.5439,77.4667],[-95.9871,77.4841],[-96.2639,77.5945],[-96.1946,77.7005],[-95.4844,77.792]]],[[[-93.5426,75.0279],[-93.4635,74.8565],[-93.5731,74.6688],[-94.5345,74.6367],[-96.5996,75.0318],[-95.9546,75.4438],[-94.8782,75.63],[-93.9091,75.4225],[-93.4976,75.1369],[-93.5426,75.0279]]],[[[-100.0019,73.9459],[-99.158,73.7316],[-97.67,73.8877],[-97.1117,73.7903],[-97.0017,73.6665],[-97.6259,73.5023],[-97.2725,73.3868],[-98.4309,72.9581],[-97.6363,73.0276],[-97.083,72.7628],[-97.1281,72.6276],[-96.5421,72.6987],[-96.4729,72.4344],[-96.8015,72.3224],[-96.5929,72.2045],[-96.7663,72.0459],[-96.6134,71.8338],[-97.5823,71.6297],[-98.1813,71.6625],[-98.3227,71.8523],[-98.4588,71.7732],[-98.1986,71.4409],[-98.6629,71.3021],[-99.1671,71.3672],[-100.5945,72.1523],[-101.7239,72.3149],[-102.6571,72.7194],[-102.5511,72.9783],[-102.204,73.0773],[-101.2732,72.7217],[-100.4848,72.7729],[-100.3957,72.977],[-100.1281,72.9067],[-100.2362,73.0954],[-100.5364,73.1979],[-99.8251,73.2139],[-100.3661,73.359],[-100.8894,73.2753],[-101.5232,73.4864],[-100.9758,73.5998],[-100.5217,73.4493],[-100.963,73.7914],[-99.9911,73.7952],[-100.2271,73.8891],[-100.0019,73.9459]]],[[[-84.9196,65.2611],[-84.5011,65.4584],[-84.0849,65.2178],[-82.05,64.6443],[-81.6761,64.2126],[-81.8871,64.0164],[-80.829,64.0899],[-80.5688,63.9319],[-80.6683,63.9015],[-80.2613,63.802],[-81.0464,63.4616],[-82.3781,63.7068],[-82.4671,63.927],[-83.304,64.1438],[-84.6329,63.3092],[-85.3926,63.1197],[-85.7689,63.7003],[-87.1519,63.5856],[-86.932,63.9017],[-86.2521,64.1369],[-86.3743,64.5658],[-86.0746,65.5338],[-85.814,65.8319],[-85.5547,65.9187],[-85.2411,65.7955],[-85.1054,65.6227],[-85.2399,65.5103],[-84.9196,65.2611]]],[[[-97.7009,76.4665],[-97.7388,76.3353],[-97.5311,76.1094],[-97.6017,75.8511],[-97.8905,75.7604],[-97.4075,75.6725],[-97.336,75.4198],[-97.6533,75.5078],[-97.8782,75.4161],[-97.6599,75.1512],[-98.0687,75.1992],[-97.9918,75.0458],[-100.2923,75.0277],[-100.4835,75.1884],[-100.1457,75.2461],[-100.7119,75.4063],[-99.1946,75.6984],[-102.5414,75.5136],[-102.7975,75.5997],[-102.1447,75.875],[-100.9728,75.7984],[-101.288,75.7891],[-101.5059,75.9181],[-101.4313,75.992],[-101.8234,76.0414],[-101.557,76.2358],[-102.1377,76.2849],[-101.7875,76.4513],[-99.8655,75.9242],[-99.6889,75.9597],[-100.1128,76.1172],[-99.5411,76.1463],[-100.4142,76.2425],[-99.9777,76.3125],[-100.8297,76.5239],[-99.8141,76.6322],[-98.8903,76.4656],[-99.0236,76.6146],[-98.7108,76.6938],[-97.7009,76.4665]]],[[[-103.426,79.3156],[-102.9144,79.2311],[-102.6523,79.095],[-102.7305,78.9693],[-102.5762,78.8794],[-101.7037,79.0789],[-101.0372,78.939],[-101.1281,78.8017],[-100.0147,78.7286],[-99.5821,78.5633],[-99.8478,78.4382],[-99.7514,78.303],[-98.9996,77.9969],[-99.1664,77.8569],[-99.9559,77.7938],[-100.586,77.8918],[-101.0741,78.1938],[-102.607,78.2489],[-102.7313,78.371],[-103.9466,78.26],[-104.7636,78.3517],[-104.9854,78.468],[-104.9096,78.5526],[-103.5705,78.5398],[-104.0208,78.6349],[-103.3716,78.7363],[-104.185,78.7813],[-103.8756,78.9027],[-104.152,78.9899],[-104.8955,78.8082],[-104.7468,79.0271],[-105.5708,79.061],[-105.4357,79.3022],[-103.426,79.3156]]],[[[-91.8855,81.1329],[-90.643,80.5937],[-89.2356,80.5106],[-89.1983,80.2632],[-88.8573,80.1662],[-88.1999,80.1115],[-88.6125,80.2554],[-88.5248,80.418],[-87.675,80.3721],[-87.6255,80.1872],[-87.9223,80.0977],[-87.2021,80.0432],[-86.9772,79.8942],[-87.2952,79.5802],[-86.337,79.635],[-86.007,79.4794],[-85.6479,79.6114],[-85.0421,79.2846],[-86.9572,78.9749],[-87.6174,78.6763],[-87.9223,78.7514],[-87.8167,79.0363],[-88.0402,78.9953],[-88.2538,78.672],[-87.9829,78.5371],[-88.7416,78.584],[-88.6064,78.392],[-88.8224,78.1859],[-90.0371,78.6068],[-89.5257,78.1596],[-90.2972,78.328],[-90.6524,78.3077],[-90.3268,78.1848],[-90.6144,78.1499],[-92.6783,78.3891],[-92.8482,78.4601],[-92.7256,78.4867],[-91.8669,78.5427],[-93.2666,78.6083],[-93.6344,78.7509],[-93.1599,78.7756],[-94.1628,78.9942],[-91.2999,79.3727],[-92.8219,79.4499],[-95.1032,79.2899],[-95.733,79.4182],[-95.6629,79.5273],[-94.4019,79.7363],[-95.8575,79.6738],[-96.4627,79.8475],[-96.7732,80.1358],[-94.6459,80.0487],[-94.2626,80.1949],[-95.4051,80.135],[-96.3941,80.315],[-95.5491,80.3666],[-96.1518,80.5535],[-96.1328,80.6914],[-95.927,80.7207],[-93.9279,80.5592],[-95.5147,80.8381],[-94.9805,81.0497],[-93.2867,81.1003],[-94.1944,81.2409],[-94.1793,81.3393],[-93.0347,81.3463],[-91.8855,81.1329]]],[[[-94.295,76.9125],[-93.23,76.7703],[-93.2006,76.6691],[-93.5346,76.4477],[-92.9954,76.6204],[-91.305,76.6808],[-90.5426,76.4958],[-91.4151,76.4559],[-89.2845,76.3016],[-89.4066,76.1892],[-91.4073,76.2201],[-89.2776,75.7951],[-89.2566,75.6985],[-89.646,75.565],[-88.9167,75.454],[-88.8521,75.6249],[-88.645,75.6584],[-88.2013,75.512],[-87.5391,75.4849],[-87.2569,75.6177],[-85.9515,75.395],[-86.0687,75.5022],[-85.973,75.5287],[-83.932,75.8189],[-82.1537,75.8311],[-79.6602,75.4495],[-79.5091,75.2598],[-80.382,75.0342],[-79.4014,74.9176],[-80.3478,74.903],[-80.1489,74.7957],[-80.2777,74.5816],[-81.9402,74.4727],[-82.9311,74.5656],[-83.1026,74.8166],[-83.5221,74.9015],[-83.3413,74.7646],[-83.5319,74.5857],[-84.4255,74.5081],[-85.0614,74.6069],[-88.423,74.4941],[-88.5579,74.5697],[-88.3396,74.7849],[-88.535,74.8317],[-89.5587,74.5547],[-90.5533,74.6127],[-90.9668,74.7151],[-90.8802,74.8178],[-91.1346,74.6499],[-91.5491,74.6556],[-91.9616,74.7932],[-92.1742,75.0511],[-92.0763,75.1235],[-92.4083,75.2973],[-92.0688,75.6579],[-92.1851,75.8465],[-93.0917,76.354],[-95.2739,76.2644],[-96.0397,76.4867],[-95.651,76.5847],[-96.8807,76.7383],[-96.4016,76.7972],[-96.7583,76.9718],[-95.8495,77.0662],[-94.295,76.9125]]],[[[-96.2045,78.5313],[-94.9154,78.3905],[-95.3292,78.225],[-94.9343,78.0756],[-96.9896,77.806],[-97.6582,78.0906],[-96.9447,78.1519],[-98.0495,78.3259],[-98.3173,78.4769],[-98.0604,78.5584],[-98.3408,78.7512],[-97.3823,78.7829],[-96.2045,78.5313]]],[[[-93.1709,74.161],[-92.2227,73.9724],[-91.088,74.0093],[-90.3814,73.8248],[-91.5537,73.2361],[-91.4596,73.1454],[-92.1179,72.7538],[-94.2113,72.7569],[-93.5339,72.4995],[-94.0375,72.0288],[-95.193,72.0274],[-95.251,72.502],[-95.6021,72.8845],[-95.6329,73.6955],[-94.6976,73.6636],[-95.1341,73.8812],[-94.9735,74.0414],[-93.1709,74.161]]],[[[-97.4395,69.6427],[-96.3,69.3444],[-95.7514,68.8977],[-95.2678,68.8261],[-96.5988,68.4608],[-97.472,68.5437],[-98.3206,68.8427],[-99.4409,68.9177],[-99.5641,69.0341],[-99.4557,69.1312],[-98.456,69.3347],[-98.546,69.5729],[-98.0414,69.4566],[-98.2888,69.629],[-98.2005,69.797],[-97.7907,69.8616],[-97.4114,69.7385],[-97.4395,69.6427]]],[[[-61.1052,45.9447],[-60.8652,45.9835],[-61.059,45.7034],[-60.7379,45.7514],[-60.4606,45.9687],[-60.7333,45.9566],[-60.2979,46.3112],[-59.865,46.1595],[-59.934,46.0194],[-59.828,45.9651],[-60.6729,45.5908],[-61.2837,45.5739],[-61.4498,45.7162],[-61.4086,46.1704],[-60.8702,46.7968],[-60.4891,47.0097],[-60.3317,46.7678],[-60.4945,46.2703],[-61.1052,45.9447]]],[[[-67.1249,45.1694],[-67.3669,45.1738],[-67.4327,45.6031],[-67.8022,45.7275],[-67.8068,47.0828],[-68.3109,47.3545],[-68.9372,47.2112],[-69.0502,47.4266],[-69.2429,47.463],[-70.0077,46.7089],[-70.2962,45.9061],[-70.865,45.2707],[-71.3273,45.2901],[-71.5175,45.0076],[-74.7089,45.0039],[-73.5581,45.4251],[-73.1596,46.0101],[-72.1093,46.5512],[-70.5195,47.0325],[-68.8157,48.366],[-66.5981,49.1264],[-65.5234,49.2662],[-64.8363,49.1917],[-64.2618,48.9219],[-64.2088,48.8062],[-64.5137,48.8411],[-64.2461,48.6911],[-64.3488,48.4232],[-65.2594,48.0212],[-65.9267,48.1889],[-66.7044,48.0225],[-65.8494,47.911],[-65.6072,47.67],[-65.0017,47.8468],[-64.7032,47.7249],[-64.9122,47.3687],[-65.3189,47.1012],[-64.8314,47.0608],[-64.9058,46.8879],[-64.5415,46.2403],[-63.9159,46.1658],[-63.8319,46.1072],[-64.0564,46.0213],[-63.7029,45.858],[-62.7007,45.7406],[-62.7501,45.6482],[-62.4831,45.6218],[-61.9555,45.8682],[-61.7765,45.6556],[-61.3505,45.5737],[-61.282,45.4411],[-61.461,45.3667],[-61.0315,45.2917],[-63.3063,44.6426],[-63.604,44.6832],[-63.6098,44.48],[-63.9997,44.6449],[-64.1009,44.4875],[-64.2861,44.5503],[-64.2757,44.3341],[-65.4817,43.5181],[-66.1257,43.8138],[-66.1931,44.1438],[-65.868,44.5688],[-66.0906,44.5049],[-64.4481,45.3375],[-64.1355,45.023],[-64.0932,45.2171],[-63.368,45.3648],[-64.8731,45.3546],[-64.3146,45.8357],[-64.6327,45.9466],[-64.5937,45.8137],[-64.7785,45.6384],[-65.8845,45.2229],[-66.1098,45.3166],[-66.0266,45.4176],[-66.4398,45.0959],[-67.1249,45.1694]]],[[[-55.4587,51.5365],[-55.5834,51.3886],[-56.0311,51.3284],[-55.8,51.0333],[-56.7323,50.0077],[-56.8222,49.6135],[-56.1794,50.115],[-56.1613,49.9401],[-55.5029,49.9832],[-56.1402,49.6191],[-55.8698,49.6702],[-56.0873,49.452],[-55.3759,49.4897],[-55.3438,49.3729],[-55.2295,49.5082],[-55.3532,49.0794],[-54.5022,49.5273],[-54.4482,49.3294],[-53.9577,49.4418],[-53.6194,49.3216],[-53.5734,49.1412],[-54.1613,48.7877],[-53.8529,48.8113],[-53.966,48.7067],[-53.7063,48.6555],[-54.1145,48.3936],[-53.0276,48.6347],[-53.1357,48.4019],[-53.8696,48.0197],[-53.6382,48.0146],[-53.8637,47.787],[-53.6724,47.6482],[-53.2827,47.9979],[-52.866,48.113],[-53.1698,47.5121],[-52.945,47.5528],[-52.7824,47.7694],[-52.6537,47.5494],[-53.0698,46.6812],[-53.5898,46.6389],[-53.5974,47.146],[-54.0096,46.8396],[-54.1737,46.8804],[-53.8495,47.4403],[-53.989,47.7562],[-54.1918,47.8598],[-54.4881,47.4039],[-54.4739,47.5471],[-54.8566,47.385],[-55.3157,46.9057],[-55.7885,46.8672],[-55.9192,47.0169],[-54.7846,47.6647],[-55.3663,47.6611],[-55.5761,47.4652],[-56.1272,47.5028],[-55.8671,47.5923],[-55.8579,47.8192],[-56.7741,47.565],[-58.3369,47.7309],[-59.2598,47.6342],[-59.3409,47.9336],[-58.3302,48.5221],[-59.1677,48.5585],[-58.8418,48.7464],[-58.9064,48.6502],[-58.7165,48.598],[-58.4037,49.0843],[-57.9905,48.9879],[-58.0989,49.0774],[-57.9801,49.2296],[-58.1909,49.2587],[-58.2134,49.3867],[-58.0158,49.5425],[-57.7913,49.49],[-57.9262,49.7008],[-57.4326,50.5058],[-57.1796,50.6148],[-57.298,50.6987],[-57.0359,51.0108],[-56.6824,51.3328],[-56.0256,51.5684],[-55.4587,51.5365]]],[[[-86.5894,71.0108],[-85.6438,71.1524],[-84.8237,71.0286],[-84.6994,71.6314],[-85.3391,71.6973],[-85.9116,71.9865],[-85.3219,72.2332],[-84.2837,72.0445],[-84.842,72.3082],[-84.623,72.3766],[-85.3411,72.4215],[-85.6499,72.7222],[-85.2621,72.954],[-84.2566,72.7967],[-85.4547,73.1055],[-84.4161,73.4565],[-83.7819,73.4169],[-83.9041,73.5283],[-83.4104,73.6317],[-81.6054,73.696],[-81.3441,73.5978],[-81.1518,73.314],[-80.6035,73.1212],[-80.5919,72.9277],[-80.2772,72.7702],[-81.2293,72.3117],[-80.6115,72.4508],[-80.9412,72.2102],[-80.6914,72.1035],[-80.9211,72.0723],[-80.9251,71.9077],[-80.1819,72.2088],[-79.8844,72.1772],[-80.1089,72.3322],[-79.8313,72.4463],[-79.0002,72.272],[-79.0078,72.0429],[-78.5851,71.8806],[-78.8627,72.1008],[-78.6993,72.3514],[-77.5165,72.1778],[-78.2872,72.3598],[-78.4843,72.4706],[-78.4224,72.5715],[-76.8935,72.7207],[-75.1201,72.3777],[-75.0527,72.2264],[-75.9228,71.7172],[-75.1477,72.063],[-74.2664,72.0377],[-74.3157,71.8427],[-75.2048,71.7091],[-74.7008,71.6756],[-74.9962,71.2181],[-74.4881,71.6484],[-73.8666,71.771],[-73.7136,71.7199],[-74.1973,71.4042],[-73.7128,71.5876],[-73.1806,71.2829],[-73.2782,71.538],[-72.902,71.6778],[-71.6407,71.5163],[-71.2194,71.2388],[-72.6327,70.8308],[-71.7425,71.0469],[-70.6727,71.0522],[-70.7617,70.7922],[-71.8902,70.4315],[-71.2759,70.5003],[-71.4294,70.1278],[-70.9798,70.5811],[-70.5609,70.7383],[-69.9498,70.845],[-69.1687,70.7642],[-68.3635,70.4813],[-70.0577,70.0426],[-68.7782,70.2036],[-69.0083,69.979],[-68.744,69.9414],[-68.2307,70.1122],[-68.3272,70.1802],[-68.0591,70.3172],[-67.3637,70.0344],[-67.1727,69.7995],[-69.2508,69.5119],[-68.513,69.5773],[-66.6853,69.2857],[-66.8029,69.1527],[-67.9385,69.2481],[-69.0406,69.098],[-68.4155,69.1721],[-67.8326,69.066],[-67.751,68.9338],[-67.8832,68.784],[-69.3191,68.857],[-68.2104,68.703],[-67.9385,68.5242],[-66.7427,68.4578],[-67.033,68.3261],[-66.831,68.2156],[-66.9231,68.0657],[-66.6627,68.0344],[-66.631,68.2106],[-66.2124,68.2804],[-66.4439,67.8338],[-65.9424,68.0709],[-65.8644,67.9229],[-65.5091,67.9683],[-65.5409,67.7656],[-65.4013,67.6749],[-65.4153,67.8792],[-64.9223,68.0316],[-64.8354,67.99],[-65.0211,67.7875],[-64.6378,67.8402],[-63.8502,67.5661],[-64.0775,67.4956],[-64.008,67.3473],[-64.7,67.3505],[-63.8362,67.2641],[-63.5916,67.3775],[-63.0401,67.235],[-63.7016,66.8224],[-62.3797,66.9054],[-62.1236,67.0467],[-61.2997,66.6487],[-62.1233,66.6431],[-61.5764,66.4125],[-61.8627,66.3128],[-62.5531,66.4068],[-62.4057,66.3159],[-62.5336,66.227],[-61.9916,66.0353],[-62.6241,66.0163],[-62.382,65.8333],[-62.6589,65.6399],[-63.1689,65.6573],[-63.4587,65.853],[-63.4209,65.7086],[-63.6511,65.661],[-63.3375,65.6167],[-63.3634,65.2297],[-63.6066,64.9281],[-64.3457,65.1724],[-64.2697,65.4008],[-64.5551,65.1166],[-65.4016,65.764],[-64.4454,66.3171],[-65.0045,66.0777],[-65.8257,65.9969],[-65.6563,66.2047],[-66.0637,66.1327],[-66.9863,66.6275],[-67.3073,66.5697],[-67.2254,66.3103],[-67.8834,66.4674],[-67.1832,66.0344],[-67.3504,65.9297],[-67.828,65.9652],[-68.4599,66.2493],[-68.7489,66.2],[-68.2172,66.0789],[-68.1867,65.871],[-67.8665,65.7737],[-67.9368,65.5649],[-67.5696,65.6436],[-67.118,65.4404],[-67.3365,65.3466],[-66.8309,65.0742],[-66.6974,64.8152],[-66.6355,65.0003],[-66.2237,64.8541],[-66.2146,64.7224],[-65.9385,64.8857],[-65.4319,64.7264],[-65.2748,64.6315],[-65.5293,64.5048],[-65.0746,64.4367],[-65.213,64.3033],[-65.5803,64.2938],[-65.1699,64.0282],[-64.6785,64.028],[-64.7981,63.916],[-64.4109,63.7063],[-64.5616,63.6797],[-64.5144,63.264],[-64.6646,63.2454],[-65.1918,63.7643],[-65.0689,63.2635],[-64.6724,62.922],[-65.1628,62.9326],[-65.1085,62.6265],[-66.224,63.1072],[-66.2287,62.991],[-66.4145,63.0272],[-66.655,63.2647],[-66.6975,63.0695],[-67.8933,63.7337],[-67.7588,63.4197],[-68.4938,63.7255],[-68.9111,63.7032],[-68.1413,63.1723],[-67.676,63.0936],[-67.737,63.0096],[-65.9802,62.2089],[-66.1332,62.1024],[-66.0589,61.9139],[-66.3237,61.8703],[-68.6336,62.2813],[-69.1256,62.424],[-69.6047,62.7677],[-70.2361,62.7634],[-71.1058,63.0022],[-70.946,63.1207],[-71.3473,63.0661],[-71.9922,63.4162],[-71.3809,63.5803],[-72.2901,63.728],[-72.1743,63.8934],[-72.4984,63.8235],[-73.4545,64.3993],[-73.2713,64.5825],[-73.9104,64.5781],[-74.0648,64.4247],[-74.1305,64.6078],[-74.6814,64.8307],[-74.9194,64.7655],[-74.6947,64.4966],[-75.715,64.5244],[-75.7667,64.3919],[-76.8562,64.2376],[-78.0452,64.4993],[-78.1976,64.6646],[-78.0956,64.9393],[-77.3609,65.1965],[-77.4604,65.3559],[-77.3267,65.4531],[-75.8283,65.2271],[-75.5199,65.056],[-75.5891,64.905],[-75.4521,64.8416],[-75.3571,65.0087],[-75.7987,65.2975],[-73.5508,65.4853],[-73.7461,65.7667],[-74.4164,66.1671],[-73.0333,66.7282],[-72.7888,67.0306],[-72.22,67.2543],[-73.3282,68.2667],[-73.2845,68.357],[-73.8205,68.3629],[-73.8221,68.686],[-74.118,68.7009],[-73.9893,68.5486],[-74.2701,68.5412],[-74.893,68.8082],[-74.7433,68.9134],[-74.954,68.9611],[-74.7167,69.0455],[-76.5851,68.6987],[-76.5572,69.0095],[-75.9537,69.0308],[-75.6478,69.2125],[-76.4649,69.4694],[-76.5161,69.5909],[-76.2341,69.6621],[-77.0899,69.6351],[-76.8586,69.7754],[-77.5917,69.8456],[-77.774,70.2385],[-78.2828,70.2292],[-79.0664,70.6036],[-79.4052,70.4007],[-78.9338,70.2937],[-78.8188,70.0104],[-79.5154,69.8876],[-81.5596,70.1112],[-80.9248,69.8506],[-80.9217,69.7309],[-81.5647,69.9427],[-82.2938,69.8369],[-83.15,70.0091],[-85.78,70.0367],[-86.322,70.1454],[-86.4998,70.3504],[-86.3969,70.4653],[-87.8381,70.2466],[-88.8484,70.5229],[-89.4559,71.0617],[-87.1401,71.0116],[-89.8458,71.4923],[-90.0252,71.9488],[-89.6573,72.175],[-89.8587,72.2483],[-89.8615,72.4119],[-89.3577,72.8042],[-89.2253,73.1081],[-87.7198,73.7229],[-86.4064,73.8548],[-85.0093,73.7786],[-84.9745,73.6948],[-86.0865,73.2603],[-86.6678,72.7625],[-86.3226,72.4608],[-86.2185,71.8991],[-85.0234,71.3532],[-86.5894,71.0108]]],[[[-61.8011,49.0939],[-63.0415,49.225],[-64.4852,49.887],[-64.1314,49.9417],[-62.8585,49.7055],[-61.8171,49.2835],[-61.6961,49.139],[-61.8011,49.0939]]],[[[-63.8113,46.4687],[-63.6814,46.5619],[-63.1294,46.4222],[-62.0237,46.4216],[-62.5261,46.2029],[-62.5313,45.9773],[-63.0221,46.0666],[-62.8945,46.1236],[-63.0563,46.2239],[-62.9785,46.3164],[-63.2135,46.1599],[-63.641,46.2305],[-64.388,46.6409],[-63.9936,47.0616],[-64.0879,46.7754],[-63.8113,46.4687]]],[[[-82.0005,62.9542],[-82.1137,62.6522],[-83.0158,62.2099],[-83.6989,62.1603],[-83.9124,62.4255],[-83.3764,62.9049],[-82.0005,62.9542]]],[[[-79.5453,62.4117],[-79.272,62.186],[-79.6688,61.6444],[-80.2652,61.8182],[-80.2601,62.109],[-80.0216,62.343],[-79.5453,62.4117]]],[[[-75.6759,68.3225],[-75.0781,68.1731],[-75.202,67.4592],[-76.6939,67.2358],[-77.0049,67.2669],[-77.2242,67.5082],[-77.2286,67.8501],[-76.7402,68.2313],[-75.6759,68.3225]]],[[[-79.5373,73.6545],[-78.2865,73.6658],[-77.2065,73.4996],[-76.09,72.8812],[-79.8207,72.8263],[-80.1833,73.2247],[-80.7764,73.3342],[-80.8489,73.7212],[-79.5373,73.6545]]],[[[-80.7317,52.7473],[-82.0393,53.0499],[-81.8473,53.1863],[-81.1356,53.2058],[-80.7653,52.9232],[-80.7317,52.7473]]],[[[-78.8265,56.1453],[-78.8773,56.1314],[-78.9138,56.1328],[-78.907,56.1664],[-78.8569,56.2321],[-78.8284,56.2898],[-78.8216,56.3396],[-78.7994,56.3833],[-78.7619,56.4207],[-78.7245,56.4392],[-78.6688,56.4386],[-78.6572,56.3174],[-78.6728,56.2605],[-78.7102,56.2129],[-78.7614,56.1745],[-78.8265,56.1453]]],[[[-78.9356,56.2661],[-79.1755,55.8851],[-79.2736,55.9225],[-79.1821,56.2122],[-79.4951,55.8748],[-79.7647,55.8068],[-79.5447,56.1284],[-80.0083,55.911],[-79.5153,56.3265],[-79.4589,56.5397],[-79.5363,56.1801],[-79.2724,56.6004],[-78.9632,56.4217],[-78.9356,56.2661]]],[[[-79.9776,56.207],[-80.0575,56.2874],[-79.5797,56.4664],[-79.9776,56.207]]],[[[-89.8333,77.2676],[-90.9932,77.3295],[-91.1827,77.5572],[-90.1719,77.5947],[-89.7195,77.4421],[-89.8333,77.2676]]],[[[-104.5582,77.1417],[-105.2151,77.1821],[-106.0661,77.7254],[-105.2896,77.6421],[-104.5422,77.3377],[-104.4537,77.2491],[-104.5582,77.1417]]],[[[-98.7916,79.9811],[-98.7898,79.7854],[-98.9452,79.7241],[-100.126,80.0013],[-99.7312,80.1441],[-98.7916,79.9811]]],[[[-105.2889,72.9199],[-106.9497,73.5104],[-106.614,73.6956],[-105.5123,73.7658],[-104.6488,73.6144],[-104.6217,73.3111],[-105.2889,72.9199]]],[[[-102.2273,76.0149],[-102.008,75.9394],[-102.5796,75.7802],[-103.3147,75.7642],[-103.0415,75.9188],[-103.7698,75.8924],[-103.9853,75.9331],[-103.8008,76.037],[-104.4061,76.1085],[-102.728,76.307],[-102.2273,76.0149]]],[[[-104.0229,76.5831],[-103.0335,76.4315],[-104.3575,76.3346],[-104.5857,76.6065],[-104.0229,76.5831]]],[[[-118.3281,75.5797],[-119.3946,75.6173],[-117.6337,76.1151],[-117.4991,76.0772],[-117.6264,75.966],[-118.3281,75.5797]]],[[[-113.8325,77.7546],[-114.6084,77.7693],[-115.0293,77.9675],[-114.3304,78.0775],[-113.6179,77.8324],[-113.8325,77.7546]]],[[[-130.9271,54.4791],[-130.9068,54.6318],[-130.758,54.6138],[-130.9271,54.4791]]],[[[-131.0293,51.9616],[-131.0473,51.9597],[-131.0805,51.9804],[-131.1034,52.0139],[-131.1173,52.101],[-131.1071,52.1366],[-131.0981,52.1506],[-131.0106,52.0953],[-131.0293,51.9616]]],[[[-130.2363,53.9585],[-130.3842,53.8439],[-130.7073,53.9215],[-130.448,54.089],[-130.2363,53.9585]]],[[[-129.8486,53.1679],[-130.5176,53.5442],[-130.452,53.6312],[-129.9447,53.4364],[-129.7548,53.2448],[-129.8486,53.1679]]],[[[-130.5753,54.7697],[-130.2141,55.0259],[-130.3494,54.8146],[-130.5753,54.7697]]],[[[-128.5524,52.9397],[-128.5099,52.5186],[-128.679,52.2896],[-128.7463,52.7634],[-128.8998,52.6738],[-129.1843,52.9907],[-129.0333,53.2799],[-128.6327,53.1125],[-128.5524,52.9397]]],[[[-126.0921,49.354],[-126.064,49.2636],[-126.2296,49.2957],[-126.0921,49.354]]],[[[-124.1537,49.5312],[-124.1398,49.5104],[-124.3623,49.5882],[-124.4572,49.6342],[-124.4939,49.6675],[-124.5178,49.6863],[-124.631,49.7357],[-124.6499,49.7584],[-124.6233,49.7751],[-124.5472,49.7649],[-124.4215,49.7278],[-124.3091,49.6673],[-124.1537,49.5312]]],[[[-126.6412,49.6058],[-126.9386,49.7185],[-126.9258,49.8377],[-126.7381,49.8437],[-126.6412,49.6058]]],[[[-125.1841,50.0971],[-125.3012,50.4141],[-125.074,50.2207],[-125.1841,50.0971]]],[[[-128.9369,52.51],[-128.9687,52.4643],[-129.1023,52.5744],[-129.151,52.6053],[-129.2505,52.7222],[-129.2678,52.7724],[-129.2635,52.8008],[-129.2459,52.8112],[-129.215,52.8039],[-129.1862,52.7913],[-128.994,52.6617],[-128.9403,52.6007],[-128.9369,52.51]]],[[[-127.9247,51.4739],[-128.1424,51.6466],[-127.9987,51.7038],[-127.9247,51.4739]]],[[[-128.3688,52.4009],[-128.4398,52.6964],[-128.2473,52.7844],[-128.3688,52.4009]]],[[[-129.3137,52.9922],[-129.3287,52.9842],[-129.37,52.9976],[-129.4097,53.0237],[-129.4778,53.0978],[-129.5001,53.1289],[-129.5147,53.1794],[-129.5011,53.1883],[-129.4714,53.183],[-129.4507,53.1747],[-129.3435,53.0528],[-129.3137,52.9922]]],[[[-129.1677,53.1179],[-129.3239,53.1421],[-129.2382,53.3301],[-129.1677,53.1179]]],[[[-123.4354,48.7544],[-123.4772,48.7288],[-123.4996,48.7322],[-123.5175,48.7501],[-123.5823,48.9258],[-123.5547,48.9221],[-123.4679,48.8674],[-123.4875,48.8457],[-123.4228,48.7934],[-123.4068,48.7561],[-123.4354,48.7544]]],[[[-59.7876,43.9396],[-59.9223,43.9039],[-60.0377,43.9066],[-60.1143,43.9391],[-60.1175,43.9534],[-59.936,43.9396],[-59.8664,43.9472],[-59.7271,44.0028],[-59.7876,43.9396]]],[[[-60.9616,45.4899],[-61.0817,45.5578],[-60.9125,45.5673],[-60.9616,45.4899]]],[[[-61.9141,47.2845],[-61.7726,47.2598],[-62.0083,47.2343],[-61.9247,47.4251],[-61.3955,47.6376],[-61.9141,47.2845]]],[[[-64.5086,47.8867],[-64.5339,47.8138],[-64.6213,47.7519],[-64.6646,47.7476],[-64.6846,47.7536],[-64.6605,47.7936],[-64.6633,47.863],[-64.5911,47.8725],[-64.5648,47.8663],[-64.5086,47.8867]]],[[[-64.4761,47.9589],[-64.5913,47.9072],[-64.5407,47.985],[-64.5196,48.0051],[-64.5002,48.0138],[-64.4813,48.0069],[-64.4761,47.9589]]],[[[-66.2738,44.2923],[-66.3241,44.2573],[-66.3119,44.2916],[-66.2505,44.379],[-66.2104,44.392],[-66.2738,44.2923]]],[[[-66.7625,44.6818],[-66.8971,44.6289],[-66.8021,44.8054],[-66.7625,44.6818]]],[[[-73.5665,45.4691],[-73.9605,45.4414],[-73.4761,45.7047],[-73.5665,45.4691]]],[[[-73.6953,45.5855],[-73.8577,45.5736],[-73.5724,45.6945],[-73.6953,45.5855]]],[[[-71.0257,46.8729],[-71.1167,46.8648],[-71.095,46.8996],[-70.9708,46.9614],[-70.8796,46.9961],[-70.8258,46.9954],[-70.9135,46.9195],[-71.0257,46.8729]]],[[[-55.5361,50.7197],[-55.6045,50.7807],[-55.4693,50.7964],[-55.5361,50.7197]]],[[[-54.5544,49.5889],[-54.7087,49.5307],[-54.7438,49.5078],[-54.7865,49.4961],[-54.8185,49.5145],[-54.8636,49.5761],[-54.8554,49.5966],[-54.8131,49.5994],[-54.7888,49.5912],[-54.7826,49.5721],[-54.7641,49.5624],[-54.7331,49.5622],[-54.6187,49.6221],[-54.5592,49.6315],[-54.5377,49.62],[-54.5544,49.5889]]],[[[-55.3612,51.8896],[-55.4089,51.8888],[-55.4196,51.9],[-55.3998,51.9385],[-55.3465,51.9829],[-55.2741,51.9952],[-55.2936,51.93],[-55.3612,51.8896]]],[[[-54.0937,49.7444],[-53.9807,49.662],[-54.2861,49.5954],[-54.0937,49.7444]]],[[[-54.2271,47.4414],[-54.2761,47.4065],[-54.326,47.4081],[-54.3201,47.4385],[-54.2587,47.4977],[-54.2274,47.54],[-54.2263,47.5655],[-54.2149,47.5851],[-54.1684,47.6071],[-54.1282,47.6468],[-54.1476,47.5731],[-54.2271,47.4414]]],[[[-64.8238,62.5587],[-64.4181,62.4874],[-64.8373,62.4063],[-64.9565,62.4584],[-64.8238,62.5587]]],[[[-68.2338,60.2409],[-68.3679,60.3147],[-68.1419,60.562],[-67.8188,60.4495],[-68.2338,60.2409]]],[[[-70.3371,62.5487],[-70.7661,62.5969],[-71.2201,62.8739],[-70.4426,62.7338],[-70.3371,62.5487]]],[[[-64.8326,61.3661],[-65.4321,61.6495],[-64.7896,61.6622],[-64.6696,61.593],[-64.8326,61.3661]]],[[[-65.0306,61.8791],[-64.8471,61.7615],[-65.1659,61.7977],[-65.2105,61.9284],[-65.0306,61.8791]]],[[[-69.1601,59.0402],[-69.3528,58.9607],[-69.3032,59.1449],[-69.1601,59.0402]]],[[[-64.407,60.3671],[-64.7379,60.3756],[-64.8364,60.501],[-64.407,60.3671]]],[[[-60.9945,56.0393],[-60.9827,56.0151],[-61.137,56.0326],[-61.1913,56.0479],[-61.1959,56.0639],[-61.1882,56.089],[-61.1576,56.1184],[-61.0869,56.1408],[-61.0485,56.1292],[-60.9664,56.0988],[-60.9554,56.0804],[-60.9945,56.0393]]],[[[-61.7436,57.5546],[-61.6375,57.4161],[-62.0112,57.5485],[-61.7436,57.5546]]],[[[-67.9147,69.541],[-68.2214,69.6167],[-67.8291,69.675],[-67.9147,69.541]]],[[[-62.6815,67.0563],[-62.8054,67.0288],[-62.8716,67.0626],[-62.8251,67.0721],[-62.757,67.1125],[-62.6644,67.1482],[-62.6253,67.177],[-62.4697,67.19],[-62.4168,67.1885],[-62.3963,67.1783],[-62.4846,67.1342],[-62.6815,67.0563]]],[[[-79.0631,75.9259],[-79.6987,75.8833],[-79.0093,76.1459],[-78.8452,76.1063],[-79.0631,75.9259]]],[[[-79.867,56.7746],[-79.8945,56.7571],[-79.9437,56.7768],[-79.9457,56.8269],[-79.8981,56.8653],[-79.8605,56.8635],[-79.8267,56.8431],[-79.835,56.816],[-79.867,56.7746]]],[[[-79.7165,57.5155],[-79.8382,57.483],[-79.7426,57.608],[-79.7165,57.5155]]],[[[-79.5182,56.6567],[-79.5535,56.6438],[-79.5774,56.6449],[-79.5507,56.7335],[-79.5817,56.7648],[-79.5835,56.781],[-79.5701,56.7957],[-79.5529,56.7987],[-79.5112,56.7714],[-79.4911,56.7427],[-79.4822,56.7144],[-79.4846,56.6865],[-79.4965,56.6673],[-79.5182,56.6567]]],[[[-79.9382,53.3041],[-79.9393,53.2743],[-80.0041,53.2801],[-80.0394,53.2972],[-80.0679,53.3241],[-80.074,53.3443],[-80.0497,53.3645],[-79.9746,53.3522],[-79.9382,53.3041]]],[[[-79.3843,51.952],[-79.6437,52.0101],[-79.2713,52.0868],[-79.3843,51.952]]],[[[-123.3724,48.8861],[-123.3848,48.8752],[-123.541,48.9459],[-123.6456,49.0386],[-123.6893,49.0951],[-123.4823,48.9547],[-123.3779,48.9083],[-123.3724,48.8861]]],[[[-124.9777,50.0296],[-125.0016,50.0208],[-125.026,50.1341],[-124.9957,50.1752],[-124.987,50.1959],[-124.9908,50.2171],[-124.9378,50.1659],[-124.9164,50.1315],[-124.9075,50.084],[-124.9084,50.0713],[-124.9777,50.0296]]],[[[-73.6217,67.7838],[-74.4807,67.8049],[-74.7493,68.0185],[-73.4938,68.0006],[-73.4072,67.7931],[-73.6217,67.7838]]],[[[-77.8767,63.4706],[-77.5327,63.2336],[-77.9424,63.1144],[-78.5368,63.4237],[-77.8767,63.4706]]],[[[-94.5266,75.7493],[-94.9012,75.9308],[-94.4987,75.9922],[-94.2963,75.7881],[-94.5266,75.7493]]],[[[-80.2853,59.6241],[-80.3172,59.621],[-80.3247,59.6332],[-80.299,59.6742],[-80.2566,59.6791],[-80.21,59.7246],[-80.1672,59.7089],[-80.1831,59.6835],[-80.2405,59.6449],[-80.2853,59.6241]]],[[[-80.0642,59.7708],[-80.1671,59.7639],[-80.1222,59.8232],[-80.0836,59.8519],[-80.0412,59.8702],[-79.9559,59.877],[-79.8986,59.8531],[-79.9496,59.8099],[-80.0642,59.7708]]],[[[-96.7823,72.9366],[-97.0928,72.9969],[-97.0692,73.1302],[-96.5985,73.0738],[-96.7823,72.9366]]],[[[-97.3555,74.5263],[-97.75,74.5105],[-97.4165,74.6266],[-97.3555,74.5263]]],[[[-98.2704,73.8685],[-99.417,73.8954],[-97.8004,74.1146],[-97.6591,74.0716],[-97.7547,74.0055],[-98.2704,73.8685]]],[[[-90.1998,69.4191],[-90.2955,69.2578],[-90.492,69.3699],[-90.1998,69.4191]]],[[[-90.4926,69.2211],[-90.7657,69.336],[-90.5997,69.3678],[-90.4926,69.2211]]],[[[-74.0004,62.6184],[-74.0536,62.6097],[-74.2535,62.622],[-74.4995,62.6688],[-74.6265,62.7127],[-74.62,62.7263],[-74.5642,62.7333],[-74.5009,62.7265],[-74.3948,62.6958],[-74.1089,62.6803],[-74.0168,62.6627],[-73.9882,62.6361],[-74.0004,62.6184]]],[[[-74.8809,68.3487],[-75.3962,68.5888],[-74.9836,68.6476],[-74.7982,68.458],[-74.8809,68.3487]]],[[[-78.5316,60.7286],[-78.6689,60.7169],[-78.6691,60.7313],[-78.612,60.7723],[-78.3996,60.8081],[-78.2417,60.8187],[-78.2789,60.7839],[-78.3725,60.7564],[-78.5316,60.7286]]],[[[-78.9827,68.1928],[-79.174,68.235],[-79.1535,68.3353],[-78.8687,68.3103],[-78.9827,68.1928]]],[[[-76.6776,63.3939],[-77.3647,63.5883],[-77.1337,63.682],[-76.6524,63.5036],[-76.6776,63.3939]]],[[[-79.4307,69.7878],[-79.365,69.7124],[-79.5528,69.6309],[-80.0475,69.6343],[-79.9778,69.5097],[-80.7948,69.6893],[-79.4307,69.7878]]],[[[-78.0291,69.7149],[-78.04,69.6084],[-78.8482,69.4828],[-78.0291,69.7149]]],[[[-77.6421,63.9919],[-77.7141,63.9457],[-77.9288,63.962],[-77.9579,63.976],[-77.966,63.9929],[-77.9313,64.0148],[-77.7108,64.0356],[-77.6173,64.0372],[-77.5694,64.0304],[-77.5636,64.0221],[-77.6421,63.9919]]],[[[-83.1235,66.2828],[-83.0239,66.2707],[-82.9481,66.2719],[-82.9313,66.2573],[-83.0108,66.2084],[-83.0599,66.1993],[-83.1479,66.2342],[-83.2139,66.2771],[-83.2326,66.303],[-83.2378,66.3315],[-83.2223,66.3365],[-83.1235,66.2828]]],[[[-79.2106,68.8455],[-79.3912,68.9399],[-78.6502,69.3512],[-78.229,69.304],[-79.2106,68.8455]]],[[[-76.9954,69.1437],[-77.3219,69.1936],[-77.3409,69.4039],[-76.6841,69.3804],[-76.9954,69.1437]]],[[[-86.913,70.1132],[-86.5634,70.0772],[-86.7343,69.9763],[-87.3232,70.0801],[-86.913,70.1132]]],[[[-83.726,65.7967],[-83.2337,65.715],[-83.3324,65.6311],[-84.1183,65.7718],[-84.1432,65.916],[-84.4674,66.0883],[-83.787,65.9658],[-83.726,65.7967]]],[[[-86.5956,67.7359],[-86.8925,67.8366],[-86.9598,68.1002],[-86.7021,68.3056],[-86.4211,68.1834],[-86.3964,67.889],[-86.5956,67.7359]]],[[[-84.6748,65.575],[-85.0963,65.7562],[-85.1496,66.0154],[-84.7574,65.8589],[-84.6026,65.6574],[-84.6748,65.575]]],[[[-93.0439,61.8441],[-93.0848,61.8417],[-93.1766,61.8927],[-93.1967,61.9186],[-93.0758,61.935],[-92.993,61.8897],[-93,61.8675],[-93.0439,61.8441]]],[[[-101.2261,76.5793],[-101.6131,76.6046],[-100.9622,76.7342],[-100.2691,76.7341],[-101.2261,76.5793]]],[[[-103.0034,78.1464],[-103.2736,78.1658],[-102.8918,78.2712],[-102.7883,78.2182],[-103.0034,78.1464]]],[[[-101.6936,77.6966],[-102.3778,77.7281],[-102.4715,77.8735],[-101.1932,77.8298],[-101.0021,77.7351],[-101.6936,77.6966]]],[[[-89.7265,76.5074],[-90.1646,76.5236],[-90.5625,76.7543],[-89.9488,76.8362],[-89.6954,76.7412],[-89.8221,76.6306],[-89.7265,76.5074]]],[[[-96.0786,75.5101],[-96.8571,75.3691],[-97.0207,75.4681],[-96.3678,75.6546],[-95.9599,75.5543],[-96.0786,75.5101]]],[[[-95.3066,74.5054],[-95.8507,74.5825],[-95.5102,74.6368],[-95.3066,74.5054]]],[[[-121.0762,75.7453],[-121.2211,75.7775],[-120.8878,75.928],[-121.0762,75.7453]]],[[[-113.5607,76.7433],[-114.8353,76.7947],[-113.8916,76.8949],[-113.5165,76.825],[-113.5607,76.7433]]],[[[-104.1199,75.0363],[-104.8874,75.1478],[-104.4742,75.413],[-104.0747,75.4245],[-103.6421,75.1629],[-104.1199,75.0363]]],[[[-100.2172,68.8067],[-100.5965,68.7664],[-100.6116,68.9902],[-100.3299,68.9976],[-100.2172,68.8067]]],[[[-99.9947,69.0135],[-100.2474,69.0528],[-100.1531,69.1295],[-99.9947,69.0135]]],[[[-100.3084,70.4958],[-100.6783,70.6462],[-100.2761,70.5946],[-100.3084,70.4958]]],[[[-95.5137,69.5736],[-95.3809,69.5066],[-95.4962,69.3501],[-95.7301,69.3476],[-95.7636,69.5596],[-95.9859,69.3919],[-95.8758,69.606],[-95.5137,69.5736]]],[[[-101.1717,69.3971],[-101.3513,69.5592],[-101.0312,69.4955],[-101.1717,69.3971]]],[[[-101.8459,68.5863],[-102.3082,68.682],[-101.8284,68.799],[-101.7216,68.7241],[-101.8459,68.5863]]],[[[-104.5407,68.4059],[-105.0514,68.559],[-104.602,68.5615],[-104.4445,68.4707],[-104.5407,68.4059]]],[[[-107.8999,67.4018],[-108.1522,67.4294],[-108.1275,67.6286],[-107.9909,67.6221],[-107.8999,67.4018]]],[[[-109.1664,67.9824],[-109.0539,67.9719],[-108.9705,67.9797],[-108.9096,67.9394],[-108.886,67.8985],[-108.8938,67.8845],[-108.9202,67.8788],[-109.0962,67.924],[-109.1615,67.9517],[-109.1836,67.975],[-109.1664,67.9824]]],[[[-108.0927,67.0052],[-107.8055,66.9986],[-107.9439,66.8578],[-108.0927,67.0052]]],[[[-109.3231,67.9909],[-109.3608,67.9876],[-109.4979,68.047],[-109.4691,68.098],[-109.3417,68.0459],[-109.3235,68.0133],[-109.3231,67.9909]]],[[[-139.0431,69.5769],[-139.1257,69.5393],[-139.257,69.5786],[-139.2914,69.5979],[-139.1396,69.6496],[-139.0727,69.6477],[-138.9315,69.6169],[-138.8789,69.5897],[-139.0431,69.5769]]]]}},{"type":"Feature","properties":{"ADM0_A3":"CMR"},"geometry":{"type":"Polygon","coordinates":[[[8.5559,4.7552],[8.9972,5.9177],[9.7799,6.7602],[10.1436,6.9964],[10.4823,6.8913],[10.6062,7.0631],[11.2373,6.4505],[11.8614,7.1164],[11.7674,7.2723],[12.016,7.5897],[12.2334,8.2823],[12.4035,8.5956],[12.7822,8.8179],[12.9295,9.4263],[13.1987,9.5638],[13.2699,10.0362],[13.6999,10.8731],[13.9814,11.2119],[14.5598,11.4923],[14.6197,12.151],[14.1975,12.3838],[14.064,13.0785],[14.4617,13.0218],[14.8471,12.5021],[15.0813,11.8455],[15.1322,10.6485],[15.6549,10.0078],[14.2433,9.9797],[13.9772,9.6916],[14.3323,9.2035],[15.1162,8.5573],[15.5578,7.738],[14.7641,6.3164],[14.4312,6.0387],[14.6169,5.8651],[14.563,5.2799],[14.709,4.6656],[15.0636,4.2849],[15.0621,3.9472],[16.0635,2.9086],[16.1361,1.7242],[14.5789,2.1991],[11.559,2.3022],[11.3484,2.2997],[11.3287,2.1674],[9.9799,2.1678],[9.8008,2.3044],[9.915,3.2396],[9.5562,3.798],[9.7396,3.8529],[9.6889,4.0564],[9.4837,4.0661],[9.4253,3.9223],[9.0001,4.0916],[8.9183,4.5538],[8.6604,4.671],[8.5744,4.5262],[8.5559,4.7552]]]}},{"type":"Feature","properties":{"ADM0_A3":"KHM"},"geometry":{"type":"MultiPolygon","coordinates":[[[[103.0451,11.2851],[103.0273,11.2755],[103.0105,11.2758],[102.9934,11.2904],[102.995,11.3481],[103.0075,11.3833],[103.0368,11.3899],[103.0451,11.2851]]],[[[103.3178,10.7185],[103.2813,10.6797],[103.2229,10.7596],[103.2234,10.782],[103.3178,10.7185]]],[[[107.5194,14.7051],[107.3314,14.1266],[107.6055,13.4378],[107.4754,13.0304],[107.5381,12.4318],[107.3934,12.2605],[107.2121,12.304],[106.9307,12.0775],[106.4139,11.9484],[106.3992,11.687],[106.0061,11.758],[105.8515,11.635],[105.8561,11.2943],[106.1609,11.0371],[106.164,10.7949],[105.7551,10.99],[105.3146,10.8452],[105.0457,10.9114],[105.0464,10.7017],[104.8506,10.5345],[104.4264,10.4112],[103.8705,10.6551],[103.5871,10.5522],[103.7219,10.8901],[103.5324,11.1467],[103.3536,10.9216],[103.1528,10.9137],[103.1255,11.4606],[102.7366,12.0898],[102.7557,12.4263],[102.4996,12.67],[102.3197,13.54],[102.5469,13.5857],[103.0311,14.2525],[103.5464,14.4174],[104.779,14.4278],[105.0337,14.2274],[105.1833,14.3462],[105.3502,14.1096],[105.5315,14.1562],[106.0668,13.9212],[105.9789,14.343],[106.2254,14.4762],[106.5015,14.5782],[106.9381,14.3273],[107.5194,14.7051]]]]}},{"type":"Feature","properties":{"ADM0_A3":"MMR"},"geometry":{"type":"MultiPolygon","coordinates":[[[[100.1225,20.3166],[99.8903,20.4244],[99.4589,20.363],[99.4859,20.1499],[99.0742,20.0994],[98.9167,19.7729],[98.015,19.7495],[97.8168,19.46],[97.7459,18.5882],[97.3739,18.518],[97.6322,18.2903],[97.7064,17.7971],[98.4389,16.9757],[98.6607,16.3304],[98.8883,16.3519],[98.5924,16.0507],[98.5569,15.3677],[98.191,15.2041],[98.2021,14.9759],[99.1368,13.7167],[99.1239,13.0308],[99.6147,11.7812],[98.7572,10.6609],[98.5626,10.035],[98.4649,10.6758],[98.876,11.7197],[98.6363,11.7384],[98.576,13.1619],[98.2004,13.9802],[98.1106,13.7129],[97.9098,14.6527],[98.0187,14.6526],[97.8123,14.8589],[97.7104,15.8755],[97.5843,16.0196],[97.726,16.5686],[97.3759,16.5229],[97.2002,17.0954],[96.8515,17.401],[96.9086,17.031],[96.7654,16.7104],[96.4312,16.5049],[96.1891,16.7683],[96.3243,16.4444],[95.7633,16.169],[95.3896,15.7228],[95.3468,16.0976],[95.177,15.8257],[94.9426,15.8183],[94.8932,16.1828],[94.6615,15.9044],[94.7033,16.5119],[94.4416,16.0944],[94.2238,16.0165],[94.589,17.5693],[94.2457,18.7412],[94.07,18.8934],[94.0449,19.2874],[93.9292,18.8997],[93.4931,19.3695],[93.8249,19.2385],[93.9981,19.4409],[93.6117,19.7761],[93.707,19.9122],[93.25,20.0701],[93.1295,19.858],[93.002,20.0749],[93.0668,20.3776],[92.8821,20.1521],[92.7912,20.2114],[92.8507,20.4148],[92.709,20.564],[92.7229,20.2956],[92.3783,20.7176],[92.1796,21.2931],[92.3306,21.4398],[92.5998,21.2702],[92.5749,21.9781],[92.689,22.131],[92.9646,22.0038],[93.1512,22.2306],[93.0787,22.7182],[93.3913,23.3392],[93.3263,24.0642],[94.1276,23.8765],[94.7076,25.0487],[94.5799,25.3198],[95.1324,26.0413],[95.1287,26.5973],[96.1908,27.2613],[96.7316,27.3315],[97.1021,27.1154],[96.8769,27.5867],[97.3352,27.9377],[97.3225,28.218],[97.5992,28.517],[98.0989,28.1423],[98.2988,27.5501],[98.4525,27.6572],[98.6512,27.5725],[98.7394,26.6981],[98.5641,26.0724],[98.6563,25.8636],[97.8195,25.2519],[97.7379,24.8699],[97.5833,24.7748],[97.5314,24.4917],[97.7082,24.2288],[97.5646,23.911],[98.2125,24.1106],[98.8351,24.1212],[98.6768,23.9051],[98.8638,23.1913],[99.5071,22.9591],[99.193,22.126],[99.9177,22.028],[99.9407,21.7587],[100.2147,21.463],[100.6046,21.4718],[101.1309,21.7355],[101.0804,21.4687],[100.7566,21.3126],[100.5361,20.9924],[100.6229,20.8596],[100.2493,20.7303],[100.1225,20.3166]]],[[[98.2098,10.9527],[98.2715,10.7399],[98.0805,10.8866],[98.2098,10.9527]]],[[[98.1826,9.9334],[98.1344,9.8754],[98.1181,9.8779],[98.1402,9.9747],[98.2207,10.0452],[98.2917,10.0513],[98.2834,10.0076],[98.2313,9.954],[98.1826,9.9334]]],[[[98.2217,11.4782],[98.2162,11.4558],[98.2094,11.4565],[98.1873,11.4724],[98.2011,11.5672],[98.2391,11.6447],[98.2781,11.7584],[98.2996,11.783],[98.3075,11.7229],[98.2838,11.5941],[98.2633,11.5236],[98.2217,11.4782]]],[[[98.516,11.905],[98.4662,12.0843],[98.6096,11.9566],[98.516,11.905]]],[[[98.5538,11.7449],[98.5284,11.5387],[98.4348,11.5671],[98.3765,11.7915],[98.5538,11.7449]]],[[[98.414,12.5979],[98.3139,12.336],[98.3121,12.6782],[98.414,12.5979]]],[[[98.1367,12.1504],[98.1251,12.1449],[98.1085,12.1481],[98.0754,12.1645],[98.0373,12.2325],[98.0573,12.2801],[98.0714,12.2918],[98.1049,12.2878],[98.1225,12.2787],[98.1284,12.2612],[98.1185,12.2234],[98.1201,12.1913],[98.1367,12.1504]]],[[[94.4768,15.9459],[94.4119,15.8484],[94.3879,15.9941],[94.6013,16.2055],[94.4768,15.9459]]],[[[97.575,16.2532],[97.5372,16.2401],[97.4804,16.3057],[97.4691,16.461],[97.5164,16.4969],[97.542,16.5051],[97.579,16.486],[97.5933,16.4608],[97.5996,16.4295],[97.5894,16.3974],[97.575,16.2532]]],[[[93.6908,18.6843],[93.4875,18.8675],[93.7447,18.8655],[93.6908,18.6843]]],[[[93.4918,19.8926],[93.5133,19.7548],[93.4446,19.8064],[93.4195,19.8776],[93.4129,19.9503],[93.4918,19.8926]]],[[[93.7148,19.5583],[93.9457,19.4286],[93.902,19.332],[93.7559,19.3257],[93.7148,19.5583]]],[[[98.5417,10.9615],[98.5189,10.9594],[98.498,10.9643],[98.4774,10.9797],[98.5266,11.087],[98.5417,10.9615]]],[[[98.0755,11.6924],[98.0836,11.6368],[98.0211,11.6959],[98.0104,11.8603],[98.0596,11.7567],[98.0808,11.7332],[98.0755,11.6924]]],[[[98.0661,12.3898],[98.0604,12.3535],[98.0023,12.279],[97.9518,12.3223],[97.9387,12.3461],[97.9902,12.3938],[98.0451,12.387],[98.0599,12.3979],[98.0661,12.3898]]],[[[98.3154,13.0991],[98.3092,12.9347],[98.2593,13.014],[98.2508,13.1044],[98.2546,13.1886],[98.2653,13.2022],[98.2686,13.1894],[98.2986,13.1517],[98.3154,13.0991]]],[[[94.8049,15.8193],[94.7844,15.7938],[94.7434,15.8121],[94.7335,15.823],[94.828,15.933],[94.8382,15.8921],[94.8049,15.8193]]],[[[93.0102,19.9239],[93.0232,19.8289],[92.9752,19.868],[92.9127,19.9998],[92.9146,20.0865],[92.9596,20.0462],[93.0102,19.9239]]]]}},{"type":"Feature","properties":{"ADM0_A3":"BDI"},"geometry":{"type":"Polygon","coordinates":[[[30.5536,-2.4001],[30.4335,-2.8745],[30.7803,-2.9849],[30.7902,-3.2746],[29.9473,-4.3073],[29.4032,-4.4493],[29.0632,-2.6025],[29.3902,-2.8086],[29.698,-2.7947],[29.8682,-2.7164],[29.9302,-2.3396],[30.5536,-2.4001]]]}},{"type":"Feature","properties":{"ADM0_A3":"BFA"},"geometry":{"type":"Polygon","coordinates":[[[0.9005,10.9933],[0.4927,10.955],[-0.2995,11.1669],[-0.6271,10.9274],[-2.8299,10.9984],[-2.9149,10.5923],[-2.7866,10.4019],[-2.7666,9.4247],[-3.2235,9.8955],[-3.7906,9.9172],[-4.3322,9.6457],[-4.6258,9.7136],[-4.9699,9.9301],[-5.0999,10.2416],[-5.5235,10.426],[-5.4905,11.0424],[-5.2502,11.3758],[-5.2881,11.8279],[-4.4287,12.3376],[-4.4806,12.6722],[-4.2271,12.7937],[-4.3287,13.119],[-4.151,13.3062],[-3.9473,13.4022],[-3.5276,13.1827],[-3.3018,13.2808],[-3.2486,13.6584],[-2.9508,13.6484],[-2.8739,13.9507],[-2.5867,14.2276],[-2.1132,14.1685],[-1.973,14.4565],[-0.6665,15.0698],[0.2175,14.9115],[0.1639,14.4972],[0.4292,13.9721],[0.6182,13.7034],[1.2012,13.3575],[0.9885,13.3648],[0.9873,13.0419],[1.5649,12.6354],[2.0738,12.714],[2.2115,12.5384],[2.0584,12.358],[2.3892,11.8971],[2.2872,11.6913],[1.9804,11.4184],[1.4268,11.4471],[0.9005,10.9933]]]}},{"type":"Feature","properties":{"ADM0_A3":"BGR"},"geometry":{"type":"Polygon","coordinates":[[[28.0145,41.969],[27.5349,41.9208],[27.2443,42.0933],[26.6153,41.9649],[26.3209,41.7166],[26.1074,41.7257],[26.1354,41.3857],[25.9233,41.3119],[25.2512,41.2436],[24.4879,41.5552],[22.916,41.3363],[23.0036,41.7398],[22.344,42.314],[22.5235,42.441],[22.4668,42.8425],[22.7062,42.8839],[22.9769,43.188],[22.4991,43.5188],[22.399,43.9695],[22.7051,44.2378],[23.0285,44.078],[22.8683,43.9479],[22.919,43.8345],[25.4971,43.6708],[26.2158,44.0073],[27.0869,44.1674],[28.5854,43.7422],[28.4654,43.3893],[28.1337,43.3956],[27.9289,43.1861],[27.8889,42.7497],[27.4848,42.4681],[28.0145,41.969]]]}},{"type":"Feature","properties":{"ADM0_A3":"BRN"},"geometry":{"type":"MultiPolygon","coordinates":[[[[115.14,4.8998],[115.2906,4.3526],[115.107,4.3904],[115.0516,4.5827],[115.0268,4.8997],[115.14,4.8998]]],[[[115.0268,4.8997],[114.7467,4.7181],[114.8402,4.3932],[114.6541,4.0376],[114.0639,4.5927],[114.9954,5.0224],[115.0268,4.8997]]]]}},{"type":"Feature","properties":{"ADM0_A3":"BRA"},"geometry":{"type":"MultiPolygon","coordinates":[[[[-66.876,1.223],[-66.3471,0.7672],[-65.6814,0.9834],[-65.4734,0.6913],[-65.1038,1.1081],[-64.205,1.5295],[-64.0085,1.9316],[-63.4325,2.1556],[-63.3893,2.4119],[-64.0466,2.5024],[-64.2211,3.5874],[-64.7887,4.276],[-64.1925,4.1269],[-64.0215,3.9291],[-63.3387,3.9439],[-62.857,3.5935],[-62.7121,4.0179],[-61.0028,4.5353],[-60.6276,4.8925],[-60.7421,5.2021],[-60.6514,5.2211],[-60.142,5.2388],[-59.9907,5.0829],[-60.1486,4.5333],[-59.7033,4.3811],[-59.5511,3.9335],[-59.8544,3.5875],[-59.9943,2.69],[-59.6666,1.7463],[-58.8625,1.2036],[-58.5119,1.2847],[-58.3407,1.5875],[-58.0347,1.5203],[-57.1189,2.014],[-56.8367,1.8813],[-55.9633,1.8571],[-55.9153,2.0396],[-56.1377,2.259],[-55.9575,2.5205],[-55.7306,2.4062],[-54.9787,2.5977],[-54.1301,2.121],[-53.7678,2.3548],[-52.9648,2.1835],[-52.6532,2.4257],[-52.3279,3.1817],[-51.4615,4.3138],[-51.2199,4.0936],[-50.7144,2.134],[-50.4589,1.8296],[-49.9571,1.6599],[-49.8989,1.163],[-50.7551,0.2226],[-51.2829,-0.0852],[-51.9808,-1.368],[-52.6642,-1.5518],[-51.9476,-1.5867],[-50.8949,-0.9376],[-50.69,-1.7617],[-50.4032,-2.0155],[-49.3137,-1.7317],[-49.6365,-2.6569],[-49.211,-1.9165],[-48.71,-1.4877],[-48.4629,-1.614],[-48.3498,-1.4821],[-48.4498,-1.1455],[-48.1151,-0.7375],[-47.5573,-0.6699],[-47.4187,-0.7659],[-47.4391,-0.6477],[-47.2686,-0.6454],[-45.4586,-1.3562],[-45.3291,-1.7173],[-45.0764,-1.4664],[-44.7785,-1.7988],[-44.6513,-1.7458],[-44.5378,-2.0527],[-44.7563,-2.2655],[-44.6624,-2.3732],[-44.4354,-2.1681],[-44.3818,-2.3655],[-44.589,-2.5734],[-44.723,-3.2048],[-44.4375,-2.9444],[-44.2286,-2.4713],[-44.1056,-2.4935],[-44.1927,-2.8096],[-43.3801,-2.3761],[-42.2496,-2.792],[-41.8762,-2.7466],[-41.4799,-2.9165],[-39.9647,-2.8615],[-38.4758,-3.7175],[-37.1747,-4.9124],[-36.5907,-5.0976],[-35.5494,-5.1294],[-35.2354,-5.5667],[-34.8055,-7.2884],[-34.9667,-8.4076],[-35.5971,-9.5406],[-35.8908,-9.687],[-35.8854,-9.8477],[-36.3983,-10.4841],[-36.9378,-10.8204],[-37.3151,-11.376],[-37.3592,-11.2525],[-37.6887,-12.1],[-38.2397,-12.8442],[-38.4989,-12.9566],[-38.691,-12.6239],[-38.8518,-12.7901],[-38.7637,-12.9072],[-39.0894,-13.5882],[-38.9886,-13.615],[-39.0481,-14.0439],[-38.9423,-14.0307],[-39.0596,-14.6548],[-38.8806,-15.8643],[-39.2029,-17.1781],[-39.154,-17.7039],[-39.6508,-18.2523],[-39.7833,-19.5718],[-40.9545,-21.2379],[-41.0003,-21.999],[-41.7055,-22.3097],[-41.9804,-22.5807],[-42.0424,-22.9471],[-42.9583,-22.9671],[-43.1543,-22.7252],[-43.2242,-22.9912],[-43.8988,-23.1015],[-43.676,-23.0095],[-43.8662,-22.9105],[-44.6373,-23.0555],[-44.5697,-23.274],[-45.3254,-23.5997],[-45.4643,-23.8025],[-45.9721,-23.7955],[-46.8673,-24.2363],[-47.9892,-25.0357],[-47.9294,-25.1683],[-48.2027,-25.4165],[-48.1859,-25.3099],[-48.4025,-25.2721],[-48.4761,-25.443],[-48.7317,-25.3687],[-48.4012,-25.5974],[-48.6658,-25.8443],[-48.6194,-26.1794],[-48.7483,-26.2687],[-48.5541,-27.196],[-48.7997,-28.5753],[-49.746,-29.3632],[-50.9214,-31.2584],[-52.0392,-32.1148],[-52.0632,-31.8304],[-51.6807,-31.7746],[-51.2722,-31.477],[-51.1614,-31.1188],[-50.9801,-31.0942],[-50.6893,-30.7042],[-50.7163,-30.426],[-50.5819,-30.4389],[-50.5635,-30.2536],[-51.025,-30.3687],[-51.298,-30.0349],[-51.1573,-30.3643],[-51.2831,-30.7516],[-51.3591,-30.6745],[-51.5063,-31.1045],[-51.9725,-31.3838],[-52.1936,-31.8855],[-52.1274,-32.1678],[-52.6522,-33.1378],[-53.3706,-33.7422],[-53.5313,-33.6555],[-53.5313,-33.1709],[-53.1256,-32.7367],[-53.6017,-32.403],[-53.7617,-32.0568],[-54.2206,-31.8552],[-54.5876,-31.4852],[-55.1735,-31.2796],[-55.603,-30.8508],[-56.0047,-31.0792],[-56.0448,-30.7776],[-56.8327,-30.1072],[-57.2145,-30.2834],[-57.6089,-30.1878],[-55.8905,-28.37],[-55.6873,-28.3816],[-55.7255,-28.2041],[-55.1015,-27.8668],[-54.8291,-27.5506],[-53.8382,-27.1211],[-53.6713,-26.2251],[-54.0123,-25.5779],[-54.6159,-25.5761],[-54.2418,-24.0473],[-54.6255,-23.8125],[-55.1943,-24.0175],[-55.4159,-23.9514],[-55.6177,-22.6715],[-55.7996,-22.3539],[-56.246,-22.2646],[-56.4478,-22.0762],[-56.9373,-22.2713],[-57.9857,-22.0464],[-57.8302,-20.9979],[-58.1598,-20.1646],[-57.8607,-19.9796],[-58.1315,-19.7445],[-57.7168,-19.044],[-57.7831,-18.9143],[-57.4957,-18.2146],[-57.8325,-17.5121],[-58.396,-17.2343],[-58.4781,-16.7007],[-58.3456,-16.2844],[-60.1756,-16.2693],[-60.2423,-15.4796],[-60.5832,-15.0983],[-60.2733,-15.0888],[-60.5066,-13.7898],[-61.077,-13.4897],[-61.7899,-13.5256],[-62.118,-13.1598],[-62.7655,-12.9973],[-63.0675,-12.6691],[-64.4205,-12.4397],[-64.9925,-11.9752],[-65.3899,-11.2463],[-65.4471,-10.5074],[-65.2986,-10.1468],[-65.3961,-9.7124],[-66.5753,-9.8999],[-67.7218,-10.6831],[-68.0717,-10.7031],[-68.6227,-11.1092],[-69.2285,-10.9557],[-70.6423,-11.0103],[-70.5411,-9.4375],[-71.2379,-9.966],[-72.1816,-10.0037],[-72.3791,-9.5102],[-73.2094,-9.4114],[-72.974,-8.9932],[-73.5491,-8.3458],[-73.7756,-7.9364],[-73.7204,-7.7825],[-74.0021,-7.5561],[-73.9643,-7.3789],[-73.7204,-7.3093],[-73.7581,-6.9058],[-73.1374,-6.4658],[-73.2355,-6.0984],[-72.8871,-5.1228],[-71.8447,-4.5044],[-70.9737,-4.3505],[-70.7995,-4.1733],[-69.972,-4.3012],[-69.4002,-1.1949],[-69.634,-0.5093],[-70.0705,-0.1389],[-70.0539,0.5786],[-69.4721,0.7299],[-69.1533,0.6588],[-69.3118,1.0505],[-69.8521,1.0595],[-69.8486,1.7087],[-68.1766,1.7198],[-68.1938,1.987],[-67.9362,1.7485],[-67.4004,2.1167],[-67.1192,1.7036],[-67.0823,1.1854],[-66.876,1.223]]],[[[-49.6287,-0.2292],[-49.117,-0.1636],[-48.3927,-0.2974],[-48.8336,-1.39],[-49.0385,-1.5141],[-49.1727,-1.4126],[-49.234,-1.5995],[-49.5066,-1.5116],[-49.5879,-1.7124],[-49.8051,-1.7902],[-50.5076,-1.788],[-50.7598,-1.2402],[-50.577,-1.1031],[-50.7961,-0.9063],[-50.6455,-0.2729],[-50.2482,-0.1164],[-49.6287,-0.2292]]],[[[-44.1293,-23.1419],[-44.098,-23.1693],[-44.1558,-23.1666],[-44.2205,-23.1908],[-44.3201,-23.2123],[-44.3602,-23.1721],[-44.2741,-23.1162],[-44.2429,-23.0741],[-44.2204,-23.0829],[-44.1916,-23.1133],[-44.1293,-23.1419]]],[[[-48.5844,-26.4016],[-48.6658,-26.2896],[-48.5397,-26.1703],[-48.5844,-26.4016]]],[[[-45.2603,-23.8892],[-45.4514,-23.8956],[-45.3023,-23.7275],[-45.2603,-23.8892]]],[[[-44.4993,-2.9396],[-44.5978,-3.0376],[-44.4814,-2.7176],[-44.4993,-2.9396]]],[[[-38.7438,-13.0971],[-38.6681,-12.8802],[-38.6012,-12.9926],[-38.7438,-13.0971]]],[[[-38.9036,-13.4734],[-38.9379,-13.5323],[-38.9776,-13.5235],[-38.9932,-13.4841],[-39.0222,-13.4456],[-39.0066,-13.4155],[-38.9801,-13.3984],[-38.9071,-13.4011],[-38.9036,-13.4734]]],[[[-44.8831,-1.3179],[-44.9471,-1.366],[-44.9679,-1.3908],[-45.0209,-1.3724],[-45.0112,-1.3447],[-44.9956,-1.3476],[-44.9787,-1.2673],[-44.8883,-1.2769],[-44.8831,-1.3179]]],[[[-49.7382,0.2682],[-49.9171,-0.0232],[-50.3395,0.0434],[-50.2727,0.2317],[-49.7382,0.2682]]],[[[-50.299,1.9385],[-50.4561,1.9105],[-50.491,2.1286],[-50.342,2.1417],[-50.299,1.9385]]],[[[-50.6529,-0.1316],[-50.9264,-0.3273],[-51.0381,-0.2259],[-50.8422,-0.0502],[-50.6529,-0.1316]]],[[[-49.4439,-0.1124],[-49.8301,-0.0939],[-49.5035,0.0837],[-49.3723,0.0011],[-49.4439,-0.1124]]],[[[-50.4261,0.1393],[-50.4439,-0.0077],[-50.6239,0.0544],[-50.6104,0.2048],[-50.3728,0.5909],[-50.4261,0.1393]]],[[[-50.1529,0.393],[-50.2613,0.3592],[-50.2817,0.5165],[-50.0588,0.638],[-50.1529,0.393]]],[[[-51.8325,-1.4338],[-51.9384,-1.4526],[-51.546,-0.6496],[-51.254,-0.5414],[-51.1607,-0.6667],[-51.2763,-1.0218],[-51.8325,-1.4338]]],[[[-48.4859,-27.767],[-48.5422,-27.5748],[-48.4149,-27.3996],[-48.4859,-27.767]]]]}},{"type":"Feature","properties":{"ADM0_A3":"BWA"},"geometry":{"type":"Polygon","coordinates":[[[25.2588,-17.7936],[25.2423,-17.969],[25.9394,-18.9387],[26.1681,-19.5383],[27.1782,-20.101],[27.2808,-20.4787],[27.6996,-20.5307],[27.6694,-21.0643],[28.0141,-21.5542],[29.0256,-21.7969],[29.0424,-22.0184],[29.3648,-22.1939],[28.2102,-22.6937],[27.7583,-23.1968],[27.0855,-23.5779],[26.8351,-24.2408],[26.3972,-24.6136],[25.9121,-24.7475],[25.4437,-25.7145],[24.3306,-25.7429],[23.1487,-25.2887],[22.8788,-25.4579],[22.5977,-26.1327],[21.6947,-26.8409],[20.6851,-26.8225],[20.6268,-26.4438],[20.815,-26.1649],[20.7932,-25.9156],[20.4307,-25.1471],[19.9805,-24.7768],[19.9773,-22.0002],[20.971,-22.0002],[20.9741,-18.3188],[23.2193,-17.9997],[23.5997,-18.46],[24.2439,-18.0234],[24.5306,-18.0527],[24.9091,-17.8214],[25.2588,-17.7936]]]}},{"type":"Feature","properties":{"ADM0_A3":"BIH"},"geometry":{"type":"Polygon","coordinates":[[[19.3486,44.8809],[19.1185,44.36],[19.5838,44.0435],[19.245,43.965],[19.48,43.5952],[18.9507,43.5267],[19.0267,43.2924],[18.8511,43.3463],[18.4438,42.9685],[18.5459,42.6416],[18.4363,42.5597],[17.5852,42.9384],[17.6505,43.0066],[17.2738,43.4458],[16.3001,44.1245],[16.1034,44.521],[15.7366,44.7658],[15.8229,45.2028],[16.2934,45.0088],[16.5307,45.2167],[16.9187,45.2766],[19.3486,44.8809]]]}},{"type":"Feature","properties":{"ADM0_A3":"BOL"},"geometry":{"type":"Polygon","coordinates":[[[-69.5109,-17.5061],[-69.6249,-17.2002],[-68.8428,-16.3379],[-69.2176,-16.1491],[-69.4209,-15.6406],[-69.1725,-15.2366],[-69.3595,-14.7953],[-68.8709,-14.1697],[-69.0741,-13.6828],[-68.9786,-12.8801],[-68.6853,-12.502],[-69.5786,-10.9518],[-68.6227,-11.1092],[-68.0717,-10.7031],[-67.7218,-10.6831],[-66.5753,-9.8999],[-65.3961,-9.7124],[-65.2986,-10.1468],[-65.4471,-10.5074],[-65.3899,-11.2463],[-64.9925,-11.9752],[-64.4205,-12.4397],[-63.0675,-12.6691],[-62.7655,-12.9973],[-62.118,-13.1598],[-61.7899,-13.5256],[-61.077,-13.4897],[-60.5066,-13.7898],[-60.2733,-15.0888],[-60.5832,-15.0983],[-60.2423,-15.4796],[-60.1756,-16.2693],[-58.3456,-16.2844],[-58.4781,-16.7007],[-58.396,-17.2343],[-57.8325,-17.5121],[-57.4957,-18.2146],[-57.7831,-18.9143],[-57.7168,-19.044],[-58.1315,-19.7445],[-57.8607,-19.9796],[-58.0938,-20.1511],[-58.1802,-19.8179],[-59.0905,-19.2862],[-60.0074,-19.2976],[-61.7568,-19.6453],[-62.2763,-20.5625],[-62.2767,-21.066],[-62.651,-22.2337],[-62.8434,-21.9973],[-63.9217,-22.0286],[-64.3253,-22.8276],[-64.6055,-22.2288],[-65.771,-22.0996],[-66.2202,-21.8025],[-66.3652,-22.1138],[-66.7117,-22.2163],[-67.1949,-22.8217],[-67.7073,-22.8892],[-67.8794,-22.8229],[-68.197,-21.3003],[-68.5583,-20.902],[-68.4843,-20.6284],[-68.7605,-20.4162],[-68.7558,-20.0908],[-68.5607,-19.9671],[-68.6983,-19.7211],[-68.4702,-19.41],[-68.9683,-18.968],[-69.0939,-18.0505],[-69.3134,-17.9432],[-69.5109,-17.5061]]]}},{"type":"Feature","properties":{"ADM0_A3":"BTN"},"geometry":{"type":"Polygon","coordinates":[[[91.6319,27.76],[91.5947,27.5577],[91.9908,27.4502],[92.0834,27.2906],[91.9983,26.855],[90.7396,26.7717],[90.3459,26.8903],[89.7639,26.7016],[89.0409,26.865],[88.7388,27.1756],[89.4807,28.06],[89.9811,28.3112],[90.3482,28.2439],[90.3527,28.0802],[91.0208,27.9701],[91.273,28.0784],[91.6419,27.9232],[91.6319,27.76]]]}},{"type":"Feature","properties":{"ADM0_A3":"BEN"},"geometry":{"type":"Polygon","coordinates":[[[1.6227,6.2168],[1.7779,6.2946],[1.531,6.9924],[1.6247,6.9973],[1.6002,9.05],[1.3857,9.3617],[1.3301,9.997],[0.78,10.3596],[0.7875,10.7103],[0.9005,10.9933],[1.4268,11.4471],[1.9804,11.4184],[2.3633,11.8401],[2.366,12.2219],[2.8053,12.3838],[3.5954,11.6963],[3.4878,11.3954],[3.8345,10.6074],[3.0449,9.0838],[2.7748,9.0485],[2.7064,6.3692],[1.6227,6.2168]]]}},{"type":"Feature","properties":{"ADM0_A3":"BLZ"},"geometry":{"type":"MultiPolygon","coordinates":[[[[-89.1615,17.8148],[-89.1335,17.9708],[-88.8063,17.9655],[-88.4613,18.4768],[-88.0853,18.2261],[-88.2717,17.6099],[-88.3134,16.6328],[-88.894,15.8906],[-89.2375,15.8944],[-89.1615,17.8148]]],[[[-87.9506,17.925],[-87.9981,17.9063],[-87.959,17.964],[-87.9533,18.0011],[-87.8983,18.1549],[-87.8589,18.1541],[-87.8485,18.1404],[-87.9506,17.925]]],[[[-87.8529,17.4229],[-87.93,17.283],[-87.9349,17.3229],[-87.9028,17.4265],[-87.8594,17.4628],[-87.8325,17.5011],[-87.8264,17.5463],[-87.7886,17.5242],[-87.7981,17.4796],[-87.8529,17.4229]]]]}},{"type":"Feature","properties":{"ADM0_A3":"BEL"},"geometry":{"type":"Polygon","coordinates":[[[4.2262,51.3865],[5.031,51.4691],[5.2142,51.279],[5.8271,51.1256],[5.6395,50.8436],[6.2359,50.5967],[6.3645,50.3162],[5.744,49.9196],[5.8154,49.5538],[5.5073,49.5109],[4.8676,49.7881],[4.8187,50.1532],[4.545,49.9603],[4.1761,49.9603],[4.1746,50.2465],[3.6894,50.3061],[3.1068,50.7794],[2.8397,50.7118],[2.5968,50.8759],[2.5249,51.0971],[3.2252,51.3516],[3.9021,51.2077],[4.2262,51.3865]]]}},{"type":"Feature","properties":{"ADM0_A3":"BLR"},"geometry":{"type":"Polygon","coordinates":[[[31.7634,52.1011],[31.0793,52.077],[30.7553,51.8952],[30.533,51.5963],[30.6325,51.3554],[30.5445,51.265],[30.1607,51.4779],[29.3465,51.3826],[29.1021,51.6275],[28.7312,51.4334],[28.1838,51.6079],[27.7,51.478],[27.142,51.7521],[25.7857,51.9238],[24.3619,51.8675],[23.6053,51.5179],[23.6524,52.0404],[23.1751,52.2866],[23.9154,52.7703],[23.4847,53.9398],[24.318,53.893],[25.4611,54.2928],[25.5104,54.1596],[25.7492,54.157],[25.5474,54.3318],[25.8593,54.9193],[26.7757,55.2731],[26.4576,55.3425],[26.5936,55.6675],[27.0525,55.8306],[27.5768,55.7988],[28.1179,56.1458],[28.7947,55.9426],[29.375,55.9387],[29.4822,55.6846],[30.2336,55.8452],[30.9068,55.57],[30.8105,55.307],[30.9777,55.0505],[30.7988,54.7833],[31.1521,54.6253],[31.0748,54.4918],[31.4036,54.1959],[31.826,54.0307],[31.7542,53.8104],[32.4502,53.6929],[32.7064,53.4194],[32.142,53.0912],[31.4179,53.196],[31.2588,53.0167],[31.5648,52.7592],[31.5773,52.3123],[31.7634,52.1011]]]}},{"type":"Feature","properties":{"ADM0_A3":"BRB"},"geometry":{"type":"Polygon","coordinates":[[[-59.4933,13.082],[-59.6467,13.3031],[-59.4276,13.1528],[-59.4933,13.082]]]}},{"type":"Feature","properties":{"ADM0_A3":"BGD"},"geometry":{"type":"MultiPolygon","coordinates":[[[[89.0515,22.0932],[88.8506,23.0405],[88.9281,23.1866],[88.7244,23.255],[88.5674,23.6744],[88.7235,24.2749],[88.0234,24.6278],[88.4562,25.1884],[88.9517,25.2593],[88.0846,25.8882],[88.4404,26.3695],[88.4182,26.5715],[88.828,26.2522],[88.9704,26.2509],[89.0187,26.4103],[89.3697,26.0061],[89.5499,26.0053],[89.6709,26.2138],[89.8229,25.9414],[89.8333,25.2928],[90.4394,25.1577],[92.0497,25.1695],[92.4854,24.9033],[92.2283,24.8813],[92.102,24.4081],[91.877,24.1953],[91.3671,24.0935],[91.1604,23.6606],[91.3152,23.1044],[91.4362,23.1999],[91.6195,22.9797],[91.751,23.0535],[91.9296,23.686],[92.2461,23.6836],[92.6316,21.3062],[92.3306,21.4398],[92.2082,21.3579],[92.3241,20.7918],[92.0561,21.1748],[91.8634,22.3505],[91.4801,22.8848],[90.9456,22.597],[90.6563,23.0255],[90.604,23.5914],[90.5557,23.4215],[90.2691,23.4559],[90.5909,23.2664],[90.4351,22.7519],[90.6161,22.3622],[90.2306,21.8298],[90.0712,21.8873],[90.2096,22.1566],[89.9542,22.0229],[89.9181,22.1162],[89.9852,22.4664],[89.8119,21.9835],[89.5686,21.7674],[89.4832,22.2755],[89.5006,21.9144],[89.3537,21.7211],[89.0939,21.8728],[89.0515,22.0932]]],[[[91.1508,22.1752],[91.0447,22.1052],[91.0795,22.5197],[91.1508,22.1752]]],[[[91.5567,22.3822],[91.4113,22.4757],[91.4561,22.6165],[91.5567,22.3822]]],[[[90.7776,22.0893],[90.515,22.0651],[90.6805,22.3275],[90.5029,22.8354],[90.5965,22.8635],[90.8682,22.4849],[90.7776,22.0893]]],[[[91.8738,21.8321],[91.8376,21.7502],[91.8197,21.8098],[91.8352,21.8854],[91.8507,21.9271],[91.8613,21.9267],[91.8825,21.8836],[91.8738,21.8321]]],[[[91.9492,21.5081],[91.8889,21.5033],[91.8595,21.533],[91.8732,21.5744],[91.857,21.7088],[91.9077,21.7229],[91.934,21.7222],[91.9486,21.6826],[91.9619,21.6098],[91.9492,21.5081]]],[[[90.6418,22.963],[90.6596,22.92],[90.6039,22.9456],[90.5623,22.9754],[90.5363,23.0149],[90.5799,23.0354],[90.6418,22.963]]]]}},{"type":"Feature","properties":{"ADM0_A3":"BHR"},"geometry":{"type":"Polygon","coordinates":[[[50.6072,25.8831],[50.4659,25.9655],[50.4699,26.229],[50.5859,26.2407],[50.6072,25.8831]]]}},{"type":"Feature","properties":{"ADM0_A3":"BHS"},"geometry":{"type":"MultiPolygon","coordinates":[[[[-77.6577,24.2495],[-77.7553,24.1635],[-77.5615,24.1368],[-77.5737,23.7392],[-77.7713,23.7525],[-77.9999,24.2198],[-77.6577,24.2495]]],[[[-77.2256,25.9042],[-77.4032,26.0247],[-77.2468,26.1563],[-77.2386,26.5611],[-77.5106,26.846],[-77.9437,26.9036],[-77.5339,26.9034],[-77.0664,26.5302],[-77.2256,25.9042]]],[[[-73.0269,21.1924],[-73.1646,20.9792],[-73.6812,20.9756],[-73.5231,21.1908],[-73.2354,21.1545],[-73.0585,21.3134],[-73.0269,21.1924]]],[[[-77.7438,24.7074],[-77.7452,24.4635],[-78.0449,24.2875],[-78.4353,24.6276],[-78.2427,24.6538],[-78.1628,25.2023],[-77.7438,24.7074]]],[[[-78.4929,26.7291],[-77.9225,26.6911],[-78.7437,26.5007],[-78.9856,26.6895],[-78.798,26.5824],[-78.5971,26.7979],[-78.4929,26.7291]]],[[[-77.3476,25.0139],[-77.4605,24.9931],[-77.5412,25.0136],[-77.5619,25.03],[-77.5273,25.0577],[-77.4513,25.0807],[-77.3291,25.083],[-77.2756,25.0558],[-77.2691,25.0438],[-77.3476,25.0139]]],[[[-74.0575,22.7235],[-74.2746,22.7117],[-74.307,22.8396],[-74.0575,22.7235]]],[[[-74.4294,24.0681],[-74.5509,23.9689],[-74.5269,24.1051],[-74.4294,24.0681]]],[[[-74.2067,22.2138],[-73.85,22.7311],[-73.8365,22.5384],[-74.2067,22.2138]]],[[[-76.6488,25.4874],[-76.1266,25.1405],[-76.1695,24.6494],[-76.32,24.8177],[-76.2138,24.8225],[-76.1604,25.1193],[-76.7807,25.4269],[-76.7108,25.5649],[-76.6488,25.4874]]],[[[-75.6646,23.4501],[-75.7063,23.4442],[-75.781,23.4707],[-75.956,23.5923],[-76.0371,23.6028],[-76.0104,23.6714],[-75.9486,23.6474],[-75.8075,23.5425],[-75.7542,23.49],[-75.6646,23.4501]]],[[[-74.8405,22.8943],[-75.2233,23.1653],[-75.1306,23.2679],[-75.316,23.6684],[-74.8405,22.8943]]],[[[-75.3084,24.2],[-75.5032,24.1391],[-75.4089,24.2658],[-75.7267,24.6894],[-75.3084,24.2]]],[[[-73.041,22.4291],[-72.979,22.4146],[-72.9452,22.4156],[-72.8308,22.3856],[-72.7626,22.3444],[-72.7473,22.3274],[-72.7839,22.2906],[-72.8892,22.3603],[-72.9811,22.3692],[-73.1102,22.3676],[-73.1619,22.3807],[-73.1274,22.4553],[-73.041,22.4291]]],[[[-72.9161,21.5067],[-73.0493,21.4576],[-73.0627,21.5153],[-72.9948,21.5616],[-72.9161,21.5067]]]]}},{"type":"Feature","properties":{"ADM0_A3":"AZE"},"geometry":{"type":"MultiPolygon","coordinates":[[[[44.8172,39.6504],[45.0316,39.7651],[45.1726,39.5706],[45.7845,39.5456],[45.7663,39.3785],[45.9774,39.2439],[46.1145,38.8778],[45.4797,39.0063],[44.8172,39.6504]]],[[[48.8687,38.4355],[48.5927,38.4111],[47.9965,38.8538],[48.2921,39.0188],[48.1044,39.2411],[48.3222,39.3991],[47.9959,39.6839],[46.4906,38.9067],[46.4003,39.1922],[46.5848,39.2237],[46.3652,39.4025],[46.4814,39.5552],[45.5798,39.9775],[45.8859,40.0249],[45.9646,40.2338],[45.4544,40.5324],[45.3789,40.6736],[45.5875,40.8469],[45.0705,41.0756],[45.1886,41.1474],[45.0014,41.291],[45.281,41.4496],[46.5344,41.0886],[46.6726,41.2868],[46.1821,41.6571],[46.4299,41.891],[46.7493,41.8126],[47.3177,41.2824],[47.791,41.1993],[48.5729,41.8445],[48.6646,41.7866],[49.4567,40.7999],[50.1825,40.5048],[50.3659,40.2795],[49.5512,40.1941],[49.3244,39.6084],[49.3628,39.3496],[49.1653,39.0303],[49.0135,39.134],[48.8545,38.8388],[48.8687,38.4355]],[[45.5523,40.6161],[45.5623,40.6492],[45.5342,40.664],[45.5045,40.6648],[45.4788,40.6483],[45.4788,40.607],[45.5144,40.5996],[45.5523,40.6161]]],[[[45.0236,41.0272],[45.0021,41.0158],[44.969,41.0272],[44.9589,41.0526],[44.9614,41.0792],[44.9943,41.0856],[45.0211,41.078],[45.0287,41.0539],[45.0236,41.0272]]]]}},{"type":"Feature","properties":{"ADM0_A3":"AUT"},"geometry":{"type":"Polygon","coordinates":[[[9.5275,47.2708],[9.6259,47.467],[9.524,47.5242],[9.7489,47.5755],[10.183,47.2788],[10.4395,47.5516],[11.042,47.3931],[12.2093,47.7183],[13.0144,47.4781],[12.8143,48.1608],[13.3746,48.3614],[13.4866,48.5818],[13.7239,48.5424],[13.8147,48.7669],[14.0491,48.6025],[14.6913,48.5992],[14.9935,49.0011],[16.8837,48.7037],[16.8654,48.3869],[17.1474,48.006],[17.0666,47.7076],[16.4213,47.6745],[16.6766,47.536],[16.4429,47.3995],[16.4612,47.0225],[16.0372,46.8448],[15.9576,46.6776],[14.8933,46.6059],[14.5498,46.3997],[12.4792,46.6725],[12.1541,46.9353],[12.1694,47.0821],[11.2444,46.9757],[10.9273,46.7695],[10.3494,46.9848],[10.1335,46.8515],[9.5803,47.0574],[9.5275,47.2708]]]}},{"type":"Feature","properties":{"ADM0_A3":"AUS"},"geometry":{"type":"MultiPolygon","coordinates":[[[[143.1789,-11.9545],[143.1103,-12.3035],[143.4016,-12.6399],[143.7563,-14.3488],[143.9618,-14.4629],[144.473,-14.2318],[145.2877,-14.9432],[145.4261,-16.4062],[145.7548,-16.8795],[145.9121,-16.9125],[146.1259,-17.6353],[146.0322,-18.2729],[146.3332,-18.5537],[146.3834,-18.9771],[147.1388,-19.3932],[147.4186,-19.3781],[147.7424,-19.7701],[148.7594,-20.2896],[148.8848,-20.4809],[148.6837,-20.5802],[149.4541,-21.5787],[149.7039,-22.4405],[149.8225,-22.3898],[149.9744,-22.5507],[150.0206,-22.1684],[150.5413,-22.5591],[150.6229,-22.3673],[150.7639,-22.5762],[150.8432,-23.458],[151.1538,-23.7841],[151.8316,-24.1229],[152.9135,-25.4321],[152.9205,-25.6886],[153.1649,-25.9642],[153.1168,-27.1944],[153.5757,-28.2405],[153.6169,-28.673],[153.0306,-30.5634],[152.9439,-31.4349],[152.4704,-32.4391],[151.8129,-32.9011],[151.2921,-33.581],[151.2803,-33.9267],[150.8713,-34.4991],[150.8046,-35.0129],[150.1953,-35.8336],[149.9327,-37.5285],[149.4809,-37.7712],[147.8768,-37.9342],[146.8568,-38.6635],[146.2175,-38.7274],[146.3366,-38.8942],[146.4666,-38.8403],[146.4,-39.1455],[146.1584,-38.8657],[145.9354,-38.9018],[145.7908,-38.667],[145.3973,-38.5354],[145.5422,-38.3938],[145.4758,-38.2437],[144.9596,-38.5008],[144.7178,-38.3403],[144.9114,-38.344],[145.1199,-38.0913],[144.8913,-37.8998],[144.3955,-38.1369],[144.6652,-38.21],[143.539,-38.8209],[142.4559,-38.3863],[141.725,-38.2714],[141.4242,-38.3635],[141.0109,-38.077],[140.3904,-37.8967],[139.7843,-37.2458],[139.8573,-36.6621],[139.729,-36.3714],[138.9689,-35.5808],[139.2895,-35.6113],[139.2825,-35.3754],[138.5219,-35.6424],[138.1844,-35.6127],[138.5111,-35.0244],[138.4899,-34.7636],[138.0893,-34.1698],[137.6917,-35.143],[136.8836,-35.2397],[137.0143,-34.9158],[137.391,-34.9133],[137.4938,-34.1611],[137.9318,-33.5791],[137.8523,-33.2008],[137.9926,-33.0942],[137.7832,-32.5781],[137.7909,-32.8232],[137.2373,-33.6295],[136.4307,-34.03],[135.891,-34.6609],[135.9697,-34.9818],[135.7924,-34.8633],[135.6476,-34.9396],[135.123,-34.5857],[135.2168,-34.4873],[135.45,-34.5811],[135.2189,-33.9598],[134.719,-33.2552],[134.3013,-33.165],[134.1004,-32.7486],[134.2271,-32.7306],[134.2342,-32.5485],[133.6653,-32.2072],[133.2121,-32.1838],[132.7574,-31.9563],[132.2146,-32.0071],[131.1437,-31.4957],[128.9462,-31.7026],[127.3198,-32.2641],[125.9172,-32.297],[124.2438,-33.0152],[123.5068,-33.9162],[122.151,-33.9918],[122.0611,-33.8744],[121.4051,-33.8268],[119.8541,-33.9747],[119.4506,-34.3683],[118.8953,-34.4799],[117.8631,-35.055],[116.5172,-34.9879],[115.0088,-34.2559],[114.9938,-33.5153],[115.3588,-33.6399],[115.683,-33.1929],[115.6984,-31.6945],[115.0779,-30.5604],[114.8568,-29.143],[114.1651,-28.0807],[114.0281,-27.3473],[113.1848,-26.1822],[113.3232,-26.2438],[113.3561,-26.0805],[113.5816,-26.5581],[113.8364,-26.5006],[113.8528,-26.3321],[113.3953,-25.7133],[113.4514,-25.5991],[113.7131,-25.8308],[113.7237,-26.1298],[113.8539,-26.0145],[113.992,-26.3215],[114.2157,-26.2895],[114.2143,-25.8516],[113.4177,-24.4356],[113.4898,-23.8696],[113.757,-23.4182],[113.6828,-22.6378],[114.0229,-21.8814],[114.1426,-21.9098],[114.1416,-22.4831],[114.7093,-21.8234],[115.4562,-21.4917],[116.7067,-20.6538],[117.4063,-20.7212],[118.7515,-20.2619],[119.1045,-19.9953],[119.5859,-20.0383],[120.9979,-19.6044],[121.3377,-19.3199],[121.8338,-18.4771],[122.3454,-18.1119],[122.1475,-17.549],[122.2609,-17.1357],[122.9707,-16.4368],[123.5631,-17.5209],[123.5936,-17.0304],[123.8311,-17.1208],[123.8744,-16.9187],[123.4904,-16.4907],[123.626,-16.4163],[123.607,-16.224],[123.7289,-16.1925],[123.8592,-16.3823],[124.0444,-16.2649],[124.772,-16.4026],[124.4049,-16.2989],[124.6485,-15.8702],[124.5043,-15.9725],[124.3816,-15.7582],[124.4396,-15.4936],[124.6926,-15.2736],[125.063,-15.4423],[125.0729,-15.3067],[124.8391,-15.1607],[125.0382,-15.0041],[125.3557,-15.1198],[125.1787,-14.7147],[125.5798,-14.4832],[125.6277,-14.2566],[125.6616,-14.5295],[125.8195,-14.4691],[125.8906,-14.618],[126.0207,-14.4945],[126.0539,-13.9772],[126.2585,-14.1636],[126.4031,-14.0189],[126.5697,-14.1609],[126.9032,-13.7441],[127.4576,-14.0314],[128.1805,-14.7116],[128.0694,-15.3293],[128.2547,-15.2985],[128.175,-15.0432],[128.5758,-14.7745],[129.0582,-14.8844],[129.2158,-15.1603],[129.2676,-14.8715],[129.6348,-15.1397],[129.6371,-14.851],[129.8487,-14.8289],[129.6047,-14.6471],[129.6979,-14.5574],[129.3787,-14.3925],[129.8389,-13.5729],[130.2598,-13.3022],[130.1682,-12.9574],[130.6175,-12.6469],[130.6227,-12.4311],[130.8674,-12.5578],[130.8738,-12.3672],[131.2916,-12.0679],[131.4383,-12.277],[132.2532,-12.186],[132.411,-12.2951],[132.5105,-12.1349],[132.7128,-12.1234],[132.6742,-11.649],[132.4752,-11.4915],[132.0729,-11.4747],[131.8225,-11.3024],[131.9615,-11.1809],[132.1555,-11.3111],[132.334,-11.2235],[132.6828,-11.5056],[132.961,-11.4073],[133.1853,-11.7057],[134.4174,-12.0527],[134.7303,-11.9844],[135.0297,-12.1937],[135.218,-12.2217],[135.9225,-11.8258],[135.7044,-12.2099],[136.0085,-12.1914],[136.0818,-12.4225],[136.2606,-12.4338],[136.2701,-12.1316],[136.5402,-11.9576],[136.9475,-12.3499],[136.537,-12.7843],[136.5943,-13.0038],[136.461,-13.2252],[136.2941,-13.138],[135.9273,-13.3043],[135.9545,-13.9349],[135.4052,-14.7582],[135.4533,-14.9231],[136.2914,-15.5701],[136.7049,-15.6853],[136.7847,-15.8942],[137.0021,-15.8783],[137.7037,-16.233],[138.245,-16.7184],[139.0099,-16.8993],[139.2484,-17.3286],[140.0358,-17.7026],[140.5111,-17.6245],[140.8305,-17.4145],[141.4119,-16.0695],[141.6255,-15.0566],[141.4726,-13.7976],[141.6136,-12.9435],[141.9203,-12.8029],[141.6886,-12.3511],[141.8705,-11.9756],[141.9611,-12.0543],[142.1684,-10.9466],[142.4564,-10.7073],[142.6051,-10.7482],[142.8726,-11.8214],[143.1789,-11.9545]]],[[[153.0774,-25.7508],[153.0381,-25.1932],[153.2275,-25.0058],[153.1438,-24.8148],[153.2569,-24.7289],[153.3502,-25.0631],[153.0774,-25.7508]]],[[[139.5078,-16.573],[139.1596,-16.7417],[139.293,-16.4673],[139.6045,-16.4032],[139.6978,-16.5149],[139.5078,-16.573]]],[[[136.7146,-13.8039],[136.8908,-13.7866],[136.7453,-14.0727],[136.9508,-14.1843],[136.8943,-14.2931],[136.3354,-14.2118],[136.4247,-13.8648],[136.6557,-13.6759],[136.7146,-13.8039]]],[[[130.4593,-11.6793],[130.6062,-11.8166],[130.0433,-11.7873],[130.2949,-11.3368],[130.4593,-11.6793]]],[[[130.6188,-11.3761],[131.2683,-11.1898],[131.5386,-11.4369],[130.951,-11.9265],[130.5119,-11.6179],[130.3686,-11.2149],[130.6188,-11.3761]]],[[[113.183,-26.0531],[113.1564,-26.0945],[112.9643,-25.7831],[112.9082,-25.5698],[112.9471,-25.5315],[112.9824,-25.5202],[113.0963,-25.815],[113.1315,-25.8826],[113.1318,-25.952],[113.1483,-25.9738],[113.183,-26.0531]]],[[[137.5965,-35.7387],[138.1234,-35.8523],[137.6709,-35.8979],[137.4484,-36.0748],[136.7551,-36.0331],[136.5406,-35.8901],[136.6387,-35.7488],[137.3341,-35.5925],[137.585,-35.6202],[137.5965,-35.7387]]],[[[145.4865,-38.3549],[145.3358,-38.421],[145.2803,-38.3906],[145.2858,-38.341],[145.2953,-38.3189],[145.4266,-38.3142],[145.4865,-38.3549]]],[[[145.3145,-38.4908],[145.3492,-38.5382],[145.3551,-38.557],[145.2709,-38.5197],[145.1284,-38.5276],[145.2178,-38.4586],[145.2879,-38.4722],[145.3145,-38.4908]]],[[[149.0437,-20.2915],[148.9389,-20.2837],[148.9811,-20.1535],[149.0437,-20.2915]]],[[[148.9355,-20.1499],[148.9135,-20.1543],[148.8869,-20.1436],[148.9064,-20.102],[148.9316,-20.0689],[148.9679,-20.0443],[148.9563,-20.1347],[148.9355,-20.1499]]],[[[151.1466,-23.4908],[151.2383,-23.7758],[151.0333,-23.5302],[151.1466,-23.4908]]],[[[150.5167,-22.3226],[150.4885,-22.3247],[150.4624,-22.3077],[150.4847,-22.2679],[150.4885,-22.2107],[150.5215,-22.2283],[150.5488,-22.3069],[150.5167,-22.3226]]],[[[149.9283,-22.1931],[149.8937,-22.2232],[149.8695,-22.1504],[149.8754,-22.074],[149.9123,-22.0487],[149.9279,-22.1493],[149.9283,-22.1931]]],[[[153.5388,-27.4364],[153.4266,-27.7064],[153.4354,-27.4054],[153.5388,-27.4364]]],[[[153.4425,-27.316],[153.4209,-27.331],[153.3766,-27.2354],[153.365,-27.1389],[153.3799,-27.0494],[153.4323,-27.0299],[153.4668,-27.0381],[153.4264,-27.2015],[153.4425,-27.316]]],[[[142.2748,-10.7048],[142.1914,-10.762],[142.1372,-10.7319],[142.1255,-10.6685],[142.1311,-10.6406],[142.1979,-10.592],[142.2748,-10.7048]]],[[[142.339,-10.1922],[142.2794,-10.2542],[142.2162,-10.2356],[142.1951,-10.1993],[142.2188,-10.1494],[142.2987,-10.1404],[142.339,-10.1922]]],[[[142.1676,-10.1541],[142.142,-10.1813],[142.0977,-10.1218],[142.1488,-10.0518],[142.192,-10.0853],[142.1676,-10.1541]]],[[[146.2783,-18.2312],[146.2988,-18.4848],[146.0988,-18.2518],[146.2783,-18.2312]]],[[[136.5985,-11.3789],[136.5266,-11.4389],[136.5217,-11.3938],[136.5598,-11.3579],[136.649,-11.2116],[136.688,-11.1776],[136.7105,-11.1584],[136.7273,-11.1048],[136.7317,-11.0246],[136.7803,-11.0125],[136.7414,-11.1946],[136.5985,-11.3789]]],[[[136.3387,-11.6023],[136.1803,-11.6768],[136.2674,-11.5765],[136.4492,-11.4871],[136.4793,-11.4659],[136.4705,-11.5093],[136.3794,-11.5832],[136.3387,-11.6023]]],[[[137.0937,-15.7781],[136.9427,-15.7117],[137.0096,-15.5948],[137.0937,-15.7781]]],[[[136.8627,-15.6199],[136.8468,-15.6273],[136.8456,-15.544],[136.8769,-15.5025],[136.8902,-15.5889],[136.8627,-15.6199]]],[[[136.591,-15.6282],[136.5312,-15.6324],[136.5143,-15.6273],[136.5027,-15.5831],[136.5226,-15.5432],[136.586,-15.5337],[136.6123,-15.5441],[136.591,-15.6282]]],[[[139.4592,-17.1146],[139.4928,-16.9904],[139.5709,-17.0944],[139.4592,-17.1146]]],[[[136.2374,-13.8245],[136.1227,-13.8166],[136.2154,-13.6647],[136.2374,-13.8245]]],[[[132.5934,-11.3028],[132.4838,-11.0373],[132.5788,-10.9688],[132.5934,-11.3028]]],[[[125.1988,-14.5795],[125.0912,-14.5917],[125.16,-14.4561],[125.1988,-14.5795]]],[[[124.5973,-15.402],[124.5596,-15.4302],[124.5242,-15.4215],[124.5237,-15.3824],[124.4828,-15.3403],[124.5041,-15.2925],[124.5193,-15.2675],[124.5509,-15.2703],[124.5646,-15.3108],[124.6051,-15.3565],[124.5973,-15.402]]],[[[115.4462,-20.7878],[115.3181,-20.8506],[115.4346,-20.668],[115.4462,-20.7878]]],[[[145.043,-40.7867],[146.3175,-41.1635],[146.8481,-41.1681],[146.9898,-40.9924],[147.4548,-41.0017],[147.9688,-40.7796],[148.2152,-40.8549],[148.3426,-42.2153],[148.2137,-41.97],[148.0228,-42.2595],[147.9121,-42.6585],[147.9809,-43.157],[147.7858,-43.22],[147.6479,-43.0206],[147.8,-42.9281],[147.5738,-42.8457],[147.4523,-43.0334],[147.2979,-42.7909],[147.245,-43.2159],[146.997,-43.1563],[147.0773,-43.2759],[146.8739,-43.6125],[146.0432,-43.5472],[145.9944,-43.3761],[146.208,-43.3162],[145.8732,-43.2924],[145.4876,-42.9267],[145.1988,-42.2309],[145.4683,-42.4929],[145.5166,-42.3545],[145.3311,-42.1471],[145.2349,-42.197],[145.2382,-42.0196],[144.7661,-41.39],[144.6461,-40.9809],[144.7186,-40.6723],[145.043,-40.7867]]],[[[143.9279,-40.1161],[143.8386,-39.9041],[144.0008,-39.5802],[144.141,-39.9538],[143.9279,-40.1161]]],[[[148.0004,-39.7576],[148.2974,-39.9857],[148.3136,-40.1735],[148.1057,-40.2621],[147.7672,-39.8703],[148.0004,-39.7576]]],[[[147.3561,-43.397],[147.3089,-43.5008],[147.105,-43.4312],[147.2839,-43.2789],[147.3561,-43.397]]],[[[148.1043,-42.7104],[148.0481,-42.7192],[148.0297,-42.7148],[148.0309,-42.6634],[148.0228,-42.6404],[148.0726,-42.5932],[148.1428,-42.6159],[148.1695,-42.6518],[148.1006,-42.6806],[148.1043,-42.7104]]],[[[147.4346,-43.2407],[147.3719,-43.2408],[147.3488,-43.2324],[147.3376,-43.1833],[147.2961,-43.1617],[147.3191,-43.1453],[147.3273,-43.1146],[147.3525,-43.0803],[147.3973,-43.1183],[147.4346,-43.2407]]],[[[144.7844,-40.5067],[144.748,-40.5895],[144.7102,-40.4853],[144.7512,-40.4702],[144.7834,-40.4349],[144.7908,-40.4403],[144.7844,-40.5067]]],[[[148.3263,-40.3069],[148.404,-40.4865],[148.0104,-40.3806],[148.3263,-40.3069]]],[[[148.2369,-40.5151],[148.1878,-40.5926],[148.127,-40.5439],[148.1173,-40.5215],[148.1932,-40.5031],[148.2184,-40.5051],[148.2369,-40.5151]]],[[[158.8788,-54.7098],[158.8452,-54.7492],[158.8359,-54.704],[158.897,-54.5061],[158.9589,-54.4724],[158.9456,-54.575],[158.8788,-54.7098]]]]}},{"type":"Feature","properties":{"ADM0_A3":"IOA"},"geometry":{"type":"MultiPolygon","coordinates":[[[[105.7254,-10.493],[105.6969,-10.5642],[105.6443,-10.525],[105.5841,-10.5125],[105.5957,-10.4597],[105.6455,-10.4522],[105.6698,-10.4494],[105.7055,-10.4307],[105.7254,-10.493]]],[[[96.8404,-12.1818],[96.852,-12.1868],[96.8674,-12.1814],[96.8736,-12.1877],[96.8495,-12.1974],[96.8349,-12.1797],[96.8277,-12.1507],[96.8259,-12.1262],[96.8326,-12.1262],[96.8326,-12.136],[96.8342,-12.1441],[96.8395,-12.1603],[96.8356,-12.1713],[96.8404,-12.1818]]],[[[96.9183,-12.1941],[96.9065,-12.1998],[96.8968,-12.1955],[96.8939,-12.1926],[96.893,-12.1872],[96.9044,-12.1865],[96.9134,-12.1818],[96.9189,-12.1733],[96.9205,-12.1615],[96.9253,-12.1732],[96.9243,-12.1847],[96.9183,-12.1941]]]]}},{"type":"Feature","properties":{"ADM0_A3":"HMD"},"geometry":{"type":"Polygon","coordinates":[[[73.7074,-53.1371],[73.4651,-53.1842],[73.2512,-52.9758],[73.7074,-53.1371]]]}},{"type":"Feature","properties":{"ADM0_A3":"NFK"},"geometry":{"type":"Polygon","coordinates":[[[167.9395,-29.0177],[167.9598,-29.0283],[167.9781,-29.0343],[167.9904,-29.0421],[167.9887,-29.059],[167.979,-29.0757],[167.9677,-29.0828],[167.9642,-29.0854],[167.9619,-29.0885],[167.9606,-29.0922],[167.9607,-29.0963],[167.9547,-29.0821],[167.9444,-29.0729],[167.9338,-29.0722],[167.9266,-29.0828],[167.9204,-29.0828],[167.9183,-29.0719],[167.9143,-29.0619],[167.9124,-29.0528],[167.9164,-29.0451],[167.924,-29.0358],[167.9246,-29.0285],[167.9186,-29.0251],[167.9062,-29.0281],[167.9206,-29.014],[167.9395,-29.0177]]]}},{"type":"Feature","properties":{"ADM0_A3":"ATC"},"geometry":{"type":"Polygon","coordinates":[[[123.5945,-12.4257],[123.5952,-12.4359],[123.5731,-12.4342],[123.5725,-12.4239],[123.5945,-12.4257]]]}},{"type":"Feature","properties":{"ADM0_A3":"ARM"},"geometry":{"type":"MultiPolygon","coordinates":[[[[44.7683,39.7035],[44.2893,40.0404],[43.6662,40.1264],[43.5693,40.4824],[43.7227,40.7195],[43.4395,41.1071],[45.0014,41.291],[45.1886,41.1474],[45.0705,41.0756],[45.5875,40.8469],[45.3762,40.6381],[45.9676,40.1748],[45.8859,40.0249],[45.5798,39.9775],[46.4814,39.5552],[46.3652,39.4025],[46.5848,39.2237],[46.4003,39.1922],[46.4906,38.9067],[46.1145,38.8778],[45.7505,39.5629],[45.4568,39.4945],[45.0316,39.7651],[44.7683,39.7035]],[[45.0236,41.0272],[45.0287,41.0539],[45.0211,41.078],[44.9943,41.0856],[44.9614,41.0792],[44.9589,41.0526],[44.969,41.0272],[45.0021,41.0158],[45.0236,41.0272]]],[[[45.5523,40.6161],[45.5144,40.5996],[45.4788,40.607],[45.4788,40.6483],[45.5045,40.6648],[45.5342,40.664],[45.5623,40.6492],[45.5523,40.6161]]]]}},{"type":"Feature","properties":{"ADM0_A3":"ARG"},"geometry":{"type":"MultiPolygon","coordinates":[[[[-57.6089,-30.1878],[-57.8725,-30.591],[-57.8106,-30.8586],[-58.0539,-31.4949],[-57.9889,-31.6206],[-58.189,-31.9242],[-58.171,-32.9593],[-58.4245,-33.1115],[-58.5472,-33.6635],[-58.3925,-34.193],[-58.5255,-34.2962],[-58.2833,-34.6835],[-57.5479,-35.0189],[-57.1707,-35.3625],[-57.3755,-35.9003],[-57.0762,-36.2968],[-56.7174,-36.3891],[-56.7271,-36.9577],[-57.547,-38.0856],[-58.1792,-38.4358],[-61.1122,-38.993],[-62.3348,-38.8001],[-62.2951,-39.2433],[-62.0537,-39.3738],[-62.1793,-39.3805],[-62.0768,-39.4615],[-62.1315,-39.8254],[-62.4019,-40.1966],[-62.2463,-40.6746],[-62.395,-40.8908],[-62.959,-41.1097],[-63.6218,-41.1598],[-64.8695,-40.7358],[-65.0694,-40.8053],[-65.155,-41.1057],[-64.9864,-42.1021],[-64.5377,-42.2546],[-64.571,-42.416],[-64.4204,-42.4338],[-64.1009,-42.3951],[-64.0612,-42.2661],[-64.2285,-42.2183],[-63.7956,-42.1139],[-63.6299,-42.2827],[-63.6173,-42.6958],[-64.0348,-42.8813],[-64.4878,-42.5135],[-64.9707,-42.6663],[-65.0269,-42.7589],[-64.3191,-42.9689],[-64.8399,-43.1889],[-65.2523,-43.5719],[-65.2655,-44.2797],[-65.6476,-44.6614],[-65.6388,-45.0078],[-66.1901,-44.9647],[-66.9414,-45.2573],[-67.5996,-46.0525],[-67.5064,-46.4428],[-66.7769,-47.0059],[-65.8537,-47.1567],[-65.7754,-47.5684],[-66.2252,-47.8268],[-65.8101,-47.9411],[-67.4663,-48.9518],[-67.914,-49.9845],[-68.2572,-50.1046],[-68.6676,-49.7525],[-68.6616,-49.9357],[-68.9796,-50.003],[-68.5979,-50.0095],[-68.4219,-50.1579],[-68.9395,-50.3823],[-69.3586,-51.0281],[-69.201,-50.9937],[-69.0583,-51.5472],[-69.4654,-51.5845],[-68.9653,-51.6771],[-68.3937,-52.307],[-69.9603,-52.0082],[-71.9711,-51.9642],[-72.4077,-51.5408],[-72.3402,-50.6818],[-73.1529,-50.7383],[-73.5013,-50.1253],[-73.5763,-49.5829],[-73.4616,-49.3139],[-73.1353,-49.3007],[-73.0336,-49.0144],[-72.6144,-48.7929],[-72.6084,-48.5193],[-72.293,-48.2291],[-72.5179,-47.8764],[-72.3459,-47.4927],[-71.905,-47.2017],[-71.9402,-46.8312],[-71.6997,-46.6514],[-71.8757,-46.1605],[-71.6315,-45.9537],[-71.7462,-45.5789],[-71.5081,-45.5127],[-71.3538,-45.2305],[-71.5963,-44.9792],[-72.0417,-44.9042],[-72.0637,-44.7719],[-71.2611,-44.7631],[-71.1597,-44.5603],[-71.2126,-44.4412],[-71.82,-44.3831],[-71.6801,-43.9296],[-71.905,-43.3476],[-71.7506,-43.2373],[-72.1464,-42.99],[-72.1082,-42.2519],[-71.75,-42.0468],[-71.9113,-41.6504],[-71.9321,-40.6917],[-71.709,-40.3817],[-71.8183,-40.1767],[-71.6598,-40.0208],[-71.7199,-39.6353],[-71.5395,-39.6024],[-71.4016,-38.9351],[-70.8586,-38.6045],[-71.1676,-37.7623],[-71.1922,-36.8437],[-71.0555,-36.5237],[-70.4048,-36.0617],[-70.5552,-35.2469],[-70.3932,-35.1469],[-70.0521,-34.3008],[-69.8524,-34.2243],[-69.8196,-33.2838],[-70.0849,-33.2018],[-70.022,-32.8846],[-70.3446,-32.1765],[-70.2544,-31.9577],[-70.5852,-31.5694],[-70.5547,-31.3174],[-70.3091,-31.0227],[-70.1696,-30.3855],[-69.9563,-30.3582],[-69.8443,-30.175],[-69.96,-30.0783],[-70.0268,-29.324],[-69.8279,-29.1032],[-69.6569,-28.4136],[-69.1744,-27.9247],[-68.8463,-27.1537],[-68.3187,-26.9732],[-68.5916,-26.4704],[-68.4145,-26.1537],[-68.6003,-25.4856],[-68.3842,-25.0919],[-68.562,-24.8377],[-68.5073,-24.6298],[-68.2503,-24.392],[-67.3562,-24.0338],[-67.0088,-23.0014],[-67.1949,-22.8217],[-66.7117,-22.2163],[-66.3652,-22.1138],[-66.2202,-21.8025],[-65.771,-22.0996],[-64.6055,-22.2288],[-64.3253,-22.8276],[-63.9217,-22.0286],[-62.8434,-21.9973],[-61.928,-23.0593],[-61.0329,-23.7557],[-59.8925,-24.0936],[-59.1873,-24.5623],[-57.9598,-25.0492],[-57.6439,-25.3284],[-57.5717,-25.5342],[-58.1111,-26.1802],[-58.1913,-26.63],[-58.6186,-27.1321],[-58.6048,-27.3144],[-56.4372,-27.5538],[-56.1641,-27.3215],[-55.7146,-27.4148],[-55.4267,-27.0093],[-54.8255,-26.6522],[-54.6159,-25.5761],[-54.0123,-25.5779],[-53.6713,-26.2251],[-53.8382,-27.1211],[-54.8291,-27.5506],[-55.1015,-27.8668],[-55.7255,-28.2041],[-55.6873,-28.3816],[-55.8905,-28.37],[-57.6089,-30.1878]]],[[[-68.6532,-54.8536],[-68.6299,-52.6526],[-68.2401,-53.0818],[-68.4312,-53.0553],[-68.4885,-53.2609],[-68.1611,-53.3064],[-68.0085,-53.5641],[-67.2942,-54.0498],[-66.2356,-54.5335],[-65.179,-54.6781],[-65.4711,-54.9146],[-66.5111,-55.0321],[-68.6532,-54.8536]]],[[[-64.5492,-54.7162],[-63.8154,-54.7251],[-64.6374,-54.9025],[-64.7573,-54.8266],[-64.5492,-54.7162]]],[[[-61.8758,-39.1719],[-61.866,-39.2349],[-61.918,-39.2274],[-62.0416,-39.1669],[-62.0833,-39.1102],[-62.093,-39.0862],[-61.9667,-39.1122],[-61.9071,-39.1356],[-61.8758,-39.1719]]]]}},{"type":"Feature","properties":{"ADM0_A3":"ATG"},"geometry":{"type":"MultiPolygon","coordinates":[[[[-61.7161,17.037],[-61.8871,17.0981],[-61.8173,17.1689],[-61.7161,17.037]]],[[[-61.7471,17.575],[-61.762,17.5487],[-61.8438,17.5961],[-61.8687,17.6854],[-61.8662,17.7043],[-61.8524,17.7141],[-61.8199,17.6969],[-61.7768,17.6905],[-61.7496,17.6613],[-61.7471,17.575]]]]}},{"type":"Feature","properties":{"ADM0_A3":"AGO"},"geometry":{"type":"MultiPolygon","coordinates":[[[[13.0728,-4.6348],[12.4515,-5.0715],[12.5037,-5.6958],[12.2137,-5.7587],[12.0184,-5.0043],[12.3846,-4.6191],[12.7982,-4.4306],[13.0728,-4.6348]]],[[[23.9665,-10.8718],[23.963,-12.9885],[21.9789,-13.001],[22.0402,-16.2628],[22.1507,-16.5972],[23.3807,-17.6406],[20.7455,-18.0197],[18.9553,-17.8035],[18.3964,-17.3994],[14.0175,-17.4089],[13.476,-17.04],[13.1012,-16.9677],[12.5481,-17.2127],[11.7431,-17.2492],[11.7509,-15.8319],[12.0161,-15.5137],[12.5505,-13.4378],[12.9832,-12.7757],[13.5979,-12.2861],[13.8475,-11.0544],[12.9985,-9.048],[13.359,-8.6872],[13.3785,-8.3697],[12.8234,-6.9548],[12.3025,-6.0926],[13.1844,-5.8563],[16.4314,-5.9002],[16.6973,-6.1643],[16.9848,-7.2574],[17.5796,-8.099],[19.3408,-7.9666],[19.5276,-7.1444],[19.8752,-6.9863],[20.59,-6.9199],[20.6078,-7.2777],[21.7816,-7.3146],[21.9054,-8.6934],[21.8132,-9.4688],[22.2745,-10.2591],[22.2262,-11.122],[23.8339,-11.0137],[23.9665,-10.8718]]]]}},{"type":"Feature","properties":{"ADM0_A3":"AND"},"geometry":{"type":"Polygon","coordinates":[[[1.7061,42.5033],[1.4488,42.4375],[1.4148,42.5484],[1.5682,42.635],[1.7061,42.5033]]]}},{"type":"Feature","properties":{"ADM0_A3":"DZA"},"geometry":{"type":"Polygon","coordinates":[[[8.5766,36.9372],[8.2076,36.5189],[8.3487,36.368],[8.2471,35.8018],[8.3942,35.2039],[8.2456,34.7341],[7.5139,34.0805],[7.5002,33.8325],[7.7313,33.2685],[8.1125,33.0553],[8.3334,32.5436],[9.044,32.0724],[9.5188,30.2294],[9.3103,30.1152],[9.8053,29.177],[9.916,27.7857],[9.7476,27.3309],[9.8832,26.6308],[9.4224,26.1471],[10.0007,25.3321],[10.2559,24.591],[11.5076,24.3144],[11.9679,23.5179],[7.4817,20.8731],[5.8366,19.4792],[3.256,19.0133],[3.1061,19.1501],[3.2559,19.4109],[3.1303,19.8502],[1.7532,20.3316],[1.1657,20.8174],[1.1455,21.1022],[-4.517,24.8045],[-8.6834,27.2859],[-8.6784,28.6894],[-8.2652,28.9805],[-7.1424,29.6196],[-6.6354,29.5688],[-6.4797,29.8204],[-5.4488,29.9569],[-4.9683,30.4654],[-3.6668,30.964],[-3.6245,31.0658],[-3.8334,31.1978],[-3.7682,31.6896],[-3.0174,31.8343],[-2.8634,32.0747],[-1.2259,32.1072],[-1.2403,32.3376],[-1.0655,32.4683],[-1.45,32.7848],[-1.6792,33.3187],[-1.7956,34.7519],[-2.2196,35.1042],[-1.6736,35.1831],[-0.4261,35.8615],[-0.0482,35.8328],[0.3122,36.1624],[1.2572,36.5196],[2.5934,36.6007],[3.779,36.8962],[4.7581,36.8963],[5.2954,36.6482],[6.4865,37.0857],[6.9275,36.9194],[7.2385,36.9685],[7.2043,37.0924],[7.9104,36.8563],[8.5766,36.9372]]]}},{"type":"Feature","properties":{"ADM0_A3":"ALB"},"geometry":{"type":"Polygon","coordinates":[[[19.3424,41.8691],[19.2807,42.1726],[19.7034,42.6479],[19.7883,42.4762],[20.064,42.5473],[20.5229,42.1715],[20.489,41.2726],[20.7093,40.9284],[20.9335,40.9031],[21.0309,40.6225],[20.6574,40.1174],[20.3111,39.9794],[20.3824,39.8026],[20.2068,39.6535],[20.0013,39.7094],[19.8519,40.0436],[19.3223,40.4071],[19.4592,40.4054],[19.3375,40.6638],[19.5757,41.6404],[19.5775,41.7875],[19.3424,41.8691]]]}},{"type":"Feature","properties":{"ADM0_A3":"AFG"},"geometry":{"type":"Polygon","coordinates":[[[66.5223,37.3485],[67.7,37.2272],[68.0678,36.9498],[68.9118,37.3339],[69.3039,37.1169],[69.4921,37.5531],[70.1887,37.5825],[70.2146,37.9244],[70.8789,38.4564],[71.2559,38.307],[71.2785,37.9184],[71.5822,37.9101],[71.4329,37.1275],[71.6656,36.6969],[72.6574,37.0291],[73.3829,37.4623],[73.7206,37.4188],[73.6535,37.2394],[74.349,37.4188],[74.8913,37.2316],[74.3722,37.1577],[74.5414,37.0222],[74.0389,36.8257],[72.2498,36.7347],[71.2329,36.1218],[71.572,35.5468],[71.6205,35.183],[70.9656,34.5304],[71.0957,34.3694],[71.0516,34.0497],[69.8896,34.0073],[70.2611,33.289],[69.5016,33.0201],[69.2414,32.4335],[69.2793,31.9368],[68.8689,31.6342],[68.5977,31.803],[68.161,31.803],[67.5782,31.5065],[67.7379,31.3439],[67.4528,31.2346],[66.8293,31.2637],[66.3469,30.8028],[66.3134,29.9686],[66.1771,29.8356],[64.0987,29.3919],[63.5676,29.498],[62.4766,29.4083],[60.8434,29.8587],[61.8108,30.9133],[61.6602,31.3824],[60.8207,31.4952],[60.8293,32.2494],[60.5619,33.0588],[60.917,33.5052],[60.5108,33.6389],[60.4857,34.0948],[60.6427,34.3072],[60.8895,34.3194],[60.7263,34.5183],[61.0801,34.8556],[61.262,35.6196],[61.621,35.4323],[61.9839,35.4437],[62.3078,35.1708],[62.6881,35.2553],[63.0566,35.4458],[63.13,35.8462],[64.0097,36.0121],[64.511,36.3407],[64.8163,37.1321],[65.555,37.2512],[65.765,37.5691],[66.5223,37.3485]]]}},{"type":"Feature","properties":{"ADM0_A3":"KAS"},"geometry":{"type":"Polygon","coordinates":[[[77.0486,35.1099],[76.7669,35.6617],[77.7994,35.4959],[77.0486,35.1099]]]}},{"type":"Feature","properties":{"ADM0_A3":"SXM"},"geometry":{"type":"Polygon","coordinates":[[[-63.123,18.0689],[-63.0112,18.0689],[-63.0123,18.0454],[-63.023,18.0192],[-63.0904,18.0414],[-63.1247,18.0643],[-63.123,18.0689]]]}},{"type":"Feature","properties":{"ADM0_A3":"TUV"},"geometry":{"type":"Polygon","coordinates":[[[179.2137,-8.5242],[179.2006,-8.535],[179.1957,-8.5348],[179.2009,-8.5121],[179.1979,-8.4887],[179.1985,-8.47],[179.203,-8.4663],[179.2116,-8.4881],[179.2166,-8.5148],[179.2137,-8.5242]]]}}]}