{"type":"FeatureCollection","features":[{"type":"Feature","properties":{"adm0":"UKR","note":"Ukraine_27","featurecla":"Admin-1 boundary"},"geometry":{"type":"MultiLineString","coordinates":[[[35.105,46.295],[35.105,46.295]]]}},{"type":"Feature","properties":{"adm0":"UKR","note":"Ukraine_53","featurecla":"Admin-1 boundary"},"geometry":{"type":"MultiLineString","coordinates":[[[33.42,52.044],[33.444,52.045],[33.465,52.049],[33.471,52.052],[33.476,52.056],[33.483,52.067],[33.486,52.073],[33.487,52.078],[33.486,52.082],[33.485,52.085],[33.48,52.086],[33.449,52.088],[33.444,52.089],[33.44,52.091],[33.438,52.094],[33.436,52.097],[33.434,52.1],[33.431,52.103],[33.42,52.11],[33.402,52.126],[33.379,52.14],[33.374,52.142],[33.33,52.151],[33.326,52.153],[33.324,52.162],[33.318,52.21],[33.323,52.222],[33.349,52.238],[33.359,52.248],[33.362,52.256],[33.364,52.274],[33.366,52.282],[33.371,52.289],[33.384,52.3],[33.387,52.307],[33.39,52.323],[33.397,52.34],[33.401,52.344]],[[33.388,52.058],[33.391,52.056],[33.394,52.054],[33.396,52.05],[33.398,52.048],[33.402,52.045],[33.407,52.044],[33.42,52.044]],[[33.225,51.906],[33.237,51.91],[33.272,51.929],[33.287,51.933],[33.31,51.935],[33.366,51.947],[33.377,51.958],[33.375,51.969],[33.36,51.986],[33.353,51.988],[33.354,51.991],[33.356,51.993],[33.361,51.996],[33.366,51.999],[33.371,52.005],[33.373,52.01],[33.374,52.014],[33.373,52.047],[33.376,52.053],[33.379,52.057],[33.384,52.058],[33.388,52.058]],[[33.18,51.908],[33.225,51.906]],[[33.166,51.499],[33.169,51.5],[33.17,51.5],[33.184,51.512],[33.187,51.516],[33.185,51.519],[33.183,51.522],[33.179,51.524],[33.159,51.535],[33.156,51.54],[33.153,51.546],[33.151,51.559],[33.154,51.565],[33.158,51.569],[33.174,51.572],[33.181,51.574],[33.182,51.577],[33.182,51.58],[33.179,51.582],[33.175,51.585],[33.171,51.587],[33.166,51.59],[33.162,51.594],[33.158,51.635],[33.156,51.639],[33.154,51.642],[33.148,51.643],[33.143,51.645],[33.138,51.649],[33.135,51.658],[33.137,51.668],[33.153,51.682],[33.153,51.693],[33.099,51.727],[33.092,51.734],[33.085,51.741],[33.074,51.765],[33.068,51.772],[33.062,51.793],[33.072,51.816],[33.089,51.836],[33.102,51.844],[33.121,51.851],[33.131,51.866],[33.143,51.881],[33.168,51.885],[33.168,51.892],[33.161,51.904],[33.18,51.908]],[[33.126,51.51],[33.156,51.501],[33.163,51.499],[33.166,51.499]],[[33.08,51.367],[33.101,51.369],[33.111,51.372],[33.115,51.375],[33.119,51.378],[33.123,51.384],[33.123,51.39],[33.122,51.395],[33.12,51.403],[33.121,51.409],[33.123,51.413],[33.127,51.416],[33.13,51.419],[33.131,51.422],[33.13,51.424],[33.123,51.428],[33.118,51.433],[33.113,51.44],[33.108,51.456],[33.109,51.463],[33.112,51.468],[33.116,51.469],[33.121,51.471],[33.126,51.474],[33.131,51.48],[33.132,51.484],[33.131,51.488],[33.122,51.508],[33.123,51.51],[33.126,51.51]],[[33.021,51.397],[33.027,51.396],[33.032,51.395],[33.036,51.393],[33.037,51.391],[33.039,51.389],[33.046,51.377],[33.048,51.374],[33.052,51.371],[33.056,51.369],[33.061,51.368],[33.067,51.367],[33.08,51.367]],[[33.033,51.342],[33.027,51.342],[33.023,51.344],[33.02,51.348],[33.016,51.355],[33.007,51.366],[33.002,51.373],[33.001,51.376],[33.0,51.379],[33.002,51.381],[33.008,51.391],[33.012,51.394],[33.015,51.396],[33.021,51.397]],[[33.033,51.075],[33.027,51.075],[33.021,51.076],[32.983,51.087],[32.945,51.095],[32.94,51.097],[32.94,51.1],[32.941,51.104],[32.965,51.129],[32.967,51.133],[32.97,51.14],[32.969,51.144],[32.967,51.15],[32.962,51.159],[32.962,51.172],[32.963,51.178],[32.967,51.182],[33.019,51.192],[33.023,51.195],[33.028,51.198],[33.031,51.206],[33.031,51.212],[33.029,51.224],[33.031,51.23],[33.033,51.234],[33.062,51.243],[33.066,51.245],[33.07,51.249],[33.071,51.252],[33.07,51.257],[33.064,51.269],[33.065,51.274],[33.067,51.278],[33.071,51.281],[33.074,51.285],[33.073,51.288],[33.071,51.291],[33.058,51.298],[33.054,51.302],[33.049,51.307],[33.05,51.313],[33.052,51.318],[33.056,51.327],[33.056,51.332],[33.055,51.336],[33.053,51.339],[33.049,51.341],[33.044,51.342]],[[33.044,51.342],[33.033,51.342]],[[33.136,51.025],[33.084,51.032],[33.063,51.039],[33.053,51.043],[33.049,51.046],[33.044,51.049],[33.043,51.053],[33.045,51.055],[33.059,51.062],[33.065,51.066],[33.066,51.07],[33.065,51.074],[33.062,51.076],[33.059,51.078],[33.054,51.078]],[[33.054,51.078],[33.033,51.075]],[[33.062,50.538],[33.095,50.602],[33.105,50.625],[33.107,50.638],[33.107,50.642],[33.105,50.645],[33.102,50.654],[33.101,50.66],[33.103,50.664],[33.107,50.667],[33.117,50.671],[33.124,50.676],[33.127,50.68],[33.128,50.684],[33.129,50.699],[33.131,50.71],[33.135,50.716],[33.141,50.721],[33.148,50.724],[33.156,50.729],[33.164,50.736],[33.167,50.743],[33.167,50.749],[33.164,50.754],[33.158,50.757],[33.151,50.759],[33.138,50.765],[33.129,50.773],[33.125,50.777],[33.123,50.785],[33.122,50.795],[33.123,50.813],[33.124,50.824],[33.147,50.881],[33.151,50.886],[33.154,50.889],[33.158,50.891],[33.164,50.893],[33.171,50.896],[33.179,50.904],[33.182,50.912],[33.184,50.918],[33.183,50.925],[33.183,50.929],[33.183,50.951],[33.187,50.962],[33.185,50.968],[33.182,50.971],[33.162,50.982],[33.158,50.985],[33.155,50.989],[33.155,50.994],[33.156,50.997],[33.157,51.0],[33.173,51.012],[33.177,51.014],[33.184,51.019],[33.199,51.036],[33.207,51.048],[33.206,51.052],[33.202,51.055],[33.191,51.058],[33.179,51.06]],[[33.179,51.06],[33.173,51.06],[33.17,51.058],[33.149,51.03],[33.146,51.027],[33.142,51.026],[33.136,51.025]]]}},{"type":"Feature","properties":{"adm0":"UKR","note":"Ukraine_52","featurecla":"Admin-1 boundary"},"geometry":{"type":"MultiLineString","coordinates":[[[30.555,51.243],[30.557,51.235],[30.556,51.232],[30.554,51.229],[30.55,51.227],[30.544,51.227]],[[30.544,51.227],[30.525,51.228]],[[30.525,51.228],[30.52,51.227],[30.516,51.225],[30.515,51.22],[30.516,51.215],[30.528,51.195],[30.53,51.188],[30.531,51.18],[30.531,51.172],[30.513,51.117],[30.511,51.108],[30.508,51.047],[30.512,51.017],[30.514,51.013],[30.517,51.01],[30.521,51.008]],[[30.556,51.017],[30.561,51.016],[30.568,51.013],[30.58,51.007],[30.592,51.005],[30.6,51.004]],[[30.521,51.008],[30.532,51.008],[30.538,51.01],[30.543,51.013],[30.547,51.015],[30.551,51.017],[30.556,51.017]],[[30.607,51.005],[30.615,51.004],[30.625,51.0],[30.649,50.986],[30.654,50.981],[30.657,50.978],[30.659,50.975],[30.66,50.972],[30.663,50.965],[30.663,50.961],[30.664,50.957],[30.663,50.949],[30.659,50.931],[30.653,50.915],[30.652,50.91],[30.651,50.906],[30.651,50.902],[30.652,50.898],[30.653,50.895],[30.655,50.892],[30.661,50.889],[30.672,50.885],[30.726,50.872],[30.735,50.869],[30.767,50.853],[30.776,50.847],[30.78,50.844],[30.78,50.84],[30.775,50.819],[30.771,50.811],[30.765,50.8],[30.756,50.786],[30.742,50.771],[30.739,50.767],[30.738,50.764],[30.738,50.76],[30.741,50.757],[30.746,50.756],[30.758,50.756]],[[30.6,51.004],[30.607,51.005]],[[31.084,50.769],[31.089,50.767],[31.095,50.765],[31.098,50.759],[31.101,50.755],[31.106,50.75],[31.114,50.745],[31.115,50.742],[31.114,50.738],[31.112,50.734],[31.111,50.731],[31.11,50.727],[31.113,50.724],[31.119,50.721],[31.133,50.719],[31.149,50.719],[31.154,50.718],[31.158,50.715],[31.16,50.71],[31.159,50.702],[31.161,50.699],[31.162,50.698],[31.185,50.686],[31.199,50.676],[31.205,50.671],[31.21,50.665],[31.213,50.659],[31.218,50.645],[31.221,50.635],[31.221,50.631],[31.22,50.627],[31.219,50.623],[31.214,50.616],[31.211,50.613],[31.208,50.61],[31.204,50.608],[31.2,50.607]],[[31.03,50.756],[31.042,50.756],[31.052,50.758],[31.057,50.76],[31.069,50.766],[31.073,50.767],[31.078,50.769],[31.084,50.769]],[[30.787,50.761],[30.794,50.76],[30.802,50.757],[30.814,50.751],[30.819,50.747],[30.826,50.74],[30.83,50.738],[30.836,50.737]],[[30.758,50.756],[30.787,50.761]],[[30.976,50.759],[31.03,50.756]],[[30.931,50.746],[30.939,50.747],[30.954,50.756],[30.963,50.759],[30.976,50.759]],[[30.872,50.755],[30.919,50.747],[30.931,50.746]],[[30.836,50.737],[30.845,50.738],[30.851,50.74],[30.854,50.743],[30.863,50.752],[30.867,50.754],[30.872,50.755]],[[31.847,50.624],[31.856,50.621],[31.867,50.616],[31.896,50.599],[31.909,50.593],[31.944,50.562],[31.954,50.555],[31.962,50.55],[31.968,50.549],[31.98,50.548]],[[31.738,50.552],[31.743,50.552],[31.748,50.553],[31.752,50.555],[31.756,50.558],[31.762,50.564],[31.764,50.567],[31.767,50.57],[31.772,50.572],[31.78,50.575],[31.783,50.576],[31.784,50.579],[31.784,50.583],[31.783,50.586],[31.784,50.589],[31.785,50.592],[31.791,50.597],[31.793,50.6],[31.794,50.604],[31.794,50.608],[31.795,50.611],[31.797,50.614],[31.8,50.616],[31.805,50.618],[31.825,50.622],[31.847,50.624]],[[31.2,50.607],[31.189,50.607]],[[31.189,50.607],[31.186,50.606],[31.183,50.603],[31.18,50.595],[31.179,50.591],[31.18,50.588],[31.183,50.585],[31.186,50.582],[31.215,50.564],[31.22,50.562],[31.226,50.56]],[[31.246,50.56],[31.253,50.56],[31.258,50.558],[31.262,50.552],[31.263,50.548],[31.262,50.538],[31.261,50.534],[31.263,50.531],[31.265,50.528],[31.268,50.525],[31.271,50.523],[31.275,50.521],[31.281,50.519],[31.287,50.518],[31.298,50.518],[31.306,50.516],[31.316,50.512],[31.321,50.51],[31.328,50.508]],[[31.226,50.56],[31.246,50.56]],[[31.698,50.554],[31.738,50.552]],[[31.608,50.517],[31.613,50.518],[31.618,50.519],[31.622,50.521],[31.632,50.529],[31.635,50.532],[31.639,50.534],[31.644,50.535],[31.656,50.536],[31.661,50.537],[31.664,50.539],[31.671,50.545],[31.678,50.549],[31.682,50.551],[31.687,50.553],[31.692,50.554],[31.698,50.554]],[[32.022,50.548],[32.028,50.545],[32.033,50.539],[32.035,50.525],[32.034,50.512],[32.033,50.508],[32.031,50.504],[32.028,50.502],[32.024,50.5],[32.023,50.5]],[[31.98,50.548],[32.022,50.548]],[[31.5,50.518],[31.561,50.509]],[[31.463,50.5],[31.473,50.506],[31.483,50.514],[31.487,50.516],[31.492,50.517],[31.497,50.518],[31.5,50.518]],[[31.594,50.518],[31.608,50.517]],[[31.561,50.509],[31.567,50.509],[31.572,50.51],[31.577,50.512],[31.584,50.516],[31.589,50.517],[31.594,50.518]],[[31.364,50.514],[31.384,50.513],[31.463,50.5]],[[31.328,50.508],[31.339,50.51],[31.346,50.511],[31.351,50.514],[31.364,50.514]],[[32.023,50.5],[32.022,50.5],[32.001,50.502]],[[32.001,50.502],[31.998,50.502],[31.995,50.501],[31.993,50.5],[31.992,50.5],[31.981,50.49],[31.975,50.484],[31.973,50.48],[31.974,50.475],[31.977,50.47],[32.001,50.457],[32.004,50.455],[32.008,50.451],[32.01,50.445],[32.01,50.44],[32.01,50.435],[32.01,50.431],[32.011,50.428],[32.013,50.425],[32.015,50.423],[32.02,50.42],[32.027,50.416],[32.043,50.411],[32.051,50.41],[32.059,50.41]],[[32.07,50.411],[32.082,50.41],[32.087,50.408],[32.089,50.406],[32.089,50.401],[32.087,50.398],[32.083,50.395],[32.079,50.393],[32.072,50.389],[32.069,50.386],[32.067,50.383],[32.073,50.378],[32.079,50.374],[32.139,50.35]],[[32.059,50.41],[32.07,50.411]]]}},{"type":"Feature","properties":{"adm0":"UKR","note":"Ukraine_51","featurecla":"Admin-1 boundary"},"geometry":{"type":"MultiLineString","coordinates":[[[29.37,51.362],[29.366,51.363],[29.362,51.365],[29.36,51.368],[29.354,51.375],[29.353,51.377]],[[29.313,51.117],[29.311,51.119],[29.309,51.121],[29.305,51.128],[29.3,51.142],[29.289,51.194],[29.27,51.237],[29.272,51.241],[29.276,51.243],[29.289,51.243],[29.299,51.245],[29.318,51.251],[29.349,51.266],[29.362,51.274],[29.375,51.285],[29.385,51.298],[29.387,51.306],[29.389,51.317],[29.392,51.354],[29.391,51.362],[29.39,51.365],[29.389,51.367],[29.386,51.368]],[[29.386,51.368],[29.383,51.367],[29.375,51.363],[29.37,51.362]],[[29.457,50.969],[29.462,50.97],[29.466,50.976],[29.466,50.983],[29.463,51.006],[29.463,51.013],[29.464,51.019],[29.465,51.024],[29.466,51.029],[29.472,51.035],[29.485,51.048],[29.489,51.054],[29.49,51.059],[29.489,51.063],[29.488,51.067],[29.485,51.069],[29.483,51.072],[29.476,51.077],[29.472,51.079],[29.462,51.083],[29.438,51.088],[29.433,51.09],[29.429,51.092],[29.427,51.095],[29.424,51.102],[29.423,51.106],[29.421,51.108],[29.418,51.111],[29.412,51.116],[29.381,51.134],[29.363,51.142],[29.352,51.144],[29.347,51.145]],[[29.347,51.145],[29.342,51.144],[29.339,51.142],[29.319,51.12],[29.316,51.118],[29.313,51.117]],[[29.43,50.98],[29.436,50.979],[29.441,50.977],[29.449,50.973],[29.453,50.971],[29.457,50.969]],[[29.499,50.778],[29.495,50.778],[29.49,50.781],[29.489,50.784],[29.489,50.789],[29.508,50.859],[29.507,50.866],[29.505,50.87],[29.502,50.873],[29.478,50.89],[29.423,50.945],[29.419,50.948],[29.415,50.949],[29.409,50.95],[29.403,50.952],[29.398,50.957],[29.393,50.97],[29.394,50.976],[29.398,50.979],[29.43,50.98]],[[29.471,50.462],[29.477,50.462],[29.481,50.464],[29.485,50.466],[29.488,50.469],[29.49,50.472],[29.499,50.492],[29.5,50.497],[29.5,50.5],[29.5,50.501],[29.499,50.503],[29.497,50.505],[29.493,50.508],[29.483,50.512],[29.477,50.515],[29.473,50.522],[29.473,50.527],[29.477,50.53],[29.489,50.531],[29.493,50.532],[29.497,50.534],[29.499,50.537],[29.509,50.556],[29.513,50.567],[29.512,50.571],[29.51,50.574],[29.492,50.582],[29.488,50.585],[29.484,50.588],[29.479,50.594],[29.479,50.598],[29.481,50.602],[29.49,50.615],[29.5,50.626],[29.528,50.654],[29.537,50.667],[29.54,50.67],[29.544,50.672],[29.575,50.684],[29.58,50.687],[29.585,50.692],[29.591,50.701],[29.592,50.706],[29.592,50.711],[29.578,50.745],[29.575,50.759],[29.572,50.766],[29.57,50.769],[29.567,50.772],[29.56,50.777],[29.549,50.78],[29.536,50.781]],[[29.536,50.781],[29.499,50.778]],[[29.453,50.464],[29.471,50.462]],[[29.445,50.411],[29.439,50.412],[29.433,50.414],[29.426,50.422],[29.426,50.426],[29.428,50.429],[29.451,50.431],[29.456,50.432],[29.461,50.434],[29.464,50.437],[29.467,50.441],[29.466,50.445],[29.462,50.447],[29.447,50.453],[29.443,50.456],[29.442,50.46],[29.444,50.463],[29.448,50.464],[29.453,50.464]],[[29.613,50.319],[29.608,50.321],[29.604,50.327],[29.601,50.343],[29.588,50.364],[29.581,50.391],[29.578,50.396],[29.575,50.398],[29.572,50.401],[29.57,50.404],[29.567,50.407],[29.555,50.417],[29.547,50.422],[29.542,50.423],[29.537,50.424]],[[29.537,50.424],[29.494,50.423],[29.489,50.422],[29.45,50.412],[29.445,50.411]],[[29.509,49.817],[29.514,49.817],[29.519,49.818],[29.555,49.836],[29.588,49.846],[29.594,49.849],[29.606,49.857],[29.61,49.859],[29.625,49.862],[29.63,49.863],[29.634,49.865],[29.639,49.869],[29.655,49.883],[29.661,49.893],[29.667,49.898],[29.671,49.9],[29.698,49.909],[29.705,49.913],[29.727,49.929],[29.733,49.935],[29.736,49.941],[29.735,49.944],[29.734,49.947],[29.676,50.009],[29.674,50.012],[29.672,50.016],[29.672,50.023],[29.675,50.027],[29.681,50.031],[29.684,50.034],[29.684,50.037],[29.671,50.074],[29.669,50.083],[29.669,50.09],[29.671,50.094],[29.674,50.097],[29.677,50.098],[29.679,50.099],[29.713,50.104],[29.719,50.107],[29.726,50.111],[29.734,50.121],[29.734,50.126],[29.731,50.131],[29.727,50.136],[29.727,50.15],[29.726,50.156],[29.723,50.161],[29.719,50.163],[29.705,50.169],[29.701,50.171],[29.698,50.173],[29.695,50.176],[29.693,50.179],[29.691,50.182],[29.691,50.186],[29.692,50.199],[29.692,50.203],[29.692,50.207],[29.691,50.218],[29.696,50.258],[29.695,50.267],[29.691,50.272],[29.68,50.275],[29.675,50.277],[29.671,50.279],[29.669,50.282],[29.66,50.292],[29.648,50.311],[29.645,50.313],[29.642,50.316],[29.638,50.318],[29.632,50.319],[29.625,50.319]],[[29.625,50.319],[29.613,50.319]],[[29.5,49.818],[29.509,49.817]],[[29.472,49.803],[29.478,49.804],[29.484,49.808],[29.49,49.815],[29.496,49.817],[29.5,49.818]],[[29.46,49.804],[29.472,49.803]],[[29.433,49.707],[29.419,49.708],[29.418,49.71],[29.419,49.712],[29.427,49.718],[29.432,49.724],[29.44,49.733],[29.442,49.739],[29.445,49.745],[29.449,49.759],[29.449,49.765],[29.449,49.771],[29.443,49.777],[29.44,49.782],[29.437,49.791],[29.439,49.795],[29.442,49.798],[29.45,49.802],[29.455,49.803],[29.46,49.804]],[[29.447,49.651],[29.45,49.665],[29.453,49.668],[29.459,49.671],[29.474,49.676],[29.478,49.679],[29.481,49.684],[29.482,49.689],[29.483,49.697],[29.483,49.703],[29.482,49.707],[29.478,49.709],[29.473,49.71]],[[29.473,49.71],[29.468,49.71],[29.445,49.707],[29.433,49.707]]]}},{"type":"Feature","properties":{"adm0":"UKR","note":"Ukraine_50","featurecla":"Admin-1 boundary"},"geometry":{"type":"MultiLineString","coordinates":[[[25.536,51.61],[25.524,51.612],[25.519,51.613],[25.515,51.615],[25.512,51.618],[25.509,51.621],[25.508,51.625],[25.507,51.629],[25.507,51.641],[25.504,51.661],[25.506,51.678],[25.51,51.699],[25.513,51.708],[25.515,51.715],[25.524,51.725],[25.573,51.768],[25.608,51.788],[25.615,51.793],[25.628,51.804],[25.638,51.817],[25.641,51.822],[25.643,51.827],[25.643,51.831],[25.641,51.834],[25.64,51.838],[25.638,51.841],[25.634,51.847],[25.632,51.853],[25.63,51.86],[25.63,51.867],[25.631,51.872],[25.634,51.876],[25.637,51.878],[25.641,51.881],[25.645,51.883],[25.659,51.888],[25.663,51.891],[25.66,51.892],[25.655,51.893],[25.564,51.897],[25.552,51.902],[25.547,51.919]],[[25.583,51.333],[25.578,51.333],[25.574,51.334],[25.569,51.336],[25.566,51.338],[25.563,51.341],[25.558,51.346],[25.556,51.349],[25.555,51.353],[25.554,51.358],[25.561,51.395],[25.562,51.399],[25.56,51.411],[25.559,51.419],[25.561,51.432],[25.565,51.449],[25.566,51.458],[25.566,51.462],[25.565,51.466],[25.564,51.469],[25.553,51.497],[25.551,51.505],[25.551,51.51],[25.551,51.525],[25.554,51.531],[25.556,51.535],[25.562,51.541],[25.569,51.546],[25.587,51.555],[25.592,51.56],[25.6,51.571],[25.603,51.577],[25.603,51.582],[25.601,51.585],[25.598,51.588],[25.594,51.59],[25.59,51.592],[25.572,51.595],[25.567,51.597],[25.564,51.6],[25.563,51.603],[25.562,51.607],[25.56,51.61],[25.558,51.612]],[[25.558,51.612],[25.554,51.612],[25.543,51.611],[25.536,51.61]],[[25.786,51.37],[25.773,51.37],[25.766,51.371],[25.761,51.373],[25.756,51.375],[25.753,51.377],[25.751,51.38],[25.749,51.383],[25.747,51.386],[25.743,51.388],[25.739,51.389]],[[25.739,51.389],[25.734,51.388],[25.73,51.385],[25.727,51.382],[25.72,51.373],[25.717,51.37],[25.71,51.365],[25.706,51.363],[25.701,51.362],[25.695,51.362]],[[25.98,51.064],[25.954,51.071],[25.95,51.073],[25.947,51.075],[25.947,51.08],[25.951,51.108],[25.952,51.114],[25.957,51.116],[26.028,51.126],[26.036,51.129],[26.048,51.136],[26.057,51.146],[26.061,51.153],[26.062,51.159],[26.063,51.17],[26.063,51.174],[26.061,51.178],[26.059,51.181],[26.056,51.184],[26.005,51.216],[25.929,51.24],[25.925,51.242],[25.922,51.244],[25.917,51.25],[25.897,51.265],[25.868,51.28],[25.865,51.282],[25.862,51.285],[25.86,51.288],[25.859,51.291],[25.857,51.299],[25.856,51.303],[25.855,51.305],[25.852,51.307],[25.849,51.308],[25.829,51.314],[25.82,51.318],[25.817,51.32],[25.813,51.323],[25.809,51.329],[25.808,51.332],[25.809,51.34],[25.812,51.35],[25.821,51.373],[25.822,51.381],[25.82,51.384]],[[25.82,51.384],[25.816,51.383],[25.801,51.374],[25.796,51.372],[25.792,51.371],[25.786,51.37]],[[25.695,51.362],[25.69,51.362],[25.668,51.368],[25.656,51.369]],[[25.656,51.369],[25.643,51.368],[25.631,51.367],[25.621,51.364],[25.608,51.359],[25.604,51.357],[25.602,51.354],[25.599,51.35],[25.594,51.339],[25.591,51.336],[25.587,51.334],[25.583,51.333]],[[25.979,50.824],[25.988,50.824],[25.994,50.826],[25.997,50.828],[26.003,50.835],[26.004,50.837],[26.003,50.84],[26.001,50.842],[25.995,50.845],[25.971,50.852],[25.967,50.854],[25.966,50.858],[25.969,50.864],[25.982,50.877],[26.007,50.892],[26.012,50.895],[26.013,50.899],[26.014,50.903],[26.015,50.907],[26.015,50.911],[26.013,50.915],[26.011,50.917],[26.006,50.921],[26.002,50.924],[25.997,50.927],[25.982,50.935],[25.978,50.937],[25.975,50.941],[25.975,50.945],[25.979,50.952],[25.983,50.956],[25.989,50.959],[26.06,50.965],[26.068,50.967],[26.076,50.97],[26.09,50.976],[26.094,50.981],[26.096,50.985],[26.094,50.992],[26.092,51.005],[26.091,51.008],[26.089,51.011],[26.087,51.014],[26.083,51.016],[26.08,51.019],[26.079,51.023],[26.077,51.03],[26.076,51.034],[26.074,51.037],[26.058,51.054],[26.041,51.066],[26.033,51.071],[26.029,51.072],[26.024,51.073]],[[26.024,51.073],[26.013,51.073],[26.003,51.072],[26.0,51.071],[25.99,51.065],[25.985,51.064],[25.98,51.064]],[[25.954,50.827],[25.96,50.827],[25.979,50.824]],[[25.817,50.631],[25.827,50.631],[25.833,50.633],[25.837,50.636],[25.846,50.67],[25.848,50.673],[25.851,50.677],[25.855,50.681],[25.861,50.686],[25.868,50.693],[25.87,50.697],[25.871,50.701],[25.87,50.709],[25.87,50.712],[25.869,50.716],[25.865,50.735],[25.868,50.774],[25.868,50.778],[25.868,50.781],[25.87,50.785],[25.875,50.793],[25.88,50.796],[25.886,50.799],[25.89,50.8],[25.935,50.823],[25.943,50.826],[25.948,50.827],[25.954,50.827]],[[25.656,50.707],[25.668,50.706],[25.673,50.704],[25.688,50.695],[25.708,50.679],[25.71,50.677],[25.711,50.673],[25.71,50.67],[25.71,50.667],[25.712,50.665],[25.717,50.663],[25.756,50.659],[25.762,50.657],[25.767,50.656],[25.775,50.652],[25.796,50.637],[25.804,50.633],[25.81,50.632],[25.817,50.631]],[[25.44,50.654],[25.449,50.655],[25.458,50.656],[25.488,50.668],[25.523,50.677],[25.561,50.69],[25.583,50.7],[25.603,50.707],[25.656,50.707]],[[25.363,50.679],[25.367,50.678],[25.382,50.669],[25.394,50.663],[25.415,50.658],[25.44,50.654]],[[25.367,50.609],[25.373,50.609],[25.382,50.612],[25.384,50.615],[25.383,50.618],[25.379,50.62],[25.356,50.629],[25.353,50.632],[25.351,50.636],[25.353,50.643],[25.361,50.65],[25.364,50.655],[25.365,50.659],[25.359,50.669],[25.358,50.673],[25.36,50.678],[25.363,50.679]],[[25.295,50.616],[25.367,50.609]],[[25.271,50.54],[25.279,50.541],[25.287,50.543],[25.297,50.549],[25.302,50.554],[25.305,50.559],[25.306,50.563],[25.306,50.568],[25.305,50.572],[25.304,50.575],[25.303,50.579],[25.299,50.585],[25.287,50.6],[25.285,50.604],[25.286,50.611],[25.29,50.614],[25.295,50.616]],[[25.143,50.553],[25.148,50.553],[25.195,50.545],[25.271,50.54]],[[25.121,50.465],[25.127,50.465],[25.133,50.466],[25.137,50.468],[25.141,50.47],[25.144,50.473],[25.151,50.48],[25.167,50.498],[25.168,50.5],[25.167,50.503],[25.164,50.505],[25.157,50.51],[25.127,50.524],[25.123,50.527],[25.119,50.532],[25.12,50.536],[25.122,50.54],[25.126,50.544],[25.133,50.549],[25.138,50.552],[25.143,50.553]],[[25.103,50.467],[25.121,50.465]],[[25.063,50.295],[25.123,50.331],[25.144,50.347],[25.155,50.358],[25.163,50.362],[25.173,50.364],[25.182,50.366],[25.195,50.37],[25.201,50.376],[25.204,50.381],[25.204,50.385],[25.202,50.389],[25.199,50.391],[25.194,50.393],[25.176,50.395],[25.171,50.397],[25.168,50.399],[25.142,50.427],[25.133,50.435],[25.118,50.444],[25.101,50.452],[25.097,50.455],[25.094,50.458],[25.092,50.462],[25.093,50.465],[25.097,50.467],[25.103,50.467]]]}},{"type":"Feature","properties":{"adm0":"UKR","note":"Ukraine_49","featurecla":"Admin-1 boundary"},"geometry":{"type":"MultiLineString","coordinates":[[[27.594,51.391],[27.6,51.392],[27.603,51.395],[27.604,51.399],[27.604,51.403],[27.602,51.406],[27.6,51.409],[27.594,51.414],[27.579,51.424],[27.577,51.429],[27.576,51.438],[27.58,51.457],[27.583,51.466],[27.586,51.472],[27.59,51.474],[27.599,51.477],[27.609,51.479],[27.633,51.487],[27.666,51.49],[27.666,51.49]],[[27.51,51.443],[27.516,51.443],[27.52,51.441],[27.524,51.439],[27.527,51.436],[27.532,51.431],[27.536,51.424],[27.538,51.421],[27.541,51.418],[27.544,51.415],[27.584,51.394],[27.589,51.392],[27.594,51.391]],[[27.192,50.541],[27.228,50.568],[27.236,50.583],[27.233,50.587],[27.23,50.589],[27.226,50.591],[27.207,50.598],[27.202,50.601],[27.197,50.605],[27.193,50.614],[27.192,50.618],[27.194,50.622],[27.195,50.624],[27.202,50.634],[27.211,50.653],[27.215,50.657],[27.235,50.673],[27.243,50.682],[27.266,50.72],[27.27,50.73],[27.272,50.737],[27.271,50.741],[27.268,50.748],[27.263,50.754],[27.261,50.757],[27.241,50.776],[27.231,50.788],[27.229,50.791],[27.227,50.795],[27.225,50.801],[27.223,50.812],[27.223,50.819],[27.224,50.825],[27.239,50.873],[27.24,50.883],[27.24,50.89],[27.235,50.896],[27.222,50.907],[27.219,50.911],[27.216,50.916],[27.218,50.919],[27.228,50.922],[27.233,50.925],[27.237,50.931],[27.236,50.935],[27.234,50.938],[27.226,50.942],[27.223,50.946],[27.22,50.95],[27.218,50.96],[27.217,50.965],[27.215,50.97],[27.204,50.982],[27.198,50.991],[27.199,50.994],[27.2,50.996],[27.206,51.0],[27.207,51.001],[27.216,51.021],[27.22,51.025],[27.223,51.027],[27.228,51.029],[27.232,51.03],[27.271,51.036],[27.295,51.044],[27.3,51.047],[27.305,51.052],[27.316,51.071],[27.32,51.075],[27.324,51.078],[27.335,51.085],[27.339,51.088],[27.343,51.092],[27.35,51.1],[27.352,51.107],[27.355,51.129],[27.356,51.137],[27.358,51.142],[27.361,51.145],[27.369,51.152],[27.372,51.155],[27.376,51.157],[27.38,51.161],[27.385,51.167],[27.398,51.192],[27.4,51.195],[27.404,51.198],[27.407,51.2],[27.43,51.208],[27.435,51.212],[27.441,51.217],[27.449,51.228],[27.452,51.235],[27.454,51.24],[27.454,51.244],[27.453,51.251],[27.452,51.253],[27.45,51.256],[27.418,51.298],[27.417,51.302],[27.418,51.305],[27.422,51.307],[27.478,51.315],[27.483,51.317],[27.487,51.319],[27.497,51.326],[27.5,51.329],[27.504,51.333],[27.509,51.342],[27.511,51.348],[27.511,51.353],[27.509,51.356],[27.506,51.358],[27.49,51.367],[27.488,51.375],[27.489,51.388],[27.499,51.432],[27.502,51.44],[27.505,51.442],[27.51,51.443]]]}},{"type":"Feature","properties":{"adm0":"UKR","note":"Ukraine_48","featurecla":"Admin-1 boundary"},"geometry":{"type":"MultiLineString","coordinates":[[[35.646,50.318],[35.663,50.319],[35.671,50.32],[35.677,50.322],[35.681,50.324],[35.684,50.327],[35.687,50.33],[35.689,50.335],[35.691,50.338],[35.692,50.344]],[[35.409,50.334],[35.415,50.333],[35.426,50.33],[35.494,50.302],[35.503,50.3]],[[35.38,50.292],[35.385,50.294],[35.389,50.296],[35.39,50.3],[35.391,50.304],[35.391,50.319],[35.391,50.324],[35.393,50.33],[35.397,50.332],[35.403,50.334],[35.409,50.334]],[[35.595,50.326],[35.627,50.32],[35.646,50.318]],[[35.532,50.317],[35.562,50.319],[35.578,50.324],[35.588,50.325],[35.595,50.326]],[[35.501,50.321],[35.532,50.317]],[[35.503,50.3],[35.507,50.301],[35.507,50.304],[35.506,50.306],[35.498,50.312],[35.496,50.315],[35.496,50.319],[35.498,50.321],[35.501,50.321]],[[35.336,50.305],[35.342,50.304],[35.366,50.295],[35.372,50.293],[35.38,50.292]],[[35.298,50.274],[35.305,50.275],[35.309,50.276],[35.311,50.279],[35.312,50.281],[35.309,50.283],[35.306,50.286],[35.306,50.29],[35.308,50.294],[35.321,50.302],[35.329,50.305],[35.336,50.305]],[[35.269,50.278],[35.298,50.274]],[[35.206,50.232],[35.242,50.236],[35.25,50.238],[35.253,50.241],[35.255,50.244],[35.255,50.248],[35.254,50.251],[35.25,50.257],[35.249,50.26],[35.25,50.265],[35.253,50.269],[35.26,50.275],[35.264,50.277],[35.269,50.278]],[[35.135,50.245],[35.148,50.244],[35.161,50.243],[35.182,50.236],[35.187,50.234],[35.195,50.232],[35.206,50.232]],[[35.089,50.207],[35.093,50.208],[35.096,50.211],[35.099,50.215],[35.1,50.219],[35.104,50.225],[35.109,50.231],[35.12,50.24],[35.128,50.243],[35.135,50.245]],[[35.067,50.215],[35.082,50.209],[35.089,50.207]],[[35.025,50.171],[35.03,50.172],[35.034,50.175],[35.036,50.178],[35.037,50.182],[35.036,50.185],[35.034,50.188],[35.035,50.193],[35.038,50.199],[35.051,50.21],[35.06,50.214],[35.067,50.215]],[[34.979,50.192],[34.982,50.19],[34.985,50.187],[34.992,50.183],[35.005,50.176],[35.016,50.172],[35.025,50.171]],[[34.908,50.146],[34.945,50.159],[34.951,50.162],[34.957,50.167],[34.961,50.176],[34.97,50.189],[34.975,50.192],[34.979,50.192]]]}},{"type":"Feature","properties":{"adm0":"UKR","note":"Ukraine_47","featurecla":"Admin-1 boundary"},"geometry":{"type":"MultiLineString","coordinates":[[[32.727,50.358],[32.812,50.388],[32.828,50.391],[32.863,50.393],[32.873,50.395],[32.878,50.397],[32.883,50.401],[32.889,50.41],[32.895,50.421],[32.899,50.425],[32.906,50.429],[32.929,50.438],[32.946,50.442],[32.951,50.444],[32.955,50.448],[32.962,50.46],[32.967,50.464],[32.973,50.468],[32.985,50.474],[33.009,50.48],[33.024,50.492],[33.062,50.538]],[[32.376,50.409],[32.383,50.408],[32.386,50.406],[32.393,50.401],[32.396,50.398],[32.403,50.393],[32.407,50.392]],[[32.217,50.343],[32.224,50.343],[32.232,50.345],[32.243,50.351],[32.254,50.358],[32.274,50.38],[32.281,50.385],[32.284,50.387],[32.288,50.389],[32.35,50.408],[32.376,50.409]],[[32.45,50.408],[32.464,50.408],[32.472,50.408],[32.477,50.406],[32.48,50.404],[32.483,50.402],[32.487,50.396],[32.488,50.392],[32.49,50.389],[32.491,50.385],[32.494,50.379],[32.498,50.373],[32.5,50.372],[32.503,50.37],[32.526,50.366],[32.628,50.363]],[[32.407,50.392],[32.413,50.393],[32.443,50.407],[32.45,50.408]],[[32.667,50.368],[32.676,50.368],[32.682,50.366],[32.684,50.362],[32.686,50.36],[32.691,50.358],[32.727,50.358]],[[32.628,50.363],[32.667,50.368]],[[32.199,50.35],[32.204,50.349],[32.212,50.344],[32.217,50.343]],[[32.139,50.35],[32.199,50.35]]]}},{"type":"Feature","properties":{"adm0":"UKR","note":"Ukraine_46","featurecla":"Admin-1 boundary"},"geometry":{"type":"MultiLineString","coordinates":[[[33.275,50.547],[33.285,50.546],[33.289,50.544],[33.292,50.542],[33.298,50.538],[33.306,50.535],[33.333,50.528],[33.34,50.525],[33.645,50.485],[33.721,50.463],[33.731,50.462]],[[33.194,50.517],[33.206,50.518],[33.209,50.521],[33.212,50.524],[33.214,50.528],[33.216,50.531],[33.223,50.536],[33.234,50.54],[33.261,50.546],[33.275,50.547]],[[34.212,50.542],[34.246,50.535],[34.25,50.533],[34.252,50.53],[34.253,50.526],[34.249,50.506],[34.25,50.455],[34.252,50.448],[34.254,50.442],[34.259,50.436],[34.282,50.415],[34.316,50.39],[34.36,50.366],[34.366,50.361],[34.372,50.355],[34.376,50.349],[34.377,50.346],[34.378,50.343],[34.377,50.339],[34.376,50.335],[34.367,50.325],[34.363,50.317],[34.362,50.313],[34.362,50.309],[34.365,50.284],[34.367,50.277],[34.369,50.273],[34.373,50.269],[34.381,50.264],[34.387,50.263]],[[34.108,50.492],[34.114,50.494],[34.117,50.496],[34.118,50.5],[34.118,50.501],[34.116,50.508],[34.117,50.511],[34.122,50.514],[34.143,50.517],[34.149,50.519],[34.156,50.522],[34.165,50.525],[34.186,50.528],[34.195,50.531],[34.201,50.534],[34.203,50.538],[34.207,50.542],[34.212,50.542]],[[33.062,50.538],[33.098,50.525],[33.194,50.517]],[[33.898,50.533],[33.907,50.532],[33.913,50.53],[33.925,50.52],[33.938,50.51],[33.971,50.493],[34.048,50.471],[34.055,50.471]],[[33.731,50.462],[33.738,50.462],[33.748,50.47],[33.776,50.474],[33.817,50.476],[33.833,50.479],[33.842,50.482],[33.841,50.486],[33.838,50.488],[33.807,50.5],[33.806,50.501],[33.805,50.502],[33.804,50.505],[33.806,50.507],[33.809,50.51],[33.813,50.512],[33.865,50.527],[33.898,50.533]],[[34.079,50.497],[34.088,50.497],[34.108,50.492]],[[34.055,50.471],[34.06,50.472],[34.062,50.475],[34.061,50.479],[34.06,50.482],[34.06,50.486],[34.061,50.489],[34.065,50.492],[34.07,50.495],[34.079,50.497]],[[34.414,50.275],[34.421,50.274],[34.426,50.272],[34.429,50.269],[34.431,50.266],[34.432,50.263],[34.433,50.256],[34.434,50.252],[34.436,50.249],[34.447,50.243],[34.449,50.24],[34.45,50.236],[34.453,50.231],[34.459,50.226],[34.496,50.209],[34.499,50.207],[34.5,50.206],[34.502,50.203],[34.506,50.197],[34.507,50.194],[34.508,50.191],[34.508,50.187],[34.507,50.183],[34.506,50.179],[34.504,50.175],[34.501,50.173],[34.499,50.171],[34.497,50.169],[34.493,50.168],[34.488,50.167],[34.466,50.165],[34.462,50.163],[34.459,50.16],[34.456,50.147],[34.457,50.142],[34.459,50.137],[34.467,50.13],[34.471,50.126],[34.472,50.122],[34.472,50.117],[34.471,50.113],[34.474,50.108],[34.478,50.107]],[[34.387,50.263],[34.391,50.264],[34.394,50.267],[34.398,50.271],[34.403,50.273],[34.414,50.275]],[[34.814,50.16],[34.908,50.146]],[[34.745,50.138],[34.763,50.144],[34.787,50.157],[34.814,50.16]],[[34.705,50.151],[34.711,50.15],[34.717,50.148],[34.732,50.14],[34.739,50.138],[34.745,50.138]],[[34.634,50.115],[34.669,50.116],[34.674,50.117],[34.678,50.119],[34.681,50.122],[34.684,50.125],[34.686,50.128],[34.688,50.132],[34.691,50.141],[34.693,50.145],[34.697,50.148],[34.705,50.151]],[[34.536,50.124],[34.634,50.115]],[[34.478,50.107],[34.482,50.108],[34.496,50.116],[34.502,50.119],[34.52,50.123],[34.536,50.124]]]}},{"type":"Feature","properties":{"adm0":"UKR","note":"Ukraine_45","featurecla":"Admin-1 boundary"},"geometry":{"type":"MultiLineString","coordinates":[[[32.069,50.239],[32.096,50.263],[32.098,50.267],[32.101,50.272],[32.1,50.275],[32.098,50.279],[32.095,50.282],[32.093,50.286],[32.095,50.289],[32.099,50.291],[32.114,50.306],[32.139,50.35]]]}},{"type":"Feature","properties":{"adm0":"UKR","note":"Ukraine_44","featurecla":"Admin-1 boundary"},"geometry":{"type":"MultiLineString","coordinates":[[[34.908,50.146],[34.917,50.132],[34.918,50.077],[34.916,50.064],[34.913,50.056],[34.907,50.05],[34.862,50.022],[34.853,50.013],[34.843,50.002],[34.841,50.0],[34.857,49.973],[34.858,49.969],[34.864,49.942],[34.869,49.936],[34.874,49.932],[34.878,49.93],[34.888,49.918],[34.893,49.915],[34.899,49.912],[34.917,49.909],[34.922,49.907],[34.926,49.905],[34.936,49.898],[34.944,49.893],[34.949,49.892],[34.955,49.89],[34.967,49.889]],[[35.009,49.889],[35.015,49.887],[35.022,49.883],[35.036,49.871],[35.041,49.868],[35.103,49.848],[35.115,49.847]],[[34.967,49.889],[35.009,49.889]],[[35.148,49.855],[35.154,49.855],[35.16,49.854],[35.166,49.851],[35.183,49.841],[35.188,49.836],[35.191,49.832],[35.193,49.825],[35.194,49.818],[35.19,49.79],[35.191,49.775],[35.192,49.77],[35.198,49.754],[35.202,49.747],[35.206,49.743],[35.21,49.74],[35.23,49.732],[35.234,49.728],[35.236,49.724],[35.237,49.711],[35.239,49.705],[35.244,49.701],[35.249,49.699],[35.277,49.696],[35.28,49.693],[35.282,49.689],[35.283,49.684],[35.286,49.681],[35.291,49.679],[35.342,49.669],[35.354,49.668]],[[35.115,49.847],[35.121,49.847],[35.126,49.848],[35.138,49.854],[35.143,49.855],[35.148,49.855]],[[35.381,49.688],[35.412,49.688],[35.42,49.686],[35.424,49.684],[35.426,49.681],[35.428,49.67],[35.429,49.667],[35.428,49.664],[35.425,49.662],[35.417,49.659],[35.414,49.657],[35.413,49.654],[35.413,49.65],[35.416,49.644],[35.42,49.637],[35.464,49.582],[35.473,49.569],[35.475,49.56],[35.471,49.558],[35.466,49.557],[35.446,49.555]],[[35.354,49.668],[35.36,49.668],[35.363,49.67],[35.366,49.674],[35.37,49.682],[35.373,49.685],[35.376,49.687],[35.381,49.688]],[[35.446,49.555],[35.398,49.555]],[[35.398,49.555],[35.393,49.553],[35.391,49.551],[35.392,49.544],[35.396,49.541],[35.416,49.534],[35.433,49.522],[35.454,49.514],[35.465,49.507],[35.469,49.501],[35.469,49.498],[35.467,49.496],[35.465,49.494],[35.46,49.493],[35.443,49.493],[35.438,49.492],[35.435,49.489],[35.429,49.483],[35.425,49.481],[35.419,49.481]],[[35.419,49.481],[35.363,49.491],[35.357,49.491]],[[35.357,49.491],[35.352,49.49],[35.342,49.488],[35.327,49.485],[35.323,49.483],[35.32,49.481],[35.317,49.477],[35.315,49.473],[35.314,49.468],[35.314,49.461],[35.316,49.455],[35.323,49.446],[35.326,49.439],[35.331,49.435],[35.343,49.43],[35.351,49.427],[35.353,49.423],[35.353,49.42],[35.35,49.415],[35.349,49.411],[35.36,49.4],[35.361,49.396],[35.361,49.392],[35.335,49.37],[35.309,49.342],[35.279,49.32],[35.263,49.312],[35.21,49.294],[35.188,49.292]],[[35.188,49.292],[35.09,49.297],[35.084,49.298],[35.073,49.302],[35.062,49.308],[35.058,49.311],[35.053,49.316],[35.049,49.318],[35.044,49.32],[35.039,49.321]],[[35.039,49.321],[35.033,49.32],[35.029,49.319],[35.025,49.317],[34.973,49.281],[34.964,49.272],[34.958,49.262],[34.954,49.253],[34.953,49.247],[34.954,49.243],[34.955,49.24],[34.975,49.217],[34.978,49.211],[34.983,49.2],[34.987,49.189],[34.99,49.177],[34.988,49.17],[34.984,49.164]]]}},{"type":"Feature","properties":{"adm0":"UKR","note":"Ukraine_43","featurecla":"Admin-1 boundary"},"geometry":{"type":"MultiLineString","coordinates":[[[27.192,50.541],[27.206,50.536],[27.211,50.533],[27.225,50.521],[27.24,50.514],[27.246,50.51],[27.251,50.501],[27.256,50.495],[27.26,50.49],[27.269,50.486],[27.276,50.484],[27.296,50.481],[27.301,50.48],[27.305,50.478],[27.304,50.475],[27.301,50.472],[27.297,50.47],[27.275,50.462],[27.267,50.458],[27.259,50.454],[27.256,50.451],[27.253,50.448],[27.251,50.445],[27.248,50.441],[27.229,50.395],[27.228,50.391],[27.228,50.387],[27.231,50.383],[27.235,50.38],[27.244,50.376],[27.252,50.374],[27.279,50.371],[27.289,50.368],[27.292,50.365],[27.295,50.361],[27.299,50.349],[27.303,50.345],[27.308,50.34],[27.319,50.334],[27.362,50.318],[27.394,50.302],[27.404,50.298],[27.407,50.296],[27.408,50.293],[27.406,50.289],[27.399,50.283],[27.398,50.28],[27.4,50.277],[27.404,50.275],[27.41,50.274]],[[27.421,50.276],[27.426,50.275],[27.432,50.272],[27.437,50.264],[27.443,50.259],[27.452,50.256],[27.472,50.252],[27.477,50.25],[27.481,50.248],[27.484,50.245],[27.486,50.24],[27.486,50.228],[27.488,50.224],[27.495,50.222],[27.5,50.221],[27.544,50.218]],[[27.41,50.274],[27.421,50.276]],[[27.592,50.257],[27.599,50.256],[27.604,50.254],[27.607,50.249],[27.609,50.24],[27.609,50.234],[27.606,50.211],[27.606,50.207],[27.608,50.202],[27.611,50.198],[27.618,50.191],[27.635,50.18],[27.646,50.169],[27.648,50.165],[27.65,50.161],[27.65,50.153],[27.647,50.149],[27.643,50.146],[27.634,50.143],[27.63,50.141],[27.627,50.138],[27.627,50.134],[27.63,50.13],[27.642,50.123],[27.646,50.12],[27.648,50.117],[27.646,50.112],[27.633,50.102],[27.627,50.095],[27.624,50.088],[27.622,50.085],[27.621,50.082],[27.621,50.079],[27.622,50.076],[27.626,50.072],[27.633,50.068],[27.653,50.063],[27.657,50.061],[27.661,50.058],[27.663,50.053],[27.665,50.044],[27.664,50.033],[27.662,50.028],[27.66,50.025],[27.657,50.022],[27.64,50.02],[27.635,50.019],[27.632,50.017],[27.628,50.014],[27.622,50.009],[27.619,50.007],[27.614,50.005],[27.609,50.004],[27.604,50.003],[27.598,50.003]],[[27.544,50.218],[27.55,50.218],[27.554,50.22],[27.557,50.223],[27.559,50.226],[27.565,50.237],[27.568,50.24],[27.572,50.242],[27.575,50.245],[27.58,50.252],[27.583,50.255],[27.587,50.256],[27.592,50.257]],[[27.598,50.003],[27.548,50.008]],[[27.548,50.008],[27.544,50.007],[27.544,50.003],[27.547,49.998],[27.575,49.965],[27.579,49.958],[27.58,49.955],[27.581,49.951],[27.58,49.948],[27.577,49.947],[27.572,49.946],[27.554,49.945],[27.549,49.944],[27.546,49.941],[27.544,49.937],[27.541,49.915],[27.544,49.911],[27.551,49.907],[27.588,49.898],[27.593,49.896],[27.597,49.893],[27.601,49.887],[27.601,49.884],[27.6,49.88],[27.599,49.877],[27.597,49.873],[27.598,49.87],[27.599,49.866],[27.604,49.861],[27.632,49.838],[27.642,49.827],[27.646,49.82],[27.648,49.813],[27.649,49.81],[27.652,49.807],[27.654,49.804],[27.661,49.799],[27.868,49.76]]]}},{"type":"Feature","properties":{"adm0":"UKR","note":"Ukraine_42","featurecla":"Admin-1 boundary"},"geometry":{"type":"MultiLineString","coordinates":[[[27.114,50.587],[27.121,50.585],[27.126,50.582],[27.131,50.574],[27.132,50.569],[27.132,50.564],[27.132,50.559],[27.132,50.555],[27.138,50.551],[27.144,50.548],[27.192,50.541]],[[26.962,50.517],[26.969,50.518],[26.976,50.519],[26.986,50.524],[26.992,50.527],[26.998,50.533],[27.014,50.542],[27.023,50.546],[27.042,50.551],[27.063,50.555],[27.068,50.557],[27.072,50.559],[27.075,50.561],[27.08,50.573],[27.084,50.58],[27.088,50.583],[27.092,50.585],[27.098,50.587],[27.114,50.587]],[[26.901,50.532],[26.909,50.532],[26.929,50.526],[26.949,50.519],[26.962,50.517]],[[26.786,50.459],[26.792,50.459],[26.797,50.461],[26.8,50.466],[26.8,50.47],[26.8,50.474],[26.798,50.481],[26.798,50.485],[26.798,50.489],[26.8,50.493],[26.802,50.496],[26.806,50.5],[26.807,50.501],[26.876,50.52],[26.895,50.531],[26.901,50.532]],[[26.746,50.467],[26.757,50.466],[26.78,50.459],[26.786,50.459]],[[26.441,50.247],[26.465,50.248],[26.472,50.25],[26.48,50.254],[26.498,50.265],[26.504,50.27],[26.515,50.281],[26.518,50.284],[26.555,50.3],[26.564,50.306],[26.57,50.31],[26.577,50.32],[26.585,50.329],[26.591,50.334],[26.637,50.356],[26.643,50.359],[26.646,50.362],[26.647,50.365],[26.648,50.368],[26.649,50.371],[26.648,50.377],[26.648,50.381],[26.65,50.384],[26.694,50.407],[26.703,50.414],[26.708,50.42],[26.709,50.424],[26.712,50.428],[26.717,50.433],[26.728,50.439],[26.732,50.444],[26.735,50.449],[26.736,50.457],[26.737,50.461],[26.74,50.465],[26.746,50.467]],[[26.413,50.25],[26.421,50.25],[26.434,50.247],[26.441,50.247]],[[26.233,50.152],[26.282,50.167],[26.303,50.176],[26.32,50.189],[26.361,50.23],[26.368,50.235],[26.384,50.244],[26.39,50.246],[26.399,50.249],[26.413,50.25]]]}},{"type":"Feature","properties":{"adm0":"UKR","note":"Ukraine_41","featurecla":"Admin-1 boundary"},"geometry":{"type":"MultiLineString","coordinates":[[[26.065,50.265],[26.071,50.265],[26.083,50.262],[26.147,50.243],[26.154,50.242],[26.161,50.241]],[[26.022,50.253],[26.049,50.263],[26.054,50.264],[26.059,50.265],[26.065,50.265]],[[25.947,50.265],[25.957,50.264],[25.97,50.263],[25.999,50.256],[26.012,50.254],[26.022,50.253]],[[25.629,50.151],[25.636,50.151],[25.646,50.154],[25.652,50.157],[25.667,50.167],[25.676,50.171],[25.693,50.173],[25.809,50.179],[25.823,50.184],[25.83,50.188],[25.923,50.253],[25.947,50.265]],[[26.217,50.262],[26.222,50.262],[26.227,50.257],[26.23,50.253],[26.231,50.249],[26.228,50.242],[26.225,50.239],[26.217,50.233],[26.214,50.23],[26.209,50.224],[26.205,50.217],[26.203,50.213],[26.202,50.209],[26.202,50.204],[26.205,50.199],[26.214,50.194],[26.221,50.191],[26.227,50.186],[26.23,50.182],[26.233,50.152]],[[26.161,50.241],[26.166,50.242],[26.195,50.25],[26.203,50.254],[26.213,50.261],[26.217,50.262]],[[25.461,50.164],[25.473,50.163],[25.497,50.159],[25.519,50.152],[25.544,50.148],[25.551,50.145],[25.556,50.143],[25.56,50.141],[25.567,50.141]],[[25.407,50.028],[25.411,50.028],[25.413,50.033],[25.414,50.037],[25.416,50.046],[25.416,50.05],[25.414,50.058],[25.414,50.062],[25.415,50.066],[25.416,50.069],[25.419,50.072],[25.448,50.083],[25.454,50.088],[25.458,50.092],[25.46,50.096],[25.467,50.105],[25.467,50.109],[25.465,50.112],[25.462,50.114],[25.45,50.12],[25.447,50.123],[25.444,50.125],[25.442,50.129],[25.441,50.132],[25.443,50.141],[25.449,50.156],[25.451,50.16],[25.453,50.163],[25.461,50.164]],[[25.612,50.161],[25.618,50.158],[25.625,50.152],[25.629,50.151]],[[25.567,50.141],[25.575,50.143],[25.581,50.146],[25.602,50.16],[25.607,50.161],[25.612,50.161]],[[25.381,50.037],[25.394,50.035],[25.4,50.032],[25.407,50.028]],[[25.368,50.013],[25.37,50.028],[25.371,50.032],[25.375,50.035],[25.381,50.037]]]}},{"type":"Feature","properties":{"adm0":"UKR","note":"Ukraine_40","featurecla":"Admin-1 boundary"},"geometry":{"type":"MultiLineString","coordinates":[[[26.233,50.152],[26.212,50.145],[26.208,50.143],[26.207,50.141],[26.21,50.139],[26.214,50.138],[26.249,50.131],[26.258,50.127],[26.266,50.123],[26.269,50.12],[26.272,50.117],[26.273,50.113],[26.273,50.108],[26.269,50.101],[26.265,50.097],[26.26,50.094],[26.249,50.092],[26.212,50.091],[26.208,50.089],[26.205,50.086],[26.205,50.083],[26.208,50.078],[26.211,50.075],[26.215,50.072],[26.228,50.066],[26.231,50.063],[26.232,50.059],[26.228,50.047],[26.225,50.043],[26.223,50.04],[26.219,50.038],[26.201,50.032],[26.197,50.03],[26.195,50.027],[26.196,50.023],[26.202,50.018],[26.208,50.016],[26.215,50.014],[26.228,50.013],[26.233,50.011],[26.235,50.007],[26.234,49.999],[26.231,49.994],[26.227,49.991],[26.17,49.979],[26.162,49.975],[26.158,49.973],[26.155,49.97],[26.152,49.968],[26.151,49.965],[26.15,49.961],[26.151,49.957],[26.161,49.941],[26.165,49.931],[26.166,49.927],[26.166,49.922],[26.163,49.915],[26.156,49.903],[26.156,49.899],[26.157,49.894],[26.163,49.887],[26.168,49.883],[26.181,49.877],[26.185,49.875],[26.188,49.872],[26.191,49.869],[26.193,49.866],[26.194,49.861],[26.194,49.855],[26.192,49.843],[26.189,49.837],[26.187,49.832],[26.186,49.827],[26.187,49.822],[26.191,49.814],[26.194,49.81],[26.198,49.806],[26.222,49.794],[26.225,49.791],[26.228,49.788],[26.232,49.782],[26.233,49.779],[26.235,49.772],[26.235,49.763],[26.233,49.743],[26.231,49.734],[26.228,49.728],[26.217,49.722],[26.213,49.719],[26.21,49.716],[26.206,49.71],[26.204,49.706],[26.204,49.702],[26.206,49.696],[26.211,49.689],[26.215,49.685],[26.219,49.682],[26.246,49.667],[26.25,49.665],[26.253,49.662],[26.254,49.658],[26.253,49.652],[26.25,49.643],[26.246,49.638],[26.242,49.635],[26.231,49.629],[26.228,49.626],[26.225,49.623],[26.223,49.62],[26.221,49.617],[26.218,49.609],[26.214,49.583],[26.211,49.57],[26.209,49.567],[26.206,49.564],[26.202,49.562],[26.175,49.553],[26.171,49.551],[26.168,49.548],[26.166,49.546],[26.164,49.544],[26.15,49.522],[26.149,49.519],[26.148,49.517],[26.149,49.512],[26.15,49.505],[26.156,49.494],[26.174,49.469],[26.182,49.451],[26.191,49.425],[26.195,49.419],[26.199,49.415],[26.224,49.403],[26.227,49.401],[26.229,49.397],[26.23,49.392],[26.23,49.381],[26.231,49.372],[26.238,49.353],[26.239,49.347],[26.239,49.342],[26.234,49.33],[26.233,49.324],[26.234,49.319],[26.239,49.312],[26.242,49.308],[26.245,49.304],[26.256,49.294],[26.258,49.29],[26.258,49.285],[26.255,49.278],[26.249,49.27],[26.248,49.265],[26.247,49.259],[26.248,49.249],[26.245,49.244],[26.242,49.241],[26.227,49.238],[26.218,49.235],[26.214,49.232],[26.211,49.23],[26.208,49.227],[26.206,49.223],[26.205,49.218],[26.205,49.211],[26.204,49.2],[26.198,49.185],[26.198,49.18],[26.199,49.175],[26.204,49.167],[26.208,49.163],[26.219,49.155],[26.221,49.152],[26.222,49.148],[26.22,49.143],[26.214,49.132],[26.212,49.128],[26.211,49.119],[26.212,49.114],[26.214,49.109],[26.229,49.087],[26.231,49.084],[26.232,49.079],[26.231,49.075],[26.228,49.067],[26.225,49.063],[26.221,49.06],[26.211,49.053],[26.204,49.048],[26.202,49.045],[26.199,49.041],[26.199,49.036],[26.201,49.03],[26.208,49.019],[26.218,49.007],[26.221,49.001],[26.221,48.999],[26.214,48.993],[26.203,48.991],[26.199,48.989],[26.199,48.985],[26.203,48.976],[26.205,48.971],[26.204,48.965],[26.2,48.963],[26.191,48.96],[26.189,48.957],[26.189,48.953],[26.197,48.944],[26.201,48.94],[26.202,48.935],[26.202,48.926],[26.2,48.921],[26.198,48.916],[26.196,48.913],[26.194,48.91],[26.192,48.906],[26.193,48.902],[26.195,48.9],[26.202,48.9]],[[26.217,48.902],[26.221,48.9],[26.223,48.897],[26.222,48.892],[26.219,48.879],[26.214,48.847],[26.215,48.842],[26.217,48.837],[26.231,48.823],[26.235,48.821],[26.239,48.819],[26.259,48.813],[26.263,48.811],[26.264,48.808],[26.262,48.805],[26.257,48.803],[26.246,48.802],[26.241,48.8],[26.24,48.798],[26.239,48.791],[26.236,48.788],[26.231,48.782],[26.229,48.779],[26.229,48.775],[26.232,48.771],[26.245,48.761],[26.249,48.757],[26.251,48.752],[26.25,48.747],[26.245,48.74],[26.244,48.736],[26.244,48.732],[26.244,48.713],[26.244,48.708],[26.242,48.704],[26.237,48.693],[26.236,48.689],[26.235,48.685],[26.237,48.68],[26.242,48.675],[26.254,48.667],[26.263,48.665],[26.271,48.663],[26.277,48.663],[26.282,48.662],[26.285,48.659],[26.284,48.654],[26.283,48.65],[26.283,48.645],[26.285,48.641],[26.294,48.637],[26.3,48.637]],[[26.202,48.9],[26.212,48.902],[26.217,48.902]],[[26.313,48.644],[26.316,48.643],[26.317,48.636],[26.317,48.632],[26.316,48.629],[26.315,48.626],[26.307,48.617],[26.305,48.614],[26.305,48.61],[26.307,48.606],[26.315,48.6],[26.321,48.597],[26.341,48.59],[26.346,48.588],[26.355,48.582],[26.369,48.576],[26.372,48.574],[26.369,48.569],[26.365,48.568],[26.36,48.567],[26.356,48.566],[26.354,48.562],[26.357,48.554],[26.365,48.54],[26.381,48.517]],[[26.3,48.637],[26.304,48.638],[26.31,48.643],[26.313,48.644]]]}},{"type":"Feature","properties":{"adm0":"UKR","note":"Ukraine_39","featurecla":"Admin-1 boundary"},"geometry":{"type":"MultiLineString","coordinates":[[[35.018,49.16],[34.984,49.164]],[[35.075,49.154],[35.064,49.154],[35.057,49.157],[35.048,49.162],[35.041,49.163]],[[35.041,49.163],[35.036,49.163],[35.032,49.162],[35.018,49.16]],[[35.47,48.974],[35.462,48.975],[35.456,48.977],[35.436,48.991],[35.42,49.0],[35.361,49.022],[35.348,49.031],[35.33,49.047],[35.325,49.05],[35.298,49.063],[35.294,49.066],[35.291,49.071],[35.284,49.077],[35.219,49.111],[35.216,49.114],[35.214,49.117],[35.211,49.124],[35.207,49.128],[35.199,49.134],[35.17,49.147],[35.153,49.152],[35.148,49.153],[35.128,49.154],[35.103,49.157],[35.097,49.157]],[[35.097,49.157],[35.075,49.154]],[[35.56,48.972],[35.509,48.977]],[[35.509,48.977],[35.504,48.977],[35.483,48.974],[35.47,48.974]],[[35.967,48.853],[35.962,48.855],[35.961,48.857],[35.963,48.86],[35.967,48.863],[35.974,48.867],[36.0,48.877],[36.004,48.879],[36.007,48.881],[36.018,48.894],[36.021,48.897],[36.022,48.9],[36.021,48.903],[36.018,48.905],[36.0,48.919],[35.993,48.926],[35.992,48.929],[35.992,48.933],[35.993,48.937],[35.989,48.944],[35.98,48.952],[35.953,48.969],[35.94,48.975],[35.931,48.976]],[[35.931,48.976],[35.918,48.971],[35.871,48.96],[35.854,48.954],[35.838,48.946],[35.834,48.944],[35.824,48.942],[35.819,48.942],[35.809,48.939],[35.806,48.937],[35.801,48.935],[35.794,48.934]],[[35.619,48.959],[35.613,48.96],[35.608,48.962],[35.603,48.966],[35.586,48.975],[35.579,48.976]],[[35.579,48.976],[35.574,48.975],[35.57,48.974],[35.565,48.972],[35.56,48.972]],[[35.679,48.948],[35.672,48.95],[35.663,48.956],[35.656,48.958],[35.649,48.959]],[[35.649,48.959],[35.619,48.959]],[[35.794,48.934],[35.784,48.935],[35.773,48.939],[35.753,48.945],[35.711,48.954],[35.703,48.954]],[[35.703,48.954],[35.694,48.95],[35.689,48.948],[35.679,48.948]],[[36.289,48.527],[36.284,48.528],[36.274,48.535],[36.273,48.538],[36.274,48.541],[36.277,48.544],[36.303,48.565],[36.306,48.567],[36.308,48.57],[36.306,48.572],[36.304,48.575],[36.286,48.587],[36.27,48.595],[36.268,48.598],[36.267,48.601],[36.268,48.605],[36.27,48.608],[36.284,48.624],[36.286,48.628],[36.287,48.631],[36.286,48.634],[36.283,48.637],[36.271,48.647],[36.199,48.686],[36.175,48.703],[36.138,48.721],[36.133,48.724],[36.132,48.727],[36.133,48.731],[36.135,48.734],[36.137,48.738],[36.141,48.74],[36.161,48.749],[36.166,48.753],[36.168,48.755],[36.171,48.758],[36.169,48.762],[36.164,48.767],[36.137,48.78],[36.131,48.784],[36.125,48.793],[36.119,48.797],[36.11,48.801],[36.088,48.81],[36.079,48.815],[36.075,48.82],[36.075,48.824],[36.072,48.829],[36.064,48.832],[36.037,48.838],[36.029,48.841],[36.012,48.851],[36.005,48.853],[36.0,48.854]],[[36.0,48.854],[35.967,48.853]],[[36.595,48.602],[36.583,48.603],[36.576,48.605],[36.573,48.607],[36.567,48.614],[36.561,48.618],[36.546,48.626],[36.501,48.643],[36.485,48.647],[36.477,48.647]],[[36.477,48.647],[36.471,48.646],[36.455,48.638],[36.382,48.581],[36.366,48.562],[36.365,48.558],[36.365,48.555],[36.369,48.553],[36.377,48.549],[36.378,48.546],[36.375,48.542],[36.358,48.534],[36.349,48.531]],[[36.725,48.626],[36.667,48.621],[36.649,48.612],[36.641,48.606],[36.631,48.603],[36.595,48.602]],[[36.349,48.531],[36.342,48.531],[36.338,48.533],[36.331,48.538],[36.326,48.54],[36.32,48.542]],[[36.32,48.542],[36.315,48.541],[36.311,48.538],[36.302,48.532],[36.294,48.527],[36.289,48.527]]]}},{"type":"Feature","properties":{"adm0":"UKR","note":"Ukraine_38","featurecla":"Admin-1 boundary"},"geometry":{"type":"MultiLineString","coordinates":[[[34.926,49.183],[34.932,49.183],[34.944,49.18],[34.954,49.177],[34.984,49.164]],[[34.879,49.144],[34.886,49.146],[34.891,49.148],[34.894,49.151],[34.896,49.155],[34.9,49.163],[34.902,49.168],[34.906,49.173],[34.914,49.179],[34.92,49.182],[34.926,49.183]],[[34.831,49.181],[34.837,49.181],[34.865,49.173],[34.869,49.171],[34.871,49.169],[34.871,49.166],[34.868,49.163],[34.861,49.159],[34.858,49.156],[34.857,49.153],[34.857,49.15],[34.861,49.147],[34.867,49.145],[34.879,49.144]],[[34.809,49.174],[34.817,49.175],[34.825,49.18],[34.831,49.181]],[[34.784,49.175],[34.809,49.174]],[[34.43,49.075],[34.61,49.127],[34.645,49.13],[34.726,49.146],[34.736,49.149],[34.742,49.152],[34.752,49.16],[34.763,49.167],[34.77,49.171],[34.778,49.174],[34.784,49.175]],[[34.414,49.078],[34.42,49.078],[34.43,49.075]],[[34.237,48.746],[34.266,48.759],[34.288,48.773],[34.291,48.775],[34.294,48.778],[34.295,48.781],[34.295,48.784],[34.293,48.787],[34.289,48.789],[34.284,48.791],[34.28,48.793],[34.276,48.795],[34.275,48.799],[34.275,48.802],[34.275,48.806],[34.276,48.81],[34.278,48.813],[34.299,48.828],[34.31,48.832],[34.314,48.836],[34.316,48.84],[34.314,48.854],[34.314,48.858],[34.313,48.861],[34.311,48.864],[34.309,48.867],[34.306,48.87],[34.277,48.888],[34.274,48.891],[34.273,48.894],[34.272,48.898],[34.272,48.902],[34.274,48.914],[34.276,48.918],[34.278,48.922],[34.287,48.936],[34.301,48.964],[34.304,48.967],[34.308,48.971],[34.314,48.975],[34.325,48.981],[34.344,48.985],[34.357,48.986],[34.364,48.988],[34.368,48.991],[34.369,48.995],[34.367,48.997],[34.363,48.999],[34.353,48.999],[34.347,49.0],[34.346,49.0],[34.345,49.001],[34.344,49.003],[34.343,49.005],[34.344,49.009],[34.347,49.012],[34.351,49.014],[34.376,49.028],[34.39,49.038],[34.403,49.05],[34.405,49.054],[34.406,49.057],[34.407,49.061],[34.405,49.068],[34.405,49.072],[34.408,49.077],[34.414,49.078]],[[33.919,48.866],[33.928,48.86],[34.04,48.808],[34.047,48.807]],[[34.062,48.808],[34.069,48.808],[34.075,48.805],[34.087,48.798],[34.093,48.795],[34.11,48.79],[34.162,48.784],[34.193,48.774],[34.224,48.748],[34.237,48.746]],[[34.047,48.807],[34.062,48.808]]]}},{"type":"Feature","properties":{"adm0":"UKR","note":"Ukraine_37","featurecla":"Admin-1 boundary"},"geometry":{"type":"MultiLineString","coordinates":[[[32.069,50.239],[32.057,50.242],[32.048,50.246],[32.038,50.249],[32.032,50.251],[32.019,50.251]],[[32.019,50.251],[32.014,50.251],[32.004,50.249],[31.999,50.247],[31.994,50.243],[31.984,50.235],[31.979,50.229],[31.975,50.224],[31.974,50.22],[31.973,50.216],[31.974,50.212],[31.974,50.21],[31.975,50.208],[31.977,50.205],[31.982,50.2],[31.986,50.198],[31.992,50.193],[31.994,50.19],[31.995,50.186],[31.996,50.183],[31.995,50.179],[31.993,50.176],[31.988,50.169],[31.981,50.164],[31.96,50.15],[31.954,50.148],[31.948,50.146],[31.936,50.145]],[[31.936,50.145],[31.928,50.145],[31.918,50.148]],[[31.918,50.148],[31.914,50.147],[31.91,50.141],[31.905,50.132],[31.9,50.125],[31.893,50.121],[31.862,50.106],[31.853,50.1],[31.85,50.095],[31.851,50.092],[31.858,50.079],[31.859,50.076],[31.86,50.072],[31.86,50.064],[31.862,50.057],[31.864,50.05],[31.871,50.037],[31.874,50.031],[31.873,50.027],[31.872,50.023],[31.866,50.02],[31.858,50.017],[31.819,50.01],[31.814,50.008],[31.81,50.006],[31.807,50.001],[31.806,49.998],[31.807,49.995],[31.808,49.992],[31.809,49.984],[31.81,49.977],[31.809,49.969],[31.807,49.96],[31.802,49.953],[31.793,49.939],[31.767,49.918],[31.765,49.915],[31.764,49.911],[31.765,49.901],[31.764,49.897],[31.763,49.893],[31.76,49.891],[31.742,49.879],[31.731,49.867],[31.721,49.854],[31.717,49.849],[31.713,49.847],[31.707,49.847]],[[31.497,49.84],[31.492,49.842],[31.489,49.844],[31.483,49.849],[31.476,49.855],[31.474,49.857],[31.472,49.861],[31.471,49.868],[31.47,49.872],[31.468,49.875],[31.465,49.877],[31.461,49.879],[31.457,49.882],[31.454,49.884],[31.452,49.887],[31.451,49.89],[31.449,49.894],[31.448,49.897],[31.447,49.901],[31.444,49.903],[31.441,49.905],[31.435,49.906],[31.43,49.906]],[[31.43,49.906],[31.423,49.905],[31.405,49.901],[31.394,49.9]],[[31.394,49.9],[31.357,49.9]],[[31.357,49.9],[31.346,49.899],[31.336,49.897],[31.259,49.862],[31.224,49.859],[31.218,49.857],[31.212,49.854],[31.205,49.847],[31.195,49.835],[31.192,49.832],[31.182,49.825],[31.18,49.821],[31.179,49.818],[31.181,49.815],[31.184,49.813],[31.192,49.809],[31.196,49.807],[31.199,49.804],[31.198,49.801],[31.197,49.797],[31.185,49.782],[31.184,49.781],[31.183,49.777],[31.182,49.774],[31.182,49.77],[31.185,49.768],[31.188,49.765],[31.192,49.763],[31.195,49.76],[31.197,49.757],[31.197,49.753],[31.188,49.718],[31.186,49.714],[31.172,49.699],[31.17,49.696],[31.169,49.692],[31.169,49.689],[31.174,49.683],[31.175,49.679],[31.176,49.676],[31.175,49.672],[31.173,49.668],[31.163,49.655],[31.15,49.633],[31.147,49.629],[31.135,49.622],[31.131,49.618],[31.128,49.614],[31.127,49.603],[31.128,49.599],[31.13,49.596],[31.133,49.593],[31.138,49.592],[31.149,49.59],[31.154,49.588],[31.157,49.585],[31.158,49.582],[31.159,49.578],[31.159,49.574],[31.158,49.562],[31.157,49.559],[31.156,49.556],[31.15,49.553],[31.119,49.538],[31.11,49.533],[31.104,49.528],[31.088,49.501],[31.083,49.496],[31.081,49.493],[31.077,49.491],[31.035,49.472],[31.029,49.468],[31.023,49.462],[30.998,49.447],[30.988,49.439],[30.979,49.431],[30.974,49.428],[30.956,49.419],[30.95,49.414],[30.946,49.41],[30.922,49.382],[30.92,49.379],[30.919,49.374],[30.919,49.37],[30.919,49.359],[30.919,49.355],[30.915,49.35],[30.908,49.346]],[[31.707,49.847],[31.613,49.858],[31.609,49.86],[31.606,49.863],[31.605,49.866],[31.607,49.887],[31.606,49.89],[31.604,49.894],[31.601,49.896],[31.597,49.898]],[[31.597,49.898],[31.591,49.897],[31.586,49.896],[31.583,49.891],[31.582,49.888],[31.581,49.881],[31.578,49.873],[31.576,49.869],[31.574,49.865],[31.571,49.863],[31.565,49.861],[31.558,49.859],[31.545,49.859]],[[31.545,49.859],[31.538,49.86],[31.532,49.862],[31.529,49.864],[31.525,49.866],[31.519,49.866]],[[31.519,49.866],[31.514,49.865],[31.509,49.859],[31.507,49.854],[31.504,49.845],[31.502,49.842],[31.5,49.84],[31.497,49.84]],[[30.908,49.346],[30.894,49.348],[30.888,49.35],[30.884,49.353],[30.882,49.356],[30.879,49.359],[30.875,49.361]],[[30.875,49.361],[30.868,49.361],[30.859,49.357],[30.848,49.35],[30.842,49.348],[30.832,49.347]],[[30.655,49.351],[30.642,49.352],[30.635,49.353],[30.627,49.358],[30.623,49.359]],[[30.623,49.359],[30.619,49.359],[30.615,49.355],[30.602,49.338],[30.596,49.332],[30.593,49.33],[30.588,49.33]],[[30.725,49.321],[30.72,49.321],[30.715,49.324],[30.712,49.327],[30.692,49.349],[30.689,49.352],[30.685,49.354],[30.678,49.354]],[[30.678,49.354],[30.669,49.354],[30.655,49.351]],[[30.832,49.347],[30.816,49.352],[30.81,49.352]],[[30.81,49.352],[30.801,49.349],[30.796,49.346],[30.785,49.337],[30.781,49.335],[30.748,49.329],[30.73,49.322],[30.725,49.321]],[[30.498,49.324],[30.494,49.324],[30.489,49.327],[30.486,49.33],[30.484,49.333],[30.479,49.339],[30.475,49.341],[30.467,49.346],[30.463,49.347],[30.458,49.349],[30.452,49.35]],[[30.452,49.35],[30.445,49.35],[30.438,49.349],[30.428,49.344],[30.423,49.34],[30.42,49.336],[30.417,49.328],[30.416,49.32],[30.417,49.312],[30.416,49.308],[30.415,49.304],[30.409,49.293],[30.39,49.239],[30.387,49.235],[30.382,49.233]],[[30.588,49.33],[30.56,49.34],[30.555,49.341]],[[30.555,49.341],[30.55,49.341],[30.539,49.334],[30.534,49.332],[30.501,49.324],[30.498,49.324]],[[30.382,49.233],[30.373,49.233],[30.363,49.237],[30.36,49.241],[30.358,49.245],[30.358,49.249],[30.358,49.252],[30.357,49.255],[30.354,49.257],[30.35,49.258],[30.174,49.282],[30.169,49.284],[30.166,49.287],[30.164,49.29],[30.164,49.293],[30.166,49.297],[30.171,49.304],[30.182,49.315],[30.183,49.319],[30.183,49.321],[30.179,49.323],[30.158,49.329],[30.152,49.33]],[[30.152,49.33],[30.146,49.329],[30.136,49.319],[30.129,49.314],[30.115,49.309],[30.108,49.305],[30.104,49.301],[30.104,49.298],[30.105,49.296],[30.107,49.294],[30.114,49.286],[30.116,49.283],[30.117,49.279],[30.116,49.277],[30.112,49.275]],[[30.112,49.275],[30.103,49.276],[30.098,49.277],[30.088,49.281],[30.083,49.282],[30.053,49.283],[30.045,49.285],[30.039,49.285]],[[30.039,49.285],[30.032,49.283],[30.024,49.278],[30.014,49.267],[30.007,49.265],[29.997,49.264],[29.964,49.263],[29.954,49.261],[29.932,49.251],[29.92,49.246],[29.917,49.244],[29.914,49.24],[29.909,49.23],[29.906,49.225],[29.898,49.217],[29.891,49.212],[29.877,49.203],[29.874,49.2],[29.871,49.197],[29.87,49.193],[29.87,49.19],[29.872,49.179],[29.869,49.176],[29.862,49.174]],[[29.778,49.171],[29.761,49.175],[29.741,49.184],[29.734,49.19],[29.729,49.195],[29.728,49.202],[29.731,49.205],[29.735,49.208],[29.739,49.209],[29.743,49.211],[29.745,49.213],[29.741,49.217],[29.736,49.22],[29.697,49.227]],[[29.862,49.174],[29.837,49.175]],[[29.837,49.175],[29.778,49.171]]]}},{"type":"Feature","properties":{"adm0":"UKR","note":"Ukraine_36","featurecla":"Admin-1 boundary"},"geometry":{"type":"MultiLineString","coordinates":[[[32.079,50.237],[32.069,50.239]],[[32.221,50.147],[32.216,50.148],[32.209,50.15],[32.192,50.166],[32.19,50.168],[32.186,50.169],[32.175,50.172],[32.155,50.175],[32.148,50.177],[32.141,50.182],[32.137,50.187],[32.135,50.195],[32.132,50.199],[32.129,50.202],[32.125,50.205],[32.112,50.217],[32.106,50.227],[32.1,50.233],[32.095,50.237],[32.089,50.238]],[[32.089,50.238],[32.079,50.237]],[[32.299,50.05],[32.293,50.05],[32.27,50.056],[32.263,50.059],[32.255,50.063],[32.252,50.067],[32.232,50.112],[32.231,50.119],[32.234,50.12],[32.268,50.128],[32.272,50.131],[32.275,50.136],[32.274,50.148],[32.272,50.153],[32.27,50.157],[32.263,50.161],[32.258,50.162]],[[32.258,50.162],[32.254,50.162],[32.251,50.161],[32.245,50.158],[32.238,50.154],[32.23,50.15],[32.221,50.147]],[[32.396,49.887],[32.4,49.888],[32.404,49.89],[32.407,49.893],[32.409,49.899],[32.407,49.916],[32.406,49.922],[32.407,49.926],[32.415,49.947],[32.416,49.952],[32.417,49.958],[32.416,49.967],[32.413,49.972],[32.409,49.976],[32.385,49.985],[32.381,49.987],[32.374,49.994],[32.329,50.052],[32.324,50.053]],[[32.324,50.053],[32.319,50.053],[32.304,50.05],[32.299,50.05]],[[32.377,49.89],[32.383,49.89],[32.392,49.887],[32.396,49.887]],[[32.44,49.803],[32.435,49.804],[32.431,49.805],[32.427,49.807],[32.408,49.822],[32.373,49.864],[32.366,49.874],[32.364,49.881],[32.366,49.885],[32.369,49.887],[32.373,49.889],[32.377,49.89]],[[32.507,49.78],[32.504,49.78],[32.5,49.782],[32.498,49.784],[32.494,49.789],[32.487,49.795],[32.473,49.805],[32.469,49.807],[32.464,49.808]],[[32.464,49.808],[32.459,49.808],[32.454,49.807],[32.445,49.804],[32.44,49.803]],[[32.789,49.262],[32.793,49.309],[32.792,49.326],[32.789,49.334],[32.748,49.406],[32.743,49.412],[32.704,49.446],[32.697,49.45],[32.687,49.46],[32.679,49.471],[32.676,49.477],[32.676,49.482],[32.715,49.525],[32.719,49.528],[32.722,49.53],[32.726,49.532],[32.748,49.541],[32.751,49.543],[32.754,49.547],[32.757,49.553],[32.76,49.564],[32.76,49.571],[32.759,49.576],[32.752,49.594],[32.749,49.598],[32.745,49.601],[32.719,49.613],[32.715,49.616],[32.711,49.62],[32.706,49.627],[32.704,49.632],[32.701,49.661],[32.697,49.667],[32.693,49.672],[32.584,49.699],[32.579,49.702],[32.571,49.706],[32.569,49.71],[32.568,49.714],[32.57,49.74],[32.57,49.746],[32.568,49.757],[32.566,49.763],[32.562,49.767],[32.53,49.783],[32.525,49.784]],[[32.525,49.784],[32.52,49.784],[32.512,49.781],[32.507,49.78]]]}},{"type":"Feature","properties":{"adm0":"UKR","note":"Ukraine_35","featurecla":"Admin-1 boundary"},"geometry":{"type":"MultiLineString","coordinates":[[[33.383,48.94],[33.379,48.94],[33.376,48.941],[33.374,48.943],[33.371,48.946],[33.365,48.949],[33.349,48.957],[33.345,48.96],[33.342,48.962],[33.34,48.965],[33.323,48.981],[33.319,48.984],[33.304,48.991],[33.301,48.993],[33.299,48.995],[33.301,48.997],[33.311,49.001],[33.314,49.003],[33.316,49.005],[33.319,49.008],[33.32,49.012],[33.319,49.016],[33.318,49.023],[33.319,49.026],[33.323,49.027],[33.338,49.029],[33.343,49.031],[33.346,49.033],[33.347,49.036],[33.346,49.04],[33.342,49.044],[33.317,49.049],[33.309,49.051],[33.305,49.055],[33.301,49.063],[33.297,49.065],[33.204,49.071],[33.197,49.075],[33.192,49.078],[33.181,49.09],[33.179,49.092],[33.178,49.095],[33.174,49.101],[33.156,49.121],[33.149,49.126],[33.142,49.13],[33.038,49.182],[32.789,49.262]],[[33.548,48.902],[33.543,48.903],[33.54,48.906],[33.535,48.91],[33.525,48.916],[33.481,48.927],[33.474,48.931],[33.467,48.936],[33.456,48.942],[33.425,48.951],[33.411,48.954]],[[33.411,48.954],[33.401,48.953],[33.398,48.951],[33.395,48.947],[33.391,48.943],[33.383,48.94]],[[33.669,48.869],[33.667,48.871],[33.666,48.875],[33.665,48.878],[33.663,48.885],[33.654,48.896],[33.652,48.899],[33.641,48.906],[33.633,48.911],[33.597,48.922],[33.588,48.923]],[[33.588,48.923],[33.581,48.921],[33.571,48.909],[33.566,48.906],[33.56,48.904],[33.548,48.902]],[[33.919,48.866],[33.9,48.886],[33.892,48.892],[33.876,48.897],[33.859,48.9],[33.825,48.9],[33.807,48.903],[33.778,48.923]],[[33.778,48.923],[33.747,48.919],[33.745,48.916],[33.739,48.913],[33.73,48.911],[33.711,48.91],[33.701,48.908],[33.695,48.906],[33.692,48.903],[33.69,48.899],[33.685,48.882],[33.683,48.877],[33.68,48.873],[33.674,48.869],[33.669,48.869]]]}},{"type":"Feature","properties":{"adm0":"UKR","note":"Ukraine_34","featurecla":"Admin-1 boundary"},"geometry":{"type":"MultiLineString","coordinates":[[[33.819,48.759],[33.826,48.759],[33.83,48.762],[33.833,48.765],[33.835,48.769],[33.843,48.785],[33.85,48.794],[33.858,48.797],[33.864,48.802],[33.872,48.81],[33.881,48.815],[33.885,48.82],[33.887,48.823],[33.888,48.828],[33.894,48.84],[33.919,48.866]],[[33.665,48.808],[33.671,48.807],[33.677,48.807],[33.683,48.805],[33.687,48.803],[33.689,48.8],[33.691,48.797],[33.693,48.79],[33.695,48.787],[33.698,48.785],[33.703,48.783],[33.709,48.783]],[[33.613,48.784],[33.619,48.784],[33.658,48.806],[33.665,48.808]],[[33.754,48.808],[33.76,48.807],[33.766,48.806],[33.771,48.804],[33.774,48.801],[33.774,48.798],[33.771,48.785],[33.772,48.781],[33.775,48.779]],[[33.709,48.783],[33.715,48.784],[33.721,48.786],[33.741,48.803],[33.744,48.805],[33.749,48.807],[33.754,48.808]],[[33.802,48.796],[33.804,48.794],[33.804,48.79],[33.804,48.786],[33.804,48.782],[33.805,48.779],[33.811,48.771],[33.811,48.762],[33.814,48.76],[33.819,48.759]],[[33.775,48.779],[33.782,48.78],[33.787,48.785],[33.793,48.793],[33.798,48.796],[33.802,48.796]],[[33.59,48.795],[33.595,48.794],[33.598,48.792],[33.6,48.789],[33.603,48.786],[33.607,48.784],[33.613,48.784]],[[33.573,48.557],[33.58,48.559],[33.607,48.579],[33.612,48.581],[33.614,48.581],[33.617,48.583],[33.723,48.617],[33.73,48.62],[33.766,48.646],[33.773,48.649],[33.778,48.649],[33.784,48.65],[33.791,48.651],[33.8,48.653],[33.813,48.66],[33.819,48.664],[33.821,48.668],[33.819,48.671],[33.814,48.673],[33.775,48.679],[33.77,48.681],[33.767,48.683],[33.765,48.686],[33.764,48.69],[33.763,48.693],[33.761,48.696],[33.757,48.698],[33.698,48.7],[33.692,48.701],[33.686,48.702],[33.664,48.712],[33.659,48.714],[33.604,48.72],[33.599,48.722],[33.595,48.724],[33.592,48.726],[33.587,48.736],[33.585,48.739],[33.583,48.742],[33.579,48.744],[33.57,48.748],[33.566,48.75],[33.563,48.753],[33.561,48.756],[33.558,48.762],[33.557,48.766],[33.558,48.772],[33.572,48.787],[33.578,48.792],[33.584,48.794],[33.59,48.795]],[[33.564,48.564],[33.566,48.563],[33.569,48.557],[33.573,48.557]],[[33.384,48.172],[33.396,48.173],[33.403,48.175],[33.408,48.178],[33.416,48.185],[33.456,48.211],[33.459,48.214],[33.471,48.228],[33.476,48.23],[33.482,48.231],[33.489,48.231],[33.497,48.232],[33.508,48.235],[33.513,48.239],[33.516,48.243],[33.526,48.29],[33.527,48.294],[33.526,48.297],[33.523,48.3],[33.519,48.302],[33.508,48.305],[33.503,48.307],[33.501,48.309],[33.5,48.31],[33.5,48.311],[33.499,48.32],[33.495,48.372],[33.49,48.393],[33.489,48.396],[33.489,48.4],[33.489,48.404],[33.487,48.407],[33.483,48.409],[33.478,48.41],[33.475,48.412],[33.473,48.415],[33.471,48.423],[33.472,48.429],[33.476,48.433],[33.483,48.437],[33.485,48.441],[33.484,48.444],[33.463,48.477],[33.461,48.484],[33.46,48.487],[33.462,48.495],[33.462,48.498],[33.458,48.499],[33.449,48.499],[33.447,48.5],[33.446,48.5],[33.445,48.502],[33.443,48.504],[33.442,48.508],[33.441,48.513],[33.443,48.521],[33.445,48.525],[33.449,48.528],[33.478,48.541],[33.564,48.564]],[[33.353,48.186],[33.357,48.184],[33.36,48.182],[33.363,48.179],[33.366,48.177],[33.37,48.175],[33.373,48.173],[33.378,48.172],[33.384,48.172]],[[33.269,48.103],[33.273,48.104],[33.276,48.107],[33.283,48.123],[33.292,48.138],[33.295,48.141],[33.335,48.171],[33.341,48.177],[33.344,48.184],[33.348,48.186],[33.353,48.186]],[[33.246,48.175],[33.25,48.175],[33.252,48.172],[33.254,48.169],[33.262,48.142],[33.262,48.14],[33.261,48.137],[33.258,48.134],[33.256,48.131],[33.254,48.128],[33.254,48.124],[33.255,48.121],[33.257,48.11],[33.259,48.107],[33.262,48.104],[33.269,48.103]],[[33.187,48.08],[33.211,48.084],[33.218,48.087],[33.222,48.09],[33.226,48.098],[33.227,48.102],[33.228,48.11],[33.228,48.118],[33.226,48.125],[33.226,48.133],[33.228,48.141],[33.233,48.153],[33.238,48.171],[33.242,48.174],[33.246,48.175]],[[33.149,48.082],[33.187,48.08]],[[33.035,47.967],[33.046,48.0],[33.057,48.026],[33.062,48.029],[33.069,48.033],[33.076,48.034],[33.088,48.039],[33.095,48.045],[33.104,48.057],[33.111,48.064],[33.12,48.07],[33.134,48.077],[33.143,48.08],[33.149,48.082]]]}},{"type":"Feature","properties":{"adm0":"UKR","note":"Ukraine_33","featurecla":"Admin-1 boundary"},"geometry":{"type":"MultiLineString","coordinates":[[[32.775,48.962],[32.782,48.964],[32.787,48.967],[32.792,48.971],[32.799,48.976],[32.845,49.001],[32.851,49.006],[32.854,49.01],[32.855,49.014],[32.855,49.018],[32.854,49.021],[32.849,49.023],[32.831,49.026],[32.827,49.028],[32.825,49.03],[32.808,49.062],[32.806,49.065],[32.801,49.074],[32.8,49.076],[32.8,49.078],[32.799,49.085],[32.799,49.112],[32.798,49.123],[32.79,49.147],[32.782,49.159],[32.78,49.162],[32.777,49.165],[32.774,49.167],[32.771,49.17],[32.759,49.176],[32.753,49.181],[32.752,49.185],[32.753,49.188],[32.775,49.23],[32.777,49.234],[32.789,49.262]],[[32.332,49.09],[32.337,49.089],[32.341,49.087],[32.343,49.084],[32.344,49.081],[32.342,49.073],[32.343,49.07],[32.346,49.067],[32.355,49.063],[32.359,49.061],[32.36,49.058],[32.361,49.054],[32.362,49.05],[32.365,49.048],[32.369,49.046],[32.38,49.043],[32.397,49.041],[32.408,49.041]],[[32.279,49.047],[32.285,49.048],[32.288,49.05],[32.288,49.053],[32.287,49.057],[32.286,49.06],[32.285,49.063],[32.286,49.067],[32.289,49.07],[32.301,49.078],[32.312,49.08],[32.327,49.088],[32.332,49.09]],[[32.449,49.057],[32.453,49.056],[32.455,49.053],[32.455,49.049],[32.454,49.025],[32.454,49.022],[32.456,49.018],[32.463,49.01],[32.502,48.975],[32.504,48.973],[32.507,48.967],[32.511,48.957],[32.513,48.938],[32.514,48.934],[32.515,48.931],[32.52,48.929],[32.527,48.928]],[[32.408,49.041],[32.416,49.042],[32.421,49.044],[32.434,49.052],[32.443,49.057],[32.449,49.057]],[[32.248,49.053],[32.254,49.052],[32.265,49.049],[32.279,49.047]],[[32.104,48.91],[32.121,48.91],[32.129,48.913],[32.134,48.916],[32.137,48.919],[32.144,48.936],[32.145,48.94],[32.146,48.944],[32.146,48.948],[32.144,48.951],[32.141,48.954],[32.137,48.956],[32.134,48.958],[32.133,48.961],[32.134,48.965],[32.138,48.972],[32.143,48.976],[32.149,48.98],[32.185,48.995],[32.189,48.997],[32.193,49.0],[32.205,49.015],[32.214,49.025],[32.23,49.044],[32.234,49.048],[32.241,49.052],[32.248,49.053]],[[32.689,48.987],[32.695,48.987],[32.706,48.984],[32.732,48.972],[32.736,48.97],[32.74,48.968],[32.744,48.966],[32.759,48.962],[32.775,48.962]],[[32.621,48.944],[32.628,48.944],[32.634,48.946],[32.652,48.956],[32.662,48.964],[32.668,48.97],[32.67,48.974],[32.673,48.978],[32.676,48.982],[32.683,48.986],[32.689,48.987]],[[32.568,48.958],[32.574,48.958],[32.583,48.954],[32.595,48.948],[32.6,48.946],[32.608,48.944],[32.621,48.944]],[[32.527,48.928],[32.541,48.928],[32.547,48.93],[32.551,48.933],[32.552,48.937],[32.552,48.94],[32.552,48.944],[32.553,48.949],[32.556,48.952],[32.562,48.957],[32.568,48.958]],[[31.689,48.945],[31.724,48.944],[31.732,48.943],[31.81,48.924],[31.842,48.91],[31.846,48.906],[31.851,48.903],[31.854,48.898],[31.857,48.893],[31.859,48.888],[31.864,48.871],[31.868,48.866],[31.875,48.862],[31.887,48.86]],[[31.651,48.917],[31.66,48.92],[31.667,48.925],[31.67,48.932],[31.676,48.94],[31.684,48.943],[31.689,48.945]],[[32.026,48.928],[32.032,48.928],[32.036,48.926],[32.04,48.924],[32.042,48.922],[32.043,48.919],[32.045,48.917],[32.052,48.916]],[[31.887,48.86],[31.895,48.862],[31.901,48.866],[31.907,48.871],[31.92,48.879],[31.926,48.884],[31.931,48.891],[31.939,48.896],[31.953,48.902],[31.998,48.912],[32.003,48.915],[32.021,48.927],[32.026,48.928]],[[31.553,48.926],[31.561,48.926],[31.592,48.918],[31.651,48.917]],[[31.367,48.733],[31.389,48.738],[31.41,48.745],[31.442,48.751],[31.455,48.756],[31.462,48.761],[31.47,48.776],[31.474,48.787],[31.476,48.793],[31.478,48.799],[31.481,48.803],[31.491,48.811],[31.517,48.826],[31.523,48.83],[31.527,48.835],[31.531,48.847],[31.532,48.853],[31.532,48.872],[31.529,48.891],[31.529,48.904],[31.531,48.911],[31.535,48.917],[31.544,48.924],[31.553,48.926]],[[32.08,48.92],[32.087,48.919],[32.089,48.917],[32.091,48.913],[32.096,48.911],[32.104,48.91]],[[32.052,48.916],[32.08,48.92]],[[30.721,48.767],[30.733,48.765]],[[30.484,48.554],[30.557,48.559],[30.568,48.562],[30.574,48.565],[30.577,48.573],[30.578,48.581],[30.577,48.601],[30.576,48.604],[30.573,48.607],[30.569,48.609],[30.548,48.615],[30.544,48.617],[30.541,48.619],[30.544,48.625],[30.554,48.632],[30.592,48.654],[30.599,48.66],[30.601,48.664],[30.611,48.692],[30.611,48.694],[30.611,48.697],[30.61,48.7],[30.609,48.704],[30.604,48.71],[30.607,48.715],[30.615,48.722],[30.638,48.733],[30.668,48.752],[30.702,48.765],[30.713,48.767],[30.721,48.767]],[[30.747,48.766],[30.754,48.765],[30.759,48.764],[30.764,48.762],[30.77,48.761],[30.777,48.76]],[[30.733,48.765],[30.747,48.766]],[[30.791,48.761],[30.799,48.76],[30.804,48.759],[30.809,48.753],[30.812,48.751],[30.82,48.75]],[[30.777,48.76],[30.791,48.761]],[[30.877,48.757],[30.888,48.754]],[[30.82,48.75],[30.832,48.75],[30.868,48.756],[30.877,48.757]],[[30.938,48.756],[30.95,48.755],[30.966,48.751],[30.991,48.749],[31.021,48.743],[31.039,48.736],[31.05,48.73],[31.055,48.728],[31.061,48.728],[31.067,48.727]],[[30.888,48.754],[30.938,48.756]],[[31.224,48.754],[31.236,48.752],[31.258,48.748],[31.264,48.747]],[[31.067,48.727],[31.075,48.728],[31.116,48.728],[31.132,48.732],[31.18,48.751],[31.189,48.753],[31.224,48.754]],[[31.281,48.748],[31.294,48.747],[31.309,48.743],[31.313,48.741],[31.315,48.74],[31.318,48.737],[31.325,48.728],[31.328,48.726],[31.333,48.724]],[[31.264,48.747],[31.281,48.748]],[[31.354,48.734],[31.367,48.733]],[[31.333,48.724],[31.337,48.725],[31.346,48.732],[31.354,48.734]],[[30.438,48.573],[30.456,48.571],[30.461,48.569],[30.465,48.567],[30.47,48.561],[30.472,48.558],[30.475,48.556],[30.479,48.554],[30.484,48.554]],[[30.242,48.477],[30.247,48.478],[30.25,48.48],[30.255,48.485],[30.385,48.531],[30.387,48.534],[30.389,48.538],[30.39,48.542],[30.392,48.551],[30.393,48.556],[30.396,48.561],[30.403,48.567],[30.409,48.57],[30.415,48.572],[30.438,48.573]],[[30.194,48.493],[30.199,48.492],[30.203,48.49],[30.206,48.488],[30.209,48.485],[30.213,48.482],[30.221,48.479],[30.236,48.477],[30.242,48.477]],[[30.108,48.453],[30.121,48.456],[30.146,48.474],[30.174,48.489],[30.185,48.492],[30.194,48.493]],[[30.076,48.455],[30.108,48.453]]]}},{"type":"Feature","properties":{"adm0":"UKR","note":"Ukraine_32","featurecla":"Admin-1 boundary"},"geometry":{"type":"MultiLineString","coordinates":[[[27.37,48.63],[27.359,48.624],[27.345,48.608],[27.335,48.602],[27.322,48.601]],[[27.322,48.601],[27.313,48.605],[27.304,48.611],[27.295,48.616],[27.255,48.621]],[[27.255,48.621],[27.234,48.618],[27.236,48.606],[27.245,48.601],[27.255,48.6],[27.262,48.596],[27.261,48.582],[27.256,48.574],[27.248,48.57],[27.237,48.569],[27.226,48.568]],[[26.859,48.54],[26.841,48.546],[26.828,48.561],[26.823,48.581],[26.829,48.602],[26.819,48.607],[26.808,48.609]],[[26.808,48.609],[26.798,48.608],[26.788,48.602],[26.783,48.593],[26.789,48.578],[26.788,48.568],[26.773,48.551],[26.759,48.551]],[[26.759,48.551],[26.75,48.562],[26.746,48.579],[26.741,48.589],[26.729,48.595]],[[26.729,48.595],[26.717,48.595],[26.712,48.585],[26.716,48.578],[26.735,48.564],[26.739,48.558],[26.734,48.541],[26.722,48.535]],[[27.226,48.568],[27.214,48.57],[27.192,48.58],[27.181,48.582]],[[27.181,48.582],[27.147,48.582],[27.141,48.579],[27.129,48.565],[27.123,48.561],[27.113,48.559]],[[27.023,48.561],[27.017,48.565],[27.004,48.575],[26.967,48.581],[26.945,48.581]],[[26.945,48.581],[26.925,48.575],[26.91,48.563],[26.899,48.552],[26.885,48.544],[26.859,48.54]],[[27.113,48.559],[27.07,48.563],[27.05,48.567],[27.038,48.568]],[[27.038,48.568],[27.032,48.566],[27.028,48.563],[27.023,48.561]],[[26.722,48.535],[26.706,48.536],[26.691,48.54],[26.655,48.559],[26.633,48.562]],[[26.633,48.562],[26.613,48.551],[26.614,48.54],[26.633,48.533],[26.671,48.527],[26.688,48.518],[26.705,48.507],[26.709,48.497],[26.688,48.493],[26.654,48.491]],[[26.606,48.452],[26.583,48.453],[26.566,48.457],[26.553,48.466],[26.54,48.479],[26.522,48.507],[26.515,48.515],[26.489,48.53],[26.471,48.538]],[[26.471,48.538],[26.422,48.53]],[[26.422,48.53],[26.404,48.534]],[[26.404,48.534],[26.381,48.517]],[[26.654,48.491],[26.644,48.493],[26.639,48.497],[26.635,48.503],[26.627,48.508]],[[26.627,48.508],[26.616,48.507],[26.607,48.492],[26.622,48.458],[26.606,48.452]]]}},{"type":"Feature","properties":{"adm0":"UKR","note":"Ukraine_31","featurecla":"Admin-1 boundary"},"geometry":{"type":"MultiLineString","coordinates":[[[25.742,48.63],[25.731,48.635],[25.723,48.659],[25.715,48.664],[25.671,48.667],[25.649,48.671],[25.636,48.678]],[[25.928,48.587],[25.912,48.588],[25.863,48.601],[25.863,48.604],[25.863,48.613],[25.86,48.619],[25.839,48.637],[25.821,48.645],[25.809,48.661],[25.794,48.67]],[[25.794,48.67],[25.767,48.658],[25.76,48.649],[25.757,48.64],[25.753,48.633],[25.742,48.63]],[[26.061,48.609],[26.062,48.628],[26.059,48.642],[26.049,48.648]],[[26.049,48.648],[26.033,48.643],[26.029,48.638],[26.025,48.621],[26.02,48.616],[26.01,48.615]],[[26.01,48.615],[25.986,48.624]],[[25.986,48.624],[25.974,48.616],[25.96,48.596],[25.944,48.589],[25.928,48.587]],[[26.061,48.616],[26.061,48.609]],[[26.099,48.541],[26.08,48.547],[26.064,48.558],[26.053,48.572],[26.052,48.583],[26.061,48.616]],[[26.181,48.527],[26.149,48.54],[26.145,48.568],[26.146,48.596],[26.133,48.609],[26.105,48.611]],[[26.105,48.611],[26.102,48.607],[26.102,48.592],[26.106,48.581],[26.114,48.57],[26.13,48.555],[26.117,48.542],[26.099,48.541]],[[26.355,48.51],[26.327,48.512],[26.294,48.52],[26.269,48.53],[26.257,48.533],[26.239,48.534]],[[26.239,48.534],[26.181,48.527]],[[26.381,48.517],[26.355,48.51]]]}},{"type":"Feature","properties":{"adm0":"UKR","note":"Ukraine_30","featurecla":"Admin-1 boundary"},"geometry":{"type":"MultiLineString","coordinates":[[[35.515,48.079],[35.512,48.08],[35.497,48.085],[35.34,48.104],[35.275,48.126],[35.255,48.13],[35.245,48.13]],[[35.245,48.13],[35.191,48.124],[35.174,48.121],[35.165,48.119]],[[35.165,48.119],[35.156,48.12],[35.129,48.128],[35.118,48.129]],[[35.118,48.129],[35.101,48.129],[35.081,48.126],[35.074,48.123],[35.065,48.12],[35.048,48.118],[35.038,48.118]],[[35.816,48.066],[35.809,48.067],[35.794,48.083],[35.791,48.086],[35.786,48.088],[35.781,48.089],[35.732,48.096],[35.728,48.098],[35.724,48.1],[35.711,48.11],[35.703,48.118],[35.7,48.12],[35.696,48.123],[35.692,48.124],[35.686,48.126],[35.674,48.127]],[[35.674,48.127],[35.646,48.124],[35.604,48.116],[35.595,48.113],[35.579,48.105],[35.556,48.089],[35.547,48.085],[35.531,48.081],[35.522,48.079],[35.515,48.079]],[[34.886,48.081],[34.881,48.082],[34.877,48.084],[34.875,48.087],[34.873,48.09],[34.871,48.097],[34.87,48.104],[34.87,48.111],[34.87,48.116],[34.87,48.119],[34.867,48.122],[34.863,48.122],[34.857,48.123]],[[34.857,48.123],[34.851,48.123],[34.846,48.121],[34.841,48.118],[34.836,48.109],[34.835,48.103],[34.836,48.099],[34.84,48.089],[34.846,48.081],[34.846,48.079],[34.846,48.077],[34.845,48.073],[34.843,48.071],[34.842,48.065],[34.84,48.041],[34.838,48.038],[34.835,48.035],[34.821,48.029],[34.816,48.026],[34.814,48.02],[34.813,48.016],[34.815,48.012],[34.818,48.01],[34.823,48.009],[34.834,48.009],[34.839,48.008],[34.842,48.007],[34.844,48.004],[34.845,48.002],[34.845,47.996],[34.845,47.993],[34.846,47.989],[34.848,47.986],[34.85,47.983],[34.853,47.981],[34.857,47.978],[34.867,47.975],[34.904,47.968],[34.908,47.967],[34.912,47.964],[34.914,47.961],[34.917,47.955],[34.917,47.951],[34.916,47.947],[34.915,47.943],[34.912,47.938],[34.907,47.934],[34.897,47.931],[34.853,47.924],[34.846,47.922],[34.82,47.907],[34.814,47.902],[34.81,47.895],[34.809,47.89],[34.808,47.885],[34.808,47.881],[34.808,47.878],[34.81,47.874],[34.812,47.871],[34.818,47.867],[34.896,47.835],[34.902,47.831],[34.904,47.829],[34.904,47.827],[34.904,47.824],[34.903,47.82],[34.9,47.816],[34.891,47.805],[34.888,47.799],[34.887,47.794],[34.887,47.79],[34.888,47.787],[34.89,47.784],[34.891,47.78],[34.89,47.777],[34.887,47.764],[34.886,47.76],[34.889,47.757],[34.894,47.756],[34.912,47.752],[34.936,47.75],[34.941,47.749],[34.944,47.746],[34.945,47.743],[34.945,47.739],[34.934,47.692],[34.927,47.677],[34.919,47.647],[34.912,47.63],[34.897,47.604],[34.896,47.601],[34.895,47.597],[34.897,47.594],[34.9,47.592],[34.92,47.582],[34.926,47.577],[34.928,47.574],[34.93,47.571],[34.93,47.567],[34.93,47.563],[34.923,47.542],[34.922,47.539],[34.916,47.531],[34.911,47.526],[34.907,47.524],[34.898,47.523]],[[35.038,48.118],[35.029,48.119]],[[35.029,48.119],[35.017,48.117],[35.002,48.111],[34.969,48.092],[34.943,48.081],[34.886,48.081]],[[35.99,48.026],[35.979,48.026],[35.975,48.029],[35.972,48.032],[35.973,48.039],[35.972,48.043],[35.967,48.052],[35.966,48.056],[35.966,48.059],[35.967,48.064],[35.97,48.077],[35.971,48.081],[35.97,48.084],[35.968,48.087],[35.964,48.089],[35.959,48.091],[35.954,48.091],[35.942,48.092]],[[35.942,48.092],[35.883,48.082],[35.829,48.067],[35.816,48.066]],[[36.087,47.938],[36.082,47.94],[36.08,47.942],[36.078,47.944],[36.076,47.946],[36.072,47.948],[36.068,47.949],[36.063,47.95],[36.059,47.951],[36.058,47.954],[36.059,47.965],[36.059,47.969],[36.057,47.983],[36.055,47.99],[36.053,47.993],[36.051,47.996],[36.046,47.998],[36.041,47.999],[36.027,48.001],[36.024,48.002],[36.021,48.004],[36.021,48.008],[36.023,48.011],[36.025,48.014],[36.028,48.017],[36.042,48.027],[36.045,48.03],[36.047,48.033],[36.048,48.037],[36.047,48.04],[36.045,48.043],[36.04,48.044]],[[36.04,48.044],[36.032,48.043],[36.0,48.028],[35.996,48.027],[35.99,48.026]],[[36.088,47.867],[36.093,47.868],[36.098,47.873],[36.101,47.878],[36.109,47.895],[36.116,47.906],[36.118,47.909],[36.118,47.913],[36.117,47.916],[36.115,47.919],[36.114,47.922],[36.114,47.926],[36.115,47.929],[36.118,47.936],[36.118,47.939],[36.117,47.94],[36.115,47.94]],[[36.115,47.94],[36.087,47.938]],[[36.064,47.876],[36.071,47.875],[36.076,47.873],[36.083,47.868],[36.088,47.867]],[[36.107,47.835],[36.098,47.836],[36.095,47.838],[36.093,47.84],[36.088,47.842],[36.079,47.845],[36.076,47.848],[36.075,47.851],[36.075,47.854],[36.072,47.857],[36.063,47.861],[36.061,47.864],[36.06,47.867],[36.06,47.871],[36.061,47.874],[36.064,47.876]],[[36.286,47.813],[36.275,47.814],[36.267,47.816],[36.257,47.823],[36.252,47.825],[36.247,47.826],[36.224,47.828],[36.219,47.829],[36.215,47.83],[36.213,47.833],[36.212,47.837],[36.212,47.84],[36.21,47.854],[36.208,47.858],[36.207,47.861],[36.203,47.863],[36.199,47.863],[36.193,47.864]],[[36.193,47.864],[36.187,47.862],[36.181,47.86],[36.173,47.855],[36.169,47.85],[36.163,47.842],[36.16,47.84],[36.152,47.838],[36.107,47.835]],[[36.576,47.844],[36.392,47.826]],[[36.392,47.826],[36.388,47.827],[36.385,47.829],[36.379,47.835],[36.376,47.837],[36.372,47.839],[36.367,47.84],[36.361,47.84]],[[36.361,47.84],[36.355,47.839],[36.347,47.836],[36.336,47.831],[36.331,47.826],[36.325,47.818],[36.318,47.815],[36.308,47.814],[36.286,47.813]],[[34.898,47.523],[34.833,47.526],[34.73,47.539],[34.645,47.564],[34.595,47.569]],[[34.595,47.569],[34.584,47.567],[34.446,47.523],[34.319,47.505],[34.204,47.478]]]}},{"type":"Feature","properties":{"adm0":"UKR","note":"Ukraine_29","featurecla":"Admin-1 boundary"},"geometry":{"type":"MultiLineString","coordinates":[[[33.339,47.495],[33.334,47.496],[33.323,47.5],[33.313,47.506],[33.307,47.511],[33.304,47.514],[33.302,47.517],[33.3,47.52],[33.297,47.529],[33.293,47.536],[33.283,47.539],[33.267,47.543],[33.193,47.554],[33.185,47.558],[33.17,47.567],[33.165,47.569],[33.089,47.583]],[[33.595,47.511],[33.588,47.512],[33.584,47.515],[33.583,47.518],[33.579,47.528],[33.575,47.534],[33.575,47.538],[33.577,47.541],[33.579,47.545],[33.586,47.554],[33.588,47.557],[33.589,47.56],[33.587,47.564],[33.583,47.568],[33.575,47.573],[33.569,47.575],[33.563,47.575]],[[33.563,47.575],[33.503,47.567],[33.497,47.565],[33.494,47.564],[33.492,47.562],[33.491,47.559],[33.492,47.555],[33.494,47.548],[33.494,47.545],[33.494,47.541],[33.492,47.538],[33.489,47.535],[33.485,47.533],[33.477,47.53],[33.371,47.515],[33.366,47.514],[33.362,47.513],[33.359,47.51],[33.358,47.507],[33.357,47.504],[33.356,47.5],[33.355,47.499],[33.352,47.498],[33.346,47.495],[33.339,47.495]],[[34.157,47.474],[34.058,47.481],[33.902,47.514]],[[33.902,47.514],[33.88,47.514],[33.752,47.491],[33.654,47.487]],[[33.654,47.487],[33.643,47.489],[33.64,47.491],[33.635,47.502],[33.633,47.504],[33.63,47.508],[33.624,47.512],[33.617,47.512]],[[33.617,47.512],[33.595,47.511]],[[34.204,47.478],[34.157,47.474]]]}},{"type":"Feature","properties":{"adm0":"UKR","note":"Ukraine_28","featurecla":"Admin-1 boundary"},"geometry":{"type":"MultiLineString","coordinates":[[[31.816,46.483],[31.816,46.483],[31.817,46.483],[31.852,46.522]]]}},{"type":"Feature","properties":{"adm0":"UKR","note":"Ukraine_27","featurecla":"Admin-1 boundary"},"geometry":{"type":"MultiLineString","coordinates":[[[34.31,47.269],[34.305,47.27],[34.298,47.272],[34.295,47.275],[34.294,47.279],[34.293,47.294],[34.292,47.298],[34.29,47.302],[34.281,47.319],[34.23,47.431],[34.204,47.478]],[[34.646,46.683],[34.635,46.686],[34.631,46.689],[34.629,46.693],[34.627,46.704],[34.627,46.707],[34.628,46.71],[34.63,46.713],[34.633,46.716],[34.637,46.718],[34.641,46.719],[34.646,46.72],[34.674,46.72],[34.679,46.721],[34.683,46.722],[34.687,46.724],[34.69,46.727],[34.692,46.731],[34.698,46.736],[34.705,46.74],[34.714,46.743],[34.718,46.745],[34.721,46.747],[34.724,46.751],[34.729,46.763],[34.731,46.766],[34.734,46.769],[34.741,46.775],[34.743,46.778],[34.744,46.782],[34.745,46.805],[34.746,46.808],[34.747,46.812],[34.75,46.814],[34.755,46.816],[34.764,46.817],[34.79,46.825],[34.794,46.827],[34.797,46.832],[34.797,46.84],[34.792,46.855],[34.788,46.862],[34.784,46.867],[34.781,46.869],[34.776,46.871],[34.771,46.873],[34.76,46.873],[34.754,46.875],[34.746,46.878],[34.743,46.882],[34.74,46.885],[34.729,46.917],[34.726,46.923],[34.722,46.927],[34.718,46.929],[34.669,46.939],[34.66,46.943],[34.649,46.95],[34.645,46.952],[34.64,46.953],[34.615,46.957],[34.608,46.959],[34.605,46.962],[34.604,46.966],[34.601,46.98],[34.598,46.99],[34.595,46.995],[34.592,46.998],[34.589,47.0],[34.588,47.0],[34.574,47.003],[34.566,47.005],[34.562,47.008],[34.56,47.012],[34.558,47.019],[34.557,47.052],[34.54,47.1],[34.537,47.104],[34.532,47.106],[34.518,47.11],[34.51,47.113],[34.506,47.117],[34.504,47.121],[34.503,47.128],[34.499,47.141],[34.498,47.149],[34.497,47.156],[34.497,47.16],[34.501,47.181],[34.501,47.184],[34.5,47.188],[34.492,47.215],[34.492,47.219],[34.492,47.222],[34.493,47.226],[34.495,47.229],[34.5,47.232],[34.503,47.234],[34.504,47.239],[34.505,47.247],[34.503,47.251],[34.501,47.254],[34.486,47.261],[34.479,47.266],[34.476,47.27],[34.475,47.274],[34.475,47.277],[34.476,47.286],[34.478,47.29],[34.48,47.294],[34.483,47.297],[34.486,47.299],[34.501,47.303],[34.504,47.305],[34.507,47.307],[34.508,47.311],[34.506,47.314],[34.504,47.316],[34.5,47.317],[34.496,47.318]],[[34.496,47.318],[34.429,47.313],[34.42,47.31],[34.416,47.308],[34.414,47.305],[34.412,47.301],[34.412,47.297],[34.41,47.293],[34.404,47.288],[34.401,47.285],[34.397,47.277],[34.393,47.275],[34.389,47.273],[34.384,47.273]],[[34.384,47.273],[34.379,47.273],[34.373,47.274],[34.359,47.28],[34.354,47.281]],[[34.354,47.281],[34.34,47.28],[34.336,47.278],[34.324,47.272],[34.316,47.27],[34.31,47.269]],[[34.776,46.544],[34.767,46.545],[34.762,46.547],[34.759,46.55],[34.757,46.553],[34.756,46.557],[34.754,46.56],[34.729,46.587],[34.725,46.593],[34.723,46.596],[34.722,46.599],[34.722,46.603],[34.723,46.606],[34.725,46.61],[34.73,46.616],[34.74,46.623],[34.743,46.626],[34.744,46.63],[34.745,46.634],[34.745,46.637],[34.743,46.644],[34.738,46.654],[34.733,46.662],[34.728,46.666],[34.722,46.669],[34.698,46.671],[34.691,46.673],[34.684,46.675],[34.667,46.684],[34.661,46.686]],[[34.661,46.686],[34.657,46.684],[34.652,46.683],[34.646,46.683]],[[34.871,46.498],[34.858,46.498],[34.854,46.5],[34.853,46.501],[34.853,46.502],[34.853,46.513],[34.853,46.516],[34.855,46.519],[34.858,46.522],[34.861,46.524],[34.864,46.527],[34.866,46.531],[34.866,46.537],[34.863,46.54],[34.858,46.542],[34.811,46.545]],[[34.811,46.545],[34.776,46.544]],[[35.105,46.295],[35.069,46.3],[35.06,46.306],[35.059,46.324],[35.059,46.328],[35.053,46.348],[35.053,46.355],[35.053,46.359],[35.055,46.363],[35.06,46.375],[35.061,46.379],[35.06,46.384],[35.035,46.456],[35.029,46.465],[35.023,46.469],[34.995,46.469],[34.99,46.47],[34.984,46.472],[34.969,46.479],[34.96,46.48],[34.947,46.486],[34.925,46.5],[34.924,46.5],[34.918,46.501]],[[34.918,46.501],[34.871,46.498]]]}},{"type":"Feature","properties":{"adm0":"UKR","note":"Ukraine_26","featurecla":"Admin-1 boundary"},"geometry":{"type":"MultiLineString","coordinates":[[[35.265,46.261],[35.265,46.26],[35.268,46.26],[35.28,46.255]]]}},{"type":"Feature","properties":{"adm0":"UKR","note":"Ukraine_25","featurecla":"Admin-1 boundary"},"geometry":{"type":"MultiLineString","coordinates":[[[24.152,50.644],[24.165,50.64],[24.171,50.621],[24.18,50.617],[24.194,50.614],[24.202,50.606],[24.209,50.597],[24.218,50.589],[24.229,50.585],[24.248,50.582],[24.259,50.576]],[[24.108,50.63],[24.115,50.637],[24.126,50.642],[24.139,50.644],[24.152,50.644]],[[24.354,50.61],[24.359,50.61],[24.368,50.607],[24.379,50.601],[24.398,50.589],[24.403,50.582],[24.404,50.577],[24.403,50.574],[24.403,50.57],[24.405,50.567],[24.434,50.549],[24.44,50.547],[24.446,50.546]],[[24.259,50.576],[24.259,50.583],[24.276,50.585],[24.286,50.589],[24.297,50.591],[24.321,50.593],[24.326,50.594],[24.33,50.596],[24.334,50.598],[24.339,50.604],[24.343,50.607],[24.346,50.609],[24.35,50.61],[24.354,50.61]],[[24.48,50.551],[24.491,50.549],[24.496,50.548],[24.501,50.546],[24.531,50.524],[24.536,50.518],[24.537,50.515],[24.538,50.511],[24.538,50.507],[24.537,50.504],[24.535,50.5],[24.532,50.497],[24.529,50.495],[24.522,50.49],[24.513,50.487],[24.463,50.479],[24.459,50.477],[24.455,50.475],[24.452,50.473],[24.45,50.47],[24.451,50.467],[24.454,50.464],[24.457,50.461],[24.499,50.44],[24.504,50.436],[24.505,50.433],[24.506,50.429],[24.506,50.425],[24.504,50.418],[24.503,50.414],[24.504,50.411],[24.509,50.408],[24.515,50.406]],[[24.446,50.546],[24.458,50.547],[24.475,50.551],[24.48,50.551]],[[24.558,50.438],[24.564,50.437],[24.57,50.432],[24.574,50.428],[24.578,50.421],[24.584,50.419],[24.591,50.417],[24.623,50.416],[24.629,50.415],[24.634,50.413],[24.638,50.409],[24.639,50.405],[24.639,50.401],[24.639,50.397],[24.647,50.393],[24.688,50.377],[24.698,50.37],[24.704,50.364],[24.702,50.356],[24.703,50.353],[24.705,50.35],[24.709,50.347],[24.713,50.346],[24.724,50.344],[24.773,50.341]],[[24.515,50.406],[24.529,50.407],[24.537,50.408],[24.542,50.411],[24.544,50.414],[24.546,50.417],[24.546,50.421],[24.546,50.429],[24.547,50.433],[24.549,50.436],[24.553,50.438],[24.558,50.438]],[[24.932,50.37],[24.942,50.369],[24.955,50.364],[24.983,50.352],[25.004,50.346]],[[24.911,50.348],[24.924,50.349],[24.93,50.352],[24.929,50.364],[24.929,50.367],[24.932,50.37]],[[24.848,50.355],[24.911,50.348]],[[24.773,50.341],[24.788,50.341],[24.798,50.343],[24.806,50.347],[24.815,50.35],[24.825,50.352],[24.848,50.355]],[[25.039,50.349],[25.044,50.349],[25.049,50.347],[25.054,50.345],[25.059,50.341],[25.062,50.338],[25.064,50.334],[25.066,50.323],[25.063,50.295]],[[25.004,50.346],[25.034,50.349],[25.039,50.349]]]}},{"type":"Feature","properties":{"adm0":"UKR","note":"Ukraine_24","featurecla":"Admin-1 boundary"},"geometry":{"type":"MultiLineString","coordinates":[[[25.063,50.295],[25.07,50.285],[25.084,50.281],[25.104,50.279]],[[25.169,50.295],[25.176,50.294],[25.187,50.292],[25.191,50.29],[25.196,50.288],[25.2,50.284],[25.204,50.277],[25.208,50.263],[25.208,50.256],[25.207,50.25],[25.205,50.247],[25.203,50.244],[25.196,50.239],[25.168,50.22],[25.165,50.217],[25.165,50.213],[25.169,50.207],[25.188,50.192],[25.193,50.187],[25.193,50.182],[25.185,50.157],[25.184,50.14],[25.185,50.132],[25.185,50.128],[25.193,50.103],[25.202,50.095],[25.296,50.041],[25.368,50.013]],[[25.104,50.279],[25.116,50.28],[25.126,50.282],[25.153,50.292],[25.163,50.294],[25.169,50.295]]]}},{"type":"Feature","properties":{"adm0":"UKR","note":"Ukraine_23","featurecla":"Admin-1 boundary"},"geometry":{"type":"MultiLineString","coordinates":[[[25.368,50.013],[25.368,50.006],[25.37,50.001],[25.37,50.0],[25.373,49.996],[25.379,49.992],[25.382,49.989],[25.404,49.98],[25.407,49.977],[25.41,49.975],[25.414,49.968],[25.416,49.965],[25.428,49.955],[25.43,49.952],[25.432,49.949],[25.434,49.945],[25.434,49.942],[25.432,49.938],[25.428,49.935],[25.418,49.933],[25.404,49.933],[25.398,49.931],[25.393,49.927],[25.388,49.919],[25.387,49.914],[25.388,49.91],[25.393,49.904],[25.394,49.901],[25.396,49.897],[25.397,49.893],[25.396,49.89],[25.395,49.886],[25.393,49.883],[25.39,49.88],[25.384,49.876],[25.376,49.873],[25.359,49.867],[25.348,49.865],[25.333,49.864],[25.328,49.863],[25.309,49.855],[25.303,49.853],[25.281,49.849],[25.245,49.836],[25.24,49.835],[25.166,49.826],[25.157,49.823],[25.146,49.821],[25.099,49.817],[25.093,49.816],[25.088,49.812],[25.085,49.805],[25.078,49.788],[25.078,49.784],[25.078,49.78],[25.079,49.776],[25.086,49.767],[25.103,49.751],[25.105,49.747],[25.107,49.744],[25.108,49.741],[25.108,49.737],[25.107,49.733],[25.106,49.729],[25.101,49.725],[25.095,49.721],[25.073,49.713],[25.067,49.711],[25.058,49.711]],[[25.058,49.711],[25.046,49.711],[25.04,49.712],[25.037,49.715],[25.034,49.717],[25.031,49.72],[25.027,49.72]],[[25.027,49.72],[25.022,49.718],[25.016,49.713],[24.994,49.686],[24.99,49.679],[24.988,49.675],[24.982,49.665],[24.954,49.63],[24.948,49.627],[24.775,49.563],[24.766,49.562],[24.758,49.561]],[[24.758,49.561],[24.752,49.563],[24.739,49.563]],[[24.739,49.563],[24.733,49.56],[24.729,49.555],[24.723,49.523],[24.72,49.51],[24.707,49.492]]]}},{"type":"Feature","properties":{"adm0":"UKR","note":"Ukraine_22","featurecla":"Admin-1 boundary"},"geometry":{"type":"MultiLineString","coordinates":[[[37.771,49.204],[37.817,49.205],[37.834,49.208],[37.839,49.21],[37.842,49.214],[37.843,49.219],[37.844,49.222],[37.847,49.232]],[[37.643,49.228],[37.771,49.204]],[[37.563,49.175],[37.525,49.178],[37.514,49.18],[37.509,49.182],[37.505,49.184],[37.503,49.186],[37.535,49.221],[37.541,49.225],[37.547,49.227],[37.643,49.228]],[[37.14,48.822],[37.148,48.822],[37.17,48.826],[37.177,48.828],[37.181,48.831],[37.181,48.835],[37.178,48.852],[37.179,48.857],[37.181,48.861],[37.186,48.867],[37.192,48.87],[37.2,48.871],[37.204,48.873],[37.207,48.876],[37.211,48.885],[37.217,48.895],[37.221,48.898],[37.259,48.915],[37.266,48.918],[37.294,48.918],[37.305,48.92],[37.311,48.923],[37.314,48.927],[37.314,48.93],[37.313,48.933],[37.312,48.936],[37.306,48.942],[37.304,48.945],[37.303,48.948],[37.303,48.952],[37.306,48.96],[37.306,48.964],[37.303,48.966],[37.295,48.971],[37.292,48.973],[37.291,48.976],[37.292,48.98],[37.309,48.999],[37.314,49.003],[37.32,49.006],[37.343,49.012],[37.349,49.016],[37.352,49.02],[37.352,49.024],[37.354,49.029],[37.357,49.035],[37.364,49.045],[37.369,49.049],[37.374,49.053],[37.601,49.145],[37.61,49.15],[37.612,49.155],[37.61,49.157],[37.597,49.171],[37.594,49.173],[37.59,49.175],[37.585,49.176]],[[37.585,49.176],[37.563,49.175]],[[37.094,48.843],[37.1,48.842],[37.105,48.841],[37.109,48.838],[37.117,48.83],[37.121,48.828],[37.124,48.826],[37.129,48.824],[37.134,48.822],[37.14,48.822]],[[37.057,48.81],[37.063,48.812],[37.066,48.815],[37.068,48.819],[37.069,48.824],[37.07,48.829],[37.074,48.836],[37.079,48.839],[37.084,48.842],[37.089,48.842],[37.094,48.843]],[[37.025,48.815],[37.03,48.814],[37.041,48.811],[37.048,48.81],[37.057,48.81]],[[37.024,48.759],[37.029,48.761],[37.032,48.764],[37.034,48.768],[37.034,48.772],[37.031,48.774],[37.027,48.776],[37.005,48.783],[37.002,48.785],[37.0,48.786],[36.998,48.788],[36.998,48.791],[36.998,48.795],[37.001,48.798],[37.013,48.81],[37.019,48.814],[37.025,48.815]],[[36.891,48.801],[36.903,48.799],[36.999,48.767],[37.001,48.766],[37.004,48.764],[37.009,48.761],[37.014,48.76],[37.024,48.759]],[[36.82,48.772],[36.825,48.773],[36.837,48.78],[36.847,48.788],[36.861,48.795],[36.866,48.797],[36.875,48.8],[36.885,48.801],[36.891,48.801]],[[36.718,48.789],[36.731,48.788],[36.761,48.777],[36.773,48.775],[36.82,48.772]],[[36.725,48.626],[36.711,48.65],[36.709,48.661],[36.711,48.688],[36.71,48.706],[36.709,48.714],[36.693,48.758],[36.691,48.769],[36.69,48.778],[36.693,48.782],[36.697,48.786],[36.702,48.788],[36.707,48.789],[36.718,48.789]]]}},{"type":"Feature","properties":{"adm0":"UKR","note":"Ukraine_21","featurecla":"Admin-1 boundary"},"geometry":{"type":"MultiLineString","coordinates":[[[36.725,48.626],[36.729,48.616],[36.729,48.613],[36.73,48.609],[36.732,48.606],[36.734,48.603],[36.738,48.602],[36.743,48.601]],[[36.779,48.606],[36.783,48.605],[36.787,48.604],[36.79,48.601],[36.791,48.598],[36.79,48.595],[36.785,48.592],[36.776,48.588],[36.773,48.586],[36.763,48.572],[36.758,48.569],[36.753,48.567],[36.749,48.564],[36.747,48.558],[36.747,48.539],[36.747,48.534],[36.749,48.531],[36.751,48.529],[36.755,48.529]],[[36.743,48.601],[36.779,48.606]],[[36.868,48.582],[36.879,48.581],[36.883,48.579],[36.886,48.577],[36.887,48.574],[36.889,48.57],[36.891,48.56],[36.892,48.538],[36.891,48.534],[36.889,48.53],[36.882,48.526],[36.871,48.522],[36.857,48.519],[36.854,48.517],[36.853,48.513],[36.855,48.504],[36.856,48.5],[36.857,48.498],[36.858,48.496],[36.859,48.493],[36.857,48.489],[36.851,48.487],[36.842,48.483],[36.838,48.48],[36.835,48.476],[36.835,48.445],[36.838,48.442],[36.846,48.437],[36.847,48.434],[36.843,48.43],[36.838,48.427],[36.815,48.42],[36.811,48.417],[36.809,48.413],[36.809,48.405],[36.81,48.4],[36.815,48.386],[36.819,48.357],[36.818,48.352],[36.812,48.331],[36.812,48.326],[36.813,48.322],[36.814,48.319],[36.817,48.316],[36.82,48.314],[36.825,48.314]],[[36.755,48.529],[36.787,48.531],[36.791,48.533],[36.795,48.535],[36.798,48.538],[36.8,48.542],[36.807,48.564],[36.81,48.569],[36.814,48.576],[36.819,48.578],[36.824,48.58],[36.868,48.582]],[[36.854,48.319],[36.859,48.318],[36.863,48.317],[36.865,48.314],[36.867,48.311],[36.868,48.308],[36.869,48.305],[36.873,48.304],[36.896,48.302],[36.901,48.3],[36.904,48.298],[36.906,48.294],[36.907,48.284],[36.909,48.277],[36.911,48.27],[36.914,48.264],[36.923,48.225],[36.923,48.222],[36.924,48.219],[36.924,48.215],[36.927,48.205],[36.927,48.202],[36.925,48.196],[36.92,48.19],[36.905,48.181],[36.897,48.177],[36.89,48.175],[36.88,48.173],[36.875,48.171],[36.872,48.167],[36.87,48.161],[36.87,48.156],[36.87,48.152],[36.877,48.125],[36.879,48.118],[36.889,48.1],[36.891,48.093],[36.894,48.079],[36.894,48.075],[36.893,48.071],[36.893,48.068],[36.886,48.061],[36.876,48.054],[36.851,48.04],[36.839,48.034],[36.829,48.032]],[[36.825,48.314],[36.829,48.315],[36.838,48.317],[36.848,48.319],[36.854,48.319]],[[36.829,48.032],[36.824,48.033],[36.788,48.045],[36.751,48.053],[36.746,48.054],[36.742,48.056],[36.738,48.059],[36.734,48.069],[36.731,48.071],[36.728,48.074],[36.724,48.076],[36.665,48.088],[36.66,48.088]],[[36.66,48.088],[36.654,48.088],[36.62,48.082]],[[36.62,48.082],[36.603,48.082]],[[36.603,48.082],[36.598,48.081],[36.593,48.08],[36.589,48.079],[36.585,48.076],[36.581,48.073],[36.577,48.067],[36.575,48.058],[36.571,48.0],[36.572,47.996],[36.577,47.982],[36.577,47.971],[36.581,47.965],[36.586,47.962],[36.604,47.96],[36.609,47.959],[36.613,47.957],[36.616,47.954],[36.618,47.951],[36.619,47.948],[36.626,47.936],[36.633,47.927],[36.634,47.924],[36.634,47.922],[36.629,47.92],[36.618,47.918],[36.585,47.918],[36.578,47.917],[36.572,47.916],[36.565,47.912],[36.558,47.911],[36.542,47.91],[36.538,47.908],[36.534,47.905],[36.532,47.9],[36.531,47.895],[36.531,47.891],[36.531,47.887],[36.533,47.884],[36.537,47.88],[36.546,47.877],[36.56,47.874],[36.566,47.871],[36.569,47.867],[36.576,47.844]]]}},{"type":"Feature","properties":{"adm0":"UKR","note":"Ukraine_20","featurecla":"Admin-1 boundary"},"geometry":{"type":"MultiLineString","coordinates":[[[36.576,47.844],[36.577,47.803],[36.584,47.791],[36.594,47.788],[36.606,47.786],[36.617,47.786]],[[36.643,47.79],[36.65,47.79],[36.653,47.788],[36.655,47.785],[36.657,47.778],[36.659,47.764],[36.661,47.757],[36.689,47.716],[36.703,47.691],[36.709,47.685],[36.715,47.681],[36.741,47.677],[36.747,47.675],[36.749,47.672],[36.748,47.67],[36.745,47.668],[36.736,47.665],[36.727,47.663],[36.723,47.661],[36.72,47.658],[36.721,47.649],[36.724,47.644],[36.727,47.641],[36.732,47.639],[36.749,47.636],[36.752,47.634],[36.753,47.63],[36.752,47.626],[36.749,47.617],[36.748,47.612],[36.749,47.605],[36.752,47.602],[36.757,47.6]],[[36.617,47.786],[36.643,47.79]],[[36.798,47.61],[36.809,47.606],[36.826,47.596],[36.865,47.566],[36.882,47.556],[36.893,47.551]],[[36.757,47.6],[36.767,47.602],[36.798,47.61]],[[36.937,47.571],[36.944,47.57],[36.988,47.553],[36.995,47.547],[37.021,47.524],[37.1,47.478],[37.103,47.475],[37.122,47.455],[37.129,47.451],[37.134,47.45]],[[36.893,47.551],[36.897,47.553],[36.904,47.557],[36.931,47.571],[36.937,47.571]],[[37.152,47.464],[37.194,47.459]],[[37.134,47.45],[37.138,47.452],[37.141,47.455],[37.144,47.461],[37.147,47.463],[37.152,47.464]],[[37.211,47.459],[37.219,47.458],[37.221,47.455],[37.22,47.452],[37.218,47.448],[37.202,47.429],[37.2,47.426],[37.199,47.422],[37.2,47.413],[37.199,47.409],[37.189,47.395],[37.185,47.388],[37.183,47.384],[37.182,47.38],[37.182,47.376],[37.183,47.368],[37.185,47.363],[37.186,47.359],[37.185,47.356],[37.182,47.353],[37.179,47.351],[37.171,47.347],[37.167,47.346],[37.164,47.346]],[[37.194,47.459],[37.211,47.459]],[[37.164,47.346],[37.161,47.348],[37.159,47.35],[37.157,47.353],[37.152,47.359],[37.15,47.361],[37.143,47.366],[37.14,47.369],[37.136,47.371],[37.131,47.372],[37.126,47.373],[37.123,47.373]],[[37.123,47.373],[37.119,47.372],[37.114,47.371],[37.107,47.368],[37.103,47.366],[37.1,47.363],[37.096,47.355],[37.092,47.347],[37.09,47.343],[37.088,47.34],[37.079,47.33],[37.077,47.326],[37.075,47.323],[37.074,47.319],[37.075,47.308],[37.074,47.304],[37.072,47.301],[37.069,47.298],[37.065,47.296],[37.029,47.288],[37.008,47.287]],[[37.008,47.287],[36.989,47.289],[36.977,47.291],[36.973,47.293],[36.97,47.296],[36.967,47.298],[36.962,47.299],[36.952,47.299],[36.947,47.3],[36.943,47.301],[36.94,47.304],[36.936,47.305],[36.932,47.305]],[[36.932,47.305],[36.928,47.304],[36.919,47.301],[36.916,47.298],[36.913,47.294],[36.914,47.284],[36.919,47.275],[36.934,47.254],[36.936,47.248],[36.938,47.241],[36.941,47.216],[36.94,47.212],[36.939,47.209],[36.936,47.207],[36.932,47.205],[36.923,47.203],[36.87,47.2],[36.864,47.199],[36.86,47.197],[36.857,47.194],[36.857,47.191],[36.859,47.188],[36.864,47.182],[36.889,47.166],[36.898,47.162],[36.941,47.15],[36.959,47.142],[36.963,47.14],[36.967,47.135],[36.983,47.117],[36.991,47.106],[37.003,47.077],[37.006,47.07],[37.011,47.066],[37.046,47.046],[37.049,47.045]],[[37.067,47.058],[37.071,47.058],[37.074,47.056],[37.091,47.044],[37.106,47.037],[37.111,47.034],[37.118,47.028],[37.121,47.024],[37.12,47.02],[37.117,47.018],[37.106,47.011],[37.098,47.006],[37.094,47.001],[37.094,47.0],[37.114,46.976],[37.116,46.97],[37.114,46.966],[37.1,46.958],[37.096,46.956],[37.091,46.955]],[[37.049,47.045],[37.053,47.045],[37.055,47.048],[37.061,47.054],[37.064,47.057],[37.067,47.058]],[[37.091,46.955],[37.086,46.955],[37.082,46.956],[37.072,46.96],[37.067,46.961],[37.062,46.961]],[[37.062,46.961],[37.057,46.959],[37.051,46.957],[37.047,46.954],[37.019,46.936],[37.016,46.933],[37.013,46.93],[37.01,46.927],[37.008,46.922],[37.008,46.918],[37.01,46.915],[37.038,46.877],[37.038,46.877]]]}},{"type":"Feature","properties":{"adm0":"UKR","note":"Ukraine_19","featurecla":"Admin-1 boundary"},"geometry":{"type":"MultiLineString","coordinates":[[[37.998,49.749],[38.001,49.75],[38.005,49.751],[38.009,49.758],[38.011,49.762],[38.014,49.766],[38.016,49.769],[38.02,49.772],[38.023,49.774],[38.037,49.779],[38.041,49.782],[38.045,49.785],[38.045,49.788],[38.043,49.791],[38.002,49.812],[38.0,49.814],[37.998,49.817],[37.998,49.82],[38.0,49.823],[38.005,49.826],[38.023,49.832],[38.043,49.836],[38.065,49.837],[38.07,49.838],[38.075,49.84],[38.08,49.843],[38.081,49.846],[38.079,49.849],[38.059,49.857],[38.055,49.859],[38.052,49.861],[38.046,49.867],[38.043,49.869],[38.027,49.894],[38.024,49.903],[38.023,49.909]],[[37.974,49.753],[37.998,49.749]],[[37.951,49.714],[37.946,49.715],[37.942,49.717],[37.939,49.723],[37.94,49.727],[37.942,49.731],[37.954,49.743],[37.961,49.749],[37.964,49.751],[37.969,49.753],[37.974,49.753]],[[37.847,49.232],[37.872,49.246],[37.898,49.258],[37.911,49.269],[37.926,49.284],[37.929,49.291],[37.93,49.296],[37.928,49.299],[37.926,49.302],[37.923,49.305],[37.919,49.307],[37.914,49.309],[37.908,49.31],[37.89,49.312],[37.885,49.313],[37.882,49.321],[37.882,49.333],[37.887,49.383],[37.886,49.39],[37.883,49.397],[37.88,49.403],[37.877,49.406],[37.867,49.414],[37.864,49.417],[37.861,49.423],[37.862,49.427],[37.864,49.43],[37.876,49.443],[37.88,49.444],[37.884,49.446],[37.9,49.448],[37.905,49.45],[37.91,49.455],[37.917,49.464],[37.921,49.481],[37.926,49.496],[37.929,49.5],[37.932,49.502],[37.953,49.512],[37.958,49.515],[37.963,49.52],[37.964,49.524],[37.964,49.528],[37.963,49.531],[37.953,49.551],[37.953,49.556],[37.957,49.558],[37.962,49.561],[37.964,49.564],[37.963,49.566],[37.961,49.569],[37.954,49.575],[37.952,49.577],[37.946,49.591],[37.944,49.597],[37.946,49.6],[37.947,49.602],[37.951,49.603],[37.959,49.606],[37.964,49.609],[37.968,49.615],[37.977,49.632],[37.981,49.637],[37.993,49.646],[37.998,49.652],[38.0,49.657],[38.001,49.661],[38.001,49.664],[38.0,49.668],[37.999,49.681],[38.001,49.708],[38.001,49.711],[38.0,49.713],[37.998,49.716],[37.996,49.718],[37.993,49.72],[37.988,49.722],[37.983,49.722]],[[37.983,49.722],[37.978,49.722],[37.951,49.714]]]}},{"type":"Feature","properties":{"adm0":"UKR","note":"Ukraine_17","featurecla":"Admin-1 boundary"},"geometry":{"type":"MultiLineString","coordinates":[[[23.012,48.855],[22.996,48.855],[22.988,48.857],[22.982,48.859],[22.979,48.861],[22.974,48.867],[22.972,48.87],[22.97,48.874],[22.967,48.879],[22.961,48.884],[22.926,48.904],[22.901,48.924],[22.895,48.929],[22.892,48.935],[22.889,48.947],[22.889,48.951],[22.889,48.959],[22.89,48.963],[22.893,48.97],[22.902,48.983],[22.901,48.991],[22.883,49.006],[22.865,49.013]],[[23.258,48.772],[23.212,48.775],[23.202,48.777],[23.193,48.781],[23.186,48.785],[23.18,48.79],[23.16,48.814],[23.138,48.852],[23.129,48.861],[23.119,48.867],[23.112,48.87],[23.105,48.871]],[[23.105,48.871],[23.077,48.868],[23.036,48.859],[23.027,48.856],[23.02,48.855],[23.012,48.855]],[[23.308,48.75],[23.308,48.75],[23.307,48.752],[23.305,48.753],[23.304,48.755],[23.303,48.758],[23.302,48.762],[23.302,48.773],[23.301,48.776],[23.298,48.781],[23.295,48.782]],[[23.295,48.782],[23.291,48.781],[23.281,48.775],[23.272,48.773],[23.258,48.772]],[[23.446,48.727],[23.426,48.728],[23.397,48.732],[23.386,48.734],[23.378,48.737],[23.375,48.74],[23.373,48.743],[23.371,48.746],[23.37,48.75],[23.371,48.755],[23.369,48.76],[23.366,48.764],[23.357,48.771],[23.351,48.772]],[[23.351,48.772],[23.346,48.771],[23.342,48.769],[23.327,48.755],[23.322,48.753],[23.314,48.75],[23.308,48.75]],[[23.533,48.724],[23.509,48.73],[23.499,48.731]],[[23.499,48.731],[23.446,48.727]]]}},{"type":"Feature","properties":{"adm0":"UKR","note":"Ukraine_16","featurecla":"Admin-1 boundary"},"geometry":{"type":"MultiLineString","coordinates":[[[24.88,49.111],[24.871,49.112],[24.866,49.114],[24.862,49.116],[24.86,49.119],[24.858,49.123],[24.857,49.126],[24.857,49.13],[24.858,49.135],[24.86,49.143],[24.86,49.148],[24.86,49.152],[24.859,49.155],[24.852,49.168],[24.851,49.172],[24.851,49.175],[24.852,49.179],[24.855,49.182],[24.858,49.184],[24.873,49.193],[24.876,49.195],[24.879,49.198],[24.881,49.202],[24.882,49.206],[24.883,49.21],[24.883,49.214],[24.882,49.218],[24.882,49.222],[24.879,49.229],[24.875,49.239],[24.871,49.246],[24.867,49.25],[24.867,49.25],[24.846,49.255],[24.841,49.259],[24.838,49.262],[24.837,49.266],[24.836,49.278],[24.831,49.297],[24.828,49.304],[24.826,49.307],[24.825,49.31],[24.823,49.314],[24.824,49.318],[24.825,49.322],[24.827,49.325],[24.831,49.331],[24.833,49.335],[24.833,49.34],[24.827,49.35],[24.822,49.356],[24.804,49.389],[24.788,49.409],[24.707,49.492]],[[24.972,49.048],[24.977,49.048],[24.982,49.05],[24.986,49.052],[24.989,49.054],[24.991,49.057],[24.993,49.061],[24.993,49.064],[24.991,49.067],[24.989,49.07],[24.987,49.073],[24.986,49.077],[24.985,49.081],[24.985,49.089],[24.984,49.094],[24.982,49.099],[24.976,49.107],[24.972,49.11],[24.967,49.113],[24.936,49.116],[24.917,49.123],[24.912,49.123]],[[24.912,49.123],[24.907,49.122],[24.902,49.121],[24.894,49.117],[24.89,49.115],[24.886,49.113],[24.88,49.111]],[[24.909,49.062],[24.915,49.062],[24.927,49.06],[24.956,49.05],[24.966,49.048],[24.972,49.048]],[[25.01,48.969],[24.993,48.97],[24.978,48.977],[24.964,48.993],[24.959,49.002],[24.958,49.008],[24.956,49.014],[24.95,49.021],[24.942,49.025],[24.909,49.034],[24.899,49.039],[24.898,49.04],[24.896,49.043],[24.894,49.046],[24.894,49.05],[24.894,49.054],[24.896,49.057],[24.899,49.06],[24.904,49.061],[24.909,49.062]],[[25.166,48.865],[25.153,48.873],[25.129,48.898],[25.123,48.908],[25.122,48.918],[25.13,48.934],[25.129,48.944],[25.12,48.951],[25.067,48.972],[25.052,48.974]],[[25.052,48.974],[25.01,48.969]],[[25.225,48.842],[25.222,48.86],[25.227,48.887],[25.236,48.912],[25.246,48.924],[25.246,48.931],[25.231,48.932]],[[25.231,48.932],[25.219,48.929],[25.197,48.918],[25.189,48.911],[25.183,48.904],[25.18,48.895],[25.178,48.884],[25.174,48.872],[25.166,48.865]],[[25.636,48.678],[25.637,48.684],[25.643,48.689],[25.646,48.697],[25.64,48.709],[25.63,48.717],[25.628,48.718],[25.628,48.72],[25.629,48.73],[25.633,48.736],[25.639,48.739],[25.64,48.745],[25.629,48.76],[25.623,48.764],[25.595,48.774],[25.565,48.793],[25.548,48.799],[25.523,48.801],[25.506,48.805],[25.482,48.814],[25.461,48.825],[25.45,48.836],[25.457,48.842],[25.463,48.848],[25.471,48.862],[25.462,48.864],[25.447,48.869],[25.44,48.87]],[[25.44,48.87],[25.432,48.867],[25.431,48.861],[25.433,48.854],[25.431,48.849],[25.414,48.847]],[[25.251,48.775],[25.239,48.801],[25.25,48.818],[25.307,48.828],[25.328,48.842],[25.274,48.859],[25.25,48.859]],[[25.25,48.859],[25.225,48.842]],[[25.414,48.847],[25.401,48.85],[25.389,48.854],[25.376,48.856]],[[25.376,48.856],[25.356,48.855],[25.351,48.85],[25.354,48.841],[25.356,48.828],[25.354,48.814],[25.351,48.813]],[[25.351,48.813],[25.343,48.816]],[[25.343,48.816],[25.328,48.815],[25.277,48.781],[25.251,48.775]]]}},{"type":"Feature","properties":{"adm0":"UKR","note":"Ukraine_15","featurecla":"Admin-1 boundary"},"geometry":{"type":"MultiLineString","coordinates":[[[25.636,48.678],[25.599,48.658],[25.586,48.651],[25.577,48.643],[25.572,48.639],[25.567,48.631],[25.565,48.625],[25.565,48.621],[25.567,48.609],[25.578,48.581],[25.604,48.532],[25.606,48.522],[25.6,48.433],[25.594,48.407],[25.59,48.399],[25.585,48.393],[25.58,48.39],[25.575,48.388],[25.569,48.388]],[[25.569,48.388],[25.564,48.389],[25.555,48.392],[25.545,48.396],[25.525,48.401],[25.513,48.403],[25.493,48.404]],[[25.493,48.404],[25.447,48.4],[25.407,48.392],[25.37,48.38],[25.293,48.34],[25.196,48.257],[25.188,48.252],[25.177,48.25],[25.162,48.244],[25.148,48.237],[25.141,48.232],[25.136,48.228],[25.135,48.224],[25.133,48.22],[25.133,48.216],[25.133,48.207],[25.133,48.203],[25.134,48.2],[25.136,48.196],[25.14,48.19],[25.141,48.186],[25.14,48.182],[25.137,48.179],[25.132,48.178],[25.126,48.178],[25.117,48.175],[25.106,48.169],[25.054,48.129],[25.051,48.127],[25.046,48.125],[25.028,48.122],[25.017,48.119],[25.001,48.11],[24.993,48.105],[24.989,48.1],[24.988,48.096],[24.985,48.079],[24.98,48.071],[24.935,48.013],[24.931,48.006],[24.928,47.997],[24.928,47.994],[24.928,47.99],[24.932,47.971],[24.933,47.955],[24.935,47.947],[24.943,47.931],[24.945,47.928],[24.948,47.925],[24.963,47.912],[24.965,47.91],[24.967,47.907],[24.968,47.903],[24.969,47.899],[24.969,47.878],[24.97,47.874],[24.973,47.868],[24.981,47.855],[24.983,47.852],[24.984,47.848],[24.985,47.844],[24.985,47.84],[24.985,47.836],[24.981,47.828],[24.934,47.757],[24.933,47.754],[24.929,47.731],[24.928,47.726],[24.929,47.714],[24.929,47.714]]]}},{"type":"Feature","properties":{"adm0":"UKR","note":"Ukraine_14","featurecla":"Admin-1 boundary"},"geometry":{"type":"MultiLineString","coordinates":[[[24.655,49.497],[24.65,49.497],[24.646,49.498],[24.642,49.5],[24.637,49.503],[24.615,49.516],[24.606,49.52],[24.596,49.522],[24.585,49.524],[24.572,49.525]],[[24.572,49.525],[24.497,49.512],[24.485,49.511]],[[24.485,49.511],[24.45,49.517]],[[24.45,49.517],[24.444,49.517],[24.439,49.516],[24.433,49.512],[24.427,49.507],[24.418,49.495],[24.414,49.489],[24.413,49.483],[24.415,49.48],[24.422,49.471],[24.426,49.465],[24.427,49.461],[24.428,49.458],[24.428,49.453],[24.426,49.449],[24.421,49.442],[24.39,49.41],[24.385,49.4],[24.383,49.394],[24.387,49.391],[24.418,49.379],[24.422,49.377],[24.424,49.374],[24.424,49.37],[24.423,49.366],[24.419,49.362],[24.386,49.34],[24.376,49.331],[24.37,49.326],[24.358,49.322],[24.344,49.32],[24.322,49.32],[24.311,49.319],[24.291,49.314],[24.287,49.311],[24.284,49.308],[24.282,49.301],[24.282,49.296],[24.284,49.293],[24.287,49.29],[24.29,49.287],[24.294,49.286],[24.3,49.285]],[[24.693,49.491],[24.688,49.491],[24.682,49.493],[24.673,49.496],[24.669,49.498],[24.664,49.498]],[[24.664,49.498],[24.655,49.497]],[[24.707,49.492],[24.693,49.491]],[[24.345,49.304],[24.351,49.303],[24.359,49.3],[24.363,49.297],[24.366,49.295],[24.367,49.292],[24.366,49.288],[24.364,49.283],[24.359,49.278],[24.356,49.273],[24.354,49.269],[24.354,49.265],[24.357,49.241],[24.364,49.237],[24.387,49.232],[24.406,49.231]],[[24.3,49.285],[24.305,49.286],[24.31,49.287],[24.314,49.289],[24.334,49.302],[24.34,49.304],[24.345,49.304]],[[24.418,49.235],[24.426,49.228],[24.444,49.212],[24.446,49.208],[24.447,49.205],[24.446,49.201],[24.444,49.197],[24.441,49.194],[24.435,49.19],[24.425,49.185],[24.406,49.18],[24.396,49.18]],[[24.406,49.231],[24.418,49.235]],[[24.396,49.18],[24.389,49.181],[24.385,49.182],[24.379,49.183],[24.373,49.183]],[[24.373,49.183],[24.367,49.183],[24.356,49.182],[24.316,49.172],[24.274,49.155],[24.263,49.152],[24.241,49.149]],[[24.241,49.149],[24.216,49.15]],[[24.216,49.15],[24.205,49.149],[24.158,49.135],[24.147,49.134]],[[24.147,49.134],[24.141,49.135],[24.097,49.144],[24.085,49.146]],[[24.085,49.146],[24.079,49.145],[24.068,49.143],[24.023,49.122],[24.012,49.118],[24.003,49.116]],[[24.003,49.116],[23.967,49.127],[23.956,49.128]],[[23.956,49.128],[23.95,49.127],[23.944,49.125],[23.922,49.113],[23.913,49.109],[23.906,49.107],[23.855,49.106]],[[23.855,49.106],[23.755,49.115]],[[23.755,49.115],[23.739,49.113],[23.729,49.111],[23.711,49.104],[23.694,49.095],[23.688,49.09],[23.684,49.087],[23.682,49.083],[23.655,49.031],[23.648,49.018],[23.642,49.011],[23.624,49.0],[23.62,48.997],[23.598,48.985],[23.582,48.977],[23.576,48.969],[23.553,48.896],[23.549,48.889],[23.548,48.885],[23.549,48.88],[23.553,48.875],[23.563,48.866],[23.568,48.86],[23.57,48.857],[23.572,48.853],[23.575,48.842],[23.575,48.834],[23.533,48.724]]]}},{"type":"Feature","properties":{"adm0":"UKR","note":"Ukraine_13","featurecla":"Admin-1 boundary"},"geometry":{"type":"MultiLineString","coordinates":[[[23.533,48.724],[23.574,48.716],[23.612,48.704],[23.675,48.654],[23.693,48.645],[23.702,48.643],[23.709,48.643]],[[23.748,48.648],[23.76,48.647],[23.771,48.645],[23.777,48.642],[23.78,48.638],[23.783,48.63],[23.783,48.624],[23.781,48.615],[23.78,48.611],[23.781,48.607],[23.782,48.603],[23.785,48.599],[23.791,48.594],[23.847,48.563],[23.856,48.56],[23.865,48.558],[23.877,48.557],[23.882,48.555],[23.887,48.554],[23.895,48.55],[23.898,48.547],[23.902,48.543],[23.907,48.538],[23.914,48.528],[23.916,48.521],[23.917,48.515],[23.915,48.507],[23.913,48.504],[23.911,48.5],[23.908,48.493],[23.907,48.489],[23.907,48.485],[23.908,48.481],[23.912,48.478],[23.917,48.474],[23.928,48.471],[23.936,48.47]],[[23.709,48.643],[23.724,48.646],[23.735,48.648],[23.748,48.648]],[[24.124,48.534],[24.129,48.533],[24.134,48.531],[24.137,48.527],[24.138,48.52],[24.137,48.515],[24.135,48.506],[24.135,48.5],[24.135,48.493],[24.136,48.49],[24.139,48.483],[24.141,48.475],[24.141,48.471],[24.14,48.467],[24.139,48.463],[24.137,48.459],[24.131,48.434],[24.131,48.426],[24.132,48.414],[24.139,48.384],[24.141,48.38],[24.145,48.375],[24.151,48.369],[24.163,48.361],[24.171,48.357],[24.178,48.355],[24.208,48.351],[24.234,48.351]],[[23.936,48.47],[23.943,48.47],[23.952,48.473],[23.96,48.476],[23.964,48.479],[23.981,48.491],[24.001,48.5],[24.046,48.505],[24.065,48.511],[24.114,48.532],[24.119,48.533],[24.124,48.534]],[[24.305,48.388],[24.31,48.387],[24.313,48.385],[24.32,48.381],[24.332,48.375],[24.336,48.371],[24.339,48.365],[24.343,48.353],[24.344,48.346],[24.346,48.34],[24.348,48.338],[24.353,48.337],[24.378,48.336],[24.385,48.335],[24.392,48.331],[24.4,48.324],[24.411,48.317],[24.43,48.307],[24.495,48.267],[24.499,48.263],[24.503,48.26],[24.521,48.235],[24.541,48.213],[24.543,48.209],[24.543,48.205],[24.541,48.198],[24.535,48.19],[24.53,48.185],[24.525,48.178],[24.523,48.175],[24.522,48.171],[24.521,48.167],[24.521,48.161],[24.523,48.155],[24.528,48.146],[24.532,48.141],[24.538,48.134],[24.607,48.089],[24.64,48.057],[24.641,48.053],[24.639,48.048],[24.588,47.996],[24.582,47.984],[24.572,47.95],[24.57,47.937],[24.57,47.937]],[[24.234,48.351],[24.257,48.353],[24.266,48.356],[24.271,48.357],[24.278,48.361],[24.285,48.366],[24.29,48.372],[24.293,48.375],[24.299,48.385],[24.302,48.387],[24.305,48.388]]]}},{"type":"Feature","properties":{"adm0":"UKR","note":"Ukraine_12","featurecla":"Admin-1 boundary"},"geometry":{"type":"MultiLineString","coordinates":[[[33.035,47.967],[33.046,47.96],[33.045,47.954],[33.039,47.944],[33.031,47.926],[33.032,47.92],[33.035,47.916],[33.039,47.915],[33.045,47.914]],[[33.056,47.915],[33.062,47.914],[33.069,47.911],[33.08,47.902],[33.083,47.896],[33.082,47.892],[33.079,47.889],[33.076,47.886],[33.073,47.883],[33.071,47.877],[33.07,47.855],[33.068,47.85],[33.066,47.847],[33.064,47.843],[33.062,47.838],[33.061,47.831],[33.06,47.776],[33.061,47.769],[33.064,47.764],[33.068,47.762],[33.072,47.76],[33.077,47.756],[33.082,47.75],[33.088,47.737],[33.087,47.732],[33.083,47.729],[33.04,47.726],[33.002,47.719],[32.996,47.717],[32.988,47.713],[32.984,47.71],[32.984,47.707],[32.985,47.704],[32.991,47.695],[33.007,47.675],[33.014,47.663],[33.017,47.658],[33.019,47.653],[33.021,47.643],[33.02,47.636],[33.018,47.632],[33.013,47.626],[33.0,47.618],[32.998,47.615],[32.995,47.611],[32.992,47.603],[32.992,47.599],[32.994,47.595],[32.998,47.594],[33.005,47.592],[33.089,47.583]],[[33.045,47.914],[33.051,47.914],[33.056,47.915]]]}},{"type":"Feature","properties":{"adm0":"UKR","note":"Ukraine_11","featurecla":"Admin-1 boundary"},"geometry":{"type":"MultiLineString","coordinates":[[[31.344,48.112],[31.25,48.121],[31.241,48.124],[31.238,48.126],[31.236,48.127],[31.233,48.129],[31.231,48.132],[31.23,48.135],[31.229,48.139],[31.23,48.154],[31.229,48.157],[31.228,48.159],[31.223,48.161],[31.2,48.165],[31.194,48.168],[31.19,48.171],[31.189,48.175],[31.187,48.202],[31.185,48.205],[31.183,48.208],[31.177,48.21],[31.169,48.212],[31.151,48.213],[31.135,48.217],[31.063,48.221]],[[31.063,48.221],[31.042,48.219],[31.007,48.211],[30.994,48.206],[30.986,48.2],[30.984,48.191],[30.982,48.188],[30.979,48.184],[30.976,48.182],[30.969,48.179],[30.938,48.172],[30.929,48.168],[30.923,48.164],[30.92,48.161],[30.917,48.159],[30.913,48.158],[30.906,48.157]],[[30.906,48.157],[30.898,48.158],[30.885,48.161],[30.88,48.165],[30.878,48.169],[30.877,48.173],[30.876,48.176],[30.875,48.179],[30.872,48.182],[30.868,48.184],[30.863,48.186],[30.857,48.186]],[[30.857,48.186],[30.85,48.185],[30.841,48.181],[30.836,48.178],[30.834,48.175],[30.827,48.162],[30.823,48.159],[30.817,48.159]],[[30.745,48.179],[30.716,48.183]],[[30.716,48.183],[30.705,48.182],[30.658,48.171],[30.645,48.167],[30.637,48.163],[30.635,48.16],[30.631,48.152],[30.629,48.149],[30.626,48.146],[30.62,48.145],[30.61,48.145]],[[30.817,48.159],[30.807,48.162],[30.802,48.165],[30.8,48.169],[30.799,48.173],[30.798,48.176],[30.789,48.178],[30.776,48.179]],[[30.776,48.179],[30.745,48.179]],[[30.61,48.145],[30.571,48.15],[30.527,48.161],[30.519,48.162],[30.51,48.162],[30.502,48.164]],[[30.502,48.164],[30.348,48.164],[30.342,48.16],[30.335,48.142],[30.33,48.136],[30.322,48.135]],[[30.322,48.135],[30.293,48.136]],[[31.414,48.108],[31.408,48.108],[31.4,48.112],[31.396,48.115],[31.393,48.118],[31.392,48.121],[31.389,48.124],[31.384,48.125]],[[31.384,48.125],[31.369,48.12],[31.351,48.113],[31.344,48.112]],[[31.518,48.055],[31.512,48.055],[31.506,48.056],[31.501,48.06],[31.5,48.064],[31.5,48.067],[31.502,48.069],[31.507,48.074],[31.508,48.078],[31.51,48.082],[31.513,48.103],[31.511,48.11],[31.51,48.114],[31.507,48.116],[31.504,48.118],[31.499,48.119]],[[31.499,48.119],[31.444,48.116],[31.431,48.113],[31.423,48.111],[31.419,48.109],[31.414,48.108]],[[31.656,48.101],[31.646,48.104],[31.64,48.106],[31.627,48.117],[31.623,48.118],[31.617,48.119]],[[31.617,48.119],[31.6,48.114],[31.594,48.112],[31.591,48.11],[31.589,48.106],[31.588,48.102],[31.589,48.091],[31.588,48.088],[31.585,48.086],[31.581,48.085],[31.565,48.083]],[[31.705,48.093],[31.699,48.094],[31.692,48.095],[31.683,48.1],[31.676,48.102],[31.667,48.103]],[[31.667,48.103],[31.656,48.101]],[[31.785,47.944],[31.78,47.945],[31.768,47.953],[31.755,47.963],[31.723,48.0],[31.723,48.0],[31.71,48.017],[31.708,48.02],[31.708,48.022],[31.711,48.024],[31.751,48.036],[31.763,48.042],[31.766,48.044],[31.769,48.047],[31.771,48.051],[31.773,48.055],[31.773,48.059],[31.773,48.063],[31.772,48.067],[31.771,48.07],[31.767,48.076],[31.76,48.092],[31.758,48.095],[31.752,48.097],[31.744,48.098]],[[31.744,48.098],[31.705,48.093]],[[31.565,48.083],[31.56,48.083],[31.555,48.084],[31.551,48.088],[31.547,48.09],[31.542,48.091]],[[31.542,48.091],[31.534,48.087],[31.53,48.083],[31.528,48.078],[31.528,48.066],[31.527,48.062],[31.525,48.058],[31.522,48.056],[31.518,48.055]],[[33.035,47.967],[33.019,47.974],[33.016,47.977],[33.015,47.981],[33.016,47.993],[33.016,47.997],[33.015,47.999],[33.013,48.001],[33.011,48.003],[32.992,48.018],[32.988,48.023],[32.986,48.026],[32.984,48.029],[32.983,48.036],[32.981,48.04],[32.979,48.043],[32.976,48.045]],[[32.976,48.045],[32.97,48.044],[32.949,48.035],[32.943,48.034]],[[32.943,48.034],[32.918,48.037],[32.907,48.038]],[[32.907,48.038],[32.894,48.035],[32.888,48.032],[32.884,48.029],[32.882,48.026],[32.881,48.022],[32.881,48.018],[32.882,48.011],[32.886,48.001],[32.886,48.0],[32.886,47.999],[32.885,47.997],[32.883,47.994],[32.879,47.992],[32.876,47.991],[32.844,47.986],[32.841,47.984],[32.838,47.981],[32.834,47.973],[32.832,47.97],[32.829,47.967],[32.825,47.966]],[[32.825,47.966],[32.818,47.966],[32.807,47.97],[32.801,47.973],[32.797,47.976],[32.79,47.984],[32.787,47.987],[32.783,47.989],[32.778,47.989]],[[32.778,47.989],[32.758,47.984],[32.717,47.979],[32.704,47.974],[32.696,47.97],[32.693,47.968],[32.69,47.965],[32.687,47.962],[32.685,47.959],[32.683,47.955],[32.682,47.951],[32.681,47.947],[32.682,47.943],[32.683,47.94],[32.686,47.937],[32.689,47.935],[32.694,47.933],[32.711,47.931],[32.715,47.93],[32.716,47.927],[32.716,47.919],[32.716,47.915],[32.714,47.912],[32.711,47.91],[32.706,47.909],[32.679,47.907],[32.669,47.905],[32.666,47.903],[32.663,47.9],[32.661,47.897],[32.661,47.894],[32.662,47.89],[32.664,47.887],[32.67,47.879],[32.672,47.875],[32.672,47.871],[32.671,47.863],[32.671,47.859],[32.672,47.856],[32.675,47.854],[32.679,47.851],[32.682,47.849],[32.682,47.846],[32.68,47.843],[32.676,47.842],[32.656,47.839],[32.652,47.837],[32.65,47.834],[32.649,47.826],[32.65,47.822],[32.648,47.806],[32.647,47.803],[32.645,47.801],[32.64,47.8],[32.467,47.781]],[[31.868,47.795],[31.862,47.796],[31.857,47.798],[31.852,47.803],[31.851,47.808],[31.851,47.813],[31.852,47.817],[31.853,47.821],[31.853,47.825],[31.852,47.828],[31.849,47.831],[31.842,47.839],[31.84,47.843],[31.839,47.846],[31.84,47.85],[31.842,47.853],[31.844,47.856],[31.862,47.874],[31.864,47.877],[31.866,47.88],[31.867,47.884],[31.866,47.888],[31.865,47.891],[31.863,47.894],[31.861,47.897],[31.84,47.915],[31.837,47.917],[31.835,47.92],[31.833,47.923],[31.832,47.927],[31.831,47.931],[31.831,47.934],[31.827,47.94],[31.821,47.945],[31.817,47.947],[31.81,47.948]],[[31.81,47.948],[31.785,47.944]],[[32.348,47.795],[32.343,47.796],[32.325,47.809],[32.299,47.82],[32.288,47.822],[32.271,47.824]],[[32.271,47.824],[32.234,47.82],[32.226,47.818],[32.222,47.816],[32.218,47.813],[32.215,47.811],[32.193,47.787],[32.18,47.769],[32.169,47.758],[32.162,47.753],[32.158,47.751],[32.149,47.749],[32.139,47.748]],[[32.139,47.748],[32.13,47.749],[32.119,47.751],[32.1,47.758],[32.092,47.763],[32.087,47.767],[32.083,47.773],[32.074,47.785],[32.072,47.787],[32.068,47.79],[32.064,47.792],[32.041,47.801],[32.03,47.808],[32.022,47.81],[31.986,47.813]],[[31.986,47.813],[31.975,47.812],[31.968,47.809],[31.967,47.806],[31.966,47.802],[31.964,47.798],[31.96,47.797],[31.955,47.796],[31.868,47.795]],[[32.467,47.781],[32.457,47.782],[32.391,47.798],[32.387,47.8],[32.381,47.801],[32.375,47.802]],[[32.375,47.802],[32.364,47.8],[32.353,47.796],[32.348,47.795]]]}},{"type":"Feature","properties":{"adm0":"UKR","note":"Ukraine_10","featurecla":"Admin-1 boundary"},"geometry":{"type":"MultiLineString","coordinates":[[[33.089,47.583],[33.087,47.574],[33.087,47.562],[33.087,47.555],[33.088,47.551],[33.089,47.548],[33.092,47.545],[33.095,47.543],[33.11,47.534],[33.116,47.53],[33.118,47.527],[33.119,47.524],[33.118,47.52],[33.116,47.517],[33.112,47.51],[33.111,47.506],[33.111,47.503],[33.112,47.501],[33.112,47.5],[33.113,47.498],[33.118,47.49],[33.12,47.487],[33.123,47.483],[33.124,47.48],[33.125,47.477],[33.125,47.474],[33.125,47.47],[33.123,47.461],[33.12,47.453],[33.12,47.449],[33.12,47.445],[33.121,47.442],[33.123,47.439],[33.125,47.436],[33.129,47.43],[33.13,47.426],[33.13,47.423],[33.128,47.419],[33.124,47.416],[33.115,47.414],[33.096,47.413]],[[33.096,47.413],[33.09,47.414],[33.085,47.415],[33.082,47.418],[33.08,47.421],[33.075,47.434],[33.064,47.449],[33.062,47.451],[33.059,47.452]],[[33.059,47.452],[33.055,47.451],[33.053,47.445],[33.051,47.436],[33.047,47.431],[33.031,47.417],[33.028,47.412],[33.026,47.409],[33.027,47.406],[33.028,47.403],[33.03,47.4],[33.032,47.397],[33.035,47.394],[33.039,47.392],[33.043,47.39],[33.048,47.389],[33.054,47.388],[33.087,47.387],[33.092,47.387],[33.096,47.385],[33.099,47.382],[33.121,47.349],[33.122,47.346],[33.124,47.339],[33.125,47.334],[33.125,47.331],[33.124,47.327],[33.121,47.319],[33.111,47.3],[33.106,47.288],[33.105,47.28],[33.105,47.276],[33.105,47.272],[33.106,47.269],[33.108,47.266],[33.114,47.257],[33.135,47.231],[33.137,47.227],[33.136,47.224],[33.131,47.217],[33.129,47.212],[33.127,47.208],[33.125,47.205],[33.121,47.202]],[[33.121,47.202],[33.113,47.203],[33.107,47.204],[33.095,47.209],[33.09,47.21]],[[33.09,47.21],[33.084,47.209],[33.078,47.206],[33.049,47.183],[33.043,47.18],[33.036,47.178],[33.021,47.176]],[[33.021,47.176],[32.998,47.177],[32.995,47.178],[32.985,47.187],[32.981,47.188]],[[32.981,47.188],[32.976,47.187],[32.971,47.181],[32.962,47.164],[32.936,47.127],[32.918,47.11],[32.916,47.107],[32.915,47.104],[32.915,47.1],[32.916,47.097],[32.917,47.094],[32.919,47.089],[32.92,47.08],[32.922,47.077],[32.925,47.075],[32.93,47.075]],[[32.946,47.076],[32.951,47.076],[32.956,47.075],[33.014,47.051],[33.059,47.021],[33.061,47.019],[33.062,47.015],[33.06,47.012],[33.058,47.009],[33.049,47.0],[33.032,46.986],[33.029,46.983],[33.028,46.981],[33.026,46.978],[33.026,46.974],[33.026,46.972],[33.025,46.97]],[[32.93,47.075],[32.946,47.076]],[[33.025,46.97],[32.998,46.982],[32.992,46.986],[32.986,46.991],[32.981,46.996],[32.976,47.0],[32.975,47.0]],[[32.975,47.0],[32.971,47.0],[32.965,46.997],[32.955,46.991],[32.951,46.986],[32.949,46.981],[32.95,46.97],[32.951,46.962],[32.952,46.959],[32.954,46.956],[32.957,46.954],[32.961,46.952],[32.966,46.951],[33.001,46.951],[33.006,46.95],[33.009,46.949],[33.012,46.946],[33.014,46.943],[33.015,46.94],[33.01,46.936],[33.0,46.933],[32.959,46.925],[32.946,46.92],[32.924,46.903],[32.914,46.9],[32.816,46.889],[32.812,46.887],[32.807,46.882],[32.807,46.879],[32.808,46.875],[32.811,46.873],[32.815,46.871],[32.819,46.87],[32.826,46.868],[32.85,46.867]],[[32.593,46.86],[32.583,46.862],[32.575,46.864],[32.571,46.866],[32.563,46.866],[32.558,46.868],[32.555,46.87],[32.552,46.873],[32.547,46.874]],[[32.547,46.874],[32.543,46.874],[32.538,46.873],[32.537,46.868],[32.537,46.853],[32.536,46.849],[32.535,46.844],[32.533,46.841],[32.531,46.838],[32.528,46.836],[32.523,46.833],[32.515,46.832],[32.48,46.83]],[[32.904,46.87],[32.91,46.869],[32.92,46.865],[32.925,46.865]],[[32.85,46.867],[32.904,46.87]],[[32.935,46.865],[32.939,46.864],[32.941,46.862],[32.931,46.857],[32.914,46.851],[32.836,46.832],[32.832,46.83],[32.828,46.828],[32.822,46.827]],[[32.925,46.865],[32.935,46.865]],[[32.72,46.824],[32.709,46.824],[32.706,46.824],[32.702,46.826],[32.699,46.828],[32.695,46.83],[32.693,46.833],[32.686,46.842],[32.683,46.844],[32.679,46.846],[32.675,46.848],[32.652,46.853],[32.648,46.855],[32.644,46.857],[32.641,46.86],[32.632,46.861]],[[32.632,46.861],[32.593,46.86]],[[32.48,46.83],[32.47,46.831],[32.463,46.834],[32.461,46.837],[32.457,46.843],[32.454,46.845],[32.45,46.846],[32.444,46.847]],[[32.444,46.847],[32.423,46.846],[32.389,46.84],[32.382,46.837],[32.374,46.831],[32.37,46.826],[32.359,46.801],[32.356,46.798],[32.351,46.796],[32.343,46.795]],[[32.822,46.827],[32.773,46.828]],[[32.773,46.828],[32.72,46.824]],[[32.343,46.795],[32.317,46.796],[32.259,46.811],[32.248,46.811]],[[32.248,46.811],[32.235,46.809],[32.229,46.808],[32.223,46.805],[32.215,46.799],[32.211,46.795],[32.208,46.79],[32.198,46.772],[32.188,46.759],[32.185,46.756],[32.179,46.751],[32.172,46.747],[32.155,46.742],[32.123,46.735],[32.112,46.735]],[[32.112,46.735],[32.099,46.738],[32.083,46.745],[32.078,46.746],[32.072,46.747]],[[32.072,46.747],[32.065,46.746],[32.057,46.744],[32.04,46.736],[32.032,46.73],[32.017,46.726]],[[32.017,46.726],[31.966,46.727]],[[31.966,46.727],[31.965,46.722],[31.965,46.722]]]}},{"type":"Feature","properties":{"adm0":"UKR","note":"Ukraine_9","featurecla":"Admin-1 boundary"},"geometry":{"type":"MultiLineString","coordinates":[[[29.959,48.21],[29.954,48.21],[29.948,48.213],[29.935,48.221],[29.929,48.222]],[[29.929,48.222],[29.924,48.222],[29.921,48.219],[29.915,48.214],[29.892,48.185],[29.888,48.182],[29.882,48.18]],[[30.293,48.136],[30.083,48.144],[30.048,48.155],[30.028,48.175],[30.013,48.199],[29.997,48.221]],[[29.997,48.221],[29.984,48.218],[29.981,48.217],[29.968,48.211],[29.959,48.21]],[[29.882,48.18],[29.877,48.18],[29.872,48.181],[29.868,48.183],[29.856,48.193],[29.853,48.196],[29.849,48.199],[29.831,48.208],[29.826,48.21],[29.82,48.211]],[[29.82,48.211],[29.816,48.21],[29.8,48.206],[29.775,48.203]]]}},{"type":"Feature","properties":{"adm0":"UKR","note":"Ukraine_8","featurecla":"Admin-1 boundary"},"geometry":{"type":"MultiLineString","coordinates":[[[30.293,48.136],[30.294,48.118],[30.295,48.113],[30.299,48.11],[30.312,48.105],[30.316,48.102],[30.317,48.097],[30.315,48.093],[30.312,48.09],[30.307,48.089]],[[30.307,48.089],[30.302,48.09],[30.296,48.091],[30.291,48.092]],[[30.291,48.092],[30.285,48.091],[30.282,48.089],[30.275,48.084],[30.271,48.083]],[[30.271,48.083],[30.256,48.084]],[[30.256,48.084],[30.222,48.074],[30.218,48.072],[30.211,48.068],[30.209,48.065],[30.21,48.062],[30.222,48.057],[30.226,48.053],[30.226,48.048],[30.226,48.035],[30.226,48.031],[30.226,48.028],[30.225,48.024],[30.217,48.016],[30.216,48.012],[30.215,48.008],[30.216,47.999],[30.217,47.996],[30.22,47.993],[30.227,47.99],[30.251,47.986],[30.256,47.984],[30.259,47.981],[30.263,47.979],[30.273,47.968],[30.293,47.953],[30.296,47.95],[30.298,47.945],[30.322,47.837],[30.323,47.834],[30.325,47.83],[30.327,47.826],[30.331,47.821],[30.347,47.811],[30.358,47.806],[30.384,47.799],[30.39,47.797],[30.395,47.792],[30.399,47.777],[30.399,47.772],[30.398,47.77],[30.396,47.768],[30.394,47.765],[30.383,47.758],[30.38,47.755],[30.378,47.752],[30.379,47.747],[30.382,47.743],[30.395,47.734],[30.408,47.727],[30.411,47.724],[30.414,47.72],[30.415,47.713],[30.413,47.708],[30.411,47.704],[30.404,47.695],[30.402,47.691],[30.402,47.687],[30.402,47.683],[30.404,47.679],[30.41,47.666],[30.414,47.657],[30.417,47.653],[30.42,47.648],[30.43,47.643],[30.454,47.635],[30.458,47.633],[30.468,47.625],[30.471,47.623],[30.476,47.622]],[[30.593,47.638],[30.598,47.637],[30.604,47.636],[30.617,47.629],[30.623,47.627],[30.63,47.626],[30.666,47.626],[30.671,47.623],[30.675,47.619],[30.679,47.601],[30.685,47.593],[30.69,47.59],[30.695,47.588],[30.699,47.588]],[[30.55,47.618],[30.555,47.618],[30.563,47.621],[30.578,47.629],[30.588,47.636],[30.593,47.638]],[[30.78,47.634],[30.785,47.63],[30.788,47.624],[30.791,47.606],[30.79,47.598],[30.788,47.592],[30.786,47.589],[30.786,47.587],[30.79,47.584],[30.825,47.584],[30.832,47.581],[30.838,47.575],[30.849,47.561],[30.863,47.549],[30.868,47.543],[30.872,47.522],[30.872,47.513],[30.87,47.509],[30.868,47.505],[30.865,47.503],[30.858,47.5],[30.857,47.5],[30.856,47.494],[30.856,47.487],[30.855,47.476],[30.853,47.467],[30.846,47.451],[30.834,47.43],[30.839,47.413],[30.886,47.317],[30.902,47.291],[30.915,47.277],[30.97,47.27],[31.011,47.269],[31.014,47.268],[31.018,47.266],[31.029,47.253],[31.034,47.251],[31.04,47.251]],[[30.699,47.588],[30.703,47.59],[30.706,47.592],[30.711,47.599],[30.715,47.616],[30.717,47.62],[30.72,47.623],[30.724,47.625],[30.78,47.634]],[[30.527,47.628],[30.531,47.626],[30.535,47.624],[30.54,47.62],[30.544,47.618],[30.55,47.618]],[[30.476,47.622],[30.522,47.628],[30.527,47.628]],[[31.15,47.272],[31.154,47.272],[31.156,47.27],[31.158,47.269],[31.16,47.267],[31.168,47.255],[31.17,47.249],[31.172,47.241],[31.169,47.234],[31.166,47.229],[31.152,47.219],[31.148,47.217],[31.139,47.215],[31.129,47.213],[31.125,47.212],[31.121,47.21],[31.118,47.207],[31.116,47.199],[31.115,47.191],[31.115,47.186],[31.116,47.182],[31.12,47.179],[31.125,47.176],[31.13,47.174],[31.154,47.17],[31.163,47.167],[31.174,47.16],[31.177,47.159],[31.182,47.158]],[[31.04,47.251],[31.07,47.26],[31.15,47.272]],[[31.224,47.166],[31.228,47.163],[31.231,47.158],[31.236,47.149],[31.24,47.144],[31.244,47.141],[31.255,47.134],[31.257,47.131],[31.26,47.128],[31.263,47.123],[31.266,47.115],[31.269,47.11],[31.273,47.107],[31.279,47.106],[31.295,47.105],[31.3,47.104],[31.304,47.102],[31.306,47.098],[31.307,47.09],[31.296,47.074],[31.297,47.063],[31.296,47.056],[31.295,47.05],[31.288,47.044],[31.283,47.041],[31.278,47.036],[31.273,47.029],[31.268,47.014],[31.262,47.002],[31.26,47.0],[31.257,46.998],[31.236,46.992],[31.232,46.989],[31.229,46.986],[31.224,46.977],[31.22,46.975],[31.215,46.974],[31.154,46.972],[31.144,46.97],[31.14,46.969]],[[31.182,47.158],[31.187,47.158],[31.191,47.159],[31.204,47.164],[31.213,47.166],[31.224,47.166]],[[31.14,46.969],[31.135,46.97],[31.128,46.974],[31.124,46.975],[31.119,46.976]],[[31.119,46.976],[31.114,46.975],[31.109,46.974],[31.106,46.971],[31.096,46.959],[31.093,46.957],[31.088,46.956],[31.037,46.953],[31.034,46.952],[31.032,46.948],[31.033,46.939],[31.041,46.917],[31.05,46.904],[31.056,46.897],[31.099,46.877],[31.105,46.873],[31.113,46.864],[31.124,46.847],[31.127,46.843],[31.13,46.841],[31.144,46.836],[31.162,46.825],[31.165,46.816],[31.172,46.737],[31.176,46.727],[31.178,46.721],[31.178,46.715],[31.175,46.708],[31.172,46.703],[31.172,46.684],[31.188,46.629],[31.188,46.629]]]}},{"type":"Feature","properties":{"adm0":"UKR","note":"Ukraine_7","featurecla":"Admin-1 boundary"},"geometry":{"type":"MultiLineString","coordinates":[[[29.447,49.651],[29.496,49.646],[29.503,49.644],[29.511,49.64],[29.513,49.637],[29.515,49.633],[29.514,49.626],[29.512,49.621],[29.509,49.617],[29.499,49.604],[29.497,49.6],[29.496,49.597],[29.495,49.592],[29.495,49.584],[29.496,49.573],[29.499,49.568],[29.502,49.563],[29.51,49.556],[29.516,49.552],[29.522,49.549],[29.562,49.536],[29.565,49.532],[29.567,49.528],[29.567,49.521],[29.566,49.508],[29.565,49.506],[29.562,49.504],[29.559,49.502],[29.554,49.5],[29.548,49.499],[29.545,49.497],[29.542,49.495],[29.54,49.491],[29.54,49.488],[29.543,49.482],[29.566,49.451],[29.57,49.444],[29.57,49.431],[29.569,49.422],[29.567,49.418],[29.565,49.415],[29.561,49.413],[29.511,49.391],[29.508,49.389],[29.505,49.386],[29.503,49.384],[29.502,49.382],[29.501,49.38],[29.5,49.379],[29.5,49.375],[29.499,49.368],[29.5,49.366],[29.516,49.346],[29.52,49.34],[29.522,49.334],[29.523,49.326],[29.525,49.322],[29.532,49.318],[29.547,49.313],[29.556,49.311],[29.585,49.308],[29.59,49.306],[29.594,49.304],[29.598,49.3],[29.611,49.28],[29.63,49.262],[29.637,49.253],[29.639,49.248],[29.642,49.245],[29.648,49.243],[29.662,49.243]],[[29.677,49.244],[29.688,49.241],[29.697,49.227]],[[29.662,49.243],[29.677,49.244]]]}},{"type":"Feature","properties":{"adm0":"UKR","note":"Ukraine_6","featurecla":"Admin-1 boundary"},"geometry":{"type":"MultiLineString","coordinates":[[[29.023,49.587],[29.002,49.59],[28.993,49.593],[28.987,49.596],[28.983,49.598],[28.98,49.601],[28.979,49.604],[28.98,49.607],[28.983,49.61],[28.993,49.617],[28.995,49.62],[28.997,49.623],[28.997,49.626],[28.996,49.629],[28.982,49.643],[28.98,49.646],[28.979,49.649],[28.978,49.653],[28.976,49.657],[28.972,49.662],[28.953,49.671],[28.948,49.674],[28.948,49.676],[28.947,49.678],[28.949,49.682],[28.951,49.685],[28.956,49.691],[29.004,49.731],[29.005,49.734],[29.002,49.738],[28.974,49.752],[28.97,49.754],[28.967,49.757],[28.959,49.765],[28.942,49.788],[28.941,49.79],[28.94,49.793],[28.94,49.796],[28.941,49.805],[28.94,49.808],[28.939,49.812],[28.938,49.815],[28.936,49.819],[28.936,49.822],[28.937,49.826],[28.94,49.831],[28.937,49.835],[28.932,49.841],[28.915,49.851],[28.91,49.857],[28.908,49.861],[28.91,49.865],[28.911,49.868],[28.91,49.872],[28.905,49.875],[28.899,49.876],[28.835,49.881]],[[28.835,49.881],[28.828,49.881],[28.824,49.878],[28.821,49.87],[28.816,49.863],[28.814,49.86],[28.811,49.857],[28.803,49.852],[28.795,49.849],[28.77,49.843],[28.758,49.837],[28.754,49.835],[28.751,49.832],[28.739,49.816],[28.73,49.802],[28.728,49.799],[28.725,49.797],[28.723,49.795],[28.72,49.794],[28.71,49.794]],[[28.571,49.787],[28.566,49.788],[28.563,49.79],[28.56,49.793],[28.554,49.796],[28.528,49.806],[28.519,49.807],[28.431,49.808]],[[28.431,49.808],[28.42,49.807],[28.417,49.804],[28.398,49.783],[28.393,49.779],[28.39,49.777],[28.374,49.773],[28.353,49.771]],[[28.71,49.794],[28.635,49.801]],[[28.635,49.801],[28.629,49.801],[28.625,49.8],[28.607,49.793],[28.592,49.79],[28.571,49.787]],[[28.353,49.771],[28.342,49.772],[28.333,49.773],[28.286,49.787],[28.275,49.788],[28.267,49.788]],[[28.267,49.788],[28.249,49.782],[28.239,49.78],[28.143,49.778],[28.058,49.763],[28.025,49.76]],[[28.025,49.76],[27.957,49.767]],[[27.957,49.767],[27.868,49.76]],[[29.447,49.651],[29.422,49.651]],[[29.422,49.651],[29.412,49.648],[29.408,49.645],[29.405,49.643],[29.373,49.623],[29.363,49.619],[29.354,49.617]],[[29.354,49.617],[29.337,49.618]],[[29.337,49.618],[29.294,49.615],[29.282,49.612],[29.274,49.608],[29.273,49.604],[29.272,49.6],[29.271,49.591],[29.269,49.586],[29.264,49.585],[29.259,49.585]],[[29.132,49.582],[29.061,49.589]],[[29.061,49.589],[29.023,49.587]],[[29.259,49.585],[29.239,49.587]],[[29.239,49.587],[29.132,49.582]]]}},{"type":"Feature","properties":{"adm0":"UKR","note":"Ukraine_5","featurecla":"Admin-1 boundary"},"geometry":{"type":"MultiLineString","coordinates":[[[27.799,49.701],[27.805,49.701],[27.81,49.702],[27.814,49.704],[27.822,49.708],[27.831,49.715],[27.836,49.722],[27.837,49.726],[27.834,49.729],[27.816,49.737],[27.812,49.739],[27.813,49.741],[27.817,49.742],[27.836,49.742],[27.85,49.745],[27.868,49.76]],[[27.774,49.705],[27.799,49.701]],[[27.762,49.524],[27.768,49.524],[27.775,49.527],[27.784,49.536],[27.787,49.542],[27.786,49.546],[27.783,49.549],[27.772,49.556],[27.769,49.559],[27.767,49.563],[27.767,49.567],[27.769,49.57],[27.779,49.578],[27.809,49.618],[27.813,49.625],[27.816,49.631],[27.816,49.635],[27.814,49.638],[27.812,49.641],[27.808,49.647],[27.801,49.652],[27.793,49.656],[27.785,49.66],[27.759,49.668],[27.755,49.67],[27.752,49.674],[27.75,49.679],[27.751,49.683],[27.753,49.687],[27.762,49.7],[27.765,49.703],[27.769,49.704],[27.774,49.705]],[[27.747,49.528],[27.753,49.528],[27.762,49.524]],[[27.767,49.116],[27.773,49.116],[27.777,49.118],[27.783,49.12],[27.802,49.137],[27.811,49.142],[27.834,49.149],[27.865,49.15],[27.873,49.151],[27.884,49.155],[27.888,49.159],[27.889,49.163],[27.888,49.166],[27.884,49.172],[27.882,49.179],[27.881,49.183],[27.881,49.187],[27.881,49.195],[27.88,49.203],[27.879,49.207],[27.878,49.21],[27.876,49.213],[27.873,49.216],[27.862,49.226],[27.859,49.229],[27.857,49.232],[27.856,49.237],[27.855,49.242],[27.857,49.249],[27.86,49.255],[27.865,49.261],[27.874,49.268],[27.877,49.273],[27.877,49.277],[27.875,49.28],[27.871,49.286],[27.858,49.296],[27.855,49.298],[27.852,49.305],[27.852,49.309],[27.852,49.313],[27.853,49.319],[27.854,49.324],[27.853,49.328],[27.851,49.331],[27.848,49.333],[27.844,49.335],[27.827,49.338],[27.823,49.339],[27.819,49.341],[27.817,49.344],[27.816,49.348],[27.814,49.359],[27.813,49.362],[27.807,49.369],[27.805,49.373],[27.803,49.379],[27.804,49.383],[27.806,49.385],[27.809,49.386],[27.838,49.394],[27.844,49.396],[27.846,49.399],[27.846,49.403],[27.839,49.416],[27.836,49.423],[27.833,49.425],[27.83,49.428],[27.826,49.43],[27.765,49.43],[27.758,49.431],[27.752,49.432],[27.747,49.434],[27.743,49.437],[27.74,49.44],[27.738,49.447],[27.74,49.451],[27.742,49.455],[27.745,49.458],[27.758,49.464],[27.763,49.467],[27.763,49.47],[27.761,49.472],[27.758,49.474],[27.729,49.489],[27.726,49.493],[27.724,49.5],[27.726,49.514],[27.728,49.522],[27.732,49.526],[27.736,49.528],[27.742,49.528],[27.747,49.528]],[[27.616,49.16],[27.64,49.156],[27.655,49.152],[27.671,49.144],[27.681,49.14],[27.686,49.139],[27.705,49.137],[27.715,49.134],[27.735,49.124],[27.745,49.12],[27.755,49.118],[27.767,49.116]],[[27.568,49.122],[27.574,49.123],[27.578,49.124],[27.581,49.127],[27.601,49.152],[27.609,49.158],[27.616,49.16]],[[27.525,49.127],[27.568,49.122]],[[27.414,48.765],[27.42,48.766],[27.425,48.77],[27.426,48.774],[27.425,48.777],[27.422,48.78],[27.419,48.782],[27.415,48.788],[27.408,48.801],[27.403,48.815],[27.4,48.869],[27.399,48.876],[27.394,48.89],[27.387,48.907],[27.377,48.92],[27.375,48.924],[27.372,48.93],[27.372,48.935],[27.374,48.939],[27.377,48.941],[27.386,48.945],[27.391,48.948],[27.397,48.953],[27.398,48.957],[27.398,48.961],[27.396,48.964],[27.39,48.969],[27.387,48.973],[27.383,48.978],[27.38,48.987],[27.381,48.992],[27.383,48.996],[27.388,49.0],[27.392,49.013],[27.395,49.018],[27.399,49.021],[27.402,49.022],[27.406,49.024],[27.416,49.031],[27.424,49.034],[27.428,49.037],[27.431,49.039],[27.434,49.043],[27.436,49.047],[27.44,49.058],[27.442,49.061],[27.445,49.064],[27.448,49.066],[27.465,49.071],[27.471,49.076],[27.472,49.081],[27.472,49.088],[27.474,49.093],[27.477,49.098],[27.482,49.105],[27.489,49.118],[27.495,49.123],[27.5,49.126],[27.525,49.127]],[[27.403,48.766],[27.414,48.765]],[[27.37,48.63],[27.393,48.684],[27.399,48.709],[27.402,48.732],[27.401,48.736],[27.399,48.742],[27.397,48.752],[27.396,48.761],[27.399,48.765],[27.403,48.766]]]}},{"type":"Feature","properties":{"adm0":"UKR","note":"Ukraine_4","featurecla":"Admin-1 boundary"},"geometry":{"type":"MultiLineString","coordinates":[[[29.677,48.928],[29.672,48.929],[29.668,48.931],[29.661,48.936],[29.657,48.938],[29.639,48.945],[29.636,48.947],[29.635,48.95],[29.639,48.953],[29.642,48.956],[29.646,48.96],[29.653,48.975],[29.658,48.979],[29.663,48.981],[29.669,48.981],[29.673,48.984],[29.675,48.987],[29.672,48.999],[29.671,49.001],[29.671,49.001],[29.667,49.006],[29.664,49.008],[29.66,49.01],[29.655,49.012],[29.649,49.013],[29.618,49.013],[29.612,49.015],[29.603,49.018],[29.6,49.021],[29.597,49.023],[29.595,49.027],[29.593,49.031],[29.593,49.039],[29.595,49.045],[29.598,49.051],[29.61,49.062],[29.614,49.065],[29.618,49.067],[29.652,49.08],[29.671,49.085],[29.674,49.088],[29.676,49.093],[29.674,49.103],[29.674,49.109],[29.675,49.115],[29.68,49.119],[29.685,49.122],[29.704,49.128],[29.707,49.132],[29.709,49.136],[29.705,49.147],[29.703,49.152],[29.701,49.157],[29.701,49.161],[29.704,49.167],[29.711,49.174],[29.712,49.178],[29.711,49.183],[29.704,49.189],[29.699,49.193],[29.694,49.195],[29.679,49.2],[29.675,49.202],[29.675,49.21],[29.697,49.227]],[[29.813,48.765],[29.778,48.768],[29.772,48.769],[29.768,48.778],[29.75,48.84],[29.745,48.849],[29.74,48.85],[29.716,48.854],[29.712,48.857],[29.709,48.859],[29.706,48.863],[29.704,48.867],[29.701,48.875],[29.7,48.88],[29.704,48.885],[29.708,48.887],[29.72,48.893],[29.722,48.897],[29.722,48.902],[29.719,48.91],[29.716,48.914],[29.713,48.918],[29.707,48.923],[29.703,48.925],[29.698,48.927],[29.693,48.928]],[[29.693,48.928],[29.677,48.928]],[[30.001,48.51],[30.003,48.51],[30.006,48.511],[30.012,48.515],[30.017,48.52],[30.018,48.522],[30.02,48.525],[30.021,48.529],[30.022,48.534],[30.021,48.538],[30.015,48.551],[30.001,48.571],[29.982,48.587],[29.972,48.598],[29.964,48.61],[29.961,48.615],[29.959,48.623],[29.959,48.652],[29.958,48.655],[29.955,48.659],[29.949,48.661],[29.905,48.673],[29.872,48.689],[29.865,48.693],[29.859,48.698],[29.857,48.703],[29.856,48.708],[29.858,48.718],[29.86,48.722],[29.865,48.726],[29.882,48.732],[29.886,48.734],[29.888,48.736],[29.888,48.74],[29.884,48.743],[29.879,48.746],[29.874,48.747],[29.868,48.75],[29.861,48.754],[29.853,48.762],[29.846,48.765],[29.84,48.766]],[[29.84,48.766],[29.813,48.765]],[[29.996,48.51],[30.001,48.51]],[[29.966,48.457],[29.961,48.457],[29.958,48.459],[29.956,48.463],[29.957,48.47],[29.959,48.474],[29.961,48.476],[29.979,48.487],[29.983,48.489],[29.988,48.495],[29.991,48.5],[29.993,48.506],[29.995,48.509],[29.996,48.51]],[[30.076,48.455],[30.061,48.466],[30.052,48.471],[30.047,48.472],[30.042,48.473],[30.037,48.474]],[[30.037,48.474],[30.032,48.473],[30.021,48.472],[29.973,48.458],[29.966,48.457]]]}},{"type":"Feature","properties":{"adm0":"UKR","note":"Ukraine_3","featurecla":"Admin-1 boundary"},"geometry":{"type":"MultiLineString","coordinates":[[[30.076,48.455],[30.052,48.433],[30.039,48.428],[30.005,48.424],[29.998,48.422],[29.994,48.419],[29.98,48.402],[29.958,48.384],[29.947,48.377],[29.94,48.376]],[[29.94,48.376],[29.937,48.378],[29.935,48.381],[29.933,48.384],[29.927,48.401],[29.925,48.404],[29.92,48.41],[29.918,48.413],[29.917,48.416],[29.917,48.42],[29.918,48.424],[29.917,48.428],[29.912,48.432],[29.898,48.434]],[[29.898,48.434],[29.889,48.434],[29.883,48.433],[29.865,48.422],[29.859,48.417],[29.847,48.406],[29.842,48.4],[29.82,48.382],[29.788,48.361],[29.783,48.357],[29.779,48.353],[29.778,48.35],[29.777,48.348],[29.777,48.345],[29.778,48.342],[29.778,48.338],[29.778,48.33],[29.777,48.321],[29.775,48.317],[29.767,48.302],[29.761,48.295],[29.742,48.276],[29.74,48.273],[29.738,48.27],[29.739,48.267],[29.741,48.264],[29.745,48.262],[29.75,48.261],[29.774,48.257],[29.78,48.255],[29.784,48.254],[29.786,48.252],[29.786,48.251],[29.787,48.25],[29.787,48.25],[29.784,48.244],[29.783,48.241],[29.784,48.238],[29.786,48.235],[29.787,48.232],[29.787,48.228],[29.784,48.224],[29.779,48.219],[29.775,48.215],[29.773,48.211],[29.775,48.203]]]}},{"type":"Feature","properties":{"adm0":"UKR","note":"Ukraine_2","featurecla":"Admin-1 boundary"},"geometry":{"type":"MultiLineString","coordinates":[[[27.37,48.63],[27.41,48.621],[27.438,48.603],[27.458,48.577],[27.473,48.547],[27.494,48.482],[27.504,48.473],[27.504,48.472]]]}},{"type":"Feature","properties":{"adm0":"UKR","note":"Ukraine_1","featurecla":"Admin-1 boundary"},"geometry":{"type":"MultiLineString","coordinates":[[[29.775,48.203],[29.717,48.182],[29.709,48.18],[29.698,48.18]],[[29.698,48.18],[29.692,48.181],[29.682,48.182]],[[29.682,48.182],[29.671,48.177],[29.667,48.173],[29.666,48.169],[29.667,48.166],[29.672,48.16],[29.693,48.142],[29.695,48.139],[29.698,48.136],[29.698,48.132],[29.697,48.126],[29.68,48.092],[29.675,48.09]],[[29.246,48.085],[29.241,48.085],[29.223,48.092],[29.17,48.106],[29.162,48.11],[29.153,48.117],[29.149,48.119],[29.136,48.125],[29.117,48.136],[29.114,48.138],[29.11,48.141],[29.104,48.144],[29.093,48.146]],[[29.093,48.146],[29.086,48.146],[29.078,48.144],[29.049,48.136],[29.045,48.134],[29.042,48.132],[29.041,48.128],[29.042,48.121],[29.05,48.097],[29.05,48.093],[29.05,48.089],[29.049,48.086],[29.046,48.083],[29.035,48.077],[29.018,48.071],[29.01,48.067],[28.997,48.057],[28.986,48.046],[28.964,48.036],[28.88,48.011],[28.862,48.001],[28.862,48.001]],[[29.586,48.087],[29.51,48.09],[29.497,48.093],[29.458,48.109],[29.454,48.111],[29.45,48.114]],[[29.45,48.114],[29.435,48.113],[29.338,48.086],[29.246,48.085]],[[29.675,48.09],[29.67,48.09],[29.661,48.093],[29.656,48.094]],[[29.656,48.094],[29.651,48.093],[29.642,48.091],[29.586,48.087]]]}},{"type":"Feature","properties":{"adm0":"UKR","note":null,"featurecla":"Admin-1 boundary"},"geometry":{"type":"MultiLineString","coordinates":[[[30.739,50.668],[30.793,50.654],[30.835,50.639],[30.842,50.584],[30.805,50.556],[30.776,50.544],[30.753,50.521],[30.751,50.506],[30.768,50.489],[30.757,50.476],[30.76,50.44],[30.815,50.385],[30.817,50.367],[30.846,50.353],[30.83,50.333],[30.79,50.333],[30.792,50.293],[30.754,50.289]],[[30.647,50.575],[30.664,50.603],[30.696,50.611],[30.719,50.624],[30.716,50.652],[30.739,50.668]],[[30.334,50.663],[30.433,50.662],[30.437,50.634],[30.463,50.63],[30.476,50.596],[30.503,50.579],[30.523,50.558],[30.548,50.549]],[[30.286,50.589],[30.291,50.609],[30.27,50.633],[30.333,50.638],[30.334,50.663]],[[30.268,50.608],[30.286,50.589]],[[30.197,50.374],[30.186,50.387],[30.192,50.413],[30.192,50.429],[30.203,50.445],[30.201,50.461],[30.2,50.478],[30.212,50.487],[30.217,50.506],[30.213,50.526],[30.217,50.542],[30.24,50.555],[30.259,50.566],[30.259,50.584],[30.25,50.601],[30.268,50.608]],[[30.552,50.581],[30.647,50.575]],[[30.548,50.549],[30.539,50.572],[30.552,50.581]],[[30.28,50.407],[30.238,50.415]],[[30.238,50.415],[30.223,50.382]],[[30.429,50.261],[30.411,50.262],[30.405,50.285],[30.414,50.304],[30.389,50.331],[30.358,50.348],[30.332,50.369],[30.319,50.408],[30.303,50.414]],[[30.303,50.414],[30.28,50.407]],[[30.223,50.382],[30.206,50.385]],[[30.206,50.385],[30.197,50.374]],[[30.754,50.289],[30.724,50.31]],[[30.724,50.31],[30.717,50.293],[30.718,50.262],[30.698,50.258]],[[30.648,50.261],[30.642,50.276]],[[30.642,50.276],[30.606,50.267],[30.618,50.251],[30.609,50.243],[30.638,50.194],[30.654,50.156],[30.64,50.124],[30.621,50.123],[30.627,50.096],[30.65,50.061],[30.639,50.05],[30.648,50.034],[30.586,50.014]],[[30.698,50.258],[30.67,50.265]],[[30.67,50.265],[30.648,50.261]],[[30.477,50.2],[30.474,50.217],[30.456,50.222],[30.453,50.241],[30.446,50.264]],[[30.446,50.264],[30.429,50.261]],[[30.586,50.014],[30.582,50.061],[30.568,50.091],[30.542,50.097],[30.536,50.146],[30.511,50.146],[30.521,50.19],[30.494,50.206]],[[30.494,50.206],[30.477,50.2]]]}},{"type":"Feature","properties":{"adm0":"UKR","note":"Ukraine_18","featurecla":"Admin-1 boundary"},"geometry":{"type":"MultiLineString","coordinates":[[[38.256,48.601],[38.256,48.601],[38.268,48.58],[38.27,48.574],[38.27,48.568],[38.268,48.564],[38.262,48.552],[38.26,48.548],[38.26,48.544],[38.262,48.54],[38.267,48.536],[38.277,48.532],[38.29,48.528],[38.305,48.526],[38.31,48.523],[38.314,48.521],[38.315,48.515],[38.315,48.511],[38.313,48.504],[38.312,48.5],[38.311,48.5],[38.309,48.495],[38.305,48.486],[38.303,48.474],[38.302,48.466],[38.302,48.459],[38.305,48.455]]]}},{"type":"Feature","properties":{"adm0":"UKR","note":"Ukraine_18","featurecla":"Admin-1 boundary"},"geometry":{"type":"MultiLineString","coordinates":[[[38.305,48.455],[38.305,48.455],[38.31,48.45],[38.324,48.443],[38.332,48.441],[38.34,48.439],[38.345,48.439],[38.351,48.438],[38.364,48.433],[38.37,48.432],[38.375,48.432],[38.38,48.434],[38.383,48.436],[38.39,48.441],[38.393,48.444],[38.399,48.442],[38.406,48.437],[38.417,48.424],[38.421,48.417],[38.424,48.411],[38.425,48.408],[38.426,48.405],[38.43,48.401],[38.436,48.397],[38.457,48.386],[38.467,48.376],[38.481,48.358],[38.483,48.353],[38.483,48.351],[38.482,48.348],[38.48,48.344],[38.478,48.341],[38.475,48.338],[38.471,48.336],[38.467,48.335],[38.463,48.333],[38.418,48.328],[38.415,48.328],[38.412,48.326],[38.41,48.324],[38.41,48.321],[38.41,48.318],[38.413,48.31],[38.419,48.299],[38.424,48.286],[38.427,48.282],[38.432,48.279],[38.445,48.275],[38.461,48.272],[38.561,48.279],[38.566,48.278],[38.571,48.274],[38.576,48.266],[38.581,48.257],[38.584,48.247],[38.589,48.237],[38.604,48.213],[38.606,48.21],[38.607,48.207],[38.607,48.203],[38.604,48.195],[38.601,48.187],[38.601,48.183],[38.604,48.179],[38.609,48.175],[38.63,48.166],[38.756,48.134],[38.814,48.111],[38.818,48.108],[38.821,48.103],[38.823,48.094],[38.821,48.089],[38.819,48.085],[38.81,48.075],[38.805,48.068],[38.803,48.065],[38.801,48.061],[38.8,48.057],[38.805,48.05],[38.815,48.043],[38.84,48.028],[38.853,48.023],[38.862,48.02],[38.934,48.021],[39.027,48.007],[39.031,48.001],[39.034,47.992],[39.031,47.959],[39.031,47.95],[39.036,47.943],[39.04,47.939],[39.045,47.936],[39.054,47.932],[39.055,47.924],[39.056,47.917],[39.038,47.866],[39.036,47.857],[39.036,47.857]]]}},{"type":"Feature","properties":{"adm0":"UKR","note":"Ukraine_18","featurecla":"Admin-1 boundary"},"geometry":{"type":"MultiLineString","coordinates":[[[37.847,49.232],[37.859,49.231],[37.868,49.228],[37.88,49.221],[37.886,49.216],[37.892,49.21],[37.895,49.208],[37.9,49.206],[37.905,49.205],[37.924,49.204],[37.929,49.202],[37.934,49.2],[37.934,49.194],[37.931,49.191],[37.926,49.19],[37.898,49.189],[37.894,49.187],[37.891,49.184],[37.889,49.181],[37.884,49.168],[37.884,49.164],[37.887,49.16],[37.895,49.156],[37.939,49.145],[37.966,49.133],[37.971,49.132],[37.977,49.131],[37.981,49.132],[37.985,49.134],[38.012,49.15],[38.016,49.151],[38.021,49.152],[38.062,49.151],[38.067,49.15],[38.07,49.148],[38.07,49.143],[38.063,49.117],[38.062,49.109],[38.062,49.106],[38.063,49.102],[38.063,49.095],[38.062,49.091],[38.06,49.087],[38.058,49.083],[38.055,49.08],[38.044,49.073],[38.041,49.07],[38.043,49.062],[38.049,49.05],[38.078,49.004],[38.078,49.001],[38.078,49.0],[38.077,48.998],[38.076,48.995],[38.074,48.992],[38.07,48.99],[38.065,48.989],[38.049,48.988],[38.045,48.987],[38.043,48.985],[38.043,48.982],[38.042,48.978],[38.041,48.975],[38.036,48.974],[38.025,48.975],[38.02,48.974],[38.016,48.972],[38.013,48.969],[38.01,48.965],[38.009,48.961],[38.008,48.957],[38.01,48.954],[38.016,48.953],[38.021,48.952],[38.028,48.95],[38.035,48.947],[38.045,48.941],[38.051,48.938],[38.058,48.937],[38.171,48.932],[38.21,48.924],[38.213,48.913],[38.225,48.89],[38.228,48.88],[38.23,48.873],[38.23,48.858],[38.231,48.854],[38.235,48.851],[38.243,48.847],[38.257,48.844],[38.263,48.844],[38.275,48.842],[38.28,48.839],[38.282,48.835],[38.281,48.828],[38.279,48.824],[38.28,48.818],[38.283,48.812],[38.292,48.801],[38.296,48.79],[38.297,48.783],[38.295,48.778],[38.29,48.771],[38.285,48.764],[38.272,48.752],[38.27,48.749],[38.268,48.745],[38.267,48.741],[38.267,48.738],[38.266,48.733],[38.268,48.73],[38.27,48.727],[38.274,48.727],[38.294,48.73],[38.299,48.73],[38.304,48.729],[38.306,48.725],[38.305,48.719],[38.303,48.715],[38.3,48.711],[38.284,48.697],[38.261,48.684],[38.255,48.679],[38.254,48.677],[38.252,48.675],[38.25,48.671],[38.249,48.667],[38.249,48.664],[38.251,48.639],[38.256,48.623],[38.256,48.621],[38.256,48.618],[38.254,48.61],[38.254,48.606],[38.256,48.601]]]}}]}